# Frieren Arcana anime-style mesh
mtllib arcana_materials.mtl
v 0.78640 0.00000 0.61863
v 0.61863 0.00000 0.78640
v 0.50000 0.00000 0.50000
v 0.78640 0.03000 0.61863
v 0.61863 0.03000 0.78640
v 0.61863 0.00000 0.78640
v 0.78640 0.00000 0.61863
v 0.76331 0.07000 0.60906
v 0.60906 0.07000 0.76331
v 0.61863 0.03000 0.78640
v 0.78640 0.03000 0.61863
v 0.73097 0.08500 0.59567
v 0.59567 0.08500 0.73097
v 0.60906 0.07000 0.76331
v 0.76331 0.07000 0.60906
v 0.50000 0.08500 0.50000
v 0.59567 0.08500 0.73097
v 0.73097 0.08500 0.59567
v 0.61863 0.00000 0.78640
v 0.38137 0.00000 0.78640
v 0.50000 0.00000 0.50000
v 0.61863 0.03000 0.78640
v 0.38137 0.03000 0.78640
v 0.38137 0.00000 0.78640
v 0.61863 0.00000 0.78640
v 0.60906 0.07000 0.76331
v 0.39094 0.07000 0.76331
v 0.38137 0.03000 0.78640
v 0.61863 0.03000 0.78640
v 0.59567 0.08500 0.73097
v 0.40433 0.08500 0.73097
v 0.39094 0.07000 0.76331
v 0.60906 0.07000 0.76331
v 0.50000 0.08500 0.50000
v 0.40433 0.08500 0.73097
v 0.59567 0.08500 0.73097
v 0.38137 0.00000 0.78640
v 0.21360 0.00000 0.61863
v 0.50000 0.00000 0.50000
v 0.38137 0.03000 0.78640
v 0.21360 0.03000 0.61863
v 0.21360 0.00000 0.61863
v 0.38137 0.00000 0.78640
v 0.39094 0.07000 0.76331
v 0.23669 0.07000 0.60906
v 0.21360 0.03000 0.61863
v 0.38137 0.03000 0.78640
v 0.40433 0.08500 0.73097
v 0.26903 0.08500 0.59567
v 0.23669 0.07000 0.60906
v 0.39094 0.07000 0.76331
v 0.50000 0.08500 0.50000
v 0.26903 0.08500 0.59567
v 0.40433 0.08500 0.73097
v 0.21360 0.00000 0.61863
v 0.21360 0.00000 0.38137
v 0.50000 0.00000 0.50000
v 0.21360 0.03000 0.61863
v 0.21360 0.03000 0.38137
v 0.21360 0.00000 0.38137
v 0.21360 0.00000 0.61863
v 0.23669 0.07000 0.60906
v 0.23669 0.07000 0.39094
v 0.21360 0.03000 0.38137
v 0.21360 0.03000 0.61863
v 0.26903 0.08500 0.59567
v 0.26903 0.08500 0.40433
v 0.23669 0.07000 0.39094
v 0.23669 0.07000 0.60906
v 0.50000 0.08500 0.50000
v 0.26903 0.08500 0.40433
v 0.26903 0.08500 0.59567
v 0.21360 0.00000 0.38137
v 0.38137 0.00000 0.21360
v 0.50000 0.00000 0.50000
v 0.21360 0.03000 0.38137
v 0.38137 0.03000 0.21360
v 0.38137 0.00000 0.21360
v 0.21360 0.00000 0.38137
v 0.23669 0.07000 0.39094
v 0.39094 0.07000 0.23669
v 0.38137 0.03000 0.21360
v 0.21360 0.03000 0.38137
v 0.26903 0.08500 0.40433
v 0.40433 0.08500 0.26903
v 0.39094 0.07000 0.23669
v 0.23669 0.07000 0.39094
v 0.50000 0.08500 0.50000
v 0.40433 0.08500 0.26903
v 0.26903 0.08500 0.40433
v 0.38137 0.00000 0.21360
v 0.61863 0.00000 0.21360
v 0.50000 0.00000 0.50000
v 0.38137 0.03000 0.21360
v 0.61863 0.03000 0.21360
v 0.61863 0.00000 0.21360
v 0.38137 0.00000 0.21360
v 0.39094 0.07000 0.23669
v 0.60906 0.07000 0.23669
v 0.61863 0.03000 0.21360
v 0.38137 0.03000 0.21360
v 0.40433 0.08500 0.26903
v 0.59567 0.08500 0.26903
v 0.60906 0.07000 0.23669
v 0.39094 0.07000 0.23669
v 0.50000 0.08500 0.50000
v 0.59567 0.08500 0.26903
v 0.40433 0.08500 0.26903
v 0.61863 0.00000 0.21360
v 0.78640 0.00000 0.38137
v 0.50000 0.00000 0.50000
v 0.61863 0.03000 0.21360
v 0.78640 0.03000 0.38137
v 0.78640 0.00000 0.38137
v 0.61863 0.00000 0.21360
v 0.60906 0.07000 0.23669
v 0.76331 0.07000 0.39094
v 0.78640 0.03000 0.38137
v 0.61863 0.03000 0.21360
v 0.59567 0.08500 0.26903
v 0.73097 0.08500 0.40433
v 0.76331 0.07000 0.39094
v 0.60906 0.07000 0.23669
v 0.50000 0.08500 0.50000
v 0.73097 0.08500 0.40433
v 0.59567 0.08500 0.26903
v 0.78640 0.00000 0.38137
v 0.78640 0.00000 0.61863
v 0.50000 0.00000 0.50000
v 0.78640 0.03000 0.38137
v 0.78640 0.03000 0.61863
v 0.78640 0.00000 0.61863
v 0.78640 0.00000 0.38137
v 0.76331 0.07000 0.39094
v 0.76331 0.07000 0.60906
v 0.78640 0.03000 0.61863
v 0.78640 0.03000 0.38137
v 0.73097 0.08500 0.40433
v 0.73097 0.08500 0.59567
v 0.76331 0.07000 0.60906
v 0.76331 0.07000 0.39094
v 0.50000 0.08500 0.50000
v 0.73097 0.08500 0.59567
v 0.73097 0.08500 0.40433
v 0.80026 0.04500 0.62437
v 0.62437 0.04500 0.80026
v 0.61481 0.03000 0.77716
v 0.77716 0.03000 0.61481
v 0.77716 0.06000 0.61481
v 0.61481 0.06000 0.77716
v 0.62437 0.04500 0.80026
v 0.80026 0.04500 0.62437
v 0.62437 0.04500 0.80026
v 0.37563 0.04500 0.80026
v 0.38519 0.03000 0.77716
v 0.61481 0.03000 0.77716
v 0.61481 0.06000 0.77716
v 0.38519 0.06000 0.77716
v 0.37563 0.04500 0.80026
v 0.62437 0.04500 0.80026
v 0.37563 0.04500 0.80026
v 0.19974 0.04500 0.62437
v 0.22284 0.03000 0.61481
v 0.38519 0.03000 0.77716
v 0.38519 0.06000 0.77716
v 0.22284 0.06000 0.61481
v 0.19974 0.04500 0.62437
v 0.37563 0.04500 0.80026
v 0.19974 0.04500 0.62437
v 0.19974 0.04500 0.37563
v 0.22284 0.03000 0.38519
v 0.22284 0.03000 0.61481
v 0.22284 0.06000 0.61481
v 0.22284 0.06000 0.38519
v 0.19974 0.04500 0.37563
v 0.19974 0.04500 0.62437
v 0.19974 0.04500 0.37563
v 0.37563 0.04500 0.19974
v 0.38519 0.03000 0.22284
v 0.22284 0.03000 0.38519
v 0.22284 0.06000 0.38519
v 0.38519 0.06000 0.22284
v 0.37563 0.04500 0.19974
v 0.19974 0.04500 0.37563
v 0.37563 0.04500 0.19974
v 0.62437 0.04500 0.19974
v 0.61481 0.03000 0.22284
v 0.38519 0.03000 0.22284
v 0.38519 0.06000 0.22284
v 0.61481 0.06000 0.22284
v 0.62437 0.04500 0.19974
v 0.37563 0.04500 0.19974
v 0.62437 0.04500 0.19974
v 0.80026 0.04500 0.37563
v 0.77716 0.03000 0.38519
v 0.61481 0.03000 0.22284
v 0.61481 0.06000 0.22284
v 0.77716 0.06000 0.38519
v 0.80026 0.04500 0.37563
v 0.62437 0.04500 0.19974
v 0.80026 0.04500 0.37563
v 0.80026 0.04500 0.62437
v 0.77716 0.03000 0.61481
v 0.77716 0.03000 0.38519
v 0.77716 0.06000 0.38519
v 0.77716 0.06000 0.61481
v 0.80026 0.04500 0.62437
v 0.80026 0.04500 0.37563
v 0.71500 0.09200 0.50000
v 0.70767 0.09200 0.55565
v 0.69319 0.08600 0.55176
v 0.70000 0.08600 0.50000
v 0.70000 0.09800 0.50000
v 0.69319 0.09800 0.55176
v 0.70767 0.09200 0.55565
v 0.71500 0.09200 0.50000
v 0.70767 0.09200 0.55565
v 0.68620 0.09200 0.60750
v 0.67321 0.08600 0.60000
v 0.69319 0.08600 0.55176
v 0.69319 0.09800 0.55176
v 0.67321 0.09800 0.60000
v 0.68620 0.09200 0.60750
v 0.70767 0.09200 0.55565
v 0.68620 0.09200 0.60750
v 0.65203 0.09200 0.65203
v 0.64142 0.08600 0.64142
v 0.67321 0.08600 0.60000
v 0.67321 0.09800 0.60000
v 0.64142 0.09800 0.64142
v 0.65203 0.09200 0.65203
v 0.68620 0.09200 0.60750
v 0.65203 0.09200 0.65203
v 0.60750 0.09200 0.68620
v 0.60000 0.08600 0.67321
v 0.64142 0.08600 0.64142
v 0.64142 0.09800 0.64142
v 0.60000 0.09800 0.67321
v 0.60750 0.09200 0.68620
v 0.65203 0.09200 0.65203
v 0.60750 0.09200 0.68620
v 0.55565 0.09200 0.70767
v 0.55176 0.08600 0.69319
v 0.60000 0.08600 0.67321
v 0.60000 0.09800 0.67321
v 0.55176 0.09800 0.69319
v 0.55565 0.09200 0.70767
v 0.60750 0.09200 0.68620
v 0.55565 0.09200 0.70767
v 0.50000 0.09200 0.71500
v 0.50000 0.08600 0.70000
v 0.55176 0.08600 0.69319
v 0.55176 0.09800 0.69319
v 0.50000 0.09800 0.70000
v 0.50000 0.09200 0.71500
v 0.55565 0.09200 0.70767
v 0.50000 0.09200 0.71500
v 0.44435 0.09200 0.70767
v 0.44824 0.08600 0.69319
v 0.50000 0.08600 0.70000
v 0.50000 0.09800 0.70000
v 0.44824 0.09800 0.69319
v 0.44435 0.09200 0.70767
v 0.50000 0.09200 0.71500
v 0.44435 0.09200 0.70767
v 0.39250 0.09200 0.68620
v 0.40000 0.08600 0.67321
v 0.44824 0.08600 0.69319
v 0.44824 0.09800 0.69319
v 0.40000 0.09800 0.67321
v 0.39250 0.09200 0.68620
v 0.44435 0.09200 0.70767
v 0.39250 0.09200 0.68620
v 0.34797 0.09200 0.65203
v 0.35858 0.08600 0.64142
v 0.40000 0.08600 0.67321
v 0.40000 0.09800 0.67321
v 0.35858 0.09800 0.64142
v 0.34797 0.09200 0.65203
v 0.39250 0.09200 0.68620
v 0.34797 0.09200 0.65203
v 0.31380 0.09200 0.60750
v 0.32679 0.08600 0.60000
v 0.35858 0.08600 0.64142
v 0.35858 0.09800 0.64142
v 0.32679 0.09800 0.60000
v 0.31380 0.09200 0.60750
v 0.34797 0.09200 0.65203
v 0.31380 0.09200 0.60750
v 0.29233 0.09200 0.55565
v 0.30681 0.08600 0.55176
v 0.32679 0.08600 0.60000
v 0.32679 0.09800 0.60000
v 0.30681 0.09800 0.55176
v 0.29233 0.09200 0.55565
v 0.31380 0.09200 0.60750
v 0.29233 0.09200 0.55565
v 0.28500 0.09200 0.50000
v 0.30000 0.08600 0.50000
v 0.30681 0.08600 0.55176
v 0.30681 0.09800 0.55176
v 0.30000 0.09800 0.50000
v 0.28500 0.09200 0.50000
v 0.29233 0.09200 0.55565
v 0.28500 0.09200 0.50000
v 0.29233 0.09200 0.44435
v 0.30681 0.08600 0.44824
v 0.30000 0.08600 0.50000
v 0.30000 0.09800 0.50000
v 0.30681 0.09800 0.44824
v 0.29233 0.09200 0.44435
v 0.28500 0.09200 0.50000
v 0.29233 0.09200 0.44435
v 0.31380 0.09200 0.39250
v 0.32679 0.08600 0.40000
v 0.30681 0.08600 0.44824
v 0.30681 0.09800 0.44824
v 0.32679 0.09800 0.40000
v 0.31380 0.09200 0.39250
v 0.29233 0.09200 0.44435
v 0.31380 0.09200 0.39250
v 0.34797 0.09200 0.34797
v 0.35858 0.08600 0.35858
v 0.32679 0.08600 0.40000
v 0.32679 0.09800 0.40000
v 0.35858 0.09800 0.35858
v 0.34797 0.09200 0.34797
v 0.31380 0.09200 0.39250
v 0.34797 0.09200 0.34797
v 0.39250 0.09200 0.31380
v 0.40000 0.08600 0.32679
v 0.35858 0.08600 0.35858
v 0.35858 0.09800 0.35858
v 0.40000 0.09800 0.32679
v 0.39250 0.09200 0.31380
v 0.34797 0.09200 0.34797
v 0.39250 0.09200 0.31380
v 0.44435 0.09200 0.29233
v 0.44824 0.08600 0.30681
v 0.40000 0.08600 0.32679
v 0.40000 0.09800 0.32679
v 0.44824 0.09800 0.30681
v 0.44435 0.09200 0.29233
v 0.39250 0.09200 0.31380
v 0.44435 0.09200 0.29233
v 0.50000 0.09200 0.28500
v 0.50000 0.08600 0.30000
v 0.44824 0.08600 0.30681
v 0.44824 0.09800 0.30681
v 0.50000 0.09800 0.30000
v 0.50000 0.09200 0.28500
v 0.44435 0.09200 0.29233
v 0.50000 0.09200 0.28500
v 0.55565 0.09200 0.29233
v 0.55176 0.08600 0.30681
v 0.50000 0.08600 0.30000
v 0.50000 0.09800 0.30000
v 0.55176 0.09800 0.30681
v 0.55565 0.09200 0.29233
v 0.50000 0.09200 0.28500
v 0.55565 0.09200 0.29233
v 0.60750 0.09200 0.31380
v 0.60000 0.08600 0.32679
v 0.55176 0.08600 0.30681
v 0.55176 0.09800 0.30681
v 0.60000 0.09800 0.32679
v 0.60750 0.09200 0.31380
v 0.55565 0.09200 0.29233
v 0.60750 0.09200 0.31380
v 0.65203 0.09200 0.34797
v 0.64142 0.08600 0.35858
v 0.60000 0.08600 0.32679
v 0.60000 0.09800 0.32679
v 0.64142 0.09800 0.35858
v 0.65203 0.09200 0.34797
v 0.60750 0.09200 0.31380
v 0.65203 0.09200 0.34797
v 0.68620 0.09200 0.39250
v 0.67321 0.08600 0.40000
v 0.64142 0.08600 0.35858
v 0.64142 0.09800 0.35858
v 0.67321 0.09800 0.40000
v 0.68620 0.09200 0.39250
v 0.65203 0.09200 0.34797
v 0.68620 0.09200 0.39250
v 0.70767 0.09200 0.44435
v 0.69319 0.08600 0.44824
v 0.67321 0.08600 0.40000
v 0.67321 0.09800 0.40000
v 0.69319 0.09800 0.44824
v 0.70767 0.09200 0.44435
v 0.68620 0.09200 0.39250
v 0.70767 0.09200 0.44435
v 0.71500 0.09200 0.50000
v 0.70000 0.08600 0.50000
v 0.69319 0.08600 0.44824
v 0.69319 0.09800 0.44824
v 0.70000 0.09800 0.50000
v 0.71500 0.09200 0.50000
v 0.70767 0.09200 0.44435
v 0.69000 0.08600 0.50000
v 0.68353 0.08600 0.54918
v 0.50000 0.08600 0.50000
v 0.69000 0.09200 0.50000
v 0.68353 0.09200 0.54918
v 0.68353 0.08600 0.54918
v 0.69000 0.08600 0.50000
v 0.50000 0.09200 0.50000
v 0.68353 0.09200 0.54918
v 0.69000 0.09200 0.50000
v 0.68353 0.08600 0.54918
v 0.66454 0.08600 0.59500
v 0.50000 0.08600 0.50000
v 0.68353 0.09200 0.54918
v 0.66454 0.09200 0.59500
v 0.66454 0.08600 0.59500
v 0.68353 0.08600 0.54918
v 0.50000 0.09200 0.50000
v 0.66454 0.09200 0.59500
v 0.68353 0.09200 0.54918
v 0.66454 0.08600 0.59500
v 0.63435 0.08600 0.63435
v 0.50000 0.08600 0.50000
v 0.66454 0.09200 0.59500
v 0.63435 0.09200 0.63435
v 0.63435 0.08600 0.63435
v 0.66454 0.08600 0.59500
v 0.50000 0.09200 0.50000
v 0.63435 0.09200 0.63435
v 0.66454 0.09200 0.59500
v 0.63435 0.08600 0.63435
v 0.59500 0.08600 0.66454
v 0.50000 0.08600 0.50000
v 0.63435 0.09200 0.63435
v 0.59500 0.09200 0.66454
v 0.59500 0.08600 0.66454
v 0.63435 0.08600 0.63435
v 0.50000 0.09200 0.50000
v 0.59500 0.09200 0.66454
v 0.63435 0.09200 0.63435
v 0.59500 0.08600 0.66454
v 0.54918 0.08600 0.68353
v 0.50000 0.08600 0.50000
v 0.59500 0.09200 0.66454
v 0.54918 0.09200 0.68353
v 0.54918 0.08600 0.68353
v 0.59500 0.08600 0.66454
v 0.50000 0.09200 0.50000
v 0.54918 0.09200 0.68353
v 0.59500 0.09200 0.66454
v 0.54918 0.08600 0.68353
v 0.50000 0.08600 0.69000
v 0.50000 0.08600 0.50000
v 0.54918 0.09200 0.68353
v 0.50000 0.09200 0.69000
v 0.50000 0.08600 0.69000
v 0.54918 0.08600 0.68353
v 0.50000 0.09200 0.50000
v 0.50000 0.09200 0.69000
v 0.54918 0.09200 0.68353
v 0.50000 0.08600 0.69000
v 0.45082 0.08600 0.68353
v 0.50000 0.08600 0.50000
v 0.50000 0.09200 0.69000
v 0.45082 0.09200 0.68353
v 0.45082 0.08600 0.68353
v 0.50000 0.08600 0.69000
v 0.50000 0.09200 0.50000
v 0.45082 0.09200 0.68353
v 0.50000 0.09200 0.69000
v 0.45082 0.08600 0.68353
v 0.40500 0.08600 0.66454
v 0.50000 0.08600 0.50000
v 0.45082 0.09200 0.68353
v 0.40500 0.09200 0.66454
v 0.40500 0.08600 0.66454
v 0.45082 0.08600 0.68353
v 0.50000 0.09200 0.50000
v 0.40500 0.09200 0.66454
v 0.45082 0.09200 0.68353
v 0.40500 0.08600 0.66454
v 0.36565 0.08600 0.63435
v 0.50000 0.08600 0.50000
v 0.40500 0.09200 0.66454
v 0.36565 0.09200 0.63435
v 0.36565 0.08600 0.63435
v 0.40500 0.08600 0.66454
v 0.50000 0.09200 0.50000
v 0.36565 0.09200 0.63435
v 0.40500 0.09200 0.66454
v 0.36565 0.08600 0.63435
v 0.33546 0.08600 0.59500
v 0.50000 0.08600 0.50000
v 0.36565 0.09200 0.63435
v 0.33546 0.09200 0.59500
v 0.33546 0.08600 0.59500
v 0.36565 0.08600 0.63435
v 0.50000 0.09200 0.50000
v 0.33546 0.09200 0.59500
v 0.36565 0.09200 0.63435
v 0.33546 0.08600 0.59500
v 0.31647 0.08600 0.54918
v 0.50000 0.08600 0.50000
v 0.33546 0.09200 0.59500
v 0.31647 0.09200 0.54918
v 0.31647 0.08600 0.54918
v 0.33546 0.08600 0.59500
v 0.50000 0.09200 0.50000
v 0.31647 0.09200 0.54918
v 0.33546 0.09200 0.59500
v 0.31647 0.08600 0.54918
v 0.31000 0.08600 0.50000
v 0.50000 0.08600 0.50000
v 0.31647 0.09200 0.54918
v 0.31000 0.09200 0.50000
v 0.31000 0.08600 0.50000
v 0.31647 0.08600 0.54918
v 0.50000 0.09200 0.50000
v 0.31000 0.09200 0.50000
v 0.31647 0.09200 0.54918
v 0.31000 0.08600 0.50000
v 0.31647 0.08600 0.45082
v 0.50000 0.08600 0.50000
v 0.31000 0.09200 0.50000
v 0.31647 0.09200 0.45082
v 0.31647 0.08600 0.45082
v 0.31000 0.08600 0.50000
v 0.50000 0.09200 0.50000
v 0.31647 0.09200 0.45082
v 0.31000 0.09200 0.50000
v 0.31647 0.08600 0.45082
v 0.33546 0.08600 0.40500
v 0.50000 0.08600 0.50000
v 0.31647 0.09200 0.45082
v 0.33546 0.09200 0.40500
v 0.33546 0.08600 0.40500
v 0.31647 0.08600 0.45082
v 0.50000 0.09200 0.50000
v 0.33546 0.09200 0.40500
v 0.31647 0.09200 0.45082
v 0.33546 0.08600 0.40500
v 0.36565 0.08600 0.36565
v 0.50000 0.08600 0.50000
v 0.33546 0.09200 0.40500
v 0.36565 0.09200 0.36565
v 0.36565 0.08600 0.36565
v 0.33546 0.08600 0.40500
v 0.50000 0.09200 0.50000
v 0.36565 0.09200 0.36565
v 0.33546 0.09200 0.40500
v 0.36565 0.08600 0.36565
v 0.40500 0.08600 0.33546
v 0.50000 0.08600 0.50000
v 0.36565 0.09200 0.36565
v 0.40500 0.09200 0.33546
v 0.40500 0.08600 0.33546
v 0.36565 0.08600 0.36565
v 0.50000 0.09200 0.50000
v 0.40500 0.09200 0.33546
v 0.36565 0.09200 0.36565
v 0.40500 0.08600 0.33546
v 0.45082 0.08600 0.31647
v 0.50000 0.08600 0.50000
v 0.40500 0.09200 0.33546
v 0.45082 0.09200 0.31647
v 0.45082 0.08600 0.31647
v 0.40500 0.08600 0.33546
v 0.50000 0.09200 0.50000
v 0.45082 0.09200 0.31647
v 0.40500 0.09200 0.33546
v 0.45082 0.08600 0.31647
v 0.50000 0.08600 0.31000
v 0.50000 0.08600 0.50000
v 0.45082 0.09200 0.31647
v 0.50000 0.09200 0.31000
v 0.50000 0.08600 0.31000
v 0.45082 0.08600 0.31647
v 0.50000 0.09200 0.50000
v 0.50000 0.09200 0.31000
v 0.45082 0.09200 0.31647
v 0.50000 0.08600 0.31000
v 0.54918 0.08600 0.31647
v 0.50000 0.08600 0.50000
v 0.50000 0.09200 0.31000
v 0.54918 0.09200 0.31647
v 0.54918 0.08600 0.31647
v 0.50000 0.08600 0.31000
v 0.50000 0.09200 0.50000
v 0.54918 0.09200 0.31647
v 0.50000 0.09200 0.31000
v 0.54918 0.08600 0.31647
v 0.59500 0.08600 0.33546
v 0.50000 0.08600 0.50000
v 0.54918 0.09200 0.31647
v 0.59500 0.09200 0.33546
v 0.59500 0.08600 0.33546
v 0.54918 0.08600 0.31647
v 0.50000 0.09200 0.50000
v 0.59500 0.09200 0.33546
v 0.54918 0.09200 0.31647
v 0.59500 0.08600 0.33546
v 0.63435 0.08600 0.36565
v 0.50000 0.08600 0.50000
v 0.59500 0.09200 0.33546
v 0.63435 0.09200 0.36565
v 0.63435 0.08600 0.36565
v 0.59500 0.08600 0.33546
v 0.50000 0.09200 0.50000
v 0.63435 0.09200 0.36565
v 0.59500 0.09200 0.33546
v 0.63435 0.08600 0.36565
v 0.66454 0.08600 0.40500
v 0.50000 0.08600 0.50000
v 0.63435 0.09200 0.36565
v 0.66454 0.09200 0.40500
v 0.66454 0.08600 0.40500
v 0.63435 0.08600 0.36565
v 0.50000 0.09200 0.50000
v 0.66454 0.09200 0.40500
v 0.63435 0.09200 0.36565
v 0.66454 0.08600 0.40500
v 0.68353 0.08600 0.45082
v 0.50000 0.08600 0.50000
v 0.66454 0.09200 0.40500
v 0.68353 0.09200 0.45082
v 0.68353 0.08600 0.45082
v 0.66454 0.08600 0.40500
v 0.50000 0.09200 0.50000
v 0.68353 0.09200 0.45082
v 0.66454 0.09200 0.40500
v 0.68353 0.08600 0.45082
v 0.69000 0.08600 0.50000
v 0.50000 0.08600 0.50000
v 0.68353 0.09200 0.45082
v 0.69000 0.09200 0.50000
v 0.69000 0.08600 0.50000
v 0.68353 0.08600 0.45082
v 0.50000 0.09200 0.50000
v 0.69000 0.09200 0.50000
v 0.68353 0.09200 0.45082
v 0.73500 0.12800 0.50000
v 0.73500 0.09800 0.51800
v 0.75300 0.09800 0.50000
v 0.75300 0.09800 0.50000
v 0.73500 0.09800 0.51800
v 0.73500 0.09800 0.50000
v 0.73500 0.12800 0.50000
v 0.71700 0.09800 0.50000
v 0.73500 0.09800 0.51800
v 0.73500 0.09800 0.51800
v 0.71700 0.09800 0.50000
v 0.73500 0.09800 0.50000
v 0.73500 0.12800 0.50000
v 0.73500 0.09800 0.48200
v 0.71700 0.09800 0.50000
v 0.71700 0.09800 0.50000
v 0.73500 0.09800 0.48200
v 0.73500 0.09800 0.50000
v 0.73500 0.12800 0.50000
v 0.75300 0.09800 0.50000
v 0.73500 0.09800 0.48200
v 0.73500 0.09800 0.48200
v 0.75300 0.09800 0.50000
v 0.73500 0.09800 0.50000
v 0.68002 0.12800 0.65106
v 0.68002 0.09800 0.66906
v 0.69802 0.09800 0.65106
v 0.69802 0.09800 0.65106
v 0.68002 0.09800 0.66906
v 0.68002 0.09800 0.65106
v 0.68002 0.12800 0.65106
v 0.66202 0.09800 0.65106
v 0.68002 0.09800 0.66906
v 0.68002 0.09800 0.66906
v 0.66202 0.09800 0.65106
v 0.68002 0.09800 0.65106
v 0.68002 0.12800 0.65106
v 0.68002 0.09800 0.63306
v 0.66202 0.09800 0.65106
v 0.66202 0.09800 0.65106
v 0.68002 0.09800 0.63306
v 0.68002 0.09800 0.65106
v 0.68002 0.12800 0.65106
v 0.69802 0.09800 0.65106
v 0.68002 0.09800 0.63306
v 0.68002 0.09800 0.63306
v 0.69802 0.09800 0.65106
v 0.68002 0.09800 0.65106
v 0.54081 0.12800 0.73143
v 0.54081 0.09800 0.74943
v 0.55881 0.09800 0.73143
v 0.55881 0.09800 0.73143
v 0.54081 0.09800 0.74943
v 0.54081 0.09800 0.73143
v 0.54081 0.12800 0.73143
v 0.52281 0.09800 0.73143
v 0.54081 0.09800 0.74943
v 0.54081 0.09800 0.74943
v 0.52281 0.09800 0.73143
v 0.54081 0.09800 0.73143
v 0.54081 0.12800 0.73143
v 0.54081 0.09800 0.71343
v 0.52281 0.09800 0.73143
v 0.52281 0.09800 0.73143
v 0.54081 0.09800 0.71343
v 0.54081 0.09800 0.73143
v 0.54081 0.12800 0.73143
v 0.55881 0.09800 0.73143
v 0.54081 0.09800 0.71343
v 0.54081 0.09800 0.71343
v 0.55881 0.09800 0.73143
v 0.54081 0.09800 0.73143
v 0.38250 0.12800 0.70352
v 0.38250 0.09800 0.72152
v 0.40050 0.09800 0.70352
v 0.40050 0.09800 0.70352
v 0.38250 0.09800 0.72152
v 0.38250 0.09800 0.70352
v 0.38250 0.12800 0.70352
v 0.36450 0.09800 0.70352
v 0.38250 0.09800 0.72152
v 0.38250 0.09800 0.72152
v 0.36450 0.09800 0.70352
v 0.38250 0.09800 0.70352
v 0.38250 0.12800 0.70352
v 0.38250 0.09800 0.68552
v 0.36450 0.09800 0.70352
v 0.36450 0.09800 0.70352
v 0.38250 0.09800 0.68552
v 0.38250 0.09800 0.70352
v 0.38250 0.12800 0.70352
v 0.40050 0.09800 0.70352
v 0.38250 0.09800 0.68552
v 0.38250 0.09800 0.68552
v 0.40050 0.09800 0.70352
v 0.38250 0.09800 0.70352
v 0.27917 0.12800 0.58037
v 0.27917 0.09800 0.59837
v 0.29717 0.09800 0.58037
v 0.29717 0.09800 0.58037
v 0.27917 0.09800 0.59837
v 0.27917 0.09800 0.58037
v 0.27917 0.12800 0.58037
v 0.26117 0.09800 0.58037
v 0.27917 0.09800 0.59837
v 0.27917 0.09800 0.59837
v 0.26117 0.09800 0.58037
v 0.27917 0.09800 0.58037
v 0.27917 0.12800 0.58037
v 0.27917 0.09800 0.56237
v 0.26117 0.09800 0.58037
v 0.26117 0.09800 0.58037
v 0.27917 0.09800 0.56237
v 0.27917 0.09800 0.58037
v 0.27917 0.12800 0.58037
v 0.29717 0.09800 0.58037
v 0.27917 0.09800 0.56237
v 0.27917 0.09800 0.56237
v 0.29717 0.09800 0.58037
v 0.27917 0.09800 0.58037
v 0.27917 0.12800 0.41963
v 0.27917 0.09800 0.43763
v 0.29717 0.09800 0.41963
v 0.29717 0.09800 0.41963
v 0.27917 0.09800 0.43763
v 0.27917 0.09800 0.41963
v 0.27917 0.12800 0.41963
v 0.26117 0.09800 0.41963
v 0.27917 0.09800 0.43763
v 0.27917 0.09800 0.43763
v 0.26117 0.09800 0.41963
v 0.27917 0.09800 0.41963
v 0.27917 0.12800 0.41963
v 0.27917 0.09800 0.40163
v 0.26117 0.09800 0.41963
v 0.26117 0.09800 0.41963
v 0.27917 0.09800 0.40163
v 0.27917 0.09800 0.41963
v 0.27917 0.12800 0.41963
v 0.29717 0.09800 0.41963
v 0.27917 0.09800 0.40163
v 0.27917 0.09800 0.40163
v 0.29717 0.09800 0.41963
v 0.27917 0.09800 0.41963
v 0.38250 0.12800 0.29648
v 0.38250 0.09800 0.31448
v 0.40050 0.09800 0.29648
v 0.40050 0.09800 0.29648
v 0.38250 0.09800 0.31448
v 0.38250 0.09800 0.29648
v 0.38250 0.12800 0.29648
v 0.36450 0.09800 0.29648
v 0.38250 0.09800 0.31448
v 0.38250 0.09800 0.31448
v 0.36450 0.09800 0.29648
v 0.38250 0.09800 0.29648
v 0.38250 0.12800 0.29648
v 0.38250 0.09800 0.27848
v 0.36450 0.09800 0.29648
v 0.36450 0.09800 0.29648
v 0.38250 0.09800 0.27848
v 0.38250 0.09800 0.29648
v 0.38250 0.12800 0.29648
v 0.40050 0.09800 0.29648
v 0.38250 0.09800 0.27848
v 0.38250 0.09800 0.27848
v 0.40050 0.09800 0.29648
v 0.38250 0.09800 0.29648
v 0.54081 0.12800 0.26857
v 0.54081 0.09800 0.28657
v 0.55881 0.09800 0.26857
v 0.55881 0.09800 0.26857
v 0.54081 0.09800 0.28657
v 0.54081 0.09800 0.26857
v 0.54081 0.12800 0.26857
v 0.52281 0.09800 0.26857
v 0.54081 0.09800 0.28657
v 0.54081 0.09800 0.28657
v 0.52281 0.09800 0.26857
v 0.54081 0.09800 0.26857
v 0.54081 0.12800 0.26857
v 0.54081 0.09800 0.25057
v 0.52281 0.09800 0.26857
v 0.52281 0.09800 0.26857
v 0.54081 0.09800 0.25057
v 0.54081 0.09800 0.26857
v 0.54081 0.12800 0.26857
v 0.55881 0.09800 0.26857
v 0.54081 0.09800 0.25057
v 0.54081 0.09800 0.25057
v 0.55881 0.09800 0.26857
v 0.54081 0.09800 0.26857
v 0.68002 0.12800 0.34894
v 0.68002 0.09800 0.36694
v 0.69802 0.09800 0.34894
v 0.69802 0.09800 0.34894
v 0.68002 0.09800 0.36694
v 0.68002 0.09800 0.34894
v 0.68002 0.12800 0.34894
v 0.66202 0.09800 0.34894
v 0.68002 0.09800 0.36694
v 0.68002 0.09800 0.36694
v 0.66202 0.09800 0.34894
v 0.68002 0.09800 0.34894
v 0.68002 0.12800 0.34894
v 0.68002 0.09800 0.33094
v 0.66202 0.09800 0.34894
v 0.66202 0.09800 0.34894
v 0.68002 0.09800 0.33094
v 0.68002 0.09800 0.34894
v 0.68002 0.12800 0.34894
v 0.69802 0.09800 0.34894
v 0.68002 0.09800 0.33094
v 0.68002 0.09800 0.33094
v 0.69802 0.09800 0.34894
v 0.68002 0.09800 0.34894
v 0.50000 0.72500 0.50000
v 0.55750 0.52000 0.59959
v 0.61500 0.52000 0.50000
v 0.61500 0.52000 0.50000
v 0.55750 0.52000 0.59959
v 0.50000 0.35600 0.50000
v 0.50000 0.72500 0.50000
v 0.44250 0.52000 0.59959
v 0.55750 0.52000 0.59959
v 0.55750 0.52000 0.59959
v 0.44250 0.52000 0.59959
v 0.50000 0.35600 0.50000
v 0.50000 0.72500 0.50000
v 0.38500 0.52000 0.50000
v 0.44250 0.52000 0.59959
v 0.44250 0.52000 0.59959
v 0.38500 0.52000 0.50000
v 0.50000 0.35600 0.50000
v 0.50000 0.72500 0.50000
v 0.44250 0.52000 0.40041
v 0.38500 0.52000 0.50000
v 0.38500 0.52000 0.50000
v 0.44250 0.52000 0.40041
v 0.50000 0.35600 0.50000
v 0.50000 0.72500 0.50000
v 0.55750 0.52000 0.40041
v 0.44250 0.52000 0.40041
v 0.44250 0.52000 0.40041
v 0.55750 0.52000 0.40041
v 0.50000 0.35600 0.50000
v 0.50000 0.72500 0.50000
v 0.61500 0.52000 0.50000
v 0.55750 0.52000 0.40041
v 0.55750 0.52000 0.40041
v 0.61500 0.52000 0.50000
v 0.50000 0.35600 0.50000
v 0.50000 0.67068 0.50000
v 0.50142 0.52000 0.56036
v 0.55298 0.52000 0.52895
v 0.55298 0.52000 0.52895
v 0.50142 0.52000 0.56036
v 0.50000 0.40161 0.50000
v 0.50000 0.67068 0.50000
v 0.44844 0.52000 0.53141
v 0.50142 0.52000 0.56036
v 0.50142 0.52000 0.56036
v 0.44844 0.52000 0.53141
v 0.50000 0.40161 0.50000
v 0.50000 0.67068 0.50000
v 0.44702 0.52000 0.47105
v 0.44844 0.52000 0.53141
v 0.44844 0.52000 0.53141
v 0.44702 0.52000 0.47105
v 0.50000 0.40161 0.50000
v 0.50000 0.67068 0.50000
v 0.49858 0.52000 0.43964
v 0.44702 0.52000 0.47105
v 0.44702 0.52000 0.47105
v 0.49858 0.52000 0.43964
v 0.50000 0.40161 0.50000
v 0.50000 0.67068 0.50000
v 0.55156 0.52000 0.46859
v 0.49858 0.52000 0.43964
v 0.49858 0.52000 0.43964
v 0.55156 0.52000 0.46859
v 0.50000 0.40161 0.50000
v 0.50000 0.67068 0.50000
v 0.55298 0.52000 0.52895
v 0.55156 0.52000 0.46859
v 0.55156 0.52000 0.46859
v 0.55298 0.52000 0.52895
v 0.50000 0.40161 0.50000
v 0.71680 0.08748 0.69092
v 0.70406 0.08411 0.66850
v 0.69498 0.17289 0.66102
v 0.70702 0.17735 0.68228
v 0.70406 0.08411 0.66850
v 0.67818 0.08164 0.66850
v 0.67036 0.16962 0.66114
v 0.69498 0.17289 0.66102
v 0.67818 0.08164 0.66850
v 0.66504 0.08252 0.69092
v 0.65778 0.17079 0.68252
v 0.67036 0.16962 0.66114
v 0.66504 0.08252 0.69092
v 0.67777 0.08589 0.71333
v 0.66982 0.17525 0.70378
v 0.65778 0.17079 0.68252
v 0.67777 0.08589 0.71333
v 0.70366 0.08836 0.71333
v 0.69444 0.17852 0.70366
v 0.66982 0.17525 0.70378
v 0.70366 0.08836 0.71333
v 0.71680 0.08748 0.69092
v 0.70702 0.17735 0.68228
v 0.69444 0.17852 0.70366
v 0.70702 0.17735 0.68228
v 0.69498 0.17289 0.66102
v 0.68221 0.23837 0.64987
v 0.69337 0.24479 0.66973
v 0.69498 0.17289 0.66102
v 0.67036 0.16962 0.66114
v 0.65903 0.23366 0.65032
v 0.68221 0.23837 0.64987
v 0.67036 0.16962 0.66114
v 0.65778 0.17079 0.68252
v 0.64699 0.23537 0.67062
v 0.65903 0.23366 0.65032
v 0.65778 0.17079 0.68252
v 0.66982 0.17525 0.70378
v 0.65814 0.24179 0.69048
v 0.64699 0.23537 0.67062
v 0.66982 0.17525 0.70378
v 0.69444 0.17852 0.70366
v 0.68133 0.24650 0.69004
v 0.65814 0.24179 0.69048
v 0.69444 0.17852 0.70366
v 0.70702 0.17735 0.68228
v 0.69337 0.24479 0.66973
v 0.68133 0.24650 0.69004
v 0.69337 0.24479 0.66973
v 0.68221 0.23837 0.64987
v 0.66793 0.29761 0.63718
v 0.67832 0.30470 0.65584
v 0.68221 0.23837 0.64987
v 0.65903 0.23366 0.65032
v 0.64604 0.29241 0.63778
v 0.66793 0.29761 0.63718
v 0.65903 0.23366 0.65032
v 0.64699 0.23537 0.67062
v 0.63455 0.29430 0.65703
v 0.64604 0.29241 0.63778
v 0.64699 0.23537 0.67062
v 0.65814 0.24179 0.69048
v 0.64494 0.30140 0.67568
v 0.63455 0.29430 0.65703
v 0.65814 0.24179 0.69048
v 0.68133 0.24650 0.69004
v 0.66682 0.30660 0.67509
v 0.64494 0.30140 0.67568
v 0.68133 0.24650 0.69004
v 0.69337 0.24479 0.66973
v 0.67832 0.30470 0.65584
v 0.66682 0.30660 0.67509
v 0.67832 0.30470 0.65584
v 0.66793 0.29761 0.63718
v 0.65302 0.35309 0.62388
v 0.66276 0.36029 0.64144
v 0.66793 0.29761 0.63718
v 0.64604 0.29241 0.63778
v 0.63237 0.34781 0.62454
v 0.65302 0.35309 0.62388
v 0.64604 0.29241 0.63778
v 0.63455 0.29430 0.65703
v 0.62144 0.34973 0.64276
v 0.63237 0.34781 0.62454
v 0.63455 0.29430 0.65703
v 0.64494 0.30140 0.67568
v 0.63117 0.35694 0.66032
v 0.62144 0.34973 0.64276
v 0.64494 0.30140 0.67568
v 0.66682 0.30660 0.67509
v 0.65183 0.36221 0.65966
v 0.63117 0.35694 0.66032
v 0.66682 0.30660 0.67509
v 0.67832 0.30470 0.65584
v 0.66276 0.36029 0.64144
v 0.65183 0.36221 0.65966
v 0.66276 0.36029 0.64144
v 0.65302 0.35309 0.62388
v 0.63820 0.40594 0.61065
v 0.64737 0.41285 0.62722
v 0.65302 0.35309 0.62388
v 0.63237 0.34781 0.62454
v 0.61869 0.40087 0.61129
v 0.63820 0.40594 0.61065
v 0.63237 0.34781 0.62454
v 0.62144 0.34973 0.64276
v 0.60836 0.40272 0.62851
v 0.61869 0.40087 0.61129
v 0.62144 0.34973 0.64276
v 0.63117 0.35694 0.66032
v 0.61753 0.40963 0.64508
v 0.60836 0.40272 0.62851
v 0.63117 0.35694 0.66032
v 0.65183 0.36221 0.65966
v 0.63704 0.41470 0.64444
v 0.61753 0.40963 0.64508
v 0.65183 0.36221 0.65966
v 0.66276 0.36029 0.64144
v 0.64737 0.41285 0.62722
v 0.63704 0.41470 0.64444
v 0.64737 0.41285 0.62722
v 0.63820 0.40594 0.61065
v 0.62404 0.45678 0.59808
v 0.63273 0.46311 0.61374
v 0.63820 0.40594 0.61065
v 0.61869 0.40087 0.61129
v 0.60562 0.45214 0.59865
v 0.62404 0.45678 0.59808
v 0.61869 0.40087 0.61129
v 0.60836 0.40272 0.62851
v 0.59590 0.45383 0.61488
v 0.60562 0.45214 0.59865
v 0.60836 0.40272 0.62851
v 0.61753 0.40963 0.64508
v 0.60459 0.46016 0.63055
v 0.59590 0.45383 0.61488
v 0.61753 0.40963 0.64508
v 0.63704 0.41470 0.64444
v 0.62300 0.46480 0.62998
v 0.60459 0.46016 0.63055
v 0.63704 0.41470 0.64444
v 0.64737 0.41285 0.62722
v 0.63273 0.46311 0.61374
v 0.62300 0.46480 0.62998
v 0.63273 0.46311 0.61374
v 0.62404 0.45678 0.59808
v 0.61105 0.50601 0.58668
v 0.61931 0.51153 0.60149
v 0.62404 0.45678 0.59808
v 0.60562 0.45214 0.59865
v 0.59368 0.50197 0.58714
v 0.61105 0.50601 0.58668
v 0.60562 0.45214 0.59865
v 0.59590 0.45383 0.61488
v 0.58459 0.50345 0.60241
v 0.59368 0.50197 0.58714
v 0.59590 0.45383 0.61488
v 0.60459 0.46016 0.63055
v 0.59285 0.50896 0.61722
v 0.58459 0.50345 0.60241
v 0.60459 0.46016 0.63055
v 0.62300 0.46480 0.62998
v 0.61022 0.51300 0.61676
v 0.59285 0.50896 0.61722
v 0.62300 0.46480 0.62998
v 0.63273 0.46311 0.61374
v 0.61931 0.51153 0.60149
v 0.61022 0.51300 0.61676
v 0.61931 0.51153 0.60149
v 0.61105 0.50601 0.58668
v 0.59967 0.55391 0.57690
v 0.60754 0.55843 0.59088
v 0.61105 0.50601 0.58668
v 0.59368 0.50197 0.58714
v 0.58334 0.55059 0.57724
v 0.59967 0.55391 0.57690
v 0.59368 0.50197 0.58714
v 0.58459 0.50345 0.60241
v 0.57488 0.55181 0.59155
v 0.58334 0.55059 0.57724
v 0.58459 0.50345 0.60241
v 0.59285 0.50896 0.61722
v 0.58275 0.55633 0.60552
v 0.57488 0.55181 0.59155
v 0.59285 0.50896 0.61722
v 0.61022 0.51300 0.61676
v 0.59909 0.55964 0.60519
v 0.58275 0.55633 0.60552
v 0.61022 0.51300 0.61676
v 0.61931 0.51153 0.60149
v 0.60754 0.55843 0.59088
v 0.59909 0.55964 0.60519
v 0.60754 0.55843 0.59088
v 0.59967 0.55391 0.57690
v 0.59028 0.60065 0.56911
v 0.59776 0.60407 0.58225
v 0.59967 0.55391 0.57690
v 0.58334 0.55059 0.57724
v 0.57499 0.59816 0.56933
v 0.59028 0.60065 0.56911
v 0.58334 0.55059 0.57724
v 0.57488 0.55181 0.59155
v 0.56717 0.59907 0.58268
v 0.57499 0.59816 0.56933
v 0.57488 0.55181 0.59155
v 0.58275 0.55633 0.60552
v 0.57465 0.60249 0.59582
v 0.56717 0.59907 0.58268
v 0.58275 0.55633 0.60552
v 0.59909 0.55964 0.60519
v 0.58995 0.60498 0.59561
v 0.57465 0.60249 0.59582
v 0.59909 0.55964 0.60519
v 0.60754 0.55843 0.59088
v 0.59776 0.60407 0.58225
v 0.58995 0.60498 0.59561
v 0.59776 0.60407 0.58225
v 0.59028 0.60065 0.56911
v 0.58319 0.64639 0.56362
v 0.59025 0.64863 0.57589
v 0.59028 0.60065 0.56911
v 0.57499 0.59816 0.56933
v 0.56895 0.64476 0.56374
v 0.58319 0.64639 0.56362
v 0.57499 0.59816 0.56933
v 0.56717 0.59907 0.58268
v 0.56177 0.64536 0.57613
v 0.56895 0.64476 0.56374
v 0.56717 0.59907 0.58268
v 0.57465 0.60249 0.59582
v 0.56883 0.64760 0.58840
v 0.56177 0.64536 0.57613
v 0.57465 0.60249 0.59582
v 0.58995 0.60498 0.59561
v 0.58307 0.64924 0.58828
v 0.56883 0.64760 0.58840
v 0.58995 0.60498 0.59561
v 0.59776 0.60407 0.58225
v 0.59025 0.64863 0.57589
v 0.58307 0.64924 0.58828
v 0.59025 0.64863 0.57589
v 0.58319 0.64639 0.56362
v 0.57860 0.69123 0.56063
v 0.58519 0.69231 0.57198
v 0.58319 0.64639 0.56362
v 0.56895 0.64476 0.56374
v 0.56546 0.69045 0.56070
v 0.57860 0.69123 0.56063
v 0.56895 0.64476 0.56374
v 0.56177 0.64536 0.57613
v 0.55890 0.69074 0.57211
v 0.56546 0.69045 0.56070
v 0.56177 0.64536 0.57613
v 0.56883 0.64760 0.58840
v 0.56549 0.69182 0.58346
v 0.55890 0.69074 0.57211
v 0.56883 0.64760 0.58840
v 0.58307 0.64924 0.58828
v 0.57863 0.69260 0.58339
v 0.56549 0.69182 0.58346
v 0.58307 0.64924 0.58828
v 0.59025 0.64863 0.57589
v 0.58519 0.69231 0.57198
v 0.57863 0.69260 0.58339
v 0.58519 0.69231 0.57198
v 0.57860 0.69123 0.56063
v 0.57667 0.73511 0.56030
v 0.58271 0.73561 0.57066
v 0.57860 0.69123 0.56063
v 0.56546 0.69045 0.56070
v 0.56468 0.73475 0.56035
v 0.57667 0.73511 0.56030
v 0.56546 0.69045 0.56070
v 0.55890 0.69074 0.57211
v 0.55872 0.73489 0.57076
v 0.56468 0.73475 0.56035
v 0.55890 0.69074 0.57211
v 0.56549 0.69182 0.58346
v 0.56475 0.73539 0.58112
v 0.55872 0.73489 0.57076
v 0.56549 0.69182 0.58346
v 0.57863 0.69260 0.58339
v 0.57674 0.73575 0.58107
v 0.56475 0.73539 0.58112
v 0.57863 0.69260 0.58339
v 0.58519 0.69231 0.57198
v 0.58271 0.73561 0.57066
v 0.57674 0.73575 0.58107
v 0.70366 0.08836 0.71333
v 0.67777 0.08589 0.71333
v 0.66504 0.08252 0.69092
v 0.67818 0.08164 0.66850
v 0.70406 0.08411 0.66850
v 0.71680 0.08748 0.69092
v 0.58271 0.73561 0.57066
v 0.57667 0.73511 0.56030
v 0.56468 0.73475 0.56035
v 0.55872 0.73489 0.57076
v 0.56475 0.73539 0.58112
v 0.57674 0.73575 0.58107
v 0.58202 0.72394 0.57071
v 0.57637 0.72394 0.58051
v 0.57071 0.71925 0.57071
v 0.58671 0.73525 0.57071
v 0.57871 0.73525 0.58457
v 0.57637 0.72394 0.58051
v 0.58202 0.72394 0.57071
v 0.58202 0.74656 0.57071
v 0.57637 0.74656 0.58051
v 0.57871 0.73525 0.58457
v 0.58671 0.73525 0.57071
v 0.57071 0.75125 0.57071
v 0.57637 0.74656 0.58051
v 0.58202 0.74656 0.57071
v 0.57637 0.72394 0.58051
v 0.56505 0.72394 0.58051
v 0.57071 0.71925 0.57071
v 0.57871 0.73525 0.58457
v 0.56271 0.73525 0.58457
v 0.56505 0.72394 0.58051
v 0.57637 0.72394 0.58051
v 0.57637 0.74656 0.58051
v 0.56505 0.74656 0.58051
v 0.56271 0.73525 0.58457
v 0.57871 0.73525 0.58457
v 0.57071 0.75125 0.57071
v 0.56505 0.74656 0.58051
v 0.57637 0.74656 0.58051
v 0.56505 0.72394 0.58051
v 0.55940 0.72394 0.57071
v 0.57071 0.71925 0.57071
v 0.56271 0.73525 0.58457
v 0.55471 0.73525 0.57071
v 0.55940 0.72394 0.57071
v 0.56505 0.72394 0.58051
v 0.56505 0.74656 0.58051
v 0.55940 0.74656 0.57071
v 0.55471 0.73525 0.57071
v 0.56271 0.73525 0.58457
v 0.57071 0.75125 0.57071
v 0.55940 0.74656 0.57071
v 0.56505 0.74656 0.58051
v 0.55940 0.72394 0.57071
v 0.56505 0.72394 0.56091
v 0.57071 0.71925 0.57071
v 0.55471 0.73525 0.57071
v 0.56271 0.73525 0.55685
v 0.56505 0.72394 0.56091
v 0.55940 0.72394 0.57071
v 0.55940 0.74656 0.57071
v 0.56505 0.74656 0.56091
v 0.56271 0.73525 0.55685
v 0.55471 0.73525 0.57071
v 0.57071 0.75125 0.57071
v 0.56505 0.74656 0.56091
v 0.55940 0.74656 0.57071
v 0.56505 0.72394 0.56091
v 0.57637 0.72394 0.56091
v 0.57071 0.71925 0.57071
v 0.56271 0.73525 0.55685
v 0.57871 0.73525 0.55685
v 0.57637 0.72394 0.56091
v 0.56505 0.72394 0.56091
v 0.56505 0.74656 0.56091
v 0.57637 0.74656 0.56091
v 0.57871 0.73525 0.55685
v 0.56271 0.73525 0.55685
v 0.57071 0.75125 0.57071
v 0.57637 0.74656 0.56091
v 0.56505 0.74656 0.56091
v 0.57637 0.72394 0.56091
v 0.58202 0.72394 0.57071
v 0.57071 0.71925 0.57071
v 0.57871 0.73525 0.55685
v 0.58671 0.73525 0.57071
v 0.58202 0.72394 0.57071
v 0.57637 0.72394 0.56091
v 0.57637 0.74656 0.56091
v 0.58202 0.74656 0.57071
v 0.58671 0.73525 0.57071
v 0.57871 0.73525 0.55685
v 0.57071 0.75125 0.57071
v 0.58202 0.74656 0.57071
v 0.57637 0.74656 0.56091
v 0.33496 0.08252 0.69092
v 0.32182 0.08164 0.66850
v 0.32964 0.16962 0.66114
v 0.34222 0.17079 0.68252
v 0.32182 0.08164 0.66850
v 0.29594 0.08411 0.66850
v 0.30502 0.17289 0.66102
v 0.32964 0.16962 0.66114
v 0.29594 0.08411 0.66850
v 0.28320 0.08748 0.69092
v 0.29298 0.17735 0.68228
v 0.30502 0.17289 0.66102
v 0.28320 0.08748 0.69092
v 0.29634 0.08836 0.71333
v 0.30556 0.17852 0.70366
v 0.29298 0.17735 0.68228
v 0.29634 0.08836 0.71333
v 0.32223 0.08589 0.71333
v 0.33018 0.17525 0.70378
v 0.30556 0.17852 0.70366
v 0.32223 0.08589 0.71333
v 0.33496 0.08252 0.69092
v 0.34222 0.17079 0.68252
v 0.33018 0.17525 0.70378
v 0.34222 0.17079 0.68252
v 0.32964 0.16962 0.66114
v 0.34097 0.23366 0.65032
v 0.35301 0.23537 0.67062
v 0.32964 0.16962 0.66114
v 0.30502 0.17289 0.66102
v 0.31779 0.23837 0.64987
v 0.34097 0.23366 0.65032
v 0.30502 0.17289 0.66102
v 0.29298 0.17735 0.68228
v 0.30663 0.24479 0.66973
v 0.31779 0.23837 0.64987
v 0.29298 0.17735 0.68228
v 0.30556 0.17852 0.70366
v 0.31867 0.24650 0.69004
v 0.30663 0.24479 0.66973
v 0.30556 0.17852 0.70366
v 0.33018 0.17525 0.70378
v 0.34186 0.24179 0.69048
v 0.31867 0.24650 0.69004
v 0.33018 0.17525 0.70378
v 0.34222 0.17079 0.68252
v 0.35301 0.23537 0.67062
v 0.34186 0.24179 0.69048
v 0.35301 0.23537 0.67062
v 0.34097 0.23366 0.65032
v 0.35396 0.29241 0.63778
v 0.36545 0.29430 0.65703
v 0.34097 0.23366 0.65032
v 0.31779 0.23837 0.64987
v 0.33207 0.29761 0.63718
v 0.35396 0.29241 0.63778
v 0.31779 0.23837 0.64987
v 0.30663 0.24479 0.66973
v 0.32168 0.30470 0.65584
v 0.33207 0.29761 0.63718
v 0.30663 0.24479 0.66973
v 0.31867 0.24650 0.69004
v 0.33318 0.30660 0.67509
v 0.32168 0.30470 0.65584
v 0.31867 0.24650 0.69004
v 0.34186 0.24179 0.69048
v 0.35506 0.30140 0.67568
v 0.33318 0.30660 0.67509
v 0.34186 0.24179 0.69048
v 0.35301 0.23537 0.67062
v 0.36545 0.29430 0.65703
v 0.35506 0.30140 0.67568
v 0.36545 0.29430 0.65703
v 0.35396 0.29241 0.63778
v 0.36763 0.34781 0.62454
v 0.37856 0.34973 0.64276
v 0.35396 0.29241 0.63778
v 0.33207 0.29761 0.63718
v 0.34698 0.35309 0.62388
v 0.36763 0.34781 0.62454
v 0.33207 0.29761 0.63718
v 0.32168 0.30470 0.65584
v 0.33724 0.36029 0.64144
v 0.34698 0.35309 0.62388
v 0.32168 0.30470 0.65584
v 0.33318 0.30660 0.67509
v 0.34817 0.36221 0.65966
v 0.33724 0.36029 0.64144
v 0.33318 0.30660 0.67509
v 0.35506 0.30140 0.67568
v 0.36883 0.35694 0.66032
v 0.34817 0.36221 0.65966
v 0.35506 0.30140 0.67568
v 0.36545 0.29430 0.65703
v 0.37856 0.34973 0.64276
v 0.36883 0.35694 0.66032
v 0.37856 0.34973 0.64276
v 0.36763 0.34781 0.62454
v 0.38131 0.40087 0.61129
v 0.39164 0.40272 0.62851
v 0.36763 0.34781 0.62454
v 0.34698 0.35309 0.62388
v 0.36180 0.40594 0.61065
v 0.38131 0.40087 0.61129
v 0.34698 0.35309 0.62388
v 0.33724 0.36029 0.64144
v 0.35263 0.41285 0.62722
v 0.36180 0.40594 0.61065
v 0.33724 0.36029 0.64144
v 0.34817 0.36221 0.65966
v 0.36296 0.41470 0.64444
v 0.35263 0.41285 0.62722
v 0.34817 0.36221 0.65966
v 0.36883 0.35694 0.66032
v 0.38247 0.40963 0.64508
v 0.36296 0.41470 0.64444
v 0.36883 0.35694 0.66032
v 0.37856 0.34973 0.64276
v 0.39164 0.40272 0.62851
v 0.38247 0.40963 0.64508
v 0.39164 0.40272 0.62851
v 0.38131 0.40087 0.61129
v 0.39438 0.45214 0.59865
v 0.40410 0.45383 0.61488
v 0.38131 0.40087 0.61129
v 0.36180 0.40594 0.61065
v 0.37596 0.45678 0.59808
v 0.39438 0.45214 0.59865
v 0.36180 0.40594 0.61065
v 0.35263 0.41285 0.62722
v 0.36727 0.46311 0.61374
v 0.37596 0.45678 0.59808
v 0.35263 0.41285 0.62722
v 0.36296 0.41470 0.64444
v 0.37700 0.46480 0.62998
v 0.36727 0.46311 0.61374
v 0.36296 0.41470 0.64444
v 0.38247 0.40963 0.64508
v 0.39541 0.46016 0.63055
v 0.37700 0.46480 0.62998
v 0.38247 0.40963 0.64508
v 0.39164 0.40272 0.62851
v 0.40410 0.45383 0.61488
v 0.39541 0.46016 0.63055
v 0.40410 0.45383 0.61488
v 0.39438 0.45214 0.59865
v 0.40632 0.50197 0.58714
v 0.41541 0.50345 0.60241
v 0.39438 0.45214 0.59865
v 0.37596 0.45678 0.59808
v 0.38895 0.50601 0.58668
v 0.40632 0.50197 0.58714
v 0.37596 0.45678 0.59808
v 0.36727 0.46311 0.61374
v 0.38069 0.51153 0.60149
v 0.38895 0.50601 0.58668
v 0.36727 0.46311 0.61374
v 0.37700 0.46480 0.62998
v 0.38978 0.51300 0.61676
v 0.38069 0.51153 0.60149
v 0.37700 0.46480 0.62998
v 0.39541 0.46016 0.63055
v 0.40715 0.50896 0.61722
v 0.38978 0.51300 0.61676
v 0.39541 0.46016 0.63055
v 0.40410 0.45383 0.61488
v 0.41541 0.50345 0.60241
v 0.40715 0.50896 0.61722
v 0.41541 0.50345 0.60241
v 0.40632 0.50197 0.58714
v 0.41666 0.55059 0.57724
v 0.42512 0.55181 0.59155
v 0.40632 0.50197 0.58714
v 0.38895 0.50601 0.58668
v 0.40033 0.55391 0.57690
v 0.41666 0.55059 0.57724
v 0.38895 0.50601 0.58668
v 0.38069 0.51153 0.60149
v 0.39246 0.55843 0.59088
v 0.40033 0.55391 0.57690
v 0.38069 0.51153 0.60149
v 0.38978 0.51300 0.61676
v 0.40091 0.55964 0.60519
v 0.39246 0.55843 0.59088
v 0.38978 0.51300 0.61676
v 0.40715 0.50896 0.61722
v 0.41725 0.55633 0.60552
v 0.40091 0.55964 0.60519
v 0.40715 0.50896 0.61722
v 0.41541 0.50345 0.60241
v 0.42512 0.55181 0.59155
v 0.41725 0.55633 0.60552
v 0.42512 0.55181 0.59155
v 0.41666 0.55059 0.57724
v 0.42501 0.59816 0.56933
v 0.43283 0.59907 0.58268
v 0.41666 0.55059 0.57724
v 0.40033 0.55391 0.57690
v 0.40972 0.60065 0.56911
v 0.42501 0.59816 0.56933
v 0.40033 0.55391 0.57690
v 0.39246 0.55843 0.59088
v 0.40224 0.60407 0.58225
v 0.40972 0.60065 0.56911
v 0.39246 0.55843 0.59088
v 0.40091 0.55964 0.60519
v 0.41005 0.60498 0.59561
v 0.40224 0.60407 0.58225
v 0.40091 0.55964 0.60519
v 0.41725 0.55633 0.60552
v 0.42535 0.60249 0.59582
v 0.41005 0.60498 0.59561
v 0.41725 0.55633 0.60552
v 0.42512 0.55181 0.59155
v 0.43283 0.59907 0.58268
v 0.42535 0.60249 0.59582
v 0.43283 0.59907 0.58268
v 0.42501 0.59816 0.56933
v 0.43105 0.64476 0.56374
v 0.43823 0.64536 0.57613
v 0.42501 0.59816 0.56933
v 0.40972 0.60065 0.56911
v 0.41681 0.64639 0.56362
v 0.43105 0.64476 0.56374
v 0.40972 0.60065 0.56911
v 0.40224 0.60407 0.58225
v 0.40975 0.64863 0.57589
v 0.41681 0.64639 0.56362
v 0.40224 0.60407 0.58225
v 0.41005 0.60498 0.59561
v 0.41693 0.64924 0.58828
v 0.40975 0.64863 0.57589
v 0.41005 0.60498 0.59561
v 0.42535 0.60249 0.59582
v 0.43117 0.64760 0.58840
v 0.41693 0.64924 0.58828
v 0.42535 0.60249 0.59582
v 0.43283 0.59907 0.58268
v 0.43823 0.64536 0.57613
v 0.43117 0.64760 0.58840
v 0.43823 0.64536 0.57613
v 0.43105 0.64476 0.56374
v 0.43454 0.69045 0.56070
v 0.44110 0.69074 0.57211
v 0.43105 0.64476 0.56374
v 0.41681 0.64639 0.56362
v 0.42140 0.69123 0.56063
v 0.43454 0.69045 0.56070
v 0.41681 0.64639 0.56362
v 0.40975 0.64863 0.57589
v 0.41481 0.69231 0.57198
v 0.42140 0.69123 0.56063
v 0.40975 0.64863 0.57589
v 0.41693 0.64924 0.58828
v 0.42137 0.69260 0.58339
v 0.41481 0.69231 0.57198
v 0.41693 0.64924 0.58828
v 0.43117 0.64760 0.58840
v 0.43451 0.69182 0.58346
v 0.42137 0.69260 0.58339
v 0.43117 0.64760 0.58840
v 0.43823 0.64536 0.57613
v 0.44110 0.69074 0.57211
v 0.43451 0.69182 0.58346
v 0.44110 0.69074 0.57211
v 0.43454 0.69045 0.56070
v 0.43532 0.73475 0.56035
v 0.44128 0.73489 0.57076
v 0.43454 0.69045 0.56070
v 0.42140 0.69123 0.56063
v 0.42333 0.73511 0.56030
v 0.43532 0.73475 0.56035
v 0.42140 0.69123 0.56063
v 0.41481 0.69231 0.57198
v 0.41729 0.73561 0.57066
v 0.42333 0.73511 0.56030
v 0.41481 0.69231 0.57198
v 0.42137 0.69260 0.58339
v 0.42326 0.73575 0.58107
v 0.41729 0.73561 0.57066
v 0.42137 0.69260 0.58339
v 0.43451 0.69182 0.58346
v 0.43525 0.73539 0.58112
v 0.42326 0.73575 0.58107
v 0.43451 0.69182 0.58346
v 0.44110 0.69074 0.57211
v 0.44128 0.73489 0.57076
v 0.43525 0.73539 0.58112
v 0.32223 0.08589 0.71333
v 0.29634 0.08836 0.71333
v 0.28320 0.08748 0.69092
v 0.29594 0.08411 0.66850
v 0.32182 0.08164 0.66850
v 0.33496 0.08252 0.69092
v 0.44128 0.73489 0.57076
v 0.43532 0.73475 0.56035
v 0.42333 0.73511 0.56030
v 0.41729 0.73561 0.57066
v 0.42326 0.73575 0.58107
v 0.43525 0.73539 0.58112
v 0.44060 0.72394 0.57071
v 0.43495 0.72394 0.58051
v 0.42929 0.71925 0.57071
v 0.44529 0.73525 0.57071
v 0.43729 0.73525 0.58457
v 0.43495 0.72394 0.58051
v 0.44060 0.72394 0.57071
v 0.44060 0.74656 0.57071
v 0.43495 0.74656 0.58051
v 0.43729 0.73525 0.58457
v 0.44529 0.73525 0.57071
v 0.42929 0.75125 0.57071
v 0.43495 0.74656 0.58051
v 0.44060 0.74656 0.57071
v 0.43495 0.72394 0.58051
v 0.42363 0.72394 0.58051
v 0.42929 0.71925 0.57071
v 0.43729 0.73525 0.58457
v 0.42129 0.73525 0.58457
v 0.42363 0.72394 0.58051
v 0.43495 0.72394 0.58051
v 0.43495 0.74656 0.58051
v 0.42363 0.74656 0.58051
v 0.42129 0.73525 0.58457
v 0.43729 0.73525 0.58457
v 0.42929 0.75125 0.57071
v 0.42363 0.74656 0.58051
v 0.43495 0.74656 0.58051
v 0.42363 0.72394 0.58051
v 0.41798 0.72394 0.57071
v 0.42929 0.71925 0.57071
v 0.42129 0.73525 0.58457
v 0.41329 0.73525 0.57071
v 0.41798 0.72394 0.57071
v 0.42363 0.72394 0.58051
v 0.42363 0.74656 0.58051
v 0.41798 0.74656 0.57071
v 0.41329 0.73525 0.57071
v 0.42129 0.73525 0.58457
v 0.42929 0.75125 0.57071
v 0.41798 0.74656 0.57071
v 0.42363 0.74656 0.58051
v 0.41798 0.72394 0.57071
v 0.42363 0.72394 0.56091
v 0.42929 0.71925 0.57071
v 0.41329 0.73525 0.57071
v 0.42129 0.73525 0.55685
v 0.42363 0.72394 0.56091
v 0.41798 0.72394 0.57071
v 0.41798 0.74656 0.57071
v 0.42363 0.74656 0.56091
v 0.42129 0.73525 0.55685
v 0.41329 0.73525 0.57071
v 0.42929 0.75125 0.57071
v 0.42363 0.74656 0.56091
v 0.41798 0.74656 0.57071
v 0.42363 0.72394 0.56091
v 0.43495 0.72394 0.56091
v 0.42929 0.71925 0.57071
v 0.42129 0.73525 0.55685
v 0.43729 0.73525 0.55685
v 0.43495 0.72394 0.56091
v 0.42363 0.72394 0.56091
v 0.42363 0.74656 0.56091
v 0.43495 0.74656 0.56091
v 0.43729 0.73525 0.55685
v 0.42129 0.73525 0.55685
v 0.42929 0.75125 0.57071
v 0.43495 0.74656 0.56091
v 0.42363 0.74656 0.56091
v 0.43495 0.72394 0.56091
v 0.44060 0.72394 0.57071
v 0.42929 0.71925 0.57071
v 0.43729 0.73525 0.55685
v 0.44529 0.73525 0.57071
v 0.44060 0.72394 0.57071
v 0.43495 0.72394 0.56091
v 0.43495 0.74656 0.56091
v 0.44060 0.74656 0.57071
v 0.44529 0.73525 0.57071
v 0.43729 0.73525 0.55685
v 0.42929 0.75125 0.57071
v 0.44060 0.74656 0.57071
v 0.43495 0.74656 0.56091
v 0.33496 0.08252 0.30908
v 0.32223 0.08589 0.28667
v 0.33018 0.17525 0.29622
v 0.34222 0.17079 0.31748
v 0.32223 0.08589 0.28667
v 0.29634 0.08836 0.28667
v 0.30556 0.17852 0.29634
v 0.33018 0.17525 0.29622
v 0.29634 0.08836 0.28667
v 0.28320 0.08748 0.30908
v 0.29298 0.17735 0.31772
v 0.30556 0.17852 0.29634
v 0.28320 0.08748 0.30908
v 0.29594 0.08411 0.33150
v 0.30502 0.17289 0.33898
v 0.29298 0.17735 0.31772
v 0.29594 0.08411 0.33150
v 0.32182 0.08164 0.33150
v 0.32964 0.16962 0.33886
v 0.30502 0.17289 0.33898
v 0.32182 0.08164 0.33150
v 0.33496 0.08252 0.30908
v 0.34222 0.17079 0.31748
v 0.32964 0.16962 0.33886
v 0.34222 0.17079 0.31748
v 0.33018 0.17525 0.29622
v 0.34186 0.24179 0.30952
v 0.35301 0.23537 0.32938
v 0.33018 0.17525 0.29622
v 0.30556 0.17852 0.29634
v 0.31867 0.24650 0.30996
v 0.34186 0.24179 0.30952
v 0.30556 0.17852 0.29634
v 0.29298 0.17735 0.31772
v 0.30663 0.24479 0.33027
v 0.31867 0.24650 0.30996
v 0.29298 0.17735 0.31772
v 0.30502 0.17289 0.33898
v 0.31779 0.23837 0.35013
v 0.30663 0.24479 0.33027
v 0.30502 0.17289 0.33898
v 0.32964 0.16962 0.33886
v 0.34097 0.23366 0.34968
v 0.31779 0.23837 0.35013
v 0.32964 0.16962 0.33886
v 0.34222 0.17079 0.31748
v 0.35301 0.23537 0.32938
v 0.34097 0.23366 0.34968
v 0.35301 0.23537 0.32938
v 0.34186 0.24179 0.30952
v 0.35506 0.30140 0.32432
v 0.36545 0.29430 0.34297
v 0.34186 0.24179 0.30952
v 0.31867 0.24650 0.30996
v 0.33318 0.30660 0.32491
v 0.35506 0.30140 0.32432
v 0.31867 0.24650 0.30996
v 0.30663 0.24479 0.33027
v 0.32168 0.30470 0.34416
v 0.33318 0.30660 0.32491
v 0.30663 0.24479 0.33027
v 0.31779 0.23837 0.35013
v 0.33207 0.29761 0.36282
v 0.32168 0.30470 0.34416
v 0.31779 0.23837 0.35013
v 0.34097 0.23366 0.34968
v 0.35396 0.29241 0.36222
v 0.33207 0.29761 0.36282
v 0.34097 0.23366 0.34968
v 0.35301 0.23537 0.32938
v 0.36545 0.29430 0.34297
v 0.35396 0.29241 0.36222
v 0.36545 0.29430 0.34297
v 0.35506 0.30140 0.32432
v 0.36883 0.35694 0.33968
v 0.37856 0.34973 0.35724
v 0.35506 0.30140 0.32432
v 0.33318 0.30660 0.32491
v 0.34817 0.36221 0.34034
v 0.36883 0.35694 0.33968
v 0.33318 0.30660 0.32491
v 0.32168 0.30470 0.34416
v 0.33724 0.36029 0.35856
v 0.34817 0.36221 0.34034
v 0.32168 0.30470 0.34416
v 0.33207 0.29761 0.36282
v 0.34698 0.35309 0.37612
v 0.33724 0.36029 0.35856
v 0.33207 0.29761 0.36282
v 0.35396 0.29241 0.36222
v 0.36763 0.34781 0.37546
v 0.34698 0.35309 0.37612
v 0.35396 0.29241 0.36222
v 0.36545 0.29430 0.34297
v 0.37856 0.34973 0.35724
v 0.36763 0.34781 0.37546
v 0.37856 0.34973 0.35724
v 0.36883 0.35694 0.33968
v 0.38247 0.40963 0.35492
v 0.39164 0.40272 0.37149
v 0.36883 0.35694 0.33968
v 0.34817 0.36221 0.34034
v 0.36296 0.41470 0.35556
v 0.38247 0.40963 0.35492
v 0.34817 0.36221 0.34034
v 0.33724 0.36029 0.35856
v 0.35263 0.41285 0.37278
v 0.36296 0.41470 0.35556
v 0.33724 0.36029 0.35856
v 0.34698 0.35309 0.37612
v 0.36180 0.40594 0.38935
v 0.35263 0.41285 0.37278
v 0.34698 0.35309 0.37612
v 0.36763 0.34781 0.37546
v 0.38131 0.40087 0.38871
v 0.36180 0.40594 0.38935
v 0.36763 0.34781 0.37546
v 0.37856 0.34973 0.35724
v 0.39164 0.40272 0.37149
v 0.38131 0.40087 0.38871
v 0.39164 0.40272 0.37149
v 0.38247 0.40963 0.35492
v 0.39541 0.46016 0.36945
v 0.40410 0.45383 0.38512
v 0.38247 0.40963 0.35492
v 0.36296 0.41470 0.35556
v 0.37700 0.46480 0.37002
v 0.39541 0.46016 0.36945
v 0.36296 0.41470 0.35556
v 0.35263 0.41285 0.37278
v 0.36727 0.46311 0.38626
v 0.37700 0.46480 0.37002
v 0.35263 0.41285 0.37278
v 0.36180 0.40594 0.38935
v 0.37596 0.45678 0.40192
v 0.36727 0.46311 0.38626
v 0.36180 0.40594 0.38935
v 0.38131 0.40087 0.38871
v 0.39438 0.45214 0.40135
v 0.37596 0.45678 0.40192
v 0.38131 0.40087 0.38871
v 0.39164 0.40272 0.37149
v 0.40410 0.45383 0.38512
v 0.39438 0.45214 0.40135
v 0.40410 0.45383 0.38512
v 0.39541 0.46016 0.36945
v 0.40715 0.50896 0.38278
v 0.41541 0.50345 0.39759
v 0.39541 0.46016 0.36945
v 0.37700 0.46480 0.37002
v 0.38978 0.51300 0.38324
v 0.40715 0.50896 0.38278
v 0.37700 0.46480 0.37002
v 0.36727 0.46311 0.38626
v 0.38069 0.51153 0.39851
v 0.38978 0.51300 0.38324
v 0.36727 0.46311 0.38626
v 0.37596 0.45678 0.40192
v 0.38895 0.50601 0.41332
v 0.38069 0.51153 0.39851
v 0.37596 0.45678 0.40192
v 0.39438 0.45214 0.40135
v 0.40632 0.50197 0.41286
v 0.38895 0.50601 0.41332
v 0.39438 0.45214 0.40135
v 0.40410 0.45383 0.38512
v 0.41541 0.50345 0.39759
v 0.40632 0.50197 0.41286
v 0.41541 0.50345 0.39759
v 0.40715 0.50896 0.38278
v 0.41725 0.55633 0.39448
v 0.42512 0.55181 0.40845
v 0.40715 0.50896 0.38278
v 0.38978 0.51300 0.38324
v 0.40091 0.55964 0.39481
v 0.41725 0.55633 0.39448
v 0.38978 0.51300 0.38324
v 0.38069 0.51153 0.39851
v 0.39246 0.55843 0.40912
v 0.40091 0.55964 0.39481
v 0.38069 0.51153 0.39851
v 0.38895 0.50601 0.41332
v 0.40033 0.55391 0.42310
v 0.39246 0.55843 0.40912
v 0.38895 0.50601 0.41332
v 0.40632 0.50197 0.41286
v 0.41666 0.55059 0.42276
v 0.40033 0.55391 0.42310
v 0.40632 0.50197 0.41286
v 0.41541 0.50345 0.39759
v 0.42512 0.55181 0.40845
v 0.41666 0.55059 0.42276
v 0.42512 0.55181 0.40845
v 0.41725 0.55633 0.39448
v 0.42535 0.60249 0.40418
v 0.43283 0.59907 0.41732
v 0.41725 0.55633 0.39448
v 0.40091 0.55964 0.39481
v 0.41005 0.60498 0.40439
v 0.42535 0.60249 0.40418
v 0.40091 0.55964 0.39481
v 0.39246 0.55843 0.40912
v 0.40224 0.60407 0.41775
v 0.41005 0.60498 0.40439
v 0.39246 0.55843 0.40912
v 0.40033 0.55391 0.42310
v 0.40972 0.60065 0.43089
v 0.40224 0.60407 0.41775
v 0.40033 0.55391 0.42310
v 0.41666 0.55059 0.42276
v 0.42501 0.59816 0.43067
v 0.40972 0.60065 0.43089
v 0.41666 0.55059 0.42276
v 0.42512 0.55181 0.40845
v 0.43283 0.59907 0.41732
v 0.42501 0.59816 0.43067
v 0.43283 0.59907 0.41732
v 0.42535 0.60249 0.40418
v 0.43117 0.64760 0.41160
v 0.43823 0.64536 0.42387
v 0.42535 0.60249 0.40418
v 0.41005 0.60498 0.40439
v 0.41693 0.64924 0.41172
v 0.43117 0.64760 0.41160
v 0.41005 0.60498 0.40439
v 0.40224 0.60407 0.41775
v 0.40975 0.64863 0.42411
v 0.41693 0.64924 0.41172
v 0.40224 0.60407 0.41775
v 0.40972 0.60065 0.43089
v 0.41681 0.64639 0.43638
v 0.40975 0.64863 0.42411
v 0.40972 0.60065 0.43089
v 0.42501 0.59816 0.43067
v 0.43105 0.64476 0.43626
v 0.41681 0.64639 0.43638
v 0.42501 0.59816 0.43067
v 0.43283 0.59907 0.41732
v 0.43823 0.64536 0.42387
v 0.43105 0.64476 0.43626
v 0.43823 0.64536 0.42387
v 0.43117 0.64760 0.41160
v 0.43451 0.69182 0.41654
v 0.44110 0.69074 0.42789
v 0.43117 0.64760 0.41160
v 0.41693 0.64924 0.41172
v 0.42137 0.69260 0.41661
v 0.43451 0.69182 0.41654
v 0.41693 0.64924 0.41172
v 0.40975 0.64863 0.42411
v 0.41481 0.69231 0.42802
v 0.42137 0.69260 0.41661
v 0.40975 0.64863 0.42411
v 0.41681 0.64639 0.43638
v 0.42140 0.69123 0.43937
v 0.41481 0.69231 0.42802
v 0.41681 0.64639 0.43638
v 0.43105 0.64476 0.43626
v 0.43454 0.69045 0.43930
v 0.42140 0.69123 0.43937
v 0.43105 0.64476 0.43626
v 0.43823 0.64536 0.42387
v 0.44110 0.69074 0.42789
v 0.43454 0.69045 0.43930
v 0.44110 0.69074 0.42789
v 0.43451 0.69182 0.41654
v 0.43525 0.73539 0.41888
v 0.44128 0.73489 0.42924
v 0.43451 0.69182 0.41654
v 0.42137 0.69260 0.41661
v 0.42326 0.73575 0.41893
v 0.43525 0.73539 0.41888
v 0.42137 0.69260 0.41661
v 0.41481 0.69231 0.42802
v 0.41729 0.73561 0.42934
v 0.42326 0.73575 0.41893
v 0.41481 0.69231 0.42802
v 0.42140 0.69123 0.43937
v 0.42333 0.73511 0.43970
v 0.41729 0.73561 0.42934
v 0.42140 0.69123 0.43937
v 0.43454 0.69045 0.43930
v 0.43532 0.73475 0.43965
v 0.42333 0.73511 0.43970
v 0.43454 0.69045 0.43930
v 0.44110 0.69074 0.42789
v 0.44128 0.73489 0.42924
v 0.43532 0.73475 0.43965
v 0.32182 0.08164 0.33150
v 0.29594 0.08411 0.33150
v 0.28320 0.08748 0.30908
v 0.29634 0.08836 0.28667
v 0.32223 0.08589 0.28667
v 0.33496 0.08252 0.30908
v 0.44128 0.73489 0.42924
v 0.43525 0.73539 0.41888
v 0.42326 0.73575 0.41893
v 0.41729 0.73561 0.42934
v 0.42333 0.73511 0.43970
v 0.43532 0.73475 0.43965
v 0.44060 0.72394 0.42929
v 0.43495 0.72394 0.43909
v 0.42929 0.71925 0.42929
v 0.44529 0.73525 0.42929
v 0.43729 0.73525 0.44315
v 0.43495 0.72394 0.43909
v 0.44060 0.72394 0.42929
v 0.44060 0.74656 0.42929
v 0.43495 0.74656 0.43909
v 0.43729 0.73525 0.44315
v 0.44529 0.73525 0.42929
v 0.42929 0.75125 0.42929
v 0.43495 0.74656 0.43909
v 0.44060 0.74656 0.42929
v 0.43495 0.72394 0.43909
v 0.42363 0.72394 0.43909
v 0.42929 0.71925 0.42929
v 0.43729 0.73525 0.44315
v 0.42129 0.73525 0.44315
v 0.42363 0.72394 0.43909
v 0.43495 0.72394 0.43909
v 0.43495 0.74656 0.43909
v 0.42363 0.74656 0.43909
v 0.42129 0.73525 0.44315
v 0.43729 0.73525 0.44315
v 0.42929 0.75125 0.42929
v 0.42363 0.74656 0.43909
v 0.43495 0.74656 0.43909
v 0.42363 0.72394 0.43909
v 0.41798 0.72394 0.42929
v 0.42929 0.71925 0.42929
v 0.42129 0.73525 0.44315
v 0.41329 0.73525 0.42929
v 0.41798 0.72394 0.42929
v 0.42363 0.72394 0.43909
v 0.42363 0.74656 0.43909
v 0.41798 0.74656 0.42929
v 0.41329 0.73525 0.42929
v 0.42129 0.73525 0.44315
v 0.42929 0.75125 0.42929
v 0.41798 0.74656 0.42929
v 0.42363 0.74656 0.43909
v 0.41798 0.72394 0.42929
v 0.42363 0.72394 0.41949
v 0.42929 0.71925 0.42929
v 0.41329 0.73525 0.42929
v 0.42129 0.73525 0.41543
v 0.42363 0.72394 0.41949
v 0.41798 0.72394 0.42929
v 0.41798 0.74656 0.42929
v 0.42363 0.74656 0.41949
v 0.42129 0.73525 0.41543
v 0.41329 0.73525 0.42929
v 0.42929 0.75125 0.42929
v 0.42363 0.74656 0.41949
v 0.41798 0.74656 0.42929
v 0.42363 0.72394 0.41949
v 0.43495 0.72394 0.41949
v 0.42929 0.71925 0.42929
v 0.42129 0.73525 0.41543
v 0.43729 0.73525 0.41543
v 0.43495 0.72394 0.41949
v 0.42363 0.72394 0.41949
v 0.42363 0.74656 0.41949
v 0.43495 0.74656 0.41949
v 0.43729 0.73525 0.41543
v 0.42129 0.73525 0.41543
v 0.42929 0.75125 0.42929
v 0.43495 0.74656 0.41949
v 0.42363 0.74656 0.41949
v 0.43495 0.72394 0.41949
v 0.44060 0.72394 0.42929
v 0.42929 0.71925 0.42929
v 0.43729 0.73525 0.41543
v 0.44529 0.73525 0.42929
v 0.44060 0.72394 0.42929
v 0.43495 0.72394 0.41949
v 0.43495 0.74656 0.41949
v 0.44060 0.74656 0.42929
v 0.44529 0.73525 0.42929
v 0.43729 0.73525 0.41543
v 0.42929 0.75125 0.42929
v 0.44060 0.74656 0.42929
v 0.43495 0.74656 0.41949
v 0.71680 0.08748 0.30908
v 0.70366 0.08836 0.28667
v 0.69444 0.17852 0.29634
v 0.70702 0.17735 0.31772
v 0.70366 0.08836 0.28667
v 0.67777 0.08589 0.28667
v 0.66982 0.17525 0.29622
v 0.69444 0.17852 0.29634
v 0.67777 0.08589 0.28667
v 0.66504 0.08252 0.30908
v 0.65778 0.17079 0.31748
v 0.66982 0.17525 0.29622
v 0.66504 0.08252 0.30908
v 0.67818 0.08164 0.33150
v 0.67036 0.16962 0.33886
v 0.65778 0.17079 0.31748
v 0.67818 0.08164 0.33150
v 0.70406 0.08411 0.33150
v 0.69498 0.17289 0.33898
v 0.67036 0.16962 0.33886
v 0.70406 0.08411 0.33150
v 0.71680 0.08748 0.30908
v 0.70702 0.17735 0.31772
v 0.69498 0.17289 0.33898
v 0.70702 0.17735 0.31772
v 0.69444 0.17852 0.29634
v 0.68133 0.24650 0.30996
v 0.69337 0.24479 0.33027
v 0.69444 0.17852 0.29634
v 0.66982 0.17525 0.29622
v 0.65814 0.24179 0.30952
v 0.68133 0.24650 0.30996
v 0.66982 0.17525 0.29622
v 0.65778 0.17079 0.31748
v 0.64699 0.23537 0.32938
v 0.65814 0.24179 0.30952
v 0.65778 0.17079 0.31748
v 0.67036 0.16962 0.33886
v 0.65903 0.23366 0.34968
v 0.64699 0.23537 0.32938
v 0.67036 0.16962 0.33886
v 0.69498 0.17289 0.33898
v 0.68221 0.23837 0.35013
v 0.65903 0.23366 0.34968
v 0.69498 0.17289 0.33898
v 0.70702 0.17735 0.31772
v 0.69337 0.24479 0.33027
v 0.68221 0.23837 0.35013
v 0.69337 0.24479 0.33027
v 0.68133 0.24650 0.30996
v 0.66682 0.30660 0.32491
v 0.67832 0.30470 0.34416
v 0.68133 0.24650 0.30996
v 0.65814 0.24179 0.30952
v 0.64494 0.30140 0.32432
v 0.66682 0.30660 0.32491
v 0.65814 0.24179 0.30952
v 0.64699 0.23537 0.32938
v 0.63455 0.29430 0.34297
v 0.64494 0.30140 0.32432
v 0.64699 0.23537 0.32938
v 0.65903 0.23366 0.34968
v 0.64604 0.29241 0.36222
v 0.63455 0.29430 0.34297
v 0.65903 0.23366 0.34968
v 0.68221 0.23837 0.35013
v 0.66793 0.29761 0.36282
v 0.64604 0.29241 0.36222
v 0.68221 0.23837 0.35013
v 0.69337 0.24479 0.33027
v 0.67832 0.30470 0.34416
v 0.66793 0.29761 0.36282
v 0.67832 0.30470 0.34416
v 0.66682 0.30660 0.32491
v 0.65183 0.36221 0.34034
v 0.66276 0.36029 0.35856
v 0.66682 0.30660 0.32491
v 0.64494 0.30140 0.32432
v 0.63117 0.35694 0.33968
v 0.65183 0.36221 0.34034
v 0.64494 0.30140 0.32432
v 0.63455 0.29430 0.34297
v 0.62144 0.34973 0.35724
v 0.63117 0.35694 0.33968
v 0.63455 0.29430 0.34297
v 0.64604 0.29241 0.36222
v 0.63237 0.34781 0.37546
v 0.62144 0.34973 0.35724
v 0.64604 0.29241 0.36222
v 0.66793 0.29761 0.36282
v 0.65302 0.35309 0.37612
v 0.63237 0.34781 0.37546
v 0.66793 0.29761 0.36282
v 0.67832 0.30470 0.34416
v 0.66276 0.36029 0.35856
v 0.65302 0.35309 0.37612
v 0.66276 0.36029 0.35856
v 0.65183 0.36221 0.34034
v 0.63704 0.41470 0.35556
v 0.64737 0.41285 0.37278
v 0.65183 0.36221 0.34034
v 0.63117 0.35694 0.33968
v 0.61753 0.40963 0.35492
v 0.63704 0.41470 0.35556
v 0.63117 0.35694 0.33968
v 0.62144 0.34973 0.35724
v 0.60836 0.40272 0.37149
v 0.61753 0.40963 0.35492
v 0.62144 0.34973 0.35724
v 0.63237 0.34781 0.37546
v 0.61869 0.40087 0.38871
v 0.60836 0.40272 0.37149
v 0.63237 0.34781 0.37546
v 0.65302 0.35309 0.37612
v 0.63820 0.40594 0.38935
v 0.61869 0.40087 0.38871
v 0.65302 0.35309 0.37612
v 0.66276 0.36029 0.35856
v 0.64737 0.41285 0.37278
v 0.63820 0.40594 0.38935
v 0.64737 0.41285 0.37278
v 0.63704 0.41470 0.35556
v 0.62300 0.46480 0.37002
v 0.63273 0.46311 0.38626
v 0.63704 0.41470 0.35556
v 0.61753 0.40963 0.35492
v 0.60459 0.46016 0.36945
v 0.62300 0.46480 0.37002
v 0.61753 0.40963 0.35492
v 0.60836 0.40272 0.37149
v 0.59590 0.45383 0.38512
v 0.60459 0.46016 0.36945
v 0.60836 0.40272 0.37149
v 0.61869 0.40087 0.38871
v 0.60562 0.45214 0.40135
v 0.59590 0.45383 0.38512
v 0.61869 0.40087 0.38871
v 0.63820 0.40594 0.38935
v 0.62404 0.45678 0.40192
v 0.60562 0.45214 0.40135
v 0.63820 0.40594 0.38935
v 0.64737 0.41285 0.37278
v 0.63273 0.46311 0.38626
v 0.62404 0.45678 0.40192
v 0.63273 0.46311 0.38626
v 0.62300 0.46480 0.37002
v 0.61022 0.51300 0.38324
v 0.61931 0.51153 0.39851
v 0.62300 0.46480 0.37002
v 0.60459 0.46016 0.36945
v 0.59285 0.50896 0.38278
v 0.61022 0.51300 0.38324
v 0.60459 0.46016 0.36945
v 0.59590 0.45383 0.38512
v 0.58459 0.50345 0.39759
v 0.59285 0.50896 0.38278
v 0.59590 0.45383 0.38512
v 0.60562 0.45214 0.40135
v 0.59368 0.50197 0.41286
v 0.58459 0.50345 0.39759
v 0.60562 0.45214 0.40135
v 0.62404 0.45678 0.40192
v 0.61105 0.50601 0.41332
v 0.59368 0.50197 0.41286
v 0.62404 0.45678 0.40192
v 0.63273 0.46311 0.38626
v 0.61931 0.51153 0.39851
v 0.61105 0.50601 0.41332
v 0.61931 0.51153 0.39851
v 0.61022 0.51300 0.38324
v 0.59909 0.55964 0.39481
v 0.60754 0.55843 0.40912
v 0.61022 0.51300 0.38324
v 0.59285 0.50896 0.38278
v 0.58275 0.55633 0.39448
v 0.59909 0.55964 0.39481
v 0.59285 0.50896 0.38278
v 0.58459 0.50345 0.39759
v 0.57488 0.55181 0.40845
v 0.58275 0.55633 0.39448
v 0.58459 0.50345 0.39759
v 0.59368 0.50197 0.41286
v 0.58334 0.55059 0.42276
v 0.57488 0.55181 0.40845
v 0.59368 0.50197 0.41286
v 0.61105 0.50601 0.41332
v 0.59967 0.55391 0.42310
v 0.58334 0.55059 0.42276
v 0.61105 0.50601 0.41332
v 0.61931 0.51153 0.39851
v 0.60754 0.55843 0.40912
v 0.59967 0.55391 0.42310
v 0.60754 0.55843 0.40912
v 0.59909 0.55964 0.39481
v 0.58995 0.60498 0.40439
v 0.59776 0.60407 0.41775
v 0.59909 0.55964 0.39481
v 0.58275 0.55633 0.39448
v 0.57465 0.60249 0.40418
v 0.58995 0.60498 0.40439
v 0.58275 0.55633 0.39448
v 0.57488 0.55181 0.40845
v 0.56717 0.59907 0.41732
v 0.57465 0.60249 0.40418
v 0.57488 0.55181 0.40845
v 0.58334 0.55059 0.42276
v 0.57499 0.59816 0.43067
v 0.56717 0.59907 0.41732
v 0.58334 0.55059 0.42276
v 0.59967 0.55391 0.42310
v 0.59028 0.60065 0.43089
v 0.57499 0.59816 0.43067
v 0.59967 0.55391 0.42310
v 0.60754 0.55843 0.40912
v 0.59776 0.60407 0.41775
v 0.59028 0.60065 0.43089
v 0.59776 0.60407 0.41775
v 0.58995 0.60498 0.40439
v 0.58307 0.64924 0.41172
v 0.59025 0.64863 0.42411
v 0.58995 0.60498 0.40439
v 0.57465 0.60249 0.40418
v 0.56883 0.64760 0.41160
v 0.58307 0.64924 0.41172
v 0.57465 0.60249 0.40418
v 0.56717 0.59907 0.41732
v 0.56177 0.64536 0.42387
v 0.56883 0.64760 0.41160
v 0.56717 0.59907 0.41732
v 0.57499 0.59816 0.43067
v 0.56895 0.64476 0.43626
v 0.56177 0.64536 0.42387
v 0.57499 0.59816 0.43067
v 0.59028 0.60065 0.43089
v 0.58319 0.64639 0.43638
v 0.56895 0.64476 0.43626
v 0.59028 0.60065 0.43089
v 0.59776 0.60407 0.41775
v 0.59025 0.64863 0.42411
v 0.58319 0.64639 0.43638
v 0.59025 0.64863 0.42411
v 0.58307 0.64924 0.41172
v 0.57863 0.69260 0.41661
v 0.58519 0.69231 0.42802
v 0.58307 0.64924 0.41172
v 0.56883 0.64760 0.41160
v 0.56549 0.69182 0.41654
v 0.57863 0.69260 0.41661
v 0.56883 0.64760 0.41160
v 0.56177 0.64536 0.42387
v 0.55890 0.69074 0.42789
v 0.56549 0.69182 0.41654
v 0.56177 0.64536 0.42387
v 0.56895 0.64476 0.43626
v 0.56546 0.69045 0.43930
v 0.55890 0.69074 0.42789
v 0.56895 0.64476 0.43626
v 0.58319 0.64639 0.43638
v 0.57860 0.69123 0.43937
v 0.56546 0.69045 0.43930
v 0.58319 0.64639 0.43638
v 0.59025 0.64863 0.42411
v 0.58519 0.69231 0.42802
v 0.57860 0.69123 0.43937
v 0.58519 0.69231 0.42802
v 0.57863 0.69260 0.41661
v 0.57674 0.73575 0.41893
v 0.58271 0.73561 0.42934
v 0.57863 0.69260 0.41661
v 0.56549 0.69182 0.41654
v 0.56475 0.73539 0.41888
v 0.57674 0.73575 0.41893
v 0.56549 0.69182 0.41654
v 0.55890 0.69074 0.42789
v 0.55872 0.73489 0.42924
v 0.56475 0.73539 0.41888
v 0.55890 0.69074 0.42789
v 0.56546 0.69045 0.43930
v 0.56468 0.73475 0.43965
v 0.55872 0.73489 0.42924
v 0.56546 0.69045 0.43930
v 0.57860 0.69123 0.43937
v 0.57667 0.73511 0.43970
v 0.56468 0.73475 0.43965
v 0.57860 0.69123 0.43937
v 0.58519 0.69231 0.42802
v 0.58271 0.73561 0.42934
v 0.57667 0.73511 0.43970
v 0.70406 0.08411 0.33150
v 0.67818 0.08164 0.33150
v 0.66504 0.08252 0.30908
v 0.67777 0.08589 0.28667
v 0.70366 0.08836 0.28667
v 0.71680 0.08748 0.30908
v 0.58271 0.73561 0.42934
v 0.57674 0.73575 0.41893
v 0.56475 0.73539 0.41888
v 0.55872 0.73489 0.42924
v 0.56468 0.73475 0.43965
v 0.57667 0.73511 0.43970
v 0.58202 0.72394 0.42929
v 0.57637 0.72394 0.43909
v 0.57071 0.71925 0.42929
v 0.58671 0.73525 0.42929
v 0.57871 0.73525 0.44315
v 0.57637 0.72394 0.43909
v 0.58202 0.72394 0.42929
v 0.58202 0.74656 0.42929
v 0.57637 0.74656 0.43909
v 0.57871 0.73525 0.44315
v 0.58671 0.73525 0.42929
v 0.57071 0.75125 0.42929
v 0.57637 0.74656 0.43909
v 0.58202 0.74656 0.42929
v 0.57637 0.72394 0.43909
v 0.56505 0.72394 0.43909
v 0.57071 0.71925 0.42929
v 0.57871 0.73525 0.44315
v 0.56271 0.73525 0.44315
v 0.56505 0.72394 0.43909
v 0.57637 0.72394 0.43909
v 0.57637 0.74656 0.43909
v 0.56505 0.74656 0.43909
v 0.56271 0.73525 0.44315
v 0.57871 0.73525 0.44315
v 0.57071 0.75125 0.42929
v 0.56505 0.74656 0.43909
v 0.57637 0.74656 0.43909
v 0.56505 0.72394 0.43909
v 0.55940 0.72394 0.42929
v 0.57071 0.71925 0.42929
v 0.56271 0.73525 0.44315
v 0.55471 0.73525 0.42929
v 0.55940 0.72394 0.42929
v 0.56505 0.72394 0.43909
v 0.56505 0.74656 0.43909
v 0.55940 0.74656 0.42929
v 0.55471 0.73525 0.42929
v 0.56271 0.73525 0.44315
v 0.57071 0.75125 0.42929
v 0.55940 0.74656 0.42929
v 0.56505 0.74656 0.43909
v 0.55940 0.72394 0.42929
v 0.56505 0.72394 0.41949
v 0.57071 0.71925 0.42929
v 0.55471 0.73525 0.42929
v 0.56271 0.73525 0.41543
v 0.56505 0.72394 0.41949
v 0.55940 0.72394 0.42929
v 0.55940 0.74656 0.42929
v 0.56505 0.74656 0.41949
v 0.56271 0.73525 0.41543
v 0.55471 0.73525 0.42929
v 0.57071 0.75125 0.42929
v 0.56505 0.74656 0.41949
v 0.55940 0.74656 0.42929
v 0.56505 0.72394 0.41949
v 0.57637 0.72394 0.41949
v 0.57071 0.71925 0.42929
v 0.56271 0.73525 0.41543
v 0.57871 0.73525 0.41543
v 0.57637 0.72394 0.41949
v 0.56505 0.72394 0.41949
v 0.56505 0.74656 0.41949
v 0.57637 0.74656 0.41949
v 0.57871 0.73525 0.41543
v 0.56271 0.73525 0.41543
v 0.57071 0.75125 0.42929
v 0.57637 0.74656 0.41949
v 0.56505 0.74656 0.41949
v 0.57637 0.72394 0.41949
v 0.58202 0.72394 0.42929
v 0.57071 0.71925 0.42929
v 0.57871 0.73525 0.41543
v 0.58671 0.73525 0.42929
v 0.58202 0.72394 0.42929
v 0.57637 0.72394 0.41949
v 0.57637 0.74656 0.41949
v 0.58202 0.74656 0.42929
v 0.58671 0.73525 0.42929
v 0.57871 0.73525 0.41543
v 0.57071 0.75125 0.42929
v 0.58202 0.74656 0.42929
v 0.57637 0.74656 0.41949
v 0.67000 0.52375 0.50650
v 0.66291 0.52185 0.50161
v 0.65878 0.48977 0.52013
v 0.66574 0.49099 0.52541
v 0.66291 0.52185 0.50161
v 0.66562 0.51739 0.49450
v 0.66144 0.48506 0.51317
v 0.65878 0.48977 0.52013
v 0.66562 0.51739 0.49450
v 0.67438 0.51654 0.49499
v 0.67004 0.48336 0.51415
v 0.66144 0.48506 0.51317
v 0.67438 0.51654 0.49499
v 0.67709 0.52047 0.50241
v 0.67269 0.48702 0.52172
v 0.67004 0.48336 0.51415
v 0.67709 0.52047 0.50241
v 0.67000 0.52375 0.50650
v 0.66574 0.49099 0.52541
v 0.67269 0.48702 0.52172
v 0.66574 0.49099 0.52541
v 0.65878 0.48977 0.52013
v 0.64674 0.45996 0.53734
v 0.65316 0.45987 0.54338
v 0.65878 0.48977 0.52013
v 0.66144 0.48506 0.51317
v 0.64919 0.45474 0.53067
v 0.64674 0.45996 0.53734
v 0.66144 0.48506 0.51317
v 0.67004 0.48336 0.51415
v 0.65714 0.45143 0.53258
v 0.64919 0.45474 0.53067
v 0.67004 0.48336 0.51415
v 0.67269 0.48702 0.52172
v 0.65959 0.45460 0.54043
v 0.65714 0.45143 0.53258
v 0.67269 0.48702 0.52172
v 0.66574 0.49099 0.52541
v 0.65316 0.45987 0.54338
v 0.65959 0.45460 0.54043
v 0.65316 0.45987 0.54338
v 0.64674 0.45996 0.53734
v 0.62733 0.43322 0.55278
v 0.63291 0.43196 0.55949
v 0.64674 0.45996 0.53734
v 0.64919 0.45474 0.53067
v 0.62946 0.42755 0.54637
v 0.62733 0.43322 0.55278
v 0.64919 0.45474 0.53067
v 0.65714 0.45143 0.53258
v 0.63636 0.42279 0.54912
v 0.62946 0.42755 0.54637
v 0.65714 0.45143 0.53258
v 0.65959 0.45460 0.54043
v 0.63849 0.42551 0.55723
v 0.63636 0.42279 0.54912
v 0.65959 0.45460 0.54043
v 0.65316 0.45987 0.54338
v 0.63291 0.43196 0.55949
v 0.63849 0.42551 0.55723
v 0.63291 0.43196 0.55949
v 0.62733 0.43322 0.55278
v 0.60155 0.41088 0.56567
v 0.60599 0.40865 0.57295
v 0.62733 0.43322 0.55278
v 0.62946 0.42755 0.54637
v 0.60324 0.40485 0.55948
v 0.60155 0.41088 0.56567
v 0.62946 0.42755 0.54637
v 0.63636 0.42279 0.54912
v 0.60874 0.39888 0.56292
v 0.60324 0.40485 0.55948
v 0.63636 0.42279 0.54912
v 0.63849 0.42551 0.55723
v 0.61044 0.40122 0.57125
v 0.60874 0.39888 0.56292
v 0.63849 0.42551 0.55723
v 0.63291 0.43196 0.55949
v 0.60599 0.40865 0.57295
v 0.61044 0.40122 0.57125
v 0.60599 0.40865 0.57295
v 0.60155 0.41088 0.56567
v 0.57067 0.39408 0.57538
v 0.57376 0.39111 0.58308
v 0.60155 0.41088 0.56567
v 0.60324 0.40485 0.55948
v 0.57185 0.38776 0.56934
v 0.57067 0.39408 0.57538
v 0.60324 0.40485 0.55948
v 0.60874 0.39888 0.56292
v 0.57567 0.38088 0.57331
v 0.57185 0.38776 0.56934
v 0.60874 0.39888 0.56292
v 0.61044 0.40122 0.57125
v 0.57686 0.38295 0.58180
v 0.57567 0.38088 0.57331
v 0.61044 0.40122 0.57125
v 0.60599 0.40865 0.57295
v 0.57376 0.39111 0.58308
v 0.57686 0.38295 0.58180
v 0.57376 0.39111 0.58308
v 0.57067 0.39408 0.57538
v 0.53624 0.38365 0.58140
v 0.53783 0.38022 0.58936
v 0.57067 0.39408 0.57538
v 0.57185 0.38776 0.56934
v 0.53685 0.37716 0.57547
v 0.53624 0.38365 0.58140
v 0.57185 0.38776 0.56934
v 0.57567 0.38088 0.57331
v 0.53881 0.36971 0.57976
v 0.53685 0.37716 0.57547
v 0.57567 0.38088 0.57331
v 0.57686 0.38295 0.58180
v 0.53942 0.37160 0.58835
v 0.53881 0.36971 0.57976
v 0.57686 0.38295 0.58180
v 0.57376 0.39111 0.58308
v 0.53783 0.38022 0.58936
v 0.53942 0.37160 0.58835
v 0.53783 0.38022 0.58936
v 0.53624 0.38365 0.58140
v 0.50000 0.38011 0.58344
v 0.50000 0.37653 0.59150
v 0.53624 0.38365 0.58140
v 0.53685 0.37716 0.57547
v 0.50000 0.37356 0.57754
v 0.50000 0.38011 0.58344
v 0.53685 0.37716 0.57547
v 0.53881 0.36971 0.57976
v 0.50000 0.36592 0.58195
v 0.50000 0.37356 0.57754
v 0.53881 0.36971 0.57976
v 0.53942 0.37160 0.58835
v 0.50000 0.36776 0.59057
v 0.50000 0.36592 0.58195
v 0.53942 0.37160 0.58835
v 0.53783 0.38022 0.58936
v 0.50000 0.37653 0.59150
v 0.50000 0.36776 0.59057
v 0.50000 0.37653 0.59150
v 0.50000 0.38011 0.58344
v 0.46376 0.38365 0.58140
v 0.46217 0.38022 0.58936
v 0.50000 0.38011 0.58344
v 0.50000 0.37356 0.57754
v 0.46315 0.37716 0.57547
v 0.46376 0.38365 0.58140
v 0.50000 0.37356 0.57754
v 0.50000 0.36592 0.58195
v 0.46119 0.36971 0.57976
v 0.46315 0.37716 0.57547
v 0.50000 0.36592 0.58195
v 0.50000 0.36776 0.59057
v 0.46058 0.37160 0.58835
v 0.46119 0.36971 0.57976
v 0.50000 0.36776 0.59057
v 0.50000 0.37653 0.59150
v 0.46217 0.38022 0.58936
v 0.46058 0.37160 0.58835
v 0.46217 0.38022 0.58936
v 0.46376 0.38365 0.58140
v 0.42933 0.39408 0.57538
v 0.42624 0.39111 0.58308
v 0.46376 0.38365 0.58140
v 0.46315 0.37716 0.57547
v 0.42815 0.38776 0.56934
v 0.42933 0.39408 0.57538
v 0.46315 0.37716 0.57547
v 0.46119 0.36971 0.57976
v 0.42433 0.38088 0.57331
v 0.42815 0.38776 0.56934
v 0.46119 0.36971 0.57976
v 0.46058 0.37160 0.58835
v 0.42314 0.38295 0.58180
v 0.42433 0.38088 0.57331
v 0.46058 0.37160 0.58835
v 0.46217 0.38022 0.58936
v 0.42624 0.39111 0.58308
v 0.42314 0.38295 0.58180
v 0.42624 0.39111 0.58308
v 0.42933 0.39408 0.57538
v 0.39845 0.41088 0.56567
v 0.39401 0.40865 0.57295
v 0.42933 0.39408 0.57538
v 0.42815 0.38776 0.56934
v 0.39676 0.40485 0.55948
v 0.39845 0.41088 0.56567
v 0.42815 0.38776 0.56934
v 0.42433 0.38088 0.57331
v 0.39126 0.39888 0.56292
v 0.39676 0.40485 0.55948
v 0.42433 0.38088 0.57331
v 0.42314 0.38295 0.58180
v 0.38956 0.40122 0.57125
v 0.39126 0.39888 0.56292
v 0.42314 0.38295 0.58180
v 0.42624 0.39111 0.58308
v 0.39401 0.40865 0.57295
v 0.38956 0.40122 0.57125
v 0.39401 0.40865 0.57295
v 0.39845 0.41088 0.56567
v 0.37267 0.43322 0.55278
v 0.36709 0.43196 0.55949
v 0.39845 0.41088 0.56567
v 0.39676 0.40485 0.55948
v 0.37054 0.42755 0.54637
v 0.37267 0.43322 0.55278
v 0.39676 0.40485 0.55948
v 0.39126 0.39888 0.56292
v 0.36364 0.42279 0.54912
v 0.37054 0.42755 0.54637
v 0.39126 0.39888 0.56292
v 0.38956 0.40122 0.57125
v 0.36151 0.42551 0.55723
v 0.36364 0.42279 0.54912
v 0.38956 0.40122 0.57125
v 0.39401 0.40865 0.57295
v 0.36709 0.43196 0.55949
v 0.36151 0.42551 0.55723
v 0.36709 0.43196 0.55949
v 0.37267 0.43322 0.55278
v 0.35326 0.45996 0.53734
v 0.34684 0.45987 0.54338
v 0.37267 0.43322 0.55278
v 0.37054 0.42755 0.54637
v 0.35081 0.45474 0.53067
v 0.35326 0.45996 0.53734
v 0.37054 0.42755 0.54637
v 0.36364 0.42279 0.54912
v 0.34286 0.45143 0.53258
v 0.35081 0.45474 0.53067
v 0.36364 0.42279 0.54912
v 0.36151 0.42551 0.55723
v 0.34041 0.45460 0.54043
v 0.34286 0.45143 0.53258
v 0.36151 0.42551 0.55723
v 0.36709 0.43196 0.55949
v 0.34684 0.45987 0.54338
v 0.34041 0.45460 0.54043
v 0.34684 0.45987 0.54338
v 0.35326 0.45996 0.53734
v 0.34122 0.48977 0.52013
v 0.33426 0.49099 0.52541
v 0.35326 0.45996 0.53734
v 0.35081 0.45474 0.53067
v 0.33856 0.48506 0.51317
v 0.34122 0.48977 0.52013
v 0.35081 0.45474 0.53067
v 0.34286 0.45143 0.53258
v 0.32996 0.48336 0.51415
v 0.33856 0.48506 0.51317
v 0.34286 0.45143 0.53258
v 0.34041 0.45460 0.54043
v 0.32731 0.48702 0.52172
v 0.32996 0.48336 0.51415
v 0.34041 0.45460 0.54043
v 0.34684 0.45987 0.54338
v 0.33426 0.49099 0.52541
v 0.32731 0.48702 0.52172
v 0.33426 0.49099 0.52541
v 0.34122 0.48977 0.52013
v 0.33713 0.52116 0.50201
v 0.33000 0.52375 0.50650
v 0.34122 0.48977 0.52013
v 0.33856 0.48506 0.51317
v 0.33441 0.51697 0.49475
v 0.33713 0.52116 0.50201
v 0.33856 0.48506 0.51317
v 0.32996 0.48336 0.51415
v 0.32559 0.51697 0.49475
v 0.33441 0.51697 0.49475
v 0.32996 0.48336 0.51415
v 0.32731 0.48702 0.52172
v 0.32287 0.52116 0.50201
v 0.32559 0.51697 0.49475
v 0.32731 0.48702 0.52172
v 0.33426 0.49099 0.52541
v 0.33000 0.52375 0.50650
v 0.32287 0.52116 0.50201
v 0.33000 0.52375 0.50650
v 0.33713 0.52116 0.50201
v 0.34122 0.55254 0.48389
v 0.33426 0.55651 0.48758
v 0.33713 0.52116 0.50201
v 0.33441 0.51697 0.49475
v 0.33856 0.54888 0.47632
v 0.34122 0.55254 0.48389
v 0.33441 0.51697 0.49475
v 0.32559 0.51697 0.49475
v 0.32996 0.55058 0.47534
v 0.33856 0.54888 0.47632
v 0.32559 0.51697 0.49475
v 0.32287 0.52116 0.50201
v 0.32731 0.55529 0.48230
v 0.32996 0.55058 0.47534
v 0.32287 0.52116 0.50201
v 0.33000 0.52375 0.50650
v 0.33426 0.55651 0.48758
v 0.32731 0.55529 0.48230
v 0.33426 0.55651 0.48758
v 0.34122 0.55254 0.48389
v 0.35326 0.58236 0.46667
v 0.34684 0.58763 0.46962
v 0.34122 0.55254 0.48389
v 0.33856 0.54888 0.47632
v 0.35081 0.57919 0.45882
v 0.35326 0.58236 0.46667
v 0.33856 0.54888 0.47632
v 0.32996 0.55058 0.47534
v 0.34286 0.58250 0.45691
v 0.35081 0.57919 0.45882
v 0.32996 0.55058 0.47534
v 0.32731 0.55529 0.48230
v 0.34041 0.58772 0.46358
v 0.34286 0.58250 0.45691
v 0.32731 0.55529 0.48230
v 0.33426 0.55651 0.48758
v 0.34684 0.58763 0.46962
v 0.34041 0.58772 0.46358
v 0.34684 0.58763 0.46962
v 0.35326 0.58236 0.46667
v 0.37267 0.60910 0.45123
v 0.36709 0.61554 0.45350
v 0.35326 0.58236 0.46667
v 0.35081 0.57919 0.45882
v 0.37054 0.60638 0.44312
v 0.37267 0.60910 0.45123
v 0.35081 0.57919 0.45882
v 0.34286 0.58250 0.45691
v 0.36364 0.61114 0.44037
v 0.37054 0.60638 0.44312
v 0.34286 0.58250 0.45691
v 0.34041 0.58772 0.46358
v 0.36151 0.61680 0.44679
v 0.36364 0.61114 0.44037
v 0.34041 0.58772 0.46358
v 0.34684 0.58763 0.46962
v 0.36709 0.61554 0.45350
v 0.36151 0.61680 0.44679
v 0.36709 0.61554 0.45350
v 0.37267 0.60910 0.45123
v 0.39845 0.63143 0.43834
v 0.39401 0.63885 0.44004
v 0.37267 0.60910 0.45123
v 0.37054 0.60638 0.44312
v 0.39676 0.62909 0.43001
v 0.39845 0.63143 0.43834
v 0.37054 0.60638 0.44312
v 0.36364 0.61114 0.44037
v 0.39126 0.63506 0.42657
v 0.39676 0.62909 0.43001
v 0.36364 0.61114 0.44037
v 0.36151 0.61680 0.44679
v 0.38956 0.64109 0.43276
v 0.39126 0.63506 0.42657
v 0.36151 0.61680 0.44679
v 0.36709 0.61554 0.45350
v 0.39401 0.63885 0.44004
v 0.38956 0.64109 0.43276
v 0.39401 0.63885 0.44004
v 0.39845 0.63143 0.43834
v 0.42933 0.64824 0.42864
v 0.42624 0.65639 0.42991
v 0.39845 0.63143 0.43834
v 0.39676 0.62909 0.43001
v 0.42815 0.64617 0.42015
v 0.42933 0.64824 0.42864
v 0.39676 0.62909 0.43001
v 0.39126 0.63506 0.42657
v 0.42433 0.65305 0.41618
v 0.42815 0.64617 0.42015
v 0.39126 0.63506 0.42657
v 0.38956 0.64109 0.43276
v 0.42314 0.65937 0.42221
v 0.42433 0.65305 0.41618
v 0.38956 0.64109 0.43276
v 0.39401 0.63885 0.44004
v 0.42624 0.65639 0.42991
v 0.42314 0.65937 0.42221
v 0.42624 0.65639 0.42991
v 0.42933 0.64824 0.42864
v 0.46376 0.65867 0.42262
v 0.46217 0.66728 0.42363
v 0.42933 0.64824 0.42864
v 0.42815 0.64617 0.42015
v 0.46315 0.65678 0.41403
v 0.46376 0.65867 0.42262
v 0.42815 0.64617 0.42015
v 0.42433 0.65305 0.41618
v 0.46119 0.66422 0.40973
v 0.46315 0.65678 0.41403
v 0.42433 0.65305 0.41618
v 0.42314 0.65937 0.42221
v 0.46058 0.67071 0.41566
v 0.46119 0.66422 0.40973
v 0.42314 0.65937 0.42221
v 0.42624 0.65639 0.42991
v 0.46217 0.66728 0.42363
v 0.46058 0.67071 0.41566
v 0.46217 0.66728 0.42363
v 0.46376 0.65867 0.42262
v 0.50000 0.66221 0.42057
v 0.50000 0.67097 0.42150
v 0.46376 0.65867 0.42262
v 0.46315 0.65678 0.41403
v 0.50000 0.66037 0.41195
v 0.50000 0.66221 0.42057
v 0.46315 0.65678 0.41403
v 0.46119 0.66422 0.40973
v 0.50000 0.66801 0.40754
v 0.50000 0.66037 0.41195
v 0.46119 0.66422 0.40973
v 0.46058 0.67071 0.41566
v 0.50000 0.67456 0.41344
v 0.50000 0.66801 0.40754
v 0.46058 0.67071 0.41566
v 0.46217 0.66728 0.42363
v 0.50000 0.67097 0.42150
v 0.50000 0.67456 0.41344
v 0.50000 0.67097 0.42150
v 0.50000 0.66221 0.42057
v 0.53624 0.65867 0.42262
v 0.53783 0.66728 0.42363
v 0.50000 0.66221 0.42057
v 0.50000 0.66037 0.41195
v 0.53685 0.65678 0.41403
v 0.53624 0.65867 0.42262
v 0.50000 0.66037 0.41195
v 0.50000 0.66801 0.40754
v 0.53881 0.66422 0.40973
v 0.53685 0.65678 0.41403
v 0.50000 0.66801 0.40754
v 0.50000 0.67456 0.41344
v 0.53942 0.67071 0.41566
v 0.53881 0.66422 0.40973
v 0.50000 0.67456 0.41344
v 0.50000 0.67097 0.42150
v 0.53783 0.66728 0.42363
v 0.53942 0.67071 0.41566
v 0.53783 0.66728 0.42363
v 0.53624 0.65867 0.42262
v 0.57067 0.64824 0.42864
v 0.57376 0.65639 0.42991
v 0.53624 0.65867 0.42262
v 0.53685 0.65678 0.41403
v 0.57185 0.64617 0.42015
v 0.57067 0.64824 0.42864
v 0.53685 0.65678 0.41403
v 0.53881 0.66422 0.40973
v 0.57567 0.65305 0.41618
v 0.57185 0.64617 0.42015
v 0.53881 0.66422 0.40973
v 0.53942 0.67071 0.41566
v 0.57686 0.65937 0.42221
v 0.57567 0.65305 0.41618
v 0.53942 0.67071 0.41566
v 0.53783 0.66728 0.42363
v 0.57376 0.65639 0.42991
v 0.57686 0.65937 0.42221
v 0.57376 0.65639 0.42991
v 0.57067 0.64824 0.42864
v 0.60155 0.63143 0.43834
v 0.60599 0.63885 0.44004
v 0.57067 0.64824 0.42864
v 0.57185 0.64617 0.42015
v 0.60324 0.62909 0.43001
v 0.60155 0.63143 0.43834
v 0.57185 0.64617 0.42015
v 0.57567 0.65305 0.41618
v 0.60874 0.63506 0.42657
v 0.60324 0.62909 0.43001
v 0.57567 0.65305 0.41618
v 0.57686 0.65937 0.42221
v 0.61044 0.64109 0.43276
v 0.60874 0.63506 0.42657
v 0.57686 0.65937 0.42221
v 0.57376 0.65639 0.42991
v 0.60599 0.63885 0.44004
v 0.61044 0.64109 0.43276
v 0.60599 0.63885 0.44004
v 0.60155 0.63143 0.43834
v 0.62733 0.60910 0.45123
v 0.63291 0.61554 0.45350
v 0.60155 0.63143 0.43834
v 0.60324 0.62909 0.43001
v 0.62946 0.60638 0.44312
v 0.62733 0.60910 0.45123
v 0.60324 0.62909 0.43001
v 0.60874 0.63506 0.42657
v 0.63636 0.61114 0.44037
v 0.62946 0.60638 0.44312
v 0.60874 0.63506 0.42657
v 0.61044 0.64109 0.43276
v 0.63849 0.61680 0.44679
v 0.63636 0.61114 0.44037
v 0.61044 0.64109 0.43276
v 0.60599 0.63885 0.44004
v 0.63291 0.61554 0.45350
v 0.63849 0.61680 0.44679
v 0.63291 0.61554 0.45350
v 0.62733 0.60910 0.45123
v 0.64674 0.58236 0.46667
v 0.65316 0.58763 0.46962
v 0.62733 0.60910 0.45123
v 0.62946 0.60638 0.44312
v 0.64919 0.57919 0.45882
v 0.64674 0.58236 0.46667
v 0.62946 0.60638 0.44312
v 0.63636 0.61114 0.44037
v 0.65714 0.58250 0.45691
v 0.64919 0.57919 0.45882
v 0.63636 0.61114 0.44037
v 0.63849 0.61680 0.44679
v 0.65959 0.58772 0.46358
v 0.65714 0.58250 0.45691
v 0.63849 0.61680 0.44679
v 0.63291 0.61554 0.45350
v 0.65316 0.58763 0.46962
v 0.65959 0.58772 0.46358
v 0.65316 0.58763 0.46962
v 0.64674 0.58236 0.46667
v 0.65878 0.55254 0.48389
v 0.66574 0.55651 0.48758
v 0.64674 0.58236 0.46667
v 0.64919 0.57919 0.45882
v 0.66144 0.54888 0.47632
v 0.65878 0.55254 0.48389
v 0.64919 0.57919 0.45882
v 0.65714 0.58250 0.45691
v 0.67004 0.55058 0.47534
v 0.66144 0.54888 0.47632
v 0.65714 0.58250 0.45691
v 0.65959 0.58772 0.46358
v 0.67269 0.55529 0.48230
v 0.67004 0.55058 0.47534
v 0.65959 0.58772 0.46358
v 0.65316 0.58763 0.46962
v 0.66574 0.55651 0.48758
v 0.67269 0.55529 0.48230
v 0.66574 0.55651 0.48758
v 0.65878 0.55254 0.48389
v 0.66291 0.52047 0.50241
v 0.67000 0.52375 0.50650
v 0.65878 0.55254 0.48389
v 0.66144 0.54888 0.47632
v 0.66562 0.51654 0.49499
v 0.66291 0.52047 0.50241
v 0.66144 0.54888 0.47632
v 0.67004 0.55058 0.47534
v 0.67438 0.51739 0.49450
v 0.66562 0.51654 0.49499
v 0.67004 0.55058 0.47534
v 0.67269 0.55529 0.48230
v 0.67709 0.52185 0.50161
v 0.67438 0.51739 0.49450
v 0.67269 0.55529 0.48230
v 0.66574 0.55651 0.48758
v 0.67000 0.52375 0.50650
v 0.67709 0.52185 0.50161
v 0.64938 0.64534 0.50750
v 0.64344 0.64140 0.50232
v 0.66718 0.60571 0.50232
v 0.67353 0.60896 0.50750
v 0.64344 0.64140 0.50232
v 0.64571 0.64291 0.49393
v 0.66960 0.60695 0.49393
v 0.66718 0.60571 0.50232
v 0.64571 0.64291 0.49393
v 0.65305 0.64778 0.49393
v 0.67745 0.61097 0.49393
v 0.66960 0.60695 0.49393
v 0.65305 0.64778 0.49393
v 0.65532 0.64929 0.50232
v 0.67987 0.61222 0.50232
v 0.67745 0.61097 0.49393
v 0.65532 0.64929 0.50232
v 0.64938 0.64534 0.50750
v 0.67353 0.60896 0.50750
v 0.67987 0.61222 0.50232
v 0.67353 0.60896 0.50750
v 0.66718 0.60571 0.50232
v 0.68206 0.56636 0.50232
v 0.68897 0.56812 0.50750
v 0.66718 0.60571 0.50232
v 0.66960 0.60695 0.49393
v 0.68470 0.56703 0.49393
v 0.68206 0.56636 0.50232
v 0.66960 0.60695 0.49393
v 0.67745 0.61097 0.49393
v 0.69324 0.56921 0.49393
v 0.68470 0.56703 0.49393
v 0.67745 0.61097 0.49393
v 0.67987 0.61222 0.50232
v 0.69588 0.56988 0.50232
v 0.69324 0.56921 0.49393
v 0.67987 0.61222 0.50232
v 0.67353 0.60896 0.50750
v 0.68897 0.56812 0.50750
v 0.69588 0.56988 0.50232
v 0.68897 0.56812 0.50750
v 0.68206 0.56636 0.50232
v 0.68781 0.52468 0.50232
v 0.69494 0.52486 0.50750
v 0.68206 0.56636 0.50232
v 0.68470 0.56703 0.49393
v 0.69053 0.52475 0.49393
v 0.68781 0.52468 0.50232
v 0.68470 0.56703 0.49393
v 0.69324 0.56921 0.49393
v 0.69935 0.52497 0.49393
v 0.69053 0.52475 0.49393
v 0.69324 0.56921 0.49393
v 0.69588 0.56988 0.50232
v 0.70207 0.52504 0.50232
v 0.69935 0.52497 0.49393
v 0.69588 0.56988 0.50232
v 0.68897 0.56812 0.50750
v 0.69494 0.52486 0.50750
v 0.70207 0.52504 0.50232
v 0.69494 0.52486 0.50750
v 0.68781 0.52468 0.50232
v 0.68414 0.48277 0.50232
v 0.69113 0.48136 0.50750
v 0.68781 0.52468 0.50232
v 0.69053 0.52475 0.49393
v 0.68681 0.48224 0.49393
v 0.68414 0.48277 0.50232
v 0.69053 0.52475 0.49393
v 0.69935 0.52497 0.49393
v 0.69545 0.48049 0.49393
v 0.68681 0.48224 0.49393
v 0.69935 0.52497 0.49393
v 0.70207 0.52504 0.50232
v 0.69813 0.47995 0.50232
v 0.69545 0.48049 0.49393
v 0.70207 0.52504 0.50232
v 0.69494 0.52486 0.50750
v 0.69113 0.48136 0.50750
v 0.69813 0.47995 0.50232
v 0.69113 0.48136 0.50750
v 0.68414 0.48277 0.50232
v 0.67124 0.44273 0.50232
v 0.67774 0.43980 0.50750
v 0.68414 0.48277 0.50232
v 0.68681 0.48224 0.49393
v 0.67373 0.44161 0.49393
v 0.67124 0.44273 0.50232
v 0.68681 0.48224 0.49393
v 0.69545 0.48049 0.49393
v 0.68176 0.43799 0.49393
v 0.67373 0.44161 0.49393
v 0.69545 0.48049 0.49393
v 0.69813 0.47995 0.50232
v 0.68425 0.43687 0.50232
v 0.68176 0.43799 0.49393
v 0.69813 0.47995 0.50232
v 0.69113 0.48136 0.50750
v 0.67774 0.43980 0.50750
v 0.68425 0.43687 0.50232
v 0.67774 0.43980 0.50750
v 0.67124 0.44273 0.50232
v 0.64975 0.40657 0.50232
v 0.65544 0.40226 0.50750
v 0.67124 0.44273 0.50232
v 0.67373 0.44161 0.49393
v 0.65193 0.40492 0.49393
v 0.64975 0.40657 0.50232
v 0.67373 0.44161 0.49393
v 0.68176 0.43799 0.49393
v 0.65895 0.39960 0.49393
v 0.65193 0.40492 0.49393
v 0.68176 0.43799 0.49393
v 0.68425 0.43687 0.50232
v 0.66113 0.39795 0.50232
v 0.65895 0.39960 0.49393
v 0.68425 0.43687 0.50232
v 0.67774 0.43980 0.50750
v 0.65544 0.40226 0.50750
v 0.66113 0.39795 0.50232
v 0.65544 0.40226 0.50750
v 0.64975 0.40657 0.50232
v 0.62076 0.37609 0.50232
v 0.62534 0.37062 0.50750
v 0.64975 0.40657 0.50232
v 0.65193 0.40492 0.49393
v 0.62251 0.37400 0.49393
v 0.62076 0.37609 0.50232
v 0.65193 0.40492 0.49393
v 0.65895 0.39960 0.49393
v 0.62818 0.36724 0.49393
v 0.62251 0.37400 0.49393
v 0.65895 0.39960 0.49393
v 0.66113 0.39795 0.50232
v 0.62993 0.36516 0.50232
v 0.62818 0.36724 0.49393
v 0.66113 0.39795 0.50232
v 0.65544 0.40226 0.50750
v 0.62534 0.37062 0.50750
v 0.62993 0.36516 0.50232
v 0.62534 0.37062 0.50750
v 0.62076 0.37609 0.50232
v 0.58571 0.35282 0.50232
v 0.58896 0.34647 0.50750
v 0.62076 0.37609 0.50232
v 0.62251 0.37400 0.49393
v 0.58695 0.35040 0.49393
v 0.58571 0.35282 0.50232
v 0.62251 0.37400 0.49393
v 0.62818 0.36724 0.49393
v 0.59097 0.34255 0.49393
v 0.58695 0.35040 0.49393
v 0.62818 0.36724 0.49393
v 0.62993 0.36516 0.50232
v 0.59222 0.34013 0.50232
v 0.59097 0.34255 0.49393
v 0.62993 0.36516 0.50232
v 0.62534 0.37062 0.50750
v 0.58896 0.34647 0.50750
v 0.59222 0.34013 0.50232
v 0.58896 0.34647 0.50750
v 0.58571 0.35282 0.50232
v 0.54636 0.33794 0.50232
v 0.54812 0.33103 0.50750
v 0.58571 0.35282 0.50232
v 0.58695 0.35040 0.49393
v 0.54703 0.33530 0.49393
v 0.54636 0.33794 0.50232
v 0.58695 0.35040 0.49393
v 0.59097 0.34255 0.49393
v 0.54921 0.32676 0.49393
v 0.54703 0.33530 0.49393
v 0.59097 0.34255 0.49393
v 0.59222 0.34013 0.50232
v 0.54988 0.32412 0.50232
v 0.54921 0.32676 0.49393
v 0.59222 0.34013 0.50232
v 0.58896 0.34647 0.50750
v 0.54812 0.33103 0.50750
v 0.54988 0.32412 0.50232
v 0.54812 0.33103 0.50750
v 0.54636 0.33794 0.50232
v 0.50468 0.33219 0.50232
v 0.50486 0.32506 0.50750
v 0.54636 0.33794 0.50232
v 0.54703 0.33530 0.49393
v 0.50475 0.32947 0.49393
v 0.50468 0.33219 0.50232
v 0.54703 0.33530 0.49393
v 0.54921 0.32676 0.49393
v 0.50497 0.32065 0.49393
v 0.50475 0.32947 0.49393
v 0.54921 0.32676 0.49393
v 0.54988 0.32412 0.50232
v 0.50504 0.31793 0.50232
v 0.50497 0.32065 0.49393
v 0.54988 0.32412 0.50232
v 0.54812 0.33103 0.50750
v 0.50486 0.32506 0.50750
v 0.50504 0.31793 0.50232
v 0.50486 0.32506 0.50750
v 0.50468 0.33219 0.50232
v 0.46277 0.33586 0.50232
v 0.46136 0.32887 0.50750
v 0.50468 0.33219 0.50232
v 0.50475 0.32947 0.49393
v 0.46224 0.33319 0.49393
v 0.46277 0.33586 0.50232
v 0.50475 0.32947 0.49393
v 0.50497 0.32065 0.49393
v 0.46049 0.32455 0.49393
v 0.46224 0.33319 0.49393
v 0.50497 0.32065 0.49393
v 0.50504 0.31793 0.50232
v 0.45995 0.32187 0.50232
v 0.46049 0.32455 0.49393
v 0.50504 0.31793 0.50232
v 0.50486 0.32506 0.50750
v 0.46136 0.32887 0.50750
v 0.45995 0.32187 0.50232
v 0.46136 0.32887 0.50750
v 0.46277 0.33586 0.50232
v 0.42273 0.34876 0.50232
v 0.41980 0.34226 0.50750
v 0.46277 0.33586 0.50232
v 0.46224 0.33319 0.49393
v 0.42161 0.34627 0.49393
v 0.42273 0.34876 0.50232
v 0.46224 0.33319 0.49393
v 0.46049 0.32455 0.49393
v 0.41799 0.33824 0.49393
v 0.42161 0.34627 0.49393
v 0.46049 0.32455 0.49393
v 0.45995 0.32187 0.50232
v 0.41687 0.33575 0.50232
v 0.41799 0.33824 0.49393
v 0.45995 0.32187 0.50232
v 0.46136 0.32887 0.50750
v 0.41980 0.34226 0.50750
v 0.41687 0.33575 0.50232
v 0.41980 0.34226 0.50750
v 0.42273 0.34876 0.50232
v 0.38657 0.37025 0.50232
v 0.38226 0.36456 0.50750
v 0.42273 0.34876 0.50232
v 0.42161 0.34627 0.49393
v 0.38492 0.36807 0.49393
v 0.38657 0.37025 0.50232
v 0.42161 0.34627 0.49393
v 0.41799 0.33824 0.49393
v 0.37960 0.36105 0.49393
v 0.38492 0.36807 0.49393
v 0.41799 0.33824 0.49393
v 0.41687 0.33575 0.50232
v 0.37795 0.35887 0.50232
v 0.37960 0.36105 0.49393
v 0.41687 0.33575 0.50232
v 0.41980 0.34226 0.50750
v 0.38226 0.36456 0.50750
v 0.37795 0.35887 0.50232
v 0.38226 0.36456 0.50750
v 0.38657 0.37025 0.50232
v 0.35609 0.39924 0.50232
v 0.35062 0.39466 0.50750
v 0.38657 0.37025 0.50232
v 0.38492 0.36807 0.49393
v 0.35400 0.39749 0.49393
v 0.35609 0.39924 0.50232
v 0.38492 0.36807 0.49393
v 0.37960 0.36105 0.49393
v 0.34724 0.39182 0.49393
v 0.35400 0.39749 0.49393
v 0.37960 0.36105 0.49393
v 0.37795 0.35887 0.50232
v 0.34516 0.39007 0.50232
v 0.34724 0.39182 0.49393
v 0.37795 0.35887 0.50232
v 0.38226 0.36456 0.50750
v 0.35062 0.39466 0.50750
v 0.34516 0.39007 0.50232
v 0.35062 0.39466 0.50750
v 0.35609 0.39924 0.50232
v 0.33282 0.43429 0.50232
v 0.32647 0.43104 0.50750
v 0.35609 0.39924 0.50232
v 0.35400 0.39749 0.49393
v 0.33040 0.43305 0.49393
v 0.33282 0.43429 0.50232
v 0.35400 0.39749 0.49393
v 0.34724 0.39182 0.49393
v 0.32255 0.42903 0.49393
v 0.33040 0.43305 0.49393
v 0.34724 0.39182 0.49393
v 0.34516 0.39007 0.50232
v 0.32013 0.42778 0.50232
v 0.32255 0.42903 0.49393
v 0.34516 0.39007 0.50232
v 0.35062 0.39466 0.50750
v 0.32647 0.43104 0.50750
v 0.32013 0.42778 0.50232
v 0.32647 0.43104 0.50750
v 0.33282 0.43429 0.50232
v 0.31794 0.47364 0.50232
v 0.31103 0.47188 0.50750
v 0.33282 0.43429 0.50232
v 0.33040 0.43305 0.49393
v 0.31530 0.47297 0.49393
v 0.31794 0.47364 0.50232
v 0.33040 0.43305 0.49393
v 0.32255 0.42903 0.49393
v 0.30676 0.47079 0.49393
v 0.31530 0.47297 0.49393
v 0.32255 0.42903 0.49393
v 0.32013 0.42778 0.50232
v 0.30412 0.47012 0.50232
v 0.30676 0.47079 0.49393
v 0.32013 0.42778 0.50232
v 0.32647 0.43104 0.50750
v 0.31103 0.47188 0.50750
v 0.30412 0.47012 0.50232
v 0.31103 0.47188 0.50750
v 0.31794 0.47364 0.50232
v 0.31219 0.51532 0.50232
v 0.30506 0.51514 0.50750
v 0.31794 0.47364 0.50232
v 0.31530 0.47297 0.49393
v 0.30947 0.51525 0.49393
v 0.31219 0.51532 0.50232
v 0.31530 0.47297 0.49393
v 0.30676 0.47079 0.49393
v 0.30065 0.51503 0.49393
v 0.30947 0.51525 0.49393
v 0.30676 0.47079 0.49393
v 0.30412 0.47012 0.50232
v 0.29793 0.51496 0.50232
v 0.30065 0.51503 0.49393
v 0.30412 0.47012 0.50232
v 0.31103 0.47188 0.50750
v 0.30506 0.51514 0.50750
v 0.29793 0.51496 0.50232
v 0.30506 0.51514 0.50750
v 0.31219 0.51532 0.50232
v 0.31586 0.55723 0.50232
v 0.30887 0.55864 0.50750
v 0.31219 0.51532 0.50232
v 0.30947 0.51525 0.49393
v 0.31319 0.55776 0.49393
v 0.31586 0.55723 0.50232
v 0.30947 0.51525 0.49393
v 0.30065 0.51503 0.49393
v 0.30455 0.55951 0.49393
v 0.31319 0.55776 0.49393
v 0.30065 0.51503 0.49393
v 0.29793 0.51496 0.50232
v 0.30187 0.56005 0.50232
v 0.30455 0.55951 0.49393
v 0.29793 0.51496 0.50232
v 0.30506 0.51514 0.50750
v 0.30887 0.55864 0.50750
v 0.30187 0.56005 0.50232
v 0.30887 0.55864 0.50750
v 0.31586 0.55723 0.50232
v 0.32876 0.59727 0.50232
v 0.32226 0.60020 0.50750
v 0.31586 0.55723 0.50232
v 0.31319 0.55776 0.49393
v 0.32627 0.59839 0.49393
v 0.32876 0.59727 0.50232
v 0.31319 0.55776 0.49393
v 0.30455 0.55951 0.49393
v 0.31824 0.60201 0.49393
v 0.32627 0.59839 0.49393
v 0.30455 0.55951 0.49393
v 0.30187 0.56005 0.50232
v 0.31575 0.60313 0.50232
v 0.31824 0.60201 0.49393
v 0.30187 0.56005 0.50232
v 0.30887 0.55864 0.50750
v 0.32226 0.60020 0.50750
v 0.31575 0.60313 0.50232
v 0.32226 0.60020 0.50750
v 0.32876 0.59727 0.50232
v 0.35025 0.63343 0.50232
v 0.34456 0.63774 0.50750
v 0.32876 0.59727 0.50232
v 0.32627 0.59839 0.49393
v 0.34807 0.63508 0.49393
v 0.35025 0.63343 0.50232
v 0.32627 0.59839 0.49393
v 0.31824 0.60201 0.49393
v 0.34105 0.64040 0.49393
v 0.34807 0.63508 0.49393
v 0.31824 0.60201 0.49393
v 0.31575 0.60313 0.50232
v 0.33887 0.64205 0.50232
v 0.34105 0.64040 0.49393
v 0.31575 0.60313 0.50232
v 0.32226 0.60020 0.50750
v 0.34456 0.63774 0.50750
v 0.33887 0.64205 0.50232
v 0.34456 0.63774 0.50750
v 0.35025 0.63343 0.50232
v 0.37924 0.66391 0.50232
v 0.37466 0.66938 0.50750
v 0.35025 0.63343 0.50232
v 0.34807 0.63508 0.49393
v 0.37749 0.66600 0.49393
v 0.37924 0.66391 0.50232
v 0.34807 0.63508 0.49393
v 0.34105 0.64040 0.49393
v 0.37182 0.67276 0.49393
v 0.37749 0.66600 0.49393
v 0.34105 0.64040 0.49393
v 0.33887 0.64205 0.50232
v 0.37007 0.67484 0.50232
v 0.37182 0.67276 0.49393
v 0.33887 0.64205 0.50232
v 0.34456 0.63774 0.50750
v 0.37466 0.66938 0.50750
v 0.37007 0.67484 0.50232
v 0.37466 0.66938 0.50750
v 0.37924 0.66391 0.50232
v 0.41429 0.68718 0.50232
v 0.41104 0.69353 0.50750
v 0.37924 0.66391 0.50232
v 0.37749 0.66600 0.49393
v 0.41305 0.68960 0.49393
v 0.41429 0.68718 0.50232
v 0.37749 0.66600 0.49393
v 0.37182 0.67276 0.49393
v 0.40903 0.69745 0.49393
v 0.41305 0.68960 0.49393
v 0.37182 0.67276 0.49393
v 0.37007 0.67484 0.50232
v 0.40778 0.69987 0.50232
v 0.40903 0.69745 0.49393
v 0.37007 0.67484 0.50232
v 0.37466 0.66938 0.50750
v 0.41104 0.69353 0.50750
v 0.40778 0.69987 0.50232
v 0.41104 0.69353 0.50750
v 0.41429 0.68718 0.50232
v 0.45364 0.70206 0.50232
v 0.45188 0.70897 0.50750
v 0.41429 0.68718 0.50232
v 0.41305 0.68960 0.49393
v 0.45297 0.70470 0.49393
v 0.45364 0.70206 0.50232
v 0.41305 0.68960 0.49393
v 0.40903 0.69745 0.49393
v 0.45079 0.71324 0.49393
v 0.45297 0.70470 0.49393
v 0.40903 0.69745 0.49393
v 0.40778 0.69987 0.50232
v 0.45012 0.71588 0.50232
v 0.45079 0.71324 0.49393
v 0.40778 0.69987 0.50232
v 0.41104 0.69353 0.50750
v 0.45188 0.70897 0.50750
v 0.45012 0.71588 0.50232
v 0.45188 0.70897 0.50750
v 0.45364 0.70206 0.50232
v 0.49532 0.70781 0.50232
v 0.49514 0.71494 0.50750
v 0.45364 0.70206 0.50232
v 0.45297 0.70470 0.49393
v 0.49525 0.71053 0.49393
v 0.49532 0.70781 0.50232
v 0.45297 0.70470 0.49393
v 0.45079 0.71324 0.49393
v 0.49503 0.71935 0.49393
v 0.49525 0.71053 0.49393
v 0.45079 0.71324 0.49393
v 0.45012 0.71588 0.50232
v 0.49496 0.72207 0.50232
v 0.49503 0.71935 0.49393
v 0.45012 0.71588 0.50232
v 0.45188 0.70897 0.50750
v 0.49514 0.71494 0.50750
v 0.49496 0.72207 0.50232
v 0.49514 0.71494 0.50750
v 0.49532 0.70781 0.50232
v 0.53723 0.70414 0.50232
v 0.53864 0.71113 0.50750
v 0.49532 0.70781 0.50232
v 0.49525 0.71053 0.49393
v 0.53776 0.70681 0.49393
v 0.53723 0.70414 0.50232
v 0.49525 0.71053 0.49393
v 0.49503 0.71935 0.49393
v 0.53951 0.71545 0.49393
v 0.53776 0.70681 0.49393
v 0.49503 0.71935 0.49393
v 0.49496 0.72207 0.50232
v 0.54005 0.71813 0.50232
v 0.53951 0.71545 0.49393
v 0.49496 0.72207 0.50232
v 0.49514 0.71494 0.50750
v 0.53864 0.71113 0.50750
v 0.54005 0.71813 0.50232
v 0.53864 0.71113 0.50750
v 0.53723 0.70414 0.50232
v 0.57727 0.69124 0.50232
v 0.58020 0.69774 0.50750
v 0.53723 0.70414 0.50232
v 0.53776 0.70681 0.49393
v 0.57839 0.69373 0.49393
v 0.57727 0.69124 0.50232
v 0.53776 0.70681 0.49393
v 0.53951 0.71545 0.49393
v 0.58201 0.70176 0.49393
v 0.57839 0.69373 0.49393
v 0.53951 0.71545 0.49393
v 0.54005 0.71813 0.50232
v 0.58313 0.70425 0.50232
v 0.58201 0.70176 0.49393
v 0.54005 0.71813 0.50232
v 0.53864 0.71113 0.50750
v 0.58020 0.69774 0.50750
v 0.58313 0.70425 0.50232
v 0.58020 0.69774 0.50750
v 0.57727 0.69124 0.50232
v 0.61343 0.66975 0.50232
v 0.61774 0.67544 0.50750
v 0.57727 0.69124 0.50232
v 0.57839 0.69373 0.49393
v 0.61508 0.67193 0.49393
v 0.61343 0.66975 0.50232
v 0.57839 0.69373 0.49393
v 0.58201 0.70176 0.49393
v 0.62040 0.67895 0.49393
v 0.61508 0.67193 0.49393
v 0.58201 0.70176 0.49393
v 0.58313 0.70425 0.50232
v 0.62205 0.68113 0.50232
v 0.62040 0.67895 0.49393
v 0.58313 0.70425 0.50232
v 0.58020 0.69774 0.50750
v 0.61774 0.67544 0.50750
v 0.62205 0.68113 0.50232
v 0.61774 0.67544 0.50750
v 0.61343 0.66975 0.50232
v 0.64446 0.64018 0.50232
v 0.64938 0.64534 0.50750
v 0.61343 0.66975 0.50232
v 0.61508 0.67193 0.49393
v 0.64634 0.64215 0.49393
v 0.64446 0.64018 0.50232
v 0.61508 0.67193 0.49393
v 0.62040 0.67895 0.49393
v 0.65242 0.64854 0.49393
v 0.64634 0.64215 0.49393
v 0.62040 0.67895 0.49393
v 0.62205 0.68113 0.50232
v 0.65430 0.65051 0.50232
v 0.65242 0.64854 0.49393
v 0.62205 0.68113 0.50232
v 0.61774 0.67544 0.50750
v 0.64938 0.64534 0.50750
v 0.65430 0.65051 0.50232
v 0.53820 0.70388 0.61482
v 0.53619 0.70055 0.60692
v 0.58268 0.68871 0.60008
v 0.58546 0.69181 0.60786
v 0.53619 0.70055 0.60692
v 0.53696 0.70700 0.60096
v 0.58374 0.69508 0.59408
v 0.58268 0.68871 0.60008
v 0.53696 0.70700 0.60096
v 0.53945 0.71433 0.60519
v 0.58717 0.70212 0.59814
v 0.58374 0.69508 0.59408
v 0.53945 0.71433 0.60519
v 0.54022 0.71240 0.61376
v 0.58823 0.70010 0.60666
v 0.58717 0.70212 0.59814
v 0.54022 0.71240 0.61376
v 0.53820 0.70388 0.61482
v 0.58546 0.69181 0.60786
v 0.58823 0.70010 0.60666
v 0.58546 0.69181 0.60786
v 0.58268 0.68871 0.60008
v 0.62426 0.66852 0.58842
v 0.62842 0.67094 0.59581
v 0.58268 0.68871 0.60008
v 0.58374 0.69508 0.59408
v 0.62585 0.67463 0.58227
v 0.62426 0.66852 0.58842
v 0.58374 0.69508 0.59408
v 0.58717 0.70212 0.59814
v 0.63100 0.68083 0.58585
v 0.62585 0.67463 0.58227
v 0.58717 0.70212 0.59814
v 0.58823 0.70010 0.60666
v 0.63259 0.67855 0.59422
v 0.63100 0.68083 0.58585
v 0.58823 0.70010 0.60666
v 0.58546 0.69181 0.60786
v 0.62842 0.67094 0.59581
v 0.63259 0.67855 0.59422
v 0.62842 0.67094 0.59581
v 0.62426 0.66852 0.58842
v 0.65960 0.64082 0.57243
v 0.66495 0.64232 0.57928
v 0.62426 0.66852 0.58842
v 0.62585 0.67463 0.58227
v 0.66165 0.64658 0.56607
v 0.65960 0.64082 0.57243
v 0.62585 0.67463 0.58227
v 0.63100 0.68083 0.58585
v 0.66826 0.65163 0.56899
v 0.66165 0.64658 0.56607
v 0.63100 0.68083 0.58585
v 0.63259 0.67855 0.59422
v 0.67030 0.64900 0.57715
v 0.66826 0.65163 0.56899
v 0.63259 0.67855 0.59422
v 0.62842 0.67094 0.59581
v 0.66495 0.64232 0.57928
v 0.67030 0.64900 0.57715
v 0.66495 0.64232 0.57928
v 0.65960 0.64082 0.57243
v 0.68694 0.60701 0.55291
v 0.69321 0.60737 0.55910
v 0.65960 0.64082 0.57243
v 0.66165 0.64658 0.56607
v 0.68934 0.61233 0.54630
v 0.68694 0.60701 0.55291
v 0.66165 0.64658 0.56607
v 0.66826 0.65163 0.56899
v 0.69708 0.61598 0.54841
v 0.68934 0.61233 0.54630
v 0.66826 0.65163 0.56899
v 0.67030 0.64900 0.57715
v 0.69947 0.61292 0.55632
v 0.69708 0.61598 0.54841
v 0.67030 0.64900 0.57715
v 0.66495 0.64232 0.57928
v 0.69321 0.60737 0.55910
v 0.69947 0.61292 0.55632
v 0.69321 0.60737 0.55910
v 0.68694 0.60701 0.55291
v 0.70491 0.56877 0.53083
v 0.71178 0.56785 0.53629
v 0.68694 0.60701 0.55291
v 0.68934 0.61233 0.54630
v 0.70753 0.57360 0.52394
v 0.70491 0.56877 0.53083
v 0.68934 0.61233 0.54630
v 0.69708 0.61598 0.54841
v 0.71602 0.57567 0.52513
v 0.70753 0.57360 0.52394
v 0.69708 0.61598 0.54841
v 0.69947 0.61292 0.55632
v 0.71864 0.57212 0.53277
v 0.71602 0.57567 0.52513
v 0.69947 0.61292 0.55632
v 0.69321 0.60737 0.55910
v 0.71178 0.56785 0.53629
v 0.71864 0.57212 0.53277
v 0.71178 0.56785 0.53629
v 0.70491 0.56877 0.53083
v 0.71260 0.52803 0.50731
v 0.71973 0.52575 0.51198
v 0.70491 0.56877 0.53083
v 0.70753 0.57360 0.52394
v 0.71532 0.53234 0.50012
v 0.71260 0.52803 0.50731
v 0.70753 0.57360 0.52394
v 0.71602 0.57567 0.52513
v 0.72413 0.53272 0.50034
v 0.71532 0.53234 0.50012
v 0.71602 0.57567 0.52513
v 0.71864 0.57212 0.53277
v 0.72685 0.52865 0.50767
v 0.72413 0.53272 0.50034
v 0.71864 0.57212 0.53277
v 0.71178 0.56785 0.53629
v 0.71973 0.52575 0.51198
v 0.72685 0.52865 0.50767
v 0.71973 0.52575 0.51198
v 0.71260 0.52803 0.50731
v 0.70963 0.48683 0.48353
v 0.71666 0.48317 0.48739
v 0.71260 0.52803 0.50731
v 0.71532 0.53234 0.50012
v 0.71232 0.49061 0.47603
v 0.70963 0.48683 0.48353
v 0.71532 0.53234 0.50012
v 0.72413 0.53272 0.50034
v 0.72100 0.48929 0.47526
v 0.71232 0.49061 0.47603
v 0.72413 0.53272 0.50034
v 0.72685 0.52865 0.50767
v 0.72368 0.48468 0.48229
v 0.72100 0.48929 0.47526
v 0.72685 0.52865 0.50767
v 0.71973 0.52575 0.51198
v 0.71666 0.48317 0.48739
v 0.72368 0.48468 0.48229
v 0.71666 0.48317 0.48739
v 0.70963 0.48683 0.48353
v 0.69615 0.44723 0.46066
v 0.70272 0.44224 0.46377
v 0.70963 0.48683 0.48353
v 0.71232 0.49061 0.47603
v 0.69866 0.45051 0.45287
v 0.69615 0.44723 0.46066
v 0.71232 0.49061 0.47603
v 0.72100 0.48929 0.47526
v 0.70679 0.44754 0.45116
v 0.69866 0.45051 0.45287
v 0.72100 0.48929 0.47526
v 0.72368 0.48468 0.48229
v 0.70930 0.44243 0.45789
v 0.70679 0.44754 0.45116
v 0.72368 0.48468 0.48229
v 0.71666 0.48317 0.48739
v 0.70272 0.44224 0.46377
v 0.70930 0.44243 0.45789
v 0.70272 0.44224 0.46377
v 0.69615 0.44723 0.46066
v 0.67283 0.41123 0.43988
v 0.67863 0.40503 0.44228
v 0.69615 0.44723 0.46066
v 0.69866 0.45051 0.45287
v 0.67505 0.41404 0.43182
v 0.67283 0.41123 0.43988
v 0.69866 0.45051 0.45287
v 0.70679 0.44754 0.45116
v 0.68221 0.40959 0.42925
v 0.67505 0.41404 0.43182
v 0.70679 0.44754 0.45116
v 0.70930 0.44243 0.45789
v 0.68442 0.40402 0.43571
v 0.68221 0.40959 0.42925
v 0.70930 0.44243 0.45789
v 0.70272 0.44224 0.46377
v 0.67863 0.40503 0.44228
v 0.68442 0.40402 0.43571
v 0.67863 0.40503 0.44228
v 0.67283 0.41123 0.43988
v 0.64085 0.38062 0.42221
v 0.64557 0.37340 0.42402
v 0.67283 0.41123 0.43988
v 0.67505 0.41404 0.43182
v 0.64265 0.38304 0.41392
v 0.64085 0.38062 0.42221
v 0.67505 0.41404 0.43182
v 0.68221 0.40959 0.42925
v 0.64849 0.37732 0.41062
v 0.64265 0.38304 0.41392
v 0.68221 0.40959 0.42925
v 0.68442 0.40402 0.43571
v 0.65029 0.37136 0.41686
v 0.64849 0.37732 0.41062
v 0.68442 0.40402 0.43571
v 0.67863 0.40503 0.44228
v 0.64557 0.37340 0.42402
v 0.65029 0.37136 0.41686
v 0.64557 0.37340 0.42402
v 0.64085 0.38062 0.42221
v 0.60180 0.35694 0.40853
v 0.60522 0.34893 0.40989
v 0.64085 0.38062 0.42221
v 0.64265 0.38304 0.41392
v 0.60311 0.35906 0.40008
v 0.60180 0.35694 0.40853
v 0.64265 0.38304 0.41392
v 0.64849 0.37732 0.41062
v 0.60732 0.35236 0.39621
v 0.60311 0.35906 0.40008
v 0.64849 0.37732 0.41062
v 0.65029 0.37136 0.41686
v 0.60863 0.34609 0.40227
v 0.60732 0.35236 0.39621
v 0.65029 0.37136 0.41686
v 0.64557 0.37340 0.42402
v 0.60522 0.34893 0.40989
v 0.60863 0.34609 0.40227
v 0.60522 0.34893 0.40989
v 0.60180 0.35694 0.40853
v 0.55765 0.34138 0.39955
v 0.55958 0.33285 0.40061
v 0.60180 0.35694 0.40853
v 0.60311 0.35906 0.40008
v 0.55839 0.34330 0.39098
v 0.55765 0.34138 0.39955
v 0.60311 0.35906 0.40008
v 0.60732 0.35236 0.39621
v 0.56078 0.33595 0.38673
v 0.55839 0.34330 0.39098
v 0.60732 0.35236 0.39621
v 0.60863 0.34609 0.40227
v 0.56152 0.32949 0.39269
v 0.56078 0.33595 0.38673
v 0.60863 0.34609 0.40227
v 0.60522 0.34893 0.40989
v 0.55958 0.33285 0.40061
v 0.56152 0.32949 0.39269
v 0.55958 0.33285 0.40061
v 0.55765 0.34138 0.39955
v 0.51061 0.33472 0.39571
v 0.51097 0.32596 0.39663
v 0.55765 0.34138 0.39955
v 0.55839 0.34330 0.39098
v 0.51075 0.33656 0.38708
v 0.51061 0.33472 0.39571
v 0.55839 0.34330 0.39098
v 0.56078 0.33595 0.38673
v 0.51119 0.32893 0.38268
v 0.51075 0.33656 0.38708
v 0.56078 0.33595 0.38673
v 0.56152 0.32949 0.39269
v 0.51132 0.32238 0.38858
v 0.51119 0.32893 0.38268
v 0.56152 0.32949 0.39269
v 0.55958 0.33285 0.40061
v 0.51097 0.32596 0.39663
v 0.51132 0.32238 0.38858
v 0.51097 0.32596 0.39663
v 0.51061 0.33472 0.39571
v 0.46304 0.33729 0.39719
v 0.46180 0.32862 0.39817
v 0.51061 0.33472 0.39571
v 0.51075 0.33656 0.38708
v 0.46256 0.33916 0.38859
v 0.46304 0.33729 0.39719
v 0.51075 0.33656 0.38708
v 0.51119 0.32893 0.38268
v 0.46103 0.33164 0.38425
v 0.46256 0.33916 0.38859
v 0.51119 0.32893 0.38268
v 0.51132 0.32238 0.38858
v 0.46056 0.32513 0.39017
v 0.46103 0.33164 0.38425
v 0.51132 0.32238 0.38858
v 0.51097 0.32596 0.39663
v 0.46180 0.32862 0.39817
v 0.46056 0.32513 0.39017
v 0.46180 0.32862 0.39817
v 0.46304 0.33729 0.39719
v 0.41732 0.34897 0.40393
v 0.41454 0.34069 0.40513
v 0.46304 0.33729 0.39719
v 0.46256 0.33916 0.38859
v 0.41626 0.35099 0.39541
v 0.41732 0.34897 0.40393
v 0.46256 0.33916 0.38859
v 0.46103 0.33164 0.38425
v 0.41283 0.34395 0.39135
v 0.41626 0.35099 0.39541
v 0.46103 0.33164 0.38425
v 0.46056 0.32513 0.39017
v 0.41177 0.33758 0.39736
v 0.41283 0.34395 0.39135
v 0.46056 0.32513 0.39017
v 0.46180 0.32862 0.39817
v 0.41454 0.34069 0.40513
v 0.41177 0.33758 0.39736
v 0.41454 0.34069 0.40513
v 0.41732 0.34897 0.40393
v 0.37574 0.36916 0.41559
v 0.37158 0.36156 0.41718
v 0.41732 0.34897 0.40393
v 0.41626 0.35099 0.39541
v 0.37415 0.37144 0.40722
v 0.37574 0.36916 0.41559
v 0.41626 0.35099 0.39541
v 0.41283 0.34395 0.39135
v 0.36900 0.36524 0.40364
v 0.37415 0.37144 0.40722
v 0.41283 0.34395 0.39135
v 0.41177 0.33758 0.39736
v 0.36741 0.35913 0.40980
v 0.36900 0.36524 0.40364
v 0.41177 0.33758 0.39736
v 0.41454 0.34069 0.40513
v 0.37158 0.36156 0.41718
v 0.36741 0.35913 0.40980
v 0.37158 0.36156 0.41718
v 0.37574 0.36916 0.41559
v 0.34040 0.39686 0.43158
v 0.33505 0.39018 0.43371
v 0.37574 0.36916 0.41559
v 0.37415 0.37144 0.40722
v 0.33835 0.39949 0.42342
v 0.34040 0.39686 0.43158
v 0.37415 0.37144 0.40722
v 0.36900 0.36524 0.40364
v 0.33174 0.39444 0.42050
v 0.33835 0.39949 0.42342
v 0.36900 0.36524 0.40364
v 0.36741 0.35913 0.40980
v 0.32970 0.38869 0.42686
v 0.33174 0.39444 0.42050
v 0.36741 0.35913 0.40980
v 0.37158 0.36156 0.41718
v 0.33505 0.39018 0.43371
v 0.32970 0.38869 0.42686
v 0.33505 0.39018 0.43371
v 0.34040 0.39686 0.43158
v 0.31306 0.43068 0.45110
v 0.30679 0.42513 0.45389
v 0.34040 0.39686 0.43158
v 0.33835 0.39949 0.42342
v 0.31066 0.43374 0.44319
v 0.31306 0.43068 0.45110
v 0.33835 0.39949 0.42342
v 0.33174 0.39444 0.42050
v 0.30292 0.43009 0.44108
v 0.31066 0.43374 0.44319
v 0.33174 0.39444 0.42050
v 0.32970 0.38869 0.42686
v 0.30053 0.42477 0.44769
v 0.30292 0.43009 0.44108
v 0.32970 0.38869 0.42686
v 0.33505 0.39018 0.43371
v 0.30679 0.42513 0.45389
v 0.30053 0.42477 0.44769
v 0.30679 0.42513 0.45389
v 0.31306 0.43068 0.45110
v 0.29509 0.46891 0.47318
v 0.28822 0.46465 0.47670
v 0.31306 0.43068 0.45110
v 0.31066 0.43374 0.44319
v 0.29247 0.47247 0.46555
v 0.29509 0.46891 0.47318
v 0.31066 0.43374 0.44319
v 0.30292 0.43009 0.44108
v 0.28398 0.47040 0.46436
v 0.29247 0.47247 0.46555
v 0.30292 0.43009 0.44108
v 0.30053 0.42477 0.44769
v 0.28136 0.46557 0.47125
v 0.28398 0.47040 0.46436
v 0.30053 0.42477 0.44769
v 0.30679 0.42513 0.45389
v 0.28822 0.46465 0.47670
v 0.28136 0.46557 0.47125
v 0.28822 0.46465 0.47670
v 0.29509 0.46891 0.47318
v 0.28740 0.50965 0.49670
v 0.28027 0.50675 0.50101
v 0.29509 0.46891 0.47318
v 0.29247 0.47247 0.46555
v 0.28468 0.51373 0.48937
v 0.28740 0.50965 0.49670
v 0.29247 0.47247 0.46555
v 0.28398 0.47040 0.46436
v 0.27587 0.51335 0.48915
v 0.28468 0.51373 0.48937
v 0.28398 0.47040 0.46436
v 0.28136 0.46557 0.47125
v 0.27315 0.50904 0.49635
v 0.27587 0.51335 0.48915
v 0.28136 0.46557 0.47125
v 0.28822 0.46465 0.47670
v 0.28027 0.50675 0.50101
v 0.27315 0.50904 0.49635
v 0.28027 0.50675 0.50101
v 0.28740 0.50965 0.49670
v 0.29037 0.55085 0.52049
v 0.28334 0.54933 0.52560
v 0.28740 0.50965 0.49670
v 0.28468 0.51373 0.48937
v 0.28768 0.55546 0.51346
v 0.29037 0.55085 0.52049
v 0.28468 0.51373 0.48937
v 0.27587 0.51335 0.48915
v 0.27900 0.55678 0.51423
v 0.28768 0.55546 0.51346
v 0.27587 0.51335 0.48915
v 0.27315 0.50904 0.49635
v 0.27632 0.55300 0.52173
v 0.27900 0.55678 0.51423
v 0.27315 0.50904 0.49635
v 0.28027 0.50675 0.50101
v 0.28334 0.54933 0.52560
v 0.27632 0.55300 0.52173
v 0.28334 0.54933 0.52560
v 0.29037 0.55085 0.52049
v 0.30385 0.59045 0.54335
v 0.29728 0.59026 0.54922
v 0.29037 0.55085 0.52049
v 0.28768 0.55546 0.51346
v 0.30134 0.59556 0.53662
v 0.30385 0.59045 0.54335
v 0.28768 0.55546 0.51346
v 0.27900 0.55678 0.51423
v 0.29321 0.59852 0.53833
v 0.30134 0.59556 0.53662
v 0.27900 0.55678 0.51423
v 0.27632 0.55300 0.52173
v 0.29070 0.59525 0.54612
v 0.29321 0.59852 0.53833
v 0.27632 0.55300 0.52173
v 0.28334 0.54933 0.52560
v 0.29728 0.59026 0.54922
v 0.29070 0.59525 0.54612
v 0.29728 0.59026 0.54922
v 0.30385 0.59045 0.54335
v 0.32717 0.62645 0.56414
v 0.32137 0.62747 0.57071
v 0.30385 0.59045 0.54335
v 0.30134 0.59556 0.53662
v 0.32495 0.63202 0.55767
v 0.32717 0.62645 0.56414
v 0.30134 0.59556 0.53662
v 0.29321 0.59852 0.53833
v 0.31779 0.63648 0.56024
v 0.32495 0.63202 0.55767
v 0.29321 0.59852 0.53833
v 0.29070 0.59525 0.54612
v 0.31558 0.63367 0.56830
v 0.31779 0.63648 0.56024
v 0.29070 0.59525 0.54612
v 0.29728 0.59026 0.54922
v 0.32137 0.62747 0.57071
v 0.31558 0.63367 0.56830
v 0.32137 0.62747 0.57071
v 0.32717 0.62645 0.56414
v 0.35915 0.65706 0.58181
v 0.35443 0.65910 0.58897
v 0.32717 0.62645 0.56414
v 0.32495 0.63202 0.55767
v 0.35735 0.66302 0.57557
v 0.35915 0.65706 0.58181
v 0.32495 0.63202 0.55767
v 0.31779 0.63648 0.56024
v 0.35151 0.66875 0.57887
v 0.35735 0.66302 0.57557
v 0.31779 0.63648 0.56024
v 0.31558 0.63367 0.56830
v 0.34971 0.66633 0.58716
v 0.35151 0.66875 0.57887
v 0.31558 0.63367 0.56830
v 0.32137 0.62747 0.57071
v 0.35443 0.65910 0.58897
v 0.34971 0.66633 0.58716
v 0.35443 0.65910 0.58897
v 0.35915 0.65706 0.58181
v 0.39820 0.68074 0.59548
v 0.39478 0.68357 0.60310
v 0.35915 0.65706 0.58181
v 0.35735 0.66302 0.57557
v 0.39689 0.68700 0.58941
v 0.39820 0.68074 0.59548
v 0.35735 0.66302 0.57557
v 0.35151 0.66875 0.57887
v 0.39268 0.69371 0.59329
v 0.39689 0.68700 0.58941
v 0.35151 0.66875 0.57887
v 0.34971 0.66633 0.58716
v 0.39137 0.69159 0.60174
v 0.39268 0.69371 0.59329
v 0.34971 0.66633 0.58716
v 0.35443 0.65910 0.58897
v 0.39478 0.68357 0.60310
v 0.39137 0.69159 0.60174
v 0.39478 0.68357 0.60310
v 0.39820 0.68074 0.59548
v 0.44235 0.69630 0.60446
v 0.44042 0.69965 0.61238
v 0.39820 0.68074 0.59548
v 0.39689 0.68700 0.58941
v 0.44161 0.70276 0.59851
v 0.44235 0.69630 0.60446
v 0.39689 0.68700 0.58941
v 0.39268 0.69371 0.59329
v 0.43922 0.71011 0.60276
v 0.44161 0.70276 0.59851
v 0.39268 0.69371 0.59329
v 0.39137 0.69159 0.60174
v 0.43848 0.70819 0.61133
v 0.43922 0.71011 0.60276
v 0.39137 0.69159 0.60174
v 0.39478 0.68357 0.60310
v 0.44042 0.69965 0.61238
v 0.43848 0.70819 0.61133
v 0.44042 0.69965 0.61238
v 0.44235 0.69630 0.60446
v 0.48939 0.70296 0.60831
v 0.48903 0.70654 0.61636
v 0.44235 0.69630 0.60446
v 0.44161 0.70276 0.59851
v 0.48925 0.70951 0.60241
v 0.48939 0.70296 0.60831
v 0.44161 0.70276 0.59851
v 0.43922 0.71011 0.60276
v 0.48881 0.71714 0.60681
v 0.48925 0.70951 0.60241
v 0.43922 0.71011 0.60276
v 0.43848 0.70819 0.61133
v 0.48868 0.71530 0.61543
v 0.48881 0.71714 0.60681
v 0.43848 0.70819 0.61133
v 0.44042 0.69965 0.61238
v 0.48903 0.70654 0.61636
v 0.48868 0.71530 0.61543
v 0.48903 0.70654 0.61636
v 0.48939 0.70296 0.60831
v 0.53776 0.70031 0.60678
v 0.53820 0.70388 0.61482
v 0.48939 0.70296 0.60831
v 0.48925 0.70951 0.60241
v 0.53793 0.70685 0.60087
v 0.53776 0.70031 0.60678
v 0.48925 0.70951 0.60241
v 0.48881 0.71714 0.60681
v 0.53848 0.71448 0.60527
v 0.53793 0.70685 0.60087
v 0.48881 0.71714 0.60681
v 0.48868 0.71530 0.61543
v 0.53865 0.71264 0.61390
v 0.53848 0.71448 0.60527
v 0.48868 0.71530 0.61543
v 0.48903 0.70654 0.61636
v 0.53820 0.70388 0.61482
v 0.53865 0.71264 0.61390
v 0.74000 0.62732 0.50000
v 0.74000 0.58732 0.51700
v 0.75700 0.58732 0.50000
v 0.75700 0.58732 0.50000
v 0.74000 0.58732 0.51700
v 0.74000 0.54732 0.50000
v 0.74000 0.62732 0.50000
v 0.72300 0.58732 0.50000
v 0.74000 0.58732 0.51700
v 0.74000 0.58732 0.51700
v 0.72300 0.58732 0.50000
v 0.74000 0.54732 0.50000
v 0.74000 0.62732 0.50000
v 0.74000 0.58732 0.48300
v 0.72300 0.58732 0.50000
v 0.72300 0.58732 0.50000
v 0.74000 0.58732 0.48300
v 0.74000 0.54732 0.50000
v 0.74000 0.62732 0.50000
v 0.75700 0.58732 0.50000
v 0.74000 0.58732 0.48300
v 0.74000 0.58732 0.48300
v 0.75700 0.58732 0.50000
v 0.74000 0.54732 0.50000
v 0.66971 0.60322 0.66971
v 0.66971 0.56322 0.68671
v 0.68671 0.56322 0.66971
v 0.68671 0.56322 0.66971
v 0.66971 0.56322 0.68671
v 0.66971 0.52322 0.66971
v 0.66971 0.60322 0.66971
v 0.65271 0.56322 0.66971
v 0.66971 0.56322 0.68671
v 0.66971 0.56322 0.68671
v 0.65271 0.56322 0.66971
v 0.66971 0.52322 0.66971
v 0.66971 0.60322 0.66971
v 0.66971 0.56322 0.65271
v 0.65271 0.56322 0.66971
v 0.65271 0.56322 0.66971
v 0.66971 0.56322 0.65271
v 0.66971 0.52322 0.66971
v 0.66971 0.60322 0.66971
v 0.68671 0.56322 0.66971
v 0.66971 0.56322 0.65271
v 0.66971 0.56322 0.65271
v 0.68671 0.56322 0.66971
v 0.66971 0.52322 0.66971
v 0.50000 0.49268 0.74000
v 0.50000 0.45268 0.75700
v 0.51700 0.45268 0.74000
v 0.51700 0.45268 0.74000
v 0.50000 0.45268 0.75700
v 0.50000 0.41268 0.74000
v 0.50000 0.49268 0.74000
v 0.48300 0.45268 0.74000
v 0.50000 0.45268 0.75700
v 0.50000 0.45268 0.75700
v 0.48300 0.45268 0.74000
v 0.50000 0.41268 0.74000
v 0.50000 0.49268 0.74000
v 0.50000 0.45268 0.72300
v 0.48300 0.45268 0.74000
v 0.48300 0.45268 0.74000
v 0.50000 0.45268 0.72300
v 0.50000 0.41268 0.74000
v 0.50000 0.49268 0.74000
v 0.51700 0.45268 0.74000
v 0.50000 0.45268 0.72300
v 0.50000 0.45268 0.72300
v 0.51700 0.45268 0.74000
v 0.50000 0.41268 0.74000
v 0.33029 0.51678 0.66971
v 0.33029 0.47678 0.68671
v 0.34729 0.47678 0.66971
v 0.34729 0.47678 0.66971
v 0.33029 0.47678 0.68671
v 0.33029 0.43678 0.66971
v 0.33029 0.51678 0.66971
v 0.31329 0.47678 0.66971
v 0.33029 0.47678 0.68671
v 0.33029 0.47678 0.68671
v 0.31329 0.47678 0.66971
v 0.33029 0.43678 0.66971
v 0.33029 0.51678 0.66971
v 0.33029 0.47678 0.65271
v 0.31329 0.47678 0.66971
v 0.31329 0.47678 0.66971
v 0.33029 0.47678 0.65271
v 0.33029 0.43678 0.66971
v 0.33029 0.51678 0.66971
v 0.34729 0.47678 0.66971
v 0.33029 0.47678 0.65271
v 0.33029 0.47678 0.65271
v 0.34729 0.47678 0.66971
v 0.33029 0.43678 0.66971
v 0.26000 0.62732 0.50000
v 0.26000 0.58732 0.51700
v 0.27700 0.58732 0.50000
v 0.27700 0.58732 0.50000
v 0.26000 0.58732 0.51700
v 0.26000 0.54732 0.50000
v 0.26000 0.62732 0.50000
v 0.24300 0.58732 0.50000
v 0.26000 0.58732 0.51700
v 0.26000 0.58732 0.51700
v 0.24300 0.58732 0.50000
v 0.26000 0.54732 0.50000
v 0.26000 0.62732 0.50000
v 0.26000 0.58732 0.48300
v 0.24300 0.58732 0.50000
v 0.24300 0.58732 0.50000
v 0.26000 0.58732 0.48300
v 0.26000 0.54732 0.50000
v 0.26000 0.62732 0.50000
v 0.27700 0.58732 0.50000
v 0.26000 0.58732 0.48300
v 0.26000 0.58732 0.48300
v 0.27700 0.58732 0.50000
v 0.26000 0.54732 0.50000
v 0.33029 0.60322 0.33029
v 0.33029 0.56322 0.34729
v 0.34729 0.56322 0.33029
v 0.34729 0.56322 0.33029
v 0.33029 0.56322 0.34729
v 0.33029 0.52322 0.33029
v 0.33029 0.60322 0.33029
v 0.31329 0.56322 0.33029
v 0.33029 0.56322 0.34729
v 0.33029 0.56322 0.34729
v 0.31329 0.56322 0.33029
v 0.33029 0.52322 0.33029
v 0.33029 0.60322 0.33029
v 0.33029 0.56322 0.31329
v 0.31329 0.56322 0.33029
v 0.31329 0.56322 0.33029
v 0.33029 0.56322 0.31329
v 0.33029 0.52322 0.33029
v 0.33029 0.60322 0.33029
v 0.34729 0.56322 0.33029
v 0.33029 0.56322 0.31329
v 0.33029 0.56322 0.31329
v 0.34729 0.56322 0.33029
v 0.33029 0.52322 0.33029
v 0.50000 0.49268 0.26000
v 0.50000 0.45268 0.27700
v 0.51700 0.45268 0.26000
v 0.51700 0.45268 0.26000
v 0.50000 0.45268 0.27700
v 0.50000 0.41268 0.26000
v 0.50000 0.49268 0.26000
v 0.48300 0.45268 0.26000
v 0.50000 0.45268 0.27700
v 0.50000 0.45268 0.27700
v 0.48300 0.45268 0.26000
v 0.50000 0.41268 0.26000
v 0.50000 0.49268 0.26000
v 0.50000 0.45268 0.24300
v 0.48300 0.45268 0.26000
v 0.48300 0.45268 0.26000
v 0.50000 0.45268 0.24300
v 0.50000 0.41268 0.26000
v 0.50000 0.49268 0.26000
v 0.51700 0.45268 0.26000
v 0.50000 0.45268 0.24300
v 0.50000 0.45268 0.24300
v 0.51700 0.45268 0.26000
v 0.50000 0.41268 0.26000
v 0.66971 0.51678 0.33029
v 0.66971 0.47678 0.34729
v 0.68671 0.47678 0.33029
v 0.68671 0.47678 0.33029
v 0.66971 0.47678 0.34729
v 0.66971 0.43678 0.33029
v 0.66971 0.51678 0.33029
v 0.65271 0.47678 0.33029
v 0.66971 0.47678 0.34729
v 0.66971 0.47678 0.34729
v 0.65271 0.47678 0.33029
v 0.66971 0.43678 0.33029
v 0.66971 0.51678 0.33029
v 0.66971 0.47678 0.31329
v 0.65271 0.47678 0.33029
v 0.65271 0.47678 0.33029
v 0.66971 0.47678 0.31329
v 0.66971 0.43678 0.33029
v 0.66971 0.51678 0.33029
v 0.68671 0.47678 0.33029
v 0.66971 0.47678 0.31329
v 0.66971 0.47678 0.31329
v 0.68671 0.47678 0.33029
v 0.66971 0.43678 0.33029
v 0.51500 0.80500 0.50000
v 0.51214 0.80500 0.50882
v 0.50000 0.86500 0.50000
v 0.55000 0.76500 0.50000
v 0.54045 0.76500 0.52939
v 0.51214 0.80500 0.50882
v 0.51500 0.80500 0.50000
v 0.50000 0.74500 0.50000
v 0.54045 0.76500 0.52939
v 0.55000 0.76500 0.50000
v 0.51214 0.80500 0.50882
v 0.50464 0.80500 0.51427
v 0.50000 0.86500 0.50000
v 0.54045 0.76500 0.52939
v 0.51545 0.76500 0.54755
v 0.50464 0.80500 0.51427
v 0.51214 0.80500 0.50882
v 0.50000 0.74500 0.50000
v 0.51545 0.76500 0.54755
v 0.54045 0.76500 0.52939
v 0.50464 0.80500 0.51427
v 0.49536 0.80500 0.51427
v 0.50000 0.86500 0.50000
v 0.51545 0.76500 0.54755
v 0.48455 0.76500 0.54755
v 0.49536 0.80500 0.51427
v 0.50464 0.80500 0.51427
v 0.50000 0.74500 0.50000
v 0.48455 0.76500 0.54755
v 0.51545 0.76500 0.54755
v 0.49536 0.80500 0.51427
v 0.48786 0.80500 0.50882
v 0.50000 0.86500 0.50000
v 0.48455 0.76500 0.54755
v 0.45955 0.76500 0.52939
v 0.48786 0.80500 0.50882
v 0.49536 0.80500 0.51427
v 0.50000 0.74500 0.50000
v 0.45955 0.76500 0.52939
v 0.48455 0.76500 0.54755
v 0.48786 0.80500 0.50882
v 0.48500 0.80500 0.50000
v 0.50000 0.86500 0.50000
v 0.45955 0.76500 0.52939
v 0.45000 0.76500 0.50000
v 0.48500 0.80500 0.50000
v 0.48786 0.80500 0.50882
v 0.50000 0.74500 0.50000
v 0.45000 0.76500 0.50000
v 0.45955 0.76500 0.52939
v 0.48500 0.80500 0.50000
v 0.48786 0.80500 0.49118
v 0.50000 0.86500 0.50000
v 0.45000 0.76500 0.50000
v 0.45955 0.76500 0.47061
v 0.48786 0.80500 0.49118
v 0.48500 0.80500 0.50000
v 0.50000 0.74500 0.50000
v 0.45955 0.76500 0.47061
v 0.45000 0.76500 0.50000
v 0.48786 0.80500 0.49118
v 0.49536 0.80500 0.48573
v 0.50000 0.86500 0.50000
v 0.45955 0.76500 0.47061
v 0.48455 0.76500 0.45245
v 0.49536 0.80500 0.48573
v 0.48786 0.80500 0.49118
v 0.50000 0.74500 0.50000
v 0.48455 0.76500 0.45245
v 0.45955 0.76500 0.47061
v 0.49536 0.80500 0.48573
v 0.50464 0.80500 0.48573
v 0.50000 0.86500 0.50000
v 0.48455 0.76500 0.45245
v 0.51545 0.76500 0.45245
v 0.50464 0.80500 0.48573
v 0.49536 0.80500 0.48573
v 0.50000 0.74500 0.50000
v 0.51545 0.76500 0.45245
v 0.48455 0.76500 0.45245
v 0.50464 0.80500 0.48573
v 0.51214 0.80500 0.49118
v 0.50000 0.86500 0.50000
v 0.51545 0.76500 0.45245
v 0.54045 0.76500 0.47061
v 0.51214 0.80500 0.49118
v 0.50464 0.80500 0.48573
v 0.50000 0.74500 0.50000
v 0.54045 0.76500 0.47061
v 0.51545 0.76500 0.45245
v 0.51214 0.80500 0.49118
v 0.51500 0.80500 0.50000
v 0.50000 0.86500 0.50000
v 0.54045 0.76500 0.47061
v 0.55000 0.76500 0.50000
v 0.51500 0.80500 0.50000
v 0.51214 0.80500 0.49118
v 0.50000 0.74500 0.50000
v 0.55000 0.76500 0.50000
v 0.54045 0.76500 0.47061
vt 0.1250 0.2109
vt 0.1250 0.2109
vt 0.1250 0.2109
vt 0.1250 0.1250
vt 0.1250 0.1250
vt 0.1250 0.1250
vt 0.1250 0.1250
vt 0.1250 0.0391
vt 0.1250 0.0391
vt 0.1250 0.0391
vt 0.1250 0.0391
vt 0.1250 0.0391
vt 0.1250 0.0391
vt 0.1250 0.0391
vt 0.1250 0.0391
vt 0.1250 0.0391
vt 0.1250 0.0391
vt 0.1250 0.0391
vt 0.1250 0.2109
vt 0.1250 0.2109
vt 0.1250 0.2109
vt 0.1250 0.0391
vt 0.1250 0.0391
vt 0.1250 0.0391
vt 0.1250 0.0391
vt 0.1250 0.0391
vt 0.1250 0.0391
vt 0.1250 0.0391
vt 0.1250 0.0391
vt 0.1250 0.0391
vt 0.1250 0.0391
vt 0.1250 0.0391
vt 0.1250 0.0391
vt 0.1250 0.0391
vt 0.1250 0.0391
vt 0.1250 0.0391
vt 0.1250 0.2109
vt 0.1250 0.2109
vt 0.1250 0.2109
vt 0.1250 0.0391
vt 0.1250 0.0391
vt 0.1250 0.0391
vt 0.1250 0.0391
vt 0.1250 0.0391
vt 0.1250 0.0391
vt 0.1250 0.0391
vt 0.1250 0.0391
vt 0.1250 0.0391
vt 0.1250 0.0391
vt 0.1250 0.0391
vt 0.1250 0.0391
vt 0.1250 0.0391
vt 0.1250 0.0391
vt 0.1250 0.0391
vt 0.1250 0.2109
vt 0.1250 0.2109
vt 0.1250 0.2109
vt 0.1250 0.1250
vt 0.1250 0.1250
vt 0.1250 0.1250
vt 0.1250 0.1250
vt 0.1250 0.0391
vt 0.1250 0.0391
vt 0.1250 0.0391
vt 0.1250 0.0391
vt 0.1250 0.0391
vt 0.1250 0.0391
vt 0.1250 0.0391
vt 0.1250 0.0391
vt 0.1250 0.0391
vt 0.1250 0.0391
vt 0.1250 0.0391
vt 0.1250 0.2109
vt 0.1250 0.2109
vt 0.1250 0.2109
vt 0.1250 0.2109
vt 0.1250 0.2109
vt 0.1250 0.2109
vt 0.1250 0.2109
vt 0.1250 0.1250
vt 0.1250 0.1250
vt 0.1250 0.1250
vt 0.1250 0.1250
vt 0.1250 0.0391
vt 0.1250 0.0391
vt 0.1250 0.0391
vt 0.1250 0.0391
vt 0.1250 0.0391
vt 0.1250 0.0391
vt 0.1250 0.0391
vt 0.1250 0.2109
vt 0.1250 0.2109
vt 0.1250 0.2109
vt 0.1250 0.2109
vt 0.1250 0.2109
vt 0.1250 0.2109
vt 0.1250 0.2109
vt 0.1250 0.1250
vt 0.1250 0.1250
vt 0.1250 0.1250
vt 0.1250 0.1250
vt 0.1250 0.0391
vt 0.1250 0.0391
vt 0.1250 0.0391
vt 0.1250 0.0391
vt 0.1250 0.0391
vt 0.1250 0.0391
vt 0.1250 0.0391
vt 0.1250 0.2109
vt 0.1250 0.2109
vt 0.1250 0.2109
vt 0.1250 0.2109
vt 0.1250 0.2109
vt 0.1250 0.2109
vt 0.1250 0.2109
vt 0.1250 0.2109
vt 0.1250 0.2109
vt 0.1250 0.2109
vt 0.1250 0.2109
vt 0.1250 0.0391
vt 0.1250 0.0391
vt 0.1250 0.0391
vt 0.1250 0.0391
vt 0.1250 0.0391
vt 0.1250 0.0391
vt 0.1250 0.0391
vt 0.1250 0.2109
vt 0.1250 0.2109
vt 0.1250 0.2109
vt 0.1250 0.2109
vt 0.1250 0.2109
vt 0.1250 0.2109
vt 0.1250 0.2109
vt 0.1250 0.1250
vt 0.1250 0.1250
vt 0.1250 0.1250
vt 0.1250 0.1250
vt 0.1250 0.0391
vt 0.1250 0.0391
vt 0.1250 0.0391
vt 0.1250 0.0391
vt 0.1250 0.0391
vt 0.1250 0.0391
vt 0.1250 0.0391
vt 0.3750 0.7109
vt 0.3750 0.7109
vt 0.3750 0.7109
vt 0.3750 0.7109
vt 0.3750 0.5391
vt 0.3750 0.5391
vt 0.3750 0.5391
vt 0.3750 0.5391
vt 0.3750 0.7109
vt 0.3750 0.7109
vt 0.3750 0.7109
vt 0.3750 0.7109
vt 0.3750 0.5391
vt 0.3750 0.5391
vt 0.3750 0.5391
vt 0.3750 0.5391
vt 0.3750 0.7109
vt 0.3750 0.7109
vt 0.3750 0.7109
vt 0.3750 0.7109
vt 0.3750 0.5391
vt 0.3750 0.5391
vt 0.3750 0.5391
vt 0.3750 0.5391
vt 0.3750 0.7109
vt 0.3750 0.7109
vt 0.3750 0.7109
vt 0.3750 0.7109
vt 0.3750 0.5391
vt 0.3750 0.5391
vt 0.3750 0.5391
vt 0.3750 0.5391
vt 0.3750 0.7109
vt 0.3750 0.7109
vt 0.3750 0.7109
vt 0.3750 0.7109
vt 0.3750 0.5391
vt 0.3750 0.5391
vt 0.3750 0.5391
vt 0.3750 0.5391
vt 0.3750 0.7109
vt 0.3750 0.7109
vt 0.3750 0.7109
vt 0.3750 0.7109
vt 0.3750 0.6250
vt 0.3750 0.6250
vt 0.3750 0.6250
vt 0.3750 0.6250
vt 0.3750 0.7109
vt 0.3750 0.7109
vt 0.3750 0.7109
vt 0.3750 0.7109
vt 0.3750 0.6250
vt 0.3750 0.6250
vt 0.3750 0.6250
vt 0.3750 0.6250
vt 0.3750 0.7109
vt 0.3750 0.7109
vt 0.3750 0.7109
vt 0.3750 0.7109
vt 0.3750 0.5391
vt 0.3750 0.5391
vt 0.3750 0.5391
vt 0.3750 0.5391
vt 0.6250 0.2109
vt 0.6250 0.2109
vt 0.6250 0.2109
vt 0.6250 0.2109
vt 0.6250 0.0391
vt 0.6250 0.0391
vt 0.6250 0.0391
vt 0.6250 0.0391
vt 0.6250 0.2109
vt 0.6250 0.2109
vt 0.6250 0.2109
vt 0.6250 0.2109
vt 0.6250 0.0391
vt 0.6250 0.0391
vt 0.6250 0.0391
vt 0.6250 0.0391
vt 0.6250 0.2109
vt 0.6250 0.2109
vt 0.6250 0.2109
vt 0.6250 0.2109
vt 0.6250 0.0391
vt 0.6250 0.0391
vt 0.6250 0.0391
vt 0.6250 0.0391
vt 0.6250 0.2109
vt 0.6250 0.2109
vt 0.6250 0.2109
vt 0.6250 0.2109
vt 0.6250 0.0391
vt 0.6250 0.0391
vt 0.6250 0.0391
vt 0.6250 0.0391
vt 0.6250 0.2109
vt 0.6250 0.2109
vt 0.6250 0.2109
vt 0.6250 0.2109
vt 0.6250 0.0391
vt 0.6250 0.0391
vt 0.6250 0.0391
vt 0.6250 0.0391
vt 0.6250 0.2109
vt 0.6250 0.2109
vt 0.6250 0.2109
vt 0.6250 0.2109
vt 0.6250 0.0391
vt 0.6250 0.0391
vt 0.6250 0.0391
vt 0.6250 0.0391
vt 0.6250 0.2109
vt 0.6250 0.2109
vt 0.6250 0.2109
vt 0.6250 0.2109
vt 0.6250 0.0391
vt 0.6250 0.0391
vt 0.6250 0.0391
vt 0.6250 0.0391
vt 0.6250 0.2109
vt 0.6250 0.2109
vt 0.6250 0.2109
vt 0.6250 0.2109
vt 0.6250 0.0391
vt 0.6250 0.0391
vt 0.6250 0.0391
vt 0.6250 0.0391
vt 0.6250 0.2109
vt 0.6250 0.2109
vt 0.6250 0.2109
vt 0.6250 0.2109
vt 0.6250 0.0391
vt 0.6250 0.0391
vt 0.6250 0.0391
vt 0.6250 0.0391
vt 0.6250 0.2109
vt 0.6250 0.2109
vt 0.6250 0.2109
vt 0.6250 0.2109
vt 0.6250 0.0391
vt 0.6250 0.0391
vt 0.6250 0.0391
vt 0.6250 0.0391
vt 0.6250 0.2109
vt 0.6250 0.2109
vt 0.6250 0.2109
vt 0.6250 0.2109
vt 0.6250 0.0391
vt 0.6250 0.0391
vt 0.6250 0.0391
vt 0.6250 0.0391
vt 0.6250 0.2109
vt 0.6250 0.2109
vt 0.6250 0.2109
vt 0.6250 0.2109
vt 0.6250 0.0391
vt 0.6250 0.0391
vt 0.6250 0.0391
vt 0.6250 0.0391
vt 0.6250 0.2109
vt 0.6250 0.2109
vt 0.6250 0.2109
vt 0.6250 0.2109
vt 0.6250 0.0391
vt 0.6250 0.0391
vt 0.6250 0.0391
vt 0.6250 0.0391
vt 0.6250 0.2109
vt 0.6250 0.2109
vt 0.6250 0.2109
vt 0.6250 0.2109
vt 0.6250 0.0391
vt 0.6250 0.0391
vt 0.6250 0.0391
vt 0.6250 0.0391
vt 0.6250 0.2109
vt 0.6250 0.2109
vt 0.6250 0.2109
vt 0.6250 0.2109
vt 0.6250 0.0391
vt 0.6250 0.0391
vt 0.6250 0.0391
vt 0.6250 0.0391
vt 0.6250 0.2109
vt 0.6250 0.2109
vt 0.6250 0.2109
vt 0.6250 0.2109
vt 0.6250 0.0391
vt 0.6250 0.0391
vt 0.6250 0.0391
vt 0.6250 0.0391
vt 0.6250 0.2109
vt 0.6250 0.2109
vt 0.6250 0.2109
vt 0.6250 0.2109
vt 0.6250 0.0391
vt 0.6250 0.0391
vt 0.6250 0.0391
vt 0.6250 0.0391
vt 0.6250 0.2109
vt 0.6250 0.2109
vt 0.6250 0.2109
vt 0.6250 0.2109
vt 0.6250 0.0391
vt 0.6250 0.0391
vt 0.6250 0.0391
vt 0.6250 0.0391
vt 0.6250 0.2109
vt 0.6250 0.2109
vt 0.6250 0.2109
vt 0.6250 0.2109
vt 0.6250 0.0391
vt 0.6250 0.0391
vt 0.6250 0.0391
vt 0.6250 0.0391
vt 0.6250 0.2109
vt 0.6250 0.2109
vt 0.6250 0.2109
vt 0.6250 0.2109
vt 0.6250 0.0391
vt 0.6250 0.0391
vt 0.6250 0.0391
vt 0.6250 0.0391
vt 0.6250 0.2109
vt 0.6250 0.2109
vt 0.6250 0.2109
vt 0.6250 0.2109
vt 0.6250 0.0391
vt 0.6250 0.0391
vt 0.6250 0.0391
vt 0.6250 0.0391
vt 0.6250 0.2109
vt 0.6250 0.2109
vt 0.6250 0.2109
vt 0.6250 0.2109
vt 0.6250 0.0391
vt 0.6250 0.0391
vt 0.6250 0.0391
vt 0.6250 0.0391
vt 0.6250 0.2109
vt 0.6250 0.2109
vt 0.6250 0.2109
vt 0.6250 0.2109
vt 0.6250 0.0391
vt 0.6250 0.0391
vt 0.6250 0.0391
vt 0.6250 0.0391
vt 0.6250 0.2109
vt 0.6250 0.2109
vt 0.6250 0.2109
vt 0.6250 0.2109
vt 0.6250 0.0391
vt 0.6250 0.0391
vt 0.6250 0.0391
vt 0.6250 0.0391
vt 0.6250 0.7109
vt 0.6250 0.7109
vt 0.6250 0.7109
vt 0.6250 0.7109
vt 0.6250 0.7109
vt 0.6250 0.7109
vt 0.6250 0.7109
vt 0.6250 0.5391
vt 0.6250 0.5391
vt 0.6250 0.5391
vt 0.6250 0.7109
vt 0.6250 0.7109
vt 0.6250 0.7109
vt 0.6250 0.7109
vt 0.6250 0.7109
vt 0.6250 0.7109
vt 0.6250 0.7109
vt 0.6250 0.5391
vt 0.6250 0.5391
vt 0.6250 0.5391
vt 0.6250 0.7109
vt 0.6250 0.7109
vt 0.6250 0.7109
vt 0.6250 0.6250
vt 0.6250 0.6250
vt 0.6250 0.6250
vt 0.6250 0.6250
vt 0.6250 0.5391
vt 0.6250 0.5391
vt 0.6250 0.5391
vt 0.6250 0.7109
vt 0.6250 0.7109
vt 0.6250 0.7109
vt 0.6250 0.6250
vt 0.6250 0.6250
vt 0.6250 0.6250
vt 0.6250 0.6250
vt 0.6250 0.5391
vt 0.6250 0.5391
vt 0.6250 0.5391
vt 0.6250 0.7109
vt 0.6250 0.7109
vt 0.6250 0.7109
vt 0.6250 0.6250
vt 0.6250 0.6250
vt 0.6250 0.6250
vt 0.6250 0.6250
vt 0.6250 0.5391
vt 0.6250 0.5391
vt 0.6250 0.5391
vt 0.6250 0.7109
vt 0.6250 0.7109
vt 0.6250 0.7109
vt 0.6250 0.6250
vt 0.6250 0.6250
vt 0.6250 0.6250
vt 0.6250 0.6250
vt 0.6250 0.5391
vt 0.6250 0.5391
vt 0.6250 0.5391
vt 0.6250 0.7109
vt 0.6250 0.7109
vt 0.6250 0.7109
vt 0.6250 0.5391
vt 0.6250 0.5391
vt 0.6250 0.5391
vt 0.6250 0.5391
vt 0.6250 0.5391
vt 0.6250 0.5391
vt 0.6250 0.5391
vt 0.6250 0.7109
vt 0.6250 0.7109
vt 0.6250 0.7109
vt 0.6250 0.5391
vt 0.6250 0.5391
vt 0.6250 0.5391
vt 0.6250 0.5391
vt 0.6250 0.5391
vt 0.6250 0.5391
vt 0.6250 0.5391
vt 0.6250 0.7109
vt 0.6250 0.7109
vt 0.6250 0.7109
vt 0.6250 0.5391
vt 0.6250 0.5391
vt 0.6250 0.5391
vt 0.6250 0.5391
vt 0.6250 0.5391
vt 0.6250 0.5391
vt 0.6250 0.5391
vt 0.6250 0.7109
vt 0.6250 0.7109
vt 0.6250 0.7109
vt 0.6250 0.5391
vt 0.6250 0.5391
vt 0.6250 0.5391
vt 0.6250 0.5391
vt 0.6250 0.5391
vt 0.6250 0.5391
vt 0.6250 0.5391
vt 0.6250 0.7109
vt 0.6250 0.7109
vt 0.6250 0.7109
vt 0.6250 0.5391
vt 0.6250 0.5391
vt 0.6250 0.5391
vt 0.6250 0.5391
vt 0.6250 0.5391
vt 0.6250 0.5391
vt 0.6250 0.5391
vt 0.6250 0.7109
vt 0.6250 0.7109
vt 0.6250 0.7109
vt 0.6250 0.6250
vt 0.6250 0.6250
vt 0.6250 0.6250
vt 0.6250 0.6250
vt 0.6250 0.5391
vt 0.6250 0.5391
vt 0.6250 0.5391
vt 0.6250 0.7109
vt 0.6250 0.7109
vt 0.6250 0.7109
vt 0.6250 0.6250
vt 0.6250 0.6250
vt 0.6250 0.6250
vt 0.6250 0.6250
vt 0.6250 0.5391
vt 0.6250 0.5391
vt 0.6250 0.5391
vt 0.6250 0.7109
vt 0.6250 0.7109
vt 0.6250 0.7109
vt 0.6250 0.6250
vt 0.6250 0.6250
vt 0.6250 0.6250
vt 0.6250 0.6250
vt 0.6250 0.5391
vt 0.6250 0.5391
vt 0.6250 0.5391
vt 0.6250 0.7109
vt 0.6250 0.7109
vt 0.6250 0.7109
vt 0.6250 0.6250
vt 0.6250 0.6250
vt 0.6250 0.6250
vt 0.6250 0.6250
vt 0.6250 0.5391
vt 0.6250 0.5391
vt 0.6250 0.5391
vt 0.6250 0.7109
vt 0.6250 0.7109
vt 0.6250 0.7109
vt 0.6250 0.7109
vt 0.6250 0.7109
vt 0.6250 0.7109
vt 0.6250 0.7109
vt 0.6250 0.5391
vt 0.6250 0.5391
vt 0.6250 0.5391
vt 0.6250 0.7109
vt 0.6250 0.7109
vt 0.6250 0.7109
vt 0.6250 0.7109
vt 0.6250 0.7109
vt 0.6250 0.7109
vt 0.6250 0.7109
vt 0.6250 0.5391
vt 0.6250 0.5391
vt 0.6250 0.5391
vt 0.6250 0.7109
vt 0.6250 0.7109
vt 0.6250 0.7109
vt 0.6250 0.7109
vt 0.6250 0.7109
vt 0.6250 0.7109
vt 0.6250 0.7109
vt 0.6250 0.5391
vt 0.6250 0.5391
vt 0.6250 0.5391
vt 0.6250 0.7109
vt 0.6250 0.7109
vt 0.6250 0.7109
vt 0.6250 0.7109
vt 0.6250 0.7109
vt 0.6250 0.7109
vt 0.6250 0.7109
vt 0.6250 0.5391
vt 0.6250 0.5391
vt 0.6250 0.5391
vt 0.6250 0.7109
vt 0.6250 0.7109
vt 0.6250 0.7109
vt 0.6250 0.7109
vt 0.6250 0.7109
vt 0.6250 0.7109
vt 0.6250 0.7109
vt 0.6250 0.5391
vt 0.6250 0.5391
vt 0.6250 0.5391
vt 0.6250 0.7109
vt 0.6250 0.7109
vt 0.6250 0.7109
vt 0.6250 0.7109
vt 0.6250 0.7109
vt 0.6250 0.7109
vt 0.6250 0.7109
vt 0.6250 0.5391
vt 0.6250 0.5391
vt 0.6250 0.5391
vt 0.6250 0.7109
vt 0.6250 0.7109
vt 0.6250 0.7109
vt 0.6250 0.7109
vt 0.6250 0.7109
vt 0.6250 0.7109
vt 0.6250 0.7109
vt 0.6250 0.5391
vt 0.6250 0.5391
vt 0.6250 0.5391
vt 0.6250 0.7109
vt 0.6250 0.7109
vt 0.6250 0.7109
vt 0.6250 0.7109
vt 0.6250 0.7109
vt 0.6250 0.7109
vt 0.6250 0.7109
vt 0.6250 0.5391
vt 0.6250 0.5391
vt 0.6250 0.5391
vt 0.6250 0.7109
vt 0.6250 0.7109
vt 0.6250 0.7109
vt 0.6250 0.7109
vt 0.6250 0.7109
vt 0.6250 0.7109
vt 0.6250 0.7109
vt 0.6250 0.5391
vt 0.6250 0.5391
vt 0.6250 0.5391
vt 0.3750 0.6250
vt 0.3750 0.6250
vt 0.3750 0.6250
vt 0.3750 0.7109
vt 0.3750 0.7109
vt 0.3750 0.7109
vt 0.3750 0.5391
vt 0.3750 0.5391
vt 0.3750 0.5391
vt 0.3750 0.7109
vt 0.3750 0.7109
vt 0.3750 0.7109
vt 0.3750 0.6250
vt 0.3750 0.6250
vt 0.3750 0.6250
vt 0.3750 0.7109
vt 0.3750 0.7109
vt 0.3750 0.7109
vt 0.3750 0.7109
vt 0.3750 0.7109
vt 0.3750 0.7109
vt 0.3750 0.7109
vt 0.3750 0.7109
vt 0.3750 0.7109
vt 0.3750 0.6250
vt 0.3750 0.6250
vt 0.3750 0.6250
vt 0.3750 0.7109
vt 0.3750 0.7109
vt 0.3750 0.7109
vt 0.3750 0.5391
vt 0.3750 0.5391
vt 0.3750 0.5391
vt 0.3750 0.7109
vt 0.3750 0.7109
vt 0.3750 0.7109
vt 0.3750 0.6250
vt 0.3750 0.6250
vt 0.3750 0.6250
vt 0.3750 0.7109
vt 0.3750 0.7109
vt 0.3750 0.7109
vt 0.3750 0.7109
vt 0.3750 0.7109
vt 0.3750 0.7109
vt 0.3750 0.7109
vt 0.3750 0.7109
vt 0.3750 0.7109
vt 0.3750 0.6250
vt 0.3750 0.6250
vt 0.3750 0.6250
vt 0.3750 0.7109
vt 0.3750 0.7109
vt 0.3750 0.7109
vt 0.3750 0.5391
vt 0.3750 0.5391
vt 0.3750 0.5391
vt 0.3750 0.7109
vt 0.3750 0.7109
vt 0.3750 0.7109
vt 0.3750 0.6250
vt 0.3750 0.6250
vt 0.3750 0.6250
vt 0.3750 0.7109
vt 0.3750 0.7109
vt 0.3750 0.7109
vt 0.3750 0.7109
vt 0.3750 0.7109
vt 0.3750 0.7109
vt 0.3750 0.7109
vt 0.3750 0.7109
vt 0.3750 0.7109
vt 0.3750 0.6250
vt 0.3750 0.6250
vt 0.3750 0.6250
vt 0.3750 0.7109
vt 0.3750 0.7109
vt 0.3750 0.7109
vt 0.3750 0.5391
vt 0.3750 0.5391
vt 0.3750 0.5391
vt 0.3750 0.7109
vt 0.3750 0.7109
vt 0.3750 0.7109
vt 0.3750 0.6250
vt 0.3750 0.6250
vt 0.3750 0.6250
vt 0.3750 0.7109
vt 0.3750 0.7109
vt 0.3750 0.7109
vt 0.3750 0.7109
vt 0.3750 0.7109
vt 0.3750 0.7109
vt 0.3750 0.7109
vt 0.3750 0.7109
vt 0.3750 0.7109
vt 0.3750 0.6250
vt 0.3750 0.6250
vt 0.3750 0.6250
vt 0.3750 0.7109
vt 0.3750 0.7109
vt 0.3750 0.7109
vt 0.3750 0.5391
vt 0.3750 0.5391
vt 0.3750 0.5391
vt 0.3750 0.7109
vt 0.3750 0.7109
vt 0.3750 0.7109
vt 0.3750 0.6250
vt 0.3750 0.6250
vt 0.3750 0.6250
vt 0.3750 0.7109
vt 0.3750 0.7109
vt 0.3750 0.7109
vt 0.3750 0.7109
vt 0.3750 0.7109
vt 0.3750 0.7109
vt 0.3750 0.7109
vt 0.3750 0.7109
vt 0.3750 0.7109
vt 0.3750 0.6250
vt 0.3750 0.6250
vt 0.3750 0.6250
vt 0.3750 0.7109
vt 0.3750 0.7109
vt 0.3750 0.7109
vt 0.3750 0.5391
vt 0.3750 0.5391
vt 0.3750 0.5391
vt 0.3750 0.7109
vt 0.3750 0.7109
vt 0.3750 0.7109
vt 0.3750 0.6250
vt 0.3750 0.6250
vt 0.3750 0.6250
vt 0.3750 0.7109
vt 0.3750 0.7109
vt 0.3750 0.7109
vt 0.3750 0.7109
vt 0.3750 0.7109
vt 0.3750 0.7109
vt 0.3750 0.7109
vt 0.3750 0.7109
vt 0.3750 0.7109
vt 0.3750 0.6250
vt 0.3750 0.6250
vt 0.3750 0.6250
vt 0.3750 0.7109
vt 0.3750 0.7109
vt 0.3750 0.7109
vt 0.3750 0.5391
vt 0.3750 0.5391
vt 0.3750 0.5391
vt 0.3750 0.7109
vt 0.3750 0.7109
vt 0.3750 0.7109
vt 0.3750 0.6250
vt 0.3750 0.6250
vt 0.3750 0.6250
vt 0.3750 0.7109
vt 0.3750 0.7109
vt 0.3750 0.7109
vt 0.3750 0.7109
vt 0.3750 0.7109
vt 0.3750 0.7109
vt 0.3750 0.7109
vt 0.3750 0.7109
vt 0.3750 0.7109
vt 0.3750 0.6250
vt 0.3750 0.6250
vt 0.3750 0.6250
vt 0.3750 0.7109
vt 0.3750 0.7109
vt 0.3750 0.7109
vt 0.3750 0.5391
vt 0.3750 0.5391
vt 0.3750 0.5391
vt 0.3750 0.7109
vt 0.3750 0.7109
vt 0.3750 0.7109
vt 0.3750 0.6250
vt 0.3750 0.6250
vt 0.3750 0.6250
vt 0.3750 0.7109
vt 0.3750 0.7109
vt 0.3750 0.7109
vt 0.3750 0.7109
vt 0.3750 0.7109
vt 0.3750 0.7109
vt 0.3750 0.7109
vt 0.3750 0.7109
vt 0.3750 0.7109
vt 0.3750 0.6250
vt 0.3750 0.6250
vt 0.3750 0.6250
vt 0.3750 0.7109
vt 0.3750 0.7109
vt 0.3750 0.7109
vt 0.3750 0.5391
vt 0.3750 0.5391
vt 0.3750 0.5391
vt 0.3750 0.7109
vt 0.3750 0.7109
vt 0.3750 0.7109
vt 0.3750 0.6250
vt 0.3750 0.6250
vt 0.3750 0.6250
vt 0.3750 0.7109
vt 0.3750 0.7109
vt 0.3750 0.7109
vt 0.3750 0.7109
vt 0.3750 0.7109
vt 0.3750 0.7109
vt 0.3750 0.7109
vt 0.3750 0.7109
vt 0.3750 0.7109
vt 0.1250 0.6250
vt 0.1250 0.6250
vt 0.1250 0.6250
vt 0.1250 0.7109
vt 0.1250 0.7109
vt 0.1250 0.7109
vt 0.1250 0.5391
vt 0.1250 0.5391
vt 0.1250 0.5391
vt 0.1250 0.6250
vt 0.1250 0.6250
vt 0.1250 0.6250
vt 0.1250 0.5391
vt 0.1250 0.5391
vt 0.1250 0.5391
vt 0.1250 0.6250
vt 0.1250 0.6250
vt 0.1250 0.6250
vt 0.1250 0.6250
vt 0.1250 0.6250
vt 0.1250 0.6250
vt 0.1250 0.7109
vt 0.1250 0.7109
vt 0.1250 0.7109
vt 0.1250 0.6250
vt 0.1250 0.6250
vt 0.1250 0.6250
vt 0.1250 0.7109
vt 0.1250 0.7109
vt 0.1250 0.7109
vt 0.1250 0.7109
vt 0.1250 0.7109
vt 0.1250 0.7109
vt 0.1250 0.7109
vt 0.1250 0.7109
vt 0.1250 0.7109
vt 0.1250 0.0391
vt 0.1250 0.0391
vt 0.1250 0.0391
vt 0.1250 0.1250
vt 0.1250 0.1250
vt 0.1250 0.1250
vt 0.1250 0.0391
vt 0.1250 0.0391
vt 0.1250 0.0391
vt 0.1250 0.1250
vt 0.1250 0.1250
vt 0.1250 0.1250
vt 0.1250 0.0391
vt 0.1250 0.0391
vt 0.1250 0.0391
vt 0.1250 0.1250
vt 0.1250 0.1250
vt 0.1250 0.1250
vt 0.1250 0.1250
vt 0.1250 0.1250
vt 0.1250 0.1250
vt 0.1250 0.2109
vt 0.1250 0.2109
vt 0.1250 0.2109
vt 0.1250 0.2109
vt 0.1250 0.2109
vt 0.1250 0.2109
vt 0.1250 0.2109
vt 0.1250 0.2109
vt 0.1250 0.2109
vt 0.1250 0.1250
vt 0.1250 0.1250
vt 0.1250 0.1250
vt 0.1250 0.2109
vt 0.1250 0.2109
vt 0.1250 0.2109
vt 0.3750 0.7109
vt 0.3750 0.7109
vt 0.3750 0.7109
vt 0.3750 0.7109
vt 0.3750 0.7109
vt 0.3750 0.7109
vt 0.3750 0.7109
vt 0.3750 0.7109
vt 0.3750 0.6250
vt 0.3750 0.6250
vt 0.3750 0.6250
vt 0.3750 0.6250
vt 0.3750 0.5391
vt 0.3750 0.5391
vt 0.3750 0.5391
vt 0.3750 0.5391
vt 0.3750 0.5391
vt 0.3750 0.5391
vt 0.3750 0.5391
vt 0.3750 0.5391
vt 0.3750 0.6250
vt 0.3750 0.6250
vt 0.3750 0.6250
vt 0.3750 0.6250
vt 0.3750 0.7109
vt 0.3750 0.7109
vt 0.3750 0.7109
vt 0.3750 0.7109
vt 0.3750 0.7109
vt 0.3750 0.7109
vt 0.3750 0.7109
vt 0.3750 0.7109
vt 0.3750 0.7109
vt 0.3750 0.7109
vt 0.3750 0.7109
vt 0.3750 0.7109
vt 0.3750 0.5391
vt 0.3750 0.5391
vt 0.3750 0.5391
vt 0.3750 0.5391
vt 0.3750 0.5391
vt 0.3750 0.5391
vt 0.3750 0.5391
vt 0.3750 0.5391
vt 0.3750 0.6250
vt 0.3750 0.6250
vt 0.3750 0.6250
vt 0.3750 0.6250
vt 0.3750 0.7109
vt 0.3750 0.7109
vt 0.3750 0.7109
vt 0.3750 0.7109
vt 0.3750 0.7109
vt 0.3750 0.7109
vt 0.3750 0.7109
vt 0.3750 0.7109
vt 0.3750 0.7109
vt 0.3750 0.7109
vt 0.3750 0.7109
vt 0.3750 0.7109
vt 0.3750 0.5391
vt 0.3750 0.5391
vt 0.3750 0.5391
vt 0.3750 0.5391
vt 0.3750 0.5391
vt 0.3750 0.5391
vt 0.3750 0.5391
vt 0.3750 0.5391
vt 0.3750 0.6250
vt 0.3750 0.6250
vt 0.3750 0.6250
vt 0.3750 0.6250
vt 0.3750 0.7109
vt 0.3750 0.7109
vt 0.3750 0.7109
vt 0.3750 0.7109
vt 0.3750 0.7109
vt 0.3750 0.7109
vt 0.3750 0.7109
vt 0.3750 0.7109
vt 0.3750 0.7109
vt 0.3750 0.7109
vt 0.3750 0.7109
vt 0.3750 0.7109
vt 0.3750 0.5391
vt 0.3750 0.5391
vt 0.3750 0.5391
vt 0.3750 0.5391
vt 0.3750 0.5391
vt 0.3750 0.5391
vt 0.3750 0.5391
vt 0.3750 0.5391
vt 0.3750 0.6250
vt 0.3750 0.6250
vt 0.3750 0.6250
vt 0.3750 0.6250
vt 0.3750 0.7109
vt 0.3750 0.7109
vt 0.3750 0.7109
vt 0.3750 0.7109
vt 0.3750 0.7109
vt 0.3750 0.7109
vt 0.3750 0.7109
vt 0.3750 0.7109
vt 0.3750 0.7109
vt 0.3750 0.7109
vt 0.3750 0.7109
vt 0.3750 0.7109
vt 0.3750 0.5391
vt 0.3750 0.5391
vt 0.3750 0.5391
vt 0.3750 0.5391
vt 0.3750 0.5391
vt 0.3750 0.5391
vt 0.3750 0.5391
vt 0.3750 0.5391
vt 0.3750 0.6250
vt 0.3750 0.6250
vt 0.3750 0.6250
vt 0.3750 0.6250
vt 0.3750 0.7109
vt 0.3750 0.7109
vt 0.3750 0.7109
vt 0.3750 0.7109
vt 0.3750 0.7109
vt 0.3750 0.7109
vt 0.3750 0.7109
vt 0.3750 0.7109
vt 0.3750 0.7109
vt 0.3750 0.7109
vt 0.3750 0.7109
vt 0.3750 0.7109
vt 0.3750 0.5391
vt 0.3750 0.5391
vt 0.3750 0.5391
vt 0.3750 0.5391
vt 0.3750 0.5391
vt 0.3750 0.5391
vt 0.3750 0.5391
vt 0.3750 0.5391
vt 0.3750 0.6250
vt 0.3750 0.6250
vt 0.3750 0.6250
vt 0.3750 0.6250
vt 0.3750 0.7109
vt 0.3750 0.7109
vt 0.3750 0.7109
vt 0.3750 0.7109
vt 0.3750 0.7109
vt 0.3750 0.7109
vt 0.3750 0.7109
vt 0.3750 0.7109
vt 0.3750 0.7109
vt 0.3750 0.7109
vt 0.3750 0.7109
vt 0.3750 0.7109
vt 0.3750 0.5391
vt 0.3750 0.5391
vt 0.3750 0.5391
vt 0.3750 0.5391
vt 0.3750 0.5391
vt 0.3750 0.5391
vt 0.3750 0.5391
vt 0.3750 0.5391
vt 0.3750 0.6250
vt 0.3750 0.6250
vt 0.3750 0.6250
vt 0.3750 0.6250
vt 0.3750 0.7109
vt 0.3750 0.7109
vt 0.3750 0.7109
vt 0.3750 0.7109
vt 0.3750 0.7109
vt 0.3750 0.7109
vt 0.3750 0.7109
vt 0.3750 0.7109
vt 0.3750 0.7109
vt 0.3750 0.7109
vt 0.3750 0.7109
vt 0.3750 0.7109
vt 0.3750 0.5391
vt 0.3750 0.5391
vt 0.3750 0.5391
vt 0.3750 0.5391
vt 0.3750 0.5391
vt 0.3750 0.5391
vt 0.3750 0.5391
vt 0.3750 0.5391
vt 0.3750 0.6250
vt 0.3750 0.6250
vt 0.3750 0.6250
vt 0.3750 0.6250
vt 0.3750 0.7109
vt 0.3750 0.7109
vt 0.3750 0.7109
vt 0.3750 0.7109
vt 0.3750 0.7109
vt 0.3750 0.7109
vt 0.3750 0.7109
vt 0.3750 0.7109
vt 0.3750 0.7109
vt 0.3750 0.7109
vt 0.3750 0.7109
vt 0.3750 0.7109
vt 0.3750 0.5391
vt 0.3750 0.5391
vt 0.3750 0.5391
vt 0.3750 0.5391
vt 0.3750 0.5391
vt 0.3750 0.5391
vt 0.3750 0.5391
vt 0.3750 0.5391
vt 0.3750 0.6250
vt 0.3750 0.6250
vt 0.3750 0.6250
vt 0.3750 0.6250
vt 0.3750 0.7109
vt 0.3750 0.7109
vt 0.3750 0.7109
vt 0.3750 0.7109
vt 0.3750 0.7109
vt 0.3750 0.7109
vt 0.3750 0.7109
vt 0.3750 0.7109
vt 0.3750 0.6250
vt 0.3750 0.6250
vt 0.3750 0.6250
vt 0.3750 0.6250
vt 0.3750 0.5391
vt 0.3750 0.5391
vt 0.3750 0.5391
vt 0.3750 0.5391
vt 0.3750 0.5391
vt 0.3750 0.5391
vt 0.3750 0.5391
vt 0.3750 0.5391
vt 0.3750 0.6250
vt 0.3750 0.6250
vt 0.3750 0.6250
vt 0.3750 0.6250
vt 0.3750 0.7109
vt 0.3750 0.7109
vt 0.3750 0.7109
vt 0.3750 0.7109
vt 0.3750 0.7109
vt 0.3750 0.7109
vt 0.3750 0.7109
vt 0.3750 0.7109
vt 0.3750 0.6250
vt 0.3750 0.6250
vt 0.3750 0.6250
vt 0.3750 0.6250
vt 0.3750 0.5391
vt 0.3750 0.5391
vt 0.3750 0.5391
vt 0.3750 0.5391
vt 0.3750 0.5391
vt 0.3750 0.5391
vt 0.3750 0.5391
vt 0.3750 0.5391
vt 0.3750 0.6250
vt 0.3750 0.6250
vt 0.3750 0.6250
vt 0.3750 0.6250
vt 0.3750 0.7109
vt 0.3750 0.7109
vt 0.3750 0.7109
vt 0.3750 0.7109
vt 0.3750 0.7109
vt 0.3750 0.7109
vt 0.3750 0.7109
vt 0.3750 0.7109
vt 0.3750 0.6250
vt 0.3750 0.6250
vt 0.3750 0.6250
vt 0.3750 0.6250
vt 0.3750 0.5391
vt 0.3750 0.5391
vt 0.3750 0.5391
vt 0.3750 0.5391
vt 0.3750 0.5391
vt 0.3750 0.5391
vt 0.3750 0.5391
vt 0.3750 0.5391
vt 0.3750 0.6250
vt 0.3750 0.6250
vt 0.3750 0.6250
vt 0.3750 0.6250
vt 0.3750 0.7109
vt 0.3750 0.7109
vt 0.3750 0.7109
vt 0.3750 0.7109
vt 0.3750 0.7109
vt 0.3750 0.7109
vt 0.3750 0.5391
vt 0.3750 0.5391
vt 0.3750 0.5391
vt 0.3750 0.5391
vt 0.3750 0.5391
vt 0.3750 0.5391
vt 0.3750 0.7109
vt 0.3750 0.7109
vt 0.3750 0.7109
vt 0.3750 0.7109
vt 0.3750 0.7109
vt 0.3750 0.7109
vt 0.3750 0.7109
vt 0.3750 0.6250
vt 0.3750 0.6250
vt 0.3750 0.6250
vt 0.3750 0.6250
vt 0.3750 0.5391
vt 0.3750 0.5391
vt 0.3750 0.5391
vt 0.3750 0.7109
vt 0.3750 0.7109
vt 0.3750 0.7109
vt 0.3750 0.6250
vt 0.3750 0.6250
vt 0.3750 0.6250
vt 0.3750 0.6250
vt 0.3750 0.5391
vt 0.3750 0.5391
vt 0.3750 0.5391
vt 0.3750 0.5391
vt 0.3750 0.5391
vt 0.3750 0.5391
vt 0.3750 0.5391
vt 0.3750 0.7109
vt 0.3750 0.7109
vt 0.3750 0.7109
vt 0.3750 0.6250
vt 0.3750 0.6250
vt 0.3750 0.6250
vt 0.3750 0.6250
vt 0.3750 0.5391
vt 0.3750 0.5391
vt 0.3750 0.5391
vt 0.3750 0.5391
vt 0.3750 0.5391
vt 0.3750 0.5391
vt 0.3750 0.5391
vt 0.3750 0.7109
vt 0.3750 0.7109
vt 0.3750 0.7109
vt 0.3750 0.7109
vt 0.3750 0.7109
vt 0.3750 0.7109
vt 0.3750 0.7109
vt 0.3750 0.6250
vt 0.3750 0.6250
vt 0.3750 0.6250
vt 0.3750 0.6250
vt 0.3750 0.5391
vt 0.3750 0.5391
vt 0.3750 0.5391
vt 0.3750 0.7109
vt 0.3750 0.7109
vt 0.3750 0.7109
vt 0.3750 0.7109
vt 0.3750 0.7109
vt 0.3750 0.7109
vt 0.3750 0.7109
vt 0.3750 0.7109
vt 0.3750 0.7109
vt 0.3750 0.7109
vt 0.3750 0.7109
vt 0.3750 0.5391
vt 0.3750 0.5391
vt 0.3750 0.5391
vt 0.3750 0.7109
vt 0.3750 0.7109
vt 0.3750 0.7109
vt 0.3750 0.7109
vt 0.3750 0.7109
vt 0.3750 0.7109
vt 0.3750 0.7109
vt 0.3750 0.7109
vt 0.3750 0.7109
vt 0.3750 0.7109
vt 0.3750 0.7109
vt 0.3750 0.5391
vt 0.3750 0.5391
vt 0.3750 0.5391
vt 0.1250 0.2109
vt 0.1250 0.2109
vt 0.1250 0.2109
vt 0.1250 0.2109
vt 0.1250 0.2109
vt 0.1250 0.2109
vt 0.1250 0.2109
vt 0.1250 0.2109
vt 0.1250 0.1250
vt 0.1250 0.1250
vt 0.1250 0.1250
vt 0.1250 0.1250
vt 0.1250 0.0391
vt 0.1250 0.0391
vt 0.1250 0.0391
vt 0.1250 0.0391
vt 0.1250 0.0391
vt 0.1250 0.0391
vt 0.1250 0.0391
vt 0.1250 0.0391
vt 0.1250 0.1250
vt 0.1250 0.1250
vt 0.1250 0.1250
vt 0.1250 0.1250
vt 0.1250 0.2109
vt 0.1250 0.2109
vt 0.1250 0.2109
vt 0.1250 0.2109
vt 0.1250 0.2109
vt 0.1250 0.2109
vt 0.1250 0.2109
vt 0.1250 0.2109
vt 0.1250 0.1250
vt 0.1250 0.1250
vt 0.1250 0.1250
vt 0.1250 0.1250
vt 0.1250 0.0391
vt 0.1250 0.0391
vt 0.1250 0.0391
vt 0.1250 0.0391
vt 0.1250 0.0391
vt 0.1250 0.0391
vt 0.1250 0.0391
vt 0.1250 0.0391
vt 0.1250 0.1250
vt 0.1250 0.1250
vt 0.1250 0.1250
vt 0.1250 0.1250
vt 0.1250 0.2109
vt 0.1250 0.2109
vt 0.1250 0.2109
vt 0.1250 0.2109
vt 0.1250 0.2109
vt 0.1250 0.2109
vt 0.1250 0.2109
vt 0.1250 0.2109
vt 0.1250 0.1250
vt 0.1250 0.1250
vt 0.1250 0.1250
vt 0.1250 0.1250
vt 0.1250 0.0391
vt 0.1250 0.0391
vt 0.1250 0.0391
vt 0.1250 0.0391
vt 0.1250 0.0391
vt 0.1250 0.0391
vt 0.1250 0.0391
vt 0.1250 0.0391
vt 0.1250 0.2109
vt 0.1250 0.2109
vt 0.1250 0.2109
vt 0.1250 0.2109
vt 0.1250 0.2109
vt 0.1250 0.2109
vt 0.1250 0.2109
vt 0.1250 0.2109
vt 0.1250 0.2109
vt 0.1250 0.2109
vt 0.1250 0.2109
vt 0.1250 0.2109
vt 0.1250 0.1250
vt 0.1250 0.1250
vt 0.1250 0.1250
vt 0.1250 0.1250
vt 0.1250 0.0391
vt 0.1250 0.0391
vt 0.1250 0.0391
vt 0.1250 0.0391
vt 0.1250 0.0391
vt 0.1250 0.0391
vt 0.1250 0.0391
vt 0.1250 0.0391
vt 0.1250 0.2109
vt 0.1250 0.2109
vt 0.1250 0.2109
vt 0.1250 0.2109
vt 0.1250 0.2109
vt 0.1250 0.2109
vt 0.1250 0.2109
vt 0.1250 0.2109
vt 0.1250 0.2109
vt 0.1250 0.2109
vt 0.1250 0.2109
vt 0.1250 0.2109
vt 0.1250 0.1250
vt 0.1250 0.1250
vt 0.1250 0.1250
vt 0.1250 0.1250
vt 0.1250 0.0391
vt 0.1250 0.0391
vt 0.1250 0.0391
vt 0.1250 0.0391
vt 0.1250 0.0391
vt 0.1250 0.0391
vt 0.1250 0.0391
vt 0.1250 0.0391
vt 0.1250 0.2109
vt 0.1250 0.2109
vt 0.1250 0.2109
vt 0.1250 0.2109
vt 0.1250 0.2109
vt 0.1250 0.2109
vt 0.1250 0.2109
vt 0.1250 0.2109
vt 0.1250 0.2109
vt 0.1250 0.2109
vt 0.1250 0.2109
vt 0.1250 0.2109
vt 0.1250 0.1250
vt 0.1250 0.1250
vt 0.1250 0.1250
vt 0.1250 0.1250
vt 0.1250 0.0391
vt 0.1250 0.0391
vt 0.1250 0.0391
vt 0.1250 0.0391
vt 0.1250 0.0391
vt 0.1250 0.0391
vt 0.1250 0.0391
vt 0.1250 0.0391
vt 0.1250 0.2109
vt 0.1250 0.2109
vt 0.1250 0.2109
vt 0.1250 0.2109
vt 0.1250 0.2109
vt 0.1250 0.2109
vt 0.1250 0.2109
vt 0.1250 0.2109
vt 0.1250 0.2109
vt 0.1250 0.2109
vt 0.1250 0.2109
vt 0.1250 0.2109
vt 0.1250 0.1250
vt 0.1250 0.1250
vt 0.1250 0.1250
vt 0.1250 0.1250
vt 0.1250 0.0391
vt 0.1250 0.0391
vt 0.1250 0.0391
vt 0.1250 0.0391
vt 0.1250 0.0391
vt 0.1250 0.0391
vt 0.1250 0.0391
vt 0.1250 0.0391
vt 0.1250 0.2109
vt 0.1250 0.2109
vt 0.1250 0.2109
vt 0.1250 0.2109
vt 0.1250 0.2109
vt 0.1250 0.2109
vt 0.1250 0.2109
vt 0.1250 0.2109
vt 0.1250 0.2109
vt 0.1250 0.2109
vt 0.1250 0.2109
vt 0.1250 0.2109
vt 0.1250 0.1250
vt 0.1250 0.1250
vt 0.1250 0.1250
vt 0.1250 0.1250
vt 0.1250 0.0391
vt 0.1250 0.0391
vt 0.1250 0.0391
vt 0.1250 0.0391
vt 0.1250 0.0391
vt 0.1250 0.0391
vt 0.1250 0.0391
vt 0.1250 0.0391
vt 0.1250 0.1250
vt 0.1250 0.1250
vt 0.1250 0.1250
vt 0.1250 0.1250
vt 0.1250 0.2109
vt 0.1250 0.2109
vt 0.1250 0.2109
vt 0.1250 0.2109
vt 0.1250 0.2109
vt 0.1250 0.2109
vt 0.1250 0.2109
vt 0.1250 0.2109
vt 0.1250 0.1250
vt 0.1250 0.1250
vt 0.1250 0.1250
vt 0.1250 0.1250
vt 0.1250 0.0391
vt 0.1250 0.0391
vt 0.1250 0.0391
vt 0.1250 0.0391
vt 0.1250 0.0391
vt 0.1250 0.0391
vt 0.1250 0.0391
vt 0.1250 0.0391
vt 0.1250 0.1250
vt 0.1250 0.1250
vt 0.1250 0.1250
vt 0.1250 0.1250
vt 0.1250 0.2109
vt 0.1250 0.2109
vt 0.1250 0.2109
vt 0.1250 0.2109
vt 0.1250 0.2109
vt 0.1250 0.2109
vt 0.1250 0.2109
vt 0.1250 0.2109
vt 0.1250 0.1250
vt 0.1250 0.1250
vt 0.1250 0.1250
vt 0.1250 0.1250
vt 0.1250 0.0391
vt 0.1250 0.0391
vt 0.1250 0.0391
vt 0.1250 0.0391
vt 0.1250 0.0391
vt 0.1250 0.0391
vt 0.1250 0.0391
vt 0.1250 0.0391
vt 0.1250 0.1250
vt 0.1250 0.1250
vt 0.1250 0.1250
vt 0.1250 0.1250
vt 0.1250 0.2109
vt 0.1250 0.2109
vt 0.1250 0.2109
vt 0.1250 0.2109
vt 0.1250 0.2109
vt 0.1250 0.2109
vt 0.1250 0.2109
vt 0.1250 0.2109
vt 0.1250 0.1250
vt 0.1250 0.1250
vt 0.1250 0.1250
vt 0.1250 0.1250
vt 0.1250 0.0391
vt 0.1250 0.0391
vt 0.1250 0.0391
vt 0.1250 0.0391
vt 0.1250 0.0391
vt 0.1250 0.0391
vt 0.1250 0.0391
vt 0.1250 0.0391
vt 0.1250 0.1250
vt 0.1250 0.1250
vt 0.1250 0.1250
vt 0.1250 0.1250
vt 0.1250 0.2109
vt 0.1250 0.2109
vt 0.1250 0.2109
vt 0.1250 0.2109
vt 0.1250 0.2109
vt 0.1250 0.2109
vt 0.1250 0.2109
vt 0.1250 0.2109
vt 0.1250 0.1250
vt 0.1250 0.1250
vt 0.1250 0.1250
vt 0.1250 0.1250
vt 0.1250 0.0391
vt 0.1250 0.0391
vt 0.1250 0.0391
vt 0.1250 0.0391
vt 0.1250 0.0391
vt 0.1250 0.0391
vt 0.1250 0.0391
vt 0.1250 0.0391
vt 0.1250 0.1250
vt 0.1250 0.1250
vt 0.1250 0.1250
vt 0.1250 0.1250
vt 0.1250 0.2109
vt 0.1250 0.2109
vt 0.1250 0.2109
vt 0.1250 0.2109
vt 0.1250 0.2109
vt 0.1250 0.2109
vt 0.1250 0.0391
vt 0.1250 0.0391
vt 0.1250 0.0391
vt 0.1250 0.0391
vt 0.1250 0.0391
vt 0.1250 0.0391
vt 0.3750 0.7109
vt 0.3750 0.7109
vt 0.3750 0.7109
vt 0.3750 0.7109
vt 0.3750 0.7109
vt 0.3750 0.7109
vt 0.3750 0.7109
vt 0.3750 0.6250
vt 0.3750 0.6250
vt 0.3750 0.6250
vt 0.3750 0.6250
vt 0.3750 0.5391
vt 0.3750 0.5391
vt 0.3750 0.5391
vt 0.3750 0.7109
vt 0.3750 0.7109
vt 0.3750 0.7109
vt 0.3750 0.6250
vt 0.3750 0.6250
vt 0.3750 0.6250
vt 0.3750 0.6250
vt 0.3750 0.5391
vt 0.3750 0.5391
vt 0.3750 0.5391
vt 0.3750 0.5391
vt 0.3750 0.5391
vt 0.3750 0.5391
vt 0.3750 0.5391
vt 0.3750 0.7109
vt 0.3750 0.7109
vt 0.3750 0.7109
vt 0.3750 0.6250
vt 0.3750 0.6250
vt 0.3750 0.6250
vt 0.3750 0.6250
vt 0.3750 0.5391
vt 0.3750 0.5391
vt 0.3750 0.5391
vt 0.3750 0.5391
vt 0.3750 0.5391
vt 0.3750 0.5391
vt 0.3750 0.5391
vt 0.3750 0.7109
vt 0.3750 0.7109
vt 0.3750 0.7109
vt 0.3750 0.7109
vt 0.3750 0.7109
vt 0.3750 0.7109
vt 0.3750 0.7109
vt 0.3750 0.6250
vt 0.3750 0.6250
vt 0.3750 0.6250
vt 0.3750 0.6250
vt 0.3750 0.5391
vt 0.3750 0.5391
vt 0.3750 0.5391
vt 0.3750 0.7109
vt 0.3750 0.7109
vt 0.3750 0.7109
vt 0.3750 0.7109
vt 0.3750 0.7109
vt 0.3750 0.7109
vt 0.3750 0.7109
vt 0.3750 0.7109
vt 0.3750 0.7109
vt 0.3750 0.7109
vt 0.3750 0.7109
vt 0.3750 0.5391
vt 0.3750 0.5391
vt 0.3750 0.5391
vt 0.3750 0.7109
vt 0.3750 0.7109
vt 0.3750 0.7109
vt 0.3750 0.7109
vt 0.3750 0.7109
vt 0.3750 0.7109
vt 0.3750 0.7109
vt 0.3750 0.7109
vt 0.3750 0.7109
vt 0.3750 0.7109
vt 0.3750 0.7109
vt 0.3750 0.5391
vt 0.3750 0.5391
vt 0.3750 0.5391
vt 0.3750 0.7109
vt 0.3750 0.7109
vt 0.3750 0.7109
vt 0.3750 0.7109
vt 0.3750 0.7109
vt 0.3750 0.7109
vt 0.3750 0.7109
vt 0.3750 0.7109
vt 0.3750 0.6250
vt 0.3750 0.6250
vt 0.3750 0.6250
vt 0.3750 0.6250
vt 0.3750 0.5391
vt 0.3750 0.5391
vt 0.3750 0.5391
vt 0.3750 0.5391
vt 0.3750 0.6250
vt 0.3750 0.6250
vt 0.3750 0.6250
vt 0.3750 0.6250
vt 0.3750 0.7109
vt 0.3750 0.7109
vt 0.3750 0.7109
vt 0.3750 0.7109
vt 0.3750 0.7109
vt 0.3750 0.7109
vt 0.3750 0.7109
vt 0.3750 0.7109
vt 0.3750 0.7109
vt 0.3750 0.7109
vt 0.3750 0.7109
vt 0.3750 0.7109
vt 0.3750 0.6250
vt 0.3750 0.6250
vt 0.3750 0.6250
vt 0.3750 0.6250
vt 0.3750 0.5391
vt 0.3750 0.5391
vt 0.3750 0.5391
vt 0.3750 0.5391
vt 0.3750 0.6250
vt 0.3750 0.6250
vt 0.3750 0.6250
vt 0.3750 0.6250
vt 0.3750 0.7109
vt 0.3750 0.7109
vt 0.3750 0.7109
vt 0.3750 0.7109
vt 0.3750 0.7109
vt 0.3750 0.7109
vt 0.3750 0.7109
vt 0.3750 0.7109
vt 0.3750 0.7109
vt 0.3750 0.7109
vt 0.3750 0.7109
vt 0.3750 0.7109
vt 0.3750 0.6250
vt 0.3750 0.6250
vt 0.3750 0.6250
vt 0.3750 0.6250
vt 0.3750 0.5391
vt 0.3750 0.5391
vt 0.3750 0.5391
vt 0.3750 0.5391
vt 0.3750 0.6250
vt 0.3750 0.6250
vt 0.3750 0.6250
vt 0.3750 0.6250
vt 0.3750 0.7109
vt 0.3750 0.7109
vt 0.3750 0.7109
vt 0.3750 0.7109
vt 0.3750 0.7109
vt 0.3750 0.7109
vt 0.3750 0.7109
vt 0.3750 0.7109
vt 0.3750 0.7109
vt 0.3750 0.7109
vt 0.3750 0.7109
vt 0.3750 0.7109
vt 0.3750 0.6250
vt 0.3750 0.6250
vt 0.3750 0.6250
vt 0.3750 0.6250
vt 0.3750 0.5391
vt 0.3750 0.5391
vt 0.3750 0.5391
vt 0.3750 0.5391
vt 0.3750 0.6250
vt 0.3750 0.6250
vt 0.3750 0.6250
vt 0.3750 0.6250
vt 0.3750 0.7109
vt 0.3750 0.7109
vt 0.3750 0.7109
vt 0.3750 0.7109
vt 0.3750 0.7109
vt 0.3750 0.7109
vt 0.3750 0.7109
vt 0.3750 0.7109
vt 0.3750 0.7109
vt 0.3750 0.7109
vt 0.3750 0.7109
vt 0.3750 0.7109
vt 0.3750 0.6250
vt 0.3750 0.6250
vt 0.3750 0.6250
vt 0.3750 0.6250
vt 0.3750 0.5391
vt 0.3750 0.5391
vt 0.3750 0.5391
vt 0.3750 0.5391
vt 0.3750 0.6250
vt 0.3750 0.6250
vt 0.3750 0.6250
vt 0.3750 0.6250
vt 0.3750 0.7109
vt 0.3750 0.7109
vt 0.3750 0.7109
vt 0.3750 0.7109
vt 0.3750 0.7109
vt 0.3750 0.7109
vt 0.3750 0.7109
vt 0.3750 0.7109
vt 0.3750 0.7109
vt 0.3750 0.7109
vt 0.3750 0.7109
vt 0.3750 0.7109
vt 0.3750 0.6250
vt 0.3750 0.6250
vt 0.3750 0.6250
vt 0.3750 0.6250
vt 0.3750 0.5391
vt 0.3750 0.5391
vt 0.3750 0.5391
vt 0.3750 0.5391
vt 0.3750 0.6250
vt 0.3750 0.6250
vt 0.3750 0.6250
vt 0.3750 0.6250
vt 0.3750 0.7109
vt 0.3750 0.7109
vt 0.3750 0.7109
vt 0.3750 0.7109
vt 0.3750 0.7109
vt 0.3750 0.7109
vt 0.3750 0.7109
vt 0.3750 0.7109
vt 0.3750 0.7109
vt 0.3750 0.7109
vt 0.3750 0.7109
vt 0.3750 0.7109
vt 0.3750 0.6250
vt 0.3750 0.6250
vt 0.3750 0.6250
vt 0.3750 0.6250
vt 0.3750 0.5391
vt 0.3750 0.5391
vt 0.3750 0.5391
vt 0.3750 0.5391
vt 0.3750 0.6250
vt 0.3750 0.6250
vt 0.3750 0.6250
vt 0.3750 0.6250
vt 0.3750 0.7109
vt 0.3750 0.7109
vt 0.3750 0.7109
vt 0.3750 0.7109
vt 0.3750 0.7109
vt 0.3750 0.7109
vt 0.3750 0.7109
vt 0.3750 0.7109
vt 0.3750 0.7109
vt 0.3750 0.7109
vt 0.3750 0.7109
vt 0.3750 0.7109
vt 0.3750 0.6250
vt 0.3750 0.6250
vt 0.3750 0.6250
vt 0.3750 0.6250
vt 0.3750 0.5391
vt 0.3750 0.5391
vt 0.3750 0.5391
vt 0.3750 0.5391
vt 0.3750 0.6250
vt 0.3750 0.6250
vt 0.3750 0.6250
vt 0.3750 0.6250
vt 0.3750 0.7109
vt 0.3750 0.7109
vt 0.3750 0.7109
vt 0.3750 0.7109
vt 0.3750 0.7109
vt 0.3750 0.7109
vt 0.3750 0.7109
vt 0.3750 0.7109
vt 0.3750 0.7109
vt 0.3750 0.7109
vt 0.3750 0.7109
vt 0.3750 0.7109
vt 0.3750 0.6250
vt 0.3750 0.6250
vt 0.3750 0.6250
vt 0.3750 0.6250
vt 0.3750 0.5391
vt 0.3750 0.5391
vt 0.3750 0.5391
vt 0.3750 0.5391
vt 0.3750 0.6250
vt 0.3750 0.6250
vt 0.3750 0.6250
vt 0.3750 0.6250
vt 0.3750 0.7109
vt 0.3750 0.7109
vt 0.3750 0.7109
vt 0.3750 0.7109
vt 0.3750 0.7109
vt 0.3750 0.7109
vt 0.3750 0.7109
vt 0.3750 0.7109
vt 0.3750 0.7109
vt 0.3750 0.7109
vt 0.3750 0.7109
vt 0.3750 0.7109
vt 0.3750 0.6250
vt 0.3750 0.6250
vt 0.3750 0.6250
vt 0.3750 0.6250
vt 0.3750 0.5391
vt 0.3750 0.5391
vt 0.3750 0.5391
vt 0.3750 0.5391
vt 0.3750 0.6250
vt 0.3750 0.6250
vt 0.3750 0.6250
vt 0.3750 0.6250
vt 0.3750 0.7109
vt 0.3750 0.7109
vt 0.3750 0.7109
vt 0.3750 0.7109
vt 0.3750 0.7109
vt 0.3750 0.7109
vt 0.3750 0.7109
vt 0.3750 0.7109
vt 0.3750 0.7109
vt 0.3750 0.7109
vt 0.3750 0.7109
vt 0.3750 0.7109
vt 0.3750 0.6250
vt 0.3750 0.6250
vt 0.3750 0.6250
vt 0.3750 0.6250
vt 0.3750 0.5391
vt 0.3750 0.5391
vt 0.3750 0.5391
vt 0.3750 0.5391
vt 0.3750 0.6250
vt 0.3750 0.6250
vt 0.3750 0.6250
vt 0.3750 0.6250
vt 0.3750 0.7109
vt 0.3750 0.7109
vt 0.3750 0.7109
vt 0.3750 0.7109
vt 0.3750 0.7109
vt 0.3750 0.7109
vt 0.3750 0.7109
vt 0.3750 0.7109
vt 0.3750 0.7109
vt 0.3750 0.7109
vt 0.3750 0.7109
vt 0.3750 0.7109
vt 0.3750 0.6250
vt 0.3750 0.6250
vt 0.3750 0.6250
vt 0.3750 0.6250
vt 0.3750 0.5391
vt 0.3750 0.5391
vt 0.3750 0.5391
vt 0.3750 0.5391
vt 0.3750 0.5391
vt 0.3750 0.5391
vt 0.3750 0.5391
vt 0.3750 0.5391
vt 0.3750 0.6250
vt 0.3750 0.6250
vt 0.3750 0.6250
vt 0.3750 0.6250
vt 0.3750 0.7109
vt 0.3750 0.7109
vt 0.3750 0.7109
vt 0.3750 0.7109
vt 0.3750 0.7109
vt 0.3750 0.7109
vt 0.3750 0.5391
vt 0.3750 0.5391
vt 0.3750 0.5391
vt 0.3750 0.5391
vt 0.3750 0.5391
vt 0.3750 0.5391
vt 0.3750 0.7109
vt 0.3750 0.7109
vt 0.3750 0.7109
vt 0.3750 0.7109
vt 0.3750 0.7109
vt 0.3750 0.7109
vt 0.3750 0.7109
vt 0.3750 0.6250
vt 0.3750 0.6250
vt 0.3750 0.6250
vt 0.3750 0.6250
vt 0.3750 0.5391
vt 0.3750 0.5391
vt 0.3750 0.5391
vt 0.3750 0.7109
vt 0.3750 0.7109
vt 0.3750 0.7109
vt 0.3750 0.6250
vt 0.3750 0.6250
vt 0.3750 0.6250
vt 0.3750 0.6250
vt 0.3750 0.5391
vt 0.3750 0.5391
vt 0.3750 0.5391
vt 0.3750 0.5391
vt 0.3750 0.5391
vt 0.3750 0.5391
vt 0.3750 0.5391
vt 0.3750 0.7109
vt 0.3750 0.7109
vt 0.3750 0.7109
vt 0.3750 0.6250
vt 0.3750 0.6250
vt 0.3750 0.6250
vt 0.3750 0.6250
vt 0.3750 0.5391
vt 0.3750 0.5391
vt 0.3750 0.5391
vt 0.3750 0.5391
vt 0.3750 0.5391
vt 0.3750 0.5391
vt 0.3750 0.5391
vt 0.3750 0.7109
vt 0.3750 0.7109
vt 0.3750 0.7109
vt 0.3750 0.7109
vt 0.3750 0.7109
vt 0.3750 0.7109
vt 0.3750 0.7109
vt 0.3750 0.6250
vt 0.3750 0.6250
vt 0.3750 0.6250
vt 0.3750 0.6250
vt 0.3750 0.5391
vt 0.3750 0.5391
vt 0.3750 0.5391
vt 0.3750 0.7109
vt 0.3750 0.7109
vt 0.3750 0.7109
vt 0.3750 0.7109
vt 0.3750 0.7109
vt 0.3750 0.7109
vt 0.3750 0.7109
vt 0.3750 0.7109
vt 0.3750 0.7109
vt 0.3750 0.7109
vt 0.3750 0.7109
vt 0.3750 0.5391
vt 0.3750 0.5391
vt 0.3750 0.5391
vt 0.3750 0.7109
vt 0.3750 0.7109
vt 0.3750 0.7109
vt 0.3750 0.7109
vt 0.3750 0.7109
vt 0.3750 0.7109
vt 0.3750 0.7109
vt 0.3750 0.7109
vt 0.3750 0.7109
vt 0.3750 0.7109
vt 0.3750 0.7109
vt 0.3750 0.5391
vt 0.3750 0.5391
vt 0.3750 0.5391
vt 0.1250 0.2109
vt 0.1250 0.2109
vt 0.1250 0.2109
vt 0.1250 0.2109
vt 0.1250 0.2109
vt 0.1250 0.2109
vt 0.1250 0.2109
vt 0.1250 0.2109
vt 0.1250 0.1250
vt 0.1250 0.1250
vt 0.1250 0.1250
vt 0.1250 0.1250
vt 0.1250 0.0391
vt 0.1250 0.0391
vt 0.1250 0.0391
vt 0.1250 0.0391
vt 0.1250 0.1250
vt 0.1250 0.1250
vt 0.1250 0.1250
vt 0.1250 0.1250
vt 0.1250 0.1250
vt 0.1250 0.1250
vt 0.1250 0.1250
vt 0.1250 0.1250
vt 0.1250 0.2109
vt 0.1250 0.2109
vt 0.1250 0.2109
vt 0.1250 0.2109
vt 0.1250 0.2109
vt 0.1250 0.2109
vt 0.1250 0.2109
vt 0.1250 0.2109
vt 0.1250 0.1250
vt 0.1250 0.1250
vt 0.1250 0.1250
vt 0.1250 0.1250
vt 0.1250 0.1250
vt 0.1250 0.1250
vt 0.1250 0.1250
vt 0.1250 0.1250
vt 0.1250 0.1250
vt 0.1250 0.1250
vt 0.1250 0.1250
vt 0.1250 0.1250
vt 0.1250 0.1250
vt 0.1250 0.1250
vt 0.1250 0.1250
vt 0.1250 0.1250
vt 0.1250 0.2109
vt 0.1250 0.2109
vt 0.1250 0.2109
vt 0.1250 0.2109
vt 0.1250 0.2109
vt 0.1250 0.2109
vt 0.1250 0.2109
vt 0.1250 0.2109
vt 0.1250 0.1250
vt 0.1250 0.1250
vt 0.1250 0.1250
vt 0.1250 0.1250
vt 0.1250 0.1250
vt 0.1250 0.1250
vt 0.1250 0.1250
vt 0.1250 0.1250
vt 0.1250 0.1250
vt 0.1250 0.1250
vt 0.1250 0.1250
vt 0.1250 0.1250
vt 0.1250 0.1250
vt 0.1250 0.1250
vt 0.1250 0.1250
vt 0.1250 0.1250
vt 0.1250 0.2109
vt 0.1250 0.2109
vt 0.1250 0.2109
vt 0.1250 0.2109
vt 0.1250 0.2109
vt 0.1250 0.2109
vt 0.1250 0.2109
vt 0.1250 0.2109
vt 0.1250 0.1250
vt 0.1250 0.1250
vt 0.1250 0.1250
vt 0.1250 0.1250
vt 0.1250 0.1250
vt 0.1250 0.1250
vt 0.1250 0.1250
vt 0.1250 0.1250
vt 0.1250 0.1250
vt 0.1250 0.1250
vt 0.1250 0.1250
vt 0.1250 0.1250
vt 0.1250 0.1250
vt 0.1250 0.1250
vt 0.1250 0.1250
vt 0.1250 0.1250
vt 0.1250 0.2109
vt 0.1250 0.2109
vt 0.1250 0.2109
vt 0.1250 0.2109
vt 0.1250 0.2109
vt 0.1250 0.2109
vt 0.1250 0.2109
vt 0.1250 0.2109
vt 0.1250 0.1250
vt 0.1250 0.1250
vt 0.1250 0.1250
vt 0.1250 0.1250
vt 0.1250 0.1250
vt 0.1250 0.1250
vt 0.1250 0.1250
vt 0.1250 0.1250
vt 0.1250 0.1250
vt 0.1250 0.1250
vt 0.1250 0.1250
vt 0.1250 0.1250
vt 0.1250 0.1250
vt 0.1250 0.1250
vt 0.1250 0.1250
vt 0.1250 0.1250
vt 0.1250 0.2109
vt 0.1250 0.2109
vt 0.1250 0.2109
vt 0.1250 0.2109
vt 0.1250 0.2109
vt 0.1250 0.2109
vt 0.1250 0.2109
vt 0.1250 0.2109
vt 0.1250 0.1250
vt 0.1250 0.1250
vt 0.1250 0.1250
vt 0.1250 0.1250
vt 0.1250 0.1250
vt 0.1250 0.1250
vt 0.1250 0.1250
vt 0.1250 0.1250
vt 0.1250 0.1250
vt 0.1250 0.1250
vt 0.1250 0.1250
vt 0.1250 0.1250
vt 0.1250 0.1250
vt 0.1250 0.1250
vt 0.1250 0.1250
vt 0.1250 0.1250
vt 0.1250 0.2109
vt 0.1250 0.2109
vt 0.1250 0.2109
vt 0.1250 0.2109
vt 0.1250 0.2109
vt 0.1250 0.2109
vt 0.1250 0.2109
vt 0.1250 0.2109
vt 0.1250 0.1250
vt 0.1250 0.1250
vt 0.1250 0.1250
vt 0.1250 0.1250
vt 0.1250 0.1250
vt 0.1250 0.1250
vt 0.1250 0.1250
vt 0.1250 0.1250
vt 0.1250 0.1250
vt 0.1250 0.1250
vt 0.1250 0.1250
vt 0.1250 0.1250
vt 0.1250 0.1250
vt 0.1250 0.1250
vt 0.1250 0.1250
vt 0.1250 0.1250
vt 0.1250 0.2109
vt 0.1250 0.2109
vt 0.1250 0.2109
vt 0.1250 0.2109
vt 0.1250 0.2109
vt 0.1250 0.2109
vt 0.1250 0.2109
vt 0.1250 0.2109
vt 0.1250 0.1250
vt 0.1250 0.1250
vt 0.1250 0.1250
vt 0.1250 0.1250
vt 0.1250 0.1250
vt 0.1250 0.1250
vt 0.1250 0.1250
vt 0.1250 0.1250
vt 0.1250 0.1250
vt 0.1250 0.1250
vt 0.1250 0.1250
vt 0.1250 0.1250
vt 0.1250 0.1250
vt 0.1250 0.1250
vt 0.1250 0.1250
vt 0.1250 0.1250
vt 0.1250 0.2109
vt 0.1250 0.2109
vt 0.1250 0.2109
vt 0.1250 0.2109
vt 0.1250 0.2109
vt 0.1250 0.2109
vt 0.1250 0.2109
vt 0.1250 0.2109
vt 0.1250 0.1250
vt 0.1250 0.1250
vt 0.1250 0.1250
vt 0.1250 0.1250
vt 0.1250 0.1250
vt 0.1250 0.1250
vt 0.1250 0.1250
vt 0.1250 0.1250
vt 0.1250 0.1250
vt 0.1250 0.1250
vt 0.1250 0.1250
vt 0.1250 0.1250
vt 0.1250 0.1250
vt 0.1250 0.1250
vt 0.1250 0.1250
vt 0.1250 0.1250
vt 0.1250 0.2109
vt 0.1250 0.2109
vt 0.1250 0.2109
vt 0.1250 0.2109
vt 0.1250 0.2109
vt 0.1250 0.2109
vt 0.1250 0.2109
vt 0.1250 0.2109
vt 0.1250 0.1250
vt 0.1250 0.1250
vt 0.1250 0.1250
vt 0.1250 0.1250
vt 0.1250 0.1250
vt 0.1250 0.1250
vt 0.1250 0.1250
vt 0.1250 0.1250
vt 0.1250 0.1250
vt 0.1250 0.1250
vt 0.1250 0.1250
vt 0.1250 0.1250
vt 0.1250 0.1250
vt 0.1250 0.1250
vt 0.1250 0.1250
vt 0.1250 0.1250
vt 0.1250 0.2109
vt 0.1250 0.2109
vt 0.1250 0.2109
vt 0.1250 0.2109
vt 0.1250 0.2109
vt 0.1250 0.2109
vt 0.1250 0.2109
vt 0.1250 0.2109
vt 0.1250 0.1250
vt 0.1250 0.1250
vt 0.1250 0.1250
vt 0.1250 0.1250
vt 0.1250 0.0391
vt 0.1250 0.0391
vt 0.1250 0.0391
vt 0.1250 0.0391
vt 0.1250 0.1250
vt 0.1250 0.1250
vt 0.1250 0.1250
vt 0.1250 0.1250
vt 0.1250 0.1250
vt 0.1250 0.1250
vt 0.1250 0.1250
vt 0.1250 0.1250
vt 0.1250 0.2109
vt 0.1250 0.2109
vt 0.1250 0.2109
vt 0.1250 0.2109
vt 0.1250 0.2109
vt 0.1250 0.2109
vt 0.1250 0.2109
vt 0.1250 0.2109
vt 0.1250 0.1250
vt 0.1250 0.1250
vt 0.1250 0.1250
vt 0.1250 0.1250
vt 0.1250 0.0391
vt 0.1250 0.0391
vt 0.1250 0.0391
vt 0.1250 0.0391
vt 0.1250 0.0391
vt 0.1250 0.0391
vt 0.1250 0.0391
vt 0.1250 0.0391
vt 0.1250 0.1250
vt 0.1250 0.1250
vt 0.1250 0.1250
vt 0.1250 0.1250
vt 0.1250 0.2109
vt 0.1250 0.2109
vt 0.1250 0.2109
vt 0.1250 0.2109
vt 0.1250 0.2109
vt 0.1250 0.2109
vt 0.1250 0.0391
vt 0.1250 0.0391
vt 0.1250 0.0391
vt 0.1250 0.0391
vt 0.1250 0.0391
vt 0.1250 0.0391
vt 0.3750 0.7109
vt 0.3750 0.7109
vt 0.3750 0.7109
vt 0.3750 0.7109
vt 0.3750 0.7109
vt 0.3750 0.7109
vt 0.3750 0.7109
vt 0.3750 0.6250
vt 0.3750 0.6250
vt 0.3750 0.6250
vt 0.3750 0.6250
vt 0.3750 0.5391
vt 0.3750 0.5391
vt 0.3750 0.5391
vt 0.3750 0.7109
vt 0.3750 0.7109
vt 0.3750 0.7109
vt 0.3750 0.6250
vt 0.3750 0.6250
vt 0.3750 0.6250
vt 0.3750 0.6250
vt 0.3750 0.5391
vt 0.3750 0.5391
vt 0.3750 0.5391
vt 0.3750 0.5391
vt 0.3750 0.5391
vt 0.3750 0.5391
vt 0.3750 0.5391
vt 0.3750 0.7109
vt 0.3750 0.7109
vt 0.3750 0.7109
vt 0.3750 0.6250
vt 0.3750 0.6250
vt 0.3750 0.6250
vt 0.3750 0.6250
vt 0.3750 0.5391
vt 0.3750 0.5391
vt 0.3750 0.5391
vt 0.3750 0.5391
vt 0.3750 0.5391
vt 0.3750 0.5391
vt 0.3750 0.5391
vt 0.3750 0.7109
vt 0.3750 0.7109
vt 0.3750 0.7109
vt 0.3750 0.7109
vt 0.3750 0.7109
vt 0.3750 0.7109
vt 0.3750 0.7109
vt 0.3750 0.6250
vt 0.3750 0.6250
vt 0.3750 0.6250
vt 0.3750 0.6250
vt 0.3750 0.5391
vt 0.3750 0.5391
vt 0.3750 0.5391
vt 0.3750 0.7109
vt 0.3750 0.7109
vt 0.3750 0.7109
vt 0.3750 0.7109
vt 0.3750 0.7109
vt 0.3750 0.7109
vt 0.3750 0.7109
vt 0.3750 0.7109
vt 0.3750 0.7109
vt 0.3750 0.7109
vt 0.3750 0.7109
vt 0.3750 0.5391
vt 0.3750 0.5391
vt 0.3750 0.5391
vt 0.3750 0.7109
vt 0.3750 0.7109
vt 0.3750 0.7109
vt 0.3750 0.7109
vt 0.3750 0.7109
vt 0.3750 0.7109
vt 0.3750 0.7109
vt 0.3750 0.7109
vt 0.3750 0.7109
vt 0.3750 0.7109
vt 0.3750 0.7109
vt 0.3750 0.5391
vt 0.3750 0.5391
vt 0.3750 0.5391
vt 0.3750 0.5391
vt 0.3750 0.5391
vt 0.3750 0.5391
vt 0.3750 0.5391
vt 0.3750 0.6250
vt 0.3750 0.6250
vt 0.3750 0.6250
vt 0.3750 0.6250
vt 0.3750 0.7109
vt 0.3750 0.7109
vt 0.3750 0.7109
vt 0.3750 0.7109
vt 0.3750 0.7109
vt 0.3750 0.7109
vt 0.3750 0.7109
vt 0.3750 0.7109
vt 0.3750 0.6250
vt 0.3750 0.6250
vt 0.3750 0.6250
vt 0.3750 0.6250
vt 0.3750 0.5391
vt 0.3750 0.5391
vt 0.3750 0.5391
vt 0.3750 0.5391
vt 0.3750 0.6250
vt 0.3750 0.6250
vt 0.3750 0.6250
vt 0.3750 0.6250
vt 0.3750 0.7109
vt 0.3750 0.7109
vt 0.3750 0.7109
vt 0.3750 0.7109
vt 0.3750 0.7109
vt 0.3750 0.7109
vt 0.3750 0.7109
vt 0.3750 0.7109
vt 0.3750 0.6250
vt 0.3750 0.6250
vt 0.3750 0.6250
vt 0.3750 0.6250
vt 0.3750 0.5391
vt 0.3750 0.5391
vt 0.3750 0.5391
vt 0.3750 0.5391
vt 0.3750 0.6250
vt 0.3750 0.6250
vt 0.3750 0.6250
vt 0.3750 0.6250
vt 0.3750 0.7109
vt 0.3750 0.7109
vt 0.3750 0.7109
vt 0.3750 0.7109
vt 0.3750 0.7109
vt 0.3750 0.7109
vt 0.3750 0.7109
vt 0.3750 0.7109
vt 0.3750 0.6250
vt 0.3750 0.6250
vt 0.3750 0.6250
vt 0.3750 0.6250
vt 0.3750 0.5391
vt 0.3750 0.5391
vt 0.3750 0.5391
vt 0.3750 0.5391
vt 0.3750 0.6250
vt 0.3750 0.6250
vt 0.3750 0.6250
vt 0.3750 0.6250
vt 0.3750 0.7109
vt 0.3750 0.7109
vt 0.3750 0.7109
vt 0.3750 0.7109
vt 0.3750 0.7109
vt 0.3750 0.7109
vt 0.3750 0.7109
vt 0.3750 0.7109
vt 0.3750 0.6250
vt 0.3750 0.6250
vt 0.3750 0.6250
vt 0.3750 0.6250
vt 0.3750 0.5391
vt 0.3750 0.5391
vt 0.3750 0.5391
vt 0.3750 0.5391
vt 0.3750 0.6250
vt 0.3750 0.6250
vt 0.3750 0.6250
vt 0.3750 0.6250
vt 0.3750 0.7109
vt 0.3750 0.7109
vt 0.3750 0.7109
vt 0.3750 0.7109
vt 0.3750 0.7109
vt 0.3750 0.7109
vt 0.3750 0.7109
vt 0.3750 0.7109
vt 0.3750 0.6250
vt 0.3750 0.6250
vt 0.3750 0.6250
vt 0.3750 0.6250
vt 0.3750 0.5391
vt 0.3750 0.5391
vt 0.3750 0.5391
vt 0.3750 0.5391
vt 0.3750 0.6250
vt 0.3750 0.6250
vt 0.3750 0.6250
vt 0.3750 0.6250
vt 0.3750 0.7109
vt 0.3750 0.7109
vt 0.3750 0.7109
vt 0.3750 0.7109
vt 0.3750 0.7109
vt 0.3750 0.7109
vt 0.3750 0.7109
vt 0.3750 0.7109
vt 0.3750 0.6250
vt 0.3750 0.6250
vt 0.3750 0.6250
vt 0.3750 0.6250
vt 0.3750 0.5391
vt 0.3750 0.5391
vt 0.3750 0.5391
vt 0.3750 0.5391
vt 0.3750 0.6250
vt 0.3750 0.6250
vt 0.3750 0.6250
vt 0.3750 0.6250
vt 0.3750 0.7109
vt 0.3750 0.7109
vt 0.3750 0.7109
vt 0.3750 0.7109
vt 0.3750 0.7109
vt 0.3750 0.7109
vt 0.3750 0.7109
vt 0.3750 0.7109
vt 0.3750 0.6250
vt 0.3750 0.6250
vt 0.3750 0.6250
vt 0.3750 0.6250
vt 0.3750 0.5391
vt 0.3750 0.5391
vt 0.3750 0.5391
vt 0.3750 0.5391
vt 0.3750 0.6250
vt 0.3750 0.6250
vt 0.3750 0.6250
vt 0.3750 0.6250
vt 0.3750 0.7109
vt 0.3750 0.7109
vt 0.3750 0.7109
vt 0.3750 0.7109
vt 0.3750 0.7109
vt 0.3750 0.7109
vt 0.3750 0.7109
vt 0.3750 0.7109
vt 0.3750 0.6250
vt 0.3750 0.6250
vt 0.3750 0.6250
vt 0.3750 0.6250
vt 0.3750 0.5391
vt 0.3750 0.5391
vt 0.3750 0.5391
vt 0.3750 0.5391
vt 0.3750 0.6250
vt 0.3750 0.6250
vt 0.3750 0.6250
vt 0.3750 0.6250
vt 0.3750 0.7109
vt 0.3750 0.7109
vt 0.3750 0.7109
vt 0.3750 0.7109
vt 0.3750 0.7109
vt 0.3750 0.7109
vt 0.3750 0.7109
vt 0.3750 0.7109
vt 0.3750 0.5391
vt 0.3750 0.5391
vt 0.3750 0.5391
vt 0.3750 0.5391
vt 0.3750 0.5391
vt 0.3750 0.5391
vt 0.3750 0.5391
vt 0.3750 0.5391
vt 0.3750 0.6250
vt 0.3750 0.6250
vt 0.3750 0.6250
vt 0.3750 0.6250
vt 0.3750 0.7109
vt 0.3750 0.7109
vt 0.3750 0.7109
vt 0.3750 0.7109
vt 0.3750 0.7109
vt 0.3750 0.7109
vt 0.3750 0.7109
vt 0.3750 0.7109
vt 0.3750 0.5391
vt 0.3750 0.5391
vt 0.3750 0.5391
vt 0.3750 0.5391
vt 0.3750 0.5391
vt 0.3750 0.5391
vt 0.3750 0.5391
vt 0.3750 0.5391
vt 0.3750 0.7109
vt 0.3750 0.7109
vt 0.3750 0.7109
vt 0.3750 0.7109
vt 0.3750 0.7109
vt 0.3750 0.7109
vt 0.3750 0.7109
vt 0.3750 0.7109
vt 0.3750 0.7109
vt 0.3750 0.7109
vt 0.3750 0.7109
vt 0.3750 0.7109
vt 0.3750 0.5391
vt 0.3750 0.5391
vt 0.3750 0.5391
vt 0.3750 0.5391
vt 0.3750 0.5391
vt 0.3750 0.5391
vt 0.3750 0.5391
vt 0.3750 0.5391
vt 0.3750 0.7109
vt 0.3750 0.7109
vt 0.3750 0.7109
vt 0.3750 0.7109
vt 0.3750 0.7109
vt 0.3750 0.7109
vt 0.3750 0.7109
vt 0.3750 0.7109
vt 0.3750 0.7109
vt 0.3750 0.7109
vt 0.3750 0.7109
vt 0.3750 0.7109
vt 0.3750 0.5391
vt 0.3750 0.5391
vt 0.3750 0.5391
vt 0.3750 0.5391
vt 0.3750 0.5391
vt 0.3750 0.5391
vt 0.3750 0.5391
vt 0.3750 0.5391
vt 0.3750 0.7109
vt 0.3750 0.7109
vt 0.3750 0.7109
vt 0.3750 0.7109
vt 0.3750 0.7109
vt 0.3750 0.7109
vt 0.3750 0.7109
vt 0.3750 0.7109
vt 0.3750 0.6250
vt 0.3750 0.6250
vt 0.3750 0.6250
vt 0.3750 0.6250
vt 0.3750 0.5391
vt 0.3750 0.5391
vt 0.3750 0.5391
vt 0.3750 0.5391
vt 0.3750 0.5391
vt 0.3750 0.5391
vt 0.3750 0.5391
vt 0.3750 0.5391
vt 0.3750 0.7109
vt 0.3750 0.7109
vt 0.3750 0.7109
vt 0.3750 0.7109
vt 0.3750 0.7109
vt 0.3750 0.7109
vt 0.3750 0.7109
vt 0.3750 0.7109
vt 0.3750 0.6250
vt 0.3750 0.6250
vt 0.3750 0.6250
vt 0.3750 0.6250
vt 0.3750 0.5391
vt 0.3750 0.5391
vt 0.3750 0.5391
vt 0.3750 0.5391
vt 0.3750 0.6250
vt 0.3750 0.6250
vt 0.3750 0.6250
vt 0.3750 0.6250
vt 0.3750 0.7109
vt 0.3750 0.7109
vt 0.3750 0.7109
vt 0.3750 0.7109
vt 0.3750 0.7109
vt 0.3750 0.7109
vt 0.3750 0.7109
vt 0.3750 0.7109
vt 0.3750 0.6250
vt 0.3750 0.6250
vt 0.3750 0.6250
vt 0.3750 0.6250
vt 0.3750 0.5391
vt 0.3750 0.5391
vt 0.3750 0.5391
vt 0.3750 0.5391
vt 0.3750 0.6250
vt 0.3750 0.6250
vt 0.3750 0.6250
vt 0.3750 0.6250
vt 0.3750 0.7109
vt 0.3750 0.7109
vt 0.3750 0.7109
vt 0.3750 0.7109
vt 0.3750 0.7109
vt 0.3750 0.7109
vt 0.3750 0.7109
vt 0.3750 0.7109
vt 0.3750 0.6250
vt 0.3750 0.6250
vt 0.3750 0.6250
vt 0.3750 0.6250
vt 0.3750 0.5391
vt 0.3750 0.5391
vt 0.3750 0.5391
vt 0.3750 0.5391
vt 0.3750 0.6250
vt 0.3750 0.6250
vt 0.3750 0.6250
vt 0.3750 0.6250
vt 0.3750 0.7109
vt 0.3750 0.7109
vt 0.3750 0.7109
vt 0.3750 0.7109
vt 0.3750 0.7109
vt 0.3750 0.7109
vt 0.3750 0.7109
vt 0.3750 0.7109
vt 0.3750 0.6250
vt 0.3750 0.6250
vt 0.3750 0.6250
vt 0.3750 0.6250
vt 0.3750 0.5391
vt 0.3750 0.5391
vt 0.3750 0.5391
vt 0.3750 0.5391
vt 0.3750 0.6250
vt 0.3750 0.6250
vt 0.3750 0.6250
vt 0.3750 0.6250
vt 0.3750 0.7109
vt 0.3750 0.7109
vt 0.3750 0.7109
vt 0.3750 0.7109
vt 0.3750 0.7109
vt 0.3750 0.7109
vt 0.3750 0.7109
vt 0.3750 0.7109
vt 0.3750 0.6250
vt 0.3750 0.6250
vt 0.3750 0.6250
vt 0.3750 0.6250
vt 0.3750 0.5391
vt 0.3750 0.5391
vt 0.3750 0.5391
vt 0.3750 0.5391
vt 0.3750 0.6250
vt 0.3750 0.6250
vt 0.3750 0.6250
vt 0.3750 0.6250
vt 0.3750 0.7109
vt 0.3750 0.7109
vt 0.3750 0.7109
vt 0.3750 0.7109
vt 0.3750 0.7109
vt 0.3750 0.7109
vt 0.3750 0.7109
vt 0.3750 0.7109
vt 0.3750 0.6250
vt 0.3750 0.6250
vt 0.3750 0.6250
vt 0.3750 0.6250
vt 0.3750 0.5391
vt 0.3750 0.5391
vt 0.3750 0.5391
vt 0.3750 0.5391
vt 0.3750 0.6250
vt 0.3750 0.6250
vt 0.3750 0.6250
vt 0.3750 0.6250
vt 0.3750 0.7109
vt 0.3750 0.7109
vt 0.3750 0.7109
vt 0.3750 0.7109
vt 0.3750 0.7109
vt 0.3750 0.7109
vt 0.3750 0.7109
vt 0.3750 0.7109
vt 0.3750 0.6250
vt 0.3750 0.6250
vt 0.3750 0.6250
vt 0.3750 0.6250
vt 0.3750 0.5391
vt 0.3750 0.5391
vt 0.3750 0.5391
vt 0.3750 0.5391
vt 0.3750 0.6250
vt 0.3750 0.6250
vt 0.3750 0.6250
vt 0.3750 0.6250
vt 0.3750 0.7109
vt 0.3750 0.7109
vt 0.3750 0.7109
vt 0.3750 0.7109
vt 0.3750 0.7109
vt 0.3750 0.7109
vt 0.3750 0.7109
vt 0.3750 0.7109
vt 0.3750 0.6250
vt 0.3750 0.6250
vt 0.3750 0.6250
vt 0.3750 0.6250
vt 0.3750 0.5391
vt 0.3750 0.5391
vt 0.3750 0.5391
vt 0.3750 0.5391
vt 0.3750 0.6250
vt 0.3750 0.6250
vt 0.3750 0.6250
vt 0.3750 0.6250
vt 0.3750 0.7109
vt 0.3750 0.7109
vt 0.3750 0.7109
vt 0.3750 0.7109
vt 0.3750 0.7109
vt 0.3750 0.7109
vt 0.3750 0.7109
vt 0.3750 0.7109
vt 0.3750 0.6250
vt 0.3750 0.6250
vt 0.3750 0.6250
vt 0.3750 0.6250
vt 0.3750 0.5391
vt 0.3750 0.5391
vt 0.3750 0.5391
vt 0.3750 0.5391
vt 0.3750 0.5391
vt 0.3750 0.5391
vt 0.3750 0.5391
vt 0.3750 0.5391
vt 0.3750 0.7109
vt 0.3750 0.7109
vt 0.3750 0.7109
vt 0.3750 0.7109
vt 0.3750 0.7109
vt 0.3750 0.7109
vt 0.3750 0.7109
vt 0.3750 0.7109
vt 0.3750 0.6250
vt 0.3750 0.6250
vt 0.3750 0.6250
vt 0.3750 0.6250
vt 0.3750 0.5391
vt 0.3750 0.5391
vt 0.3750 0.5391
vt 0.3750 0.5391
vt 0.3750 0.5391
vt 0.3750 0.5391
vt 0.3750 0.5391
vt 0.3750 0.5391
vt 0.3750 0.7109
vt 0.3750 0.7109
vt 0.3750 0.7109
vt 0.3750 0.7109
vt 0.3750 0.7109
vt 0.3750 0.7109
vt 0.3750 0.7109
vt 0.3750 0.7109
vt 0.3750 0.6250
vt 0.3750 0.6250
vt 0.3750 0.6250
vt 0.3750 0.6250
vt 0.3750 0.5391
vt 0.3750 0.5391
vt 0.3750 0.5391
vt 0.3750 0.5391
vt 0.3750 0.5391
vt 0.3750 0.5391
vt 0.3750 0.5391
vt 0.3750 0.5391
vt 0.3750 0.7109
vt 0.3750 0.7109
vt 0.3750 0.7109
vt 0.3750 0.7109
vt 0.3750 0.7109
vt 0.3750 0.7109
vt 0.3750 0.7109
vt 0.3750 0.7109
vt 0.3750 0.7109
vt 0.3750 0.7109
vt 0.3750 0.7109
vt 0.3750 0.7109
vt 0.3750 0.5391
vt 0.3750 0.5391
vt 0.3750 0.5391
vt 0.3750 0.5391
vt 0.3750 0.5391
vt 0.3750 0.5391
vt 0.3750 0.5391
vt 0.3750 0.5391
vt 0.3750 0.7109
vt 0.3750 0.7109
vt 0.3750 0.7109
vt 0.3750 0.7109
vt 0.3750 0.7109
vt 0.3750 0.7109
vt 0.3750 0.7109
vt 0.3750 0.7109
vt 0.3750 0.7109
vt 0.3750 0.7109
vt 0.3750 0.7109
vt 0.3750 0.7109
vt 0.3750 0.5391
vt 0.3750 0.5391
vt 0.3750 0.5391
vt 0.3750 0.5391
vt 0.3750 0.5391
vt 0.3750 0.5391
vt 0.3750 0.5391
vt 0.3750 0.5391
vt 0.3750 0.6250
vt 0.3750 0.6250
vt 0.3750 0.6250
vt 0.3750 0.6250
vt 0.3750 0.7109
vt 0.3750 0.7109
vt 0.3750 0.7109
vt 0.3750 0.7109
vt 0.3750 0.7109
vt 0.3750 0.7109
vt 0.3750 0.7109
vt 0.3750 0.7109
vt 0.3750 0.5391
vt 0.3750 0.5391
vt 0.3750 0.5391
vt 0.3750 0.5391
vt 0.3750 0.5391
vt 0.3750 0.5391
vt 0.3750 0.5391
vt 0.3750 0.5391
vt 0.3750 0.6250
vt 0.3750 0.6250
vt 0.3750 0.6250
vt 0.3750 0.6250
vt 0.3750 0.7109
vt 0.3750 0.7109
vt 0.3750 0.7109
vt 0.3750 0.7109
vt 0.3750 0.7109
vt 0.3750 0.7109
vt 0.3750 0.7109
vt 0.3750 0.7109
vt 0.3750 0.5391
vt 0.3750 0.5391
vt 0.3750 0.5391
vt 0.3750 0.5391
vt 0.6250 0.1250
vt 0.6250 0.1250
vt 0.6250 0.1250
vt 0.6250 0.1250
vt 0.6250 0.2109
vt 0.6250 0.2109
vt 0.6250 0.2109
vt 0.6250 0.2109
vt 0.6250 0.2109
vt 0.6250 0.2109
vt 0.6250 0.2109
vt 0.6250 0.2109
vt 0.6250 0.1250
vt 0.6250 0.1250
vt 0.6250 0.1250
vt 0.6250 0.1250
vt 0.6250 0.0391
vt 0.6250 0.0391
vt 0.6250 0.0391
vt 0.6250 0.0391
vt 0.6250 0.1250
vt 0.6250 0.1250
vt 0.6250 0.1250
vt 0.6250 0.1250
vt 0.6250 0.2109
vt 0.6250 0.2109
vt 0.6250 0.2109
vt 0.6250 0.2109
vt 0.6250 0.2109
vt 0.6250 0.2109
vt 0.6250 0.2109
vt 0.6250 0.2109
vt 0.6250 0.2109
vt 0.6250 0.2109
vt 0.6250 0.2109
vt 0.6250 0.2109
vt 0.6250 0.1250
vt 0.6250 0.1250
vt 0.6250 0.1250
vt 0.6250 0.1250
vt 0.6250 0.0391
vt 0.6250 0.0391
vt 0.6250 0.0391
vt 0.6250 0.0391
vt 0.6250 0.1250
vt 0.6250 0.1250
vt 0.6250 0.1250
vt 0.6250 0.1250
vt 0.6250 0.2109
vt 0.6250 0.2109
vt 0.6250 0.2109
vt 0.6250 0.2109
vt 0.6250 0.2109
vt 0.6250 0.2109
vt 0.6250 0.2109
vt 0.6250 0.2109
vt 0.6250 0.1250
vt 0.6250 0.1250
vt 0.6250 0.1250
vt 0.6250 0.1250
vt 0.6250 0.0391
vt 0.6250 0.0391
vt 0.6250 0.0391
vt 0.6250 0.0391
vt 0.6250 0.1250
vt 0.6250 0.1250
vt 0.6250 0.1250
vt 0.6250 0.1250
vt 0.6250 0.2109
vt 0.6250 0.2109
vt 0.6250 0.2109
vt 0.6250 0.2109
vt 0.6250 0.2109
vt 0.6250 0.2109
vt 0.6250 0.2109
vt 0.6250 0.2109
vt 0.6250 0.1250
vt 0.6250 0.1250
vt 0.6250 0.1250
vt 0.6250 0.1250
vt 0.6250 0.0391
vt 0.6250 0.0391
vt 0.6250 0.0391
vt 0.6250 0.0391
vt 0.6250 0.1250
vt 0.6250 0.1250
vt 0.6250 0.1250
vt 0.6250 0.1250
vt 0.6250 0.2109
vt 0.6250 0.2109
vt 0.6250 0.2109
vt 0.6250 0.2109
vt 0.6250 0.2109
vt 0.6250 0.2109
vt 0.6250 0.2109
vt 0.6250 0.2109
vt 0.6250 0.1250
vt 0.6250 0.1250
vt 0.6250 0.1250
vt 0.6250 0.1250
vt 0.6250 0.0391
vt 0.6250 0.0391
vt 0.6250 0.0391
vt 0.6250 0.0391
vt 0.6250 0.0391
vt 0.6250 0.0391
vt 0.6250 0.0391
vt 0.6250 0.0391
vt 0.6250 0.2109
vt 0.6250 0.2109
vt 0.6250 0.2109
vt 0.6250 0.2109
vt 0.6250 0.2109
vt 0.6250 0.2109
vt 0.6250 0.2109
vt 0.6250 0.2109
vt 0.6250 0.1250
vt 0.6250 0.1250
vt 0.6250 0.1250
vt 0.6250 0.1250
vt 0.6250 0.0391
vt 0.6250 0.0391
vt 0.6250 0.0391
vt 0.6250 0.0391
vt 0.6250 0.0391
vt 0.6250 0.0391
vt 0.6250 0.0391
vt 0.6250 0.0391
vt 0.6250 0.2109
vt 0.6250 0.2109
vt 0.6250 0.2109
vt 0.6250 0.2109
vt 0.6250 0.2109
vt 0.6250 0.2109
vt 0.6250 0.2109
vt 0.6250 0.2109
vt 0.6250 0.1250
vt 0.6250 0.1250
vt 0.6250 0.1250
vt 0.6250 0.1250
vt 0.6250 0.0391
vt 0.6250 0.0391
vt 0.6250 0.0391
vt 0.6250 0.0391
vt 0.6250 0.0391
vt 0.6250 0.0391
vt 0.6250 0.0391
vt 0.6250 0.0391
vt 0.6250 0.2109
vt 0.6250 0.2109
vt 0.6250 0.2109
vt 0.6250 0.2109
vt 0.6250 0.2109
vt 0.6250 0.2109
vt 0.6250 0.2109
vt 0.6250 0.2109
vt 0.6250 0.2109
vt 0.6250 0.2109
vt 0.6250 0.2109
vt 0.6250 0.2109
vt 0.6250 0.0391
vt 0.6250 0.0391
vt 0.6250 0.0391
vt 0.6250 0.0391
vt 0.6250 0.0391
vt 0.6250 0.0391
vt 0.6250 0.0391
vt 0.6250 0.0391
vt 0.6250 0.2109
vt 0.6250 0.2109
vt 0.6250 0.2109
vt 0.6250 0.2109
vt 0.6250 0.2109
vt 0.6250 0.2109
vt 0.6250 0.2109
vt 0.6250 0.2109
vt 0.6250 0.2109
vt 0.6250 0.2109
vt 0.6250 0.2109
vt 0.6250 0.2109
vt 0.6250 0.0391
vt 0.6250 0.0391
vt 0.6250 0.0391
vt 0.6250 0.0391
vt 0.6250 0.0391
vt 0.6250 0.0391
vt 0.6250 0.0391
vt 0.6250 0.0391
vt 0.6250 0.2109
vt 0.6250 0.2109
vt 0.6250 0.2109
vt 0.6250 0.2109
vt 0.6250 0.2109
vt 0.6250 0.2109
vt 0.6250 0.2109
vt 0.6250 0.2109
vt 0.6250 0.1250
vt 0.6250 0.1250
vt 0.6250 0.1250
vt 0.6250 0.1250
vt 0.6250 0.0391
vt 0.6250 0.0391
vt 0.6250 0.0391
vt 0.6250 0.0391
vt 0.6250 0.0391
vt 0.6250 0.0391
vt 0.6250 0.0391
vt 0.6250 0.0391
vt 0.6250 0.2109
vt 0.6250 0.2109
vt 0.6250 0.2109
vt 0.6250 0.2109
vt 0.6250 0.2109
vt 0.6250 0.2109
vt 0.6250 0.2109
vt 0.6250 0.2109
vt 0.6250 0.1250
vt 0.6250 0.1250
vt 0.6250 0.1250
vt 0.6250 0.1250
vt 0.6250 0.0391
vt 0.6250 0.0391
vt 0.6250 0.0391
vt 0.6250 0.0391
vt 0.6250 0.0391
vt 0.6250 0.0391
vt 0.6250 0.0391
vt 0.6250 0.0391
vt 0.6250 0.2109
vt 0.6250 0.2109
vt 0.6250 0.2109
vt 0.6250 0.2109
vt 0.6250 0.2109
vt 0.6250 0.2109
vt 0.6250 0.2109
vt 0.6250 0.2109
vt 0.6250 0.1250
vt 0.6250 0.1250
vt 0.6250 0.1250
vt 0.6250 0.1250
vt 0.6250 0.0391
vt 0.6250 0.0391
vt 0.6250 0.0391
vt 0.6250 0.0391
vt 0.6250 0.1250
vt 0.6250 0.1250
vt 0.6250 0.1250
vt 0.6250 0.1250
vt 0.6250 0.2109
vt 0.6250 0.2109
vt 0.6250 0.2109
vt 0.6250 0.2109
vt 0.6250 0.2109
vt 0.6250 0.2109
vt 0.6250 0.2109
vt 0.6250 0.2109
vt 0.6250 0.1250
vt 0.6250 0.1250
vt 0.6250 0.1250
vt 0.6250 0.1250
vt 0.6250 0.0391
vt 0.6250 0.0391
vt 0.6250 0.0391
vt 0.6250 0.0391
vt 0.6250 0.1250
vt 0.6250 0.1250
vt 0.6250 0.1250
vt 0.6250 0.1250
vt 0.6250 0.2109
vt 0.6250 0.2109
vt 0.6250 0.2109
vt 0.6250 0.2109
vt 0.6250 0.2109
vt 0.6250 0.2109
vt 0.6250 0.2109
vt 0.6250 0.2109
vt 0.6250 0.1250
vt 0.6250 0.1250
vt 0.6250 0.1250
vt 0.6250 0.1250
vt 0.6250 0.0391
vt 0.6250 0.0391
vt 0.6250 0.0391
vt 0.6250 0.0391
vt 0.6250 0.1250
vt 0.6250 0.1250
vt 0.6250 0.1250
vt 0.6250 0.1250
vt 0.6250 0.2109
vt 0.6250 0.2109
vt 0.6250 0.2109
vt 0.6250 0.2109
vt 0.6250 0.2109
vt 0.6250 0.2109
vt 0.6250 0.2109
vt 0.6250 0.2109
vt 0.6250 0.1250
vt 0.6250 0.1250
vt 0.6250 0.1250
vt 0.6250 0.1250
vt 0.6250 0.1250
vt 0.6250 0.1250
vt 0.6250 0.1250
vt 0.6250 0.1250
vt 0.6250 0.2109
vt 0.6250 0.2109
vt 0.6250 0.2109
vt 0.6250 0.2109
vt 0.6250 0.2109
vt 0.6250 0.2109
vt 0.6250 0.2109
vt 0.6250 0.2109
vt 0.6250 0.2109
vt 0.6250 0.2109
vt 0.6250 0.2109
vt 0.6250 0.2109
vt 0.6250 0.1250
vt 0.6250 0.1250
vt 0.6250 0.1250
vt 0.6250 0.1250
vt 0.6250 0.1250
vt 0.6250 0.1250
vt 0.6250 0.1250
vt 0.6250 0.1250
vt 0.6250 0.2109
vt 0.6250 0.2109
vt 0.6250 0.2109
vt 0.6250 0.2109
vt 0.6250 0.2109
vt 0.6250 0.2109
vt 0.6250 0.2109
vt 0.6250 0.2109
vt 0.6250 0.1250
vt 0.6250 0.1250
vt 0.6250 0.1250
vt 0.6250 0.1250
vt 0.6250 0.0391
vt 0.6250 0.0391
vt 0.6250 0.0391
vt 0.6250 0.0391
vt 0.6250 0.1250
vt 0.6250 0.1250
vt 0.6250 0.1250
vt 0.6250 0.1250
vt 0.6250 0.2109
vt 0.6250 0.2109
vt 0.6250 0.2109
vt 0.6250 0.2109
vt 0.6250 0.2109
vt 0.6250 0.2109
vt 0.6250 0.2109
vt 0.6250 0.2109
vt 0.6250 0.1250
vt 0.6250 0.1250
vt 0.6250 0.1250
vt 0.6250 0.1250
vt 0.6250 0.0391
vt 0.6250 0.0391
vt 0.6250 0.0391
vt 0.6250 0.0391
vt 0.6250 0.1250
vt 0.6250 0.1250
vt 0.6250 0.1250
vt 0.6250 0.1250
vt 0.6250 0.2109
vt 0.6250 0.2109
vt 0.6250 0.2109
vt 0.6250 0.2109
vt 0.6250 0.2109
vt 0.6250 0.2109
vt 0.6250 0.2109
vt 0.6250 0.2109
vt 0.6250 0.1250
vt 0.6250 0.1250
vt 0.6250 0.1250
vt 0.6250 0.1250
vt 0.6250 0.0391
vt 0.6250 0.0391
vt 0.6250 0.0391
vt 0.6250 0.0391
vt 0.6250 0.1250
vt 0.6250 0.1250
vt 0.6250 0.1250
vt 0.6250 0.1250
vt 0.6250 0.2109
vt 0.6250 0.2109
vt 0.6250 0.2109
vt 0.6250 0.2109
vt 0.6250 0.2109
vt 0.6250 0.2109
vt 0.6250 0.2109
vt 0.6250 0.2109
vt 0.6250 0.0391
vt 0.6250 0.0391
vt 0.6250 0.0391
vt 0.6250 0.0391
vt 0.6250 0.0391
vt 0.6250 0.0391
vt 0.6250 0.0391
vt 0.6250 0.0391
vt 0.6250 0.1250
vt 0.6250 0.1250
vt 0.6250 0.1250
vt 0.6250 0.1250
vt 0.6250 0.2109
vt 0.6250 0.2109
vt 0.6250 0.2109
vt 0.6250 0.2109
vt 0.6250 0.2109
vt 0.6250 0.2109
vt 0.6250 0.2109
vt 0.6250 0.2109
vt 0.6250 0.0391
vt 0.6250 0.0391
vt 0.6250 0.0391
vt 0.6250 0.0391
vt 0.6250 0.0391
vt 0.6250 0.0391
vt 0.6250 0.0391
vt 0.6250 0.0391
vt 0.6250 0.2109
vt 0.6250 0.2109
vt 0.6250 0.2109
vt 0.6250 0.2109
vt 0.6250 0.2109
vt 0.6250 0.2109
vt 0.6250 0.2109
vt 0.6250 0.2109
vt 0.6250 0.2109
vt 0.6250 0.2109
vt 0.6250 0.2109
vt 0.6250 0.2109
vt 0.6250 0.0391
vt 0.6250 0.0391
vt 0.6250 0.0391
vt 0.6250 0.0391
vt 0.6250 0.0391
vt 0.6250 0.0391
vt 0.6250 0.0391
vt 0.6250 0.0391
vt 0.6250 0.2109
vt 0.6250 0.2109
vt 0.6250 0.2109
vt 0.6250 0.2109
vt 0.6250 0.2109
vt 0.6250 0.2109
vt 0.6250 0.2109
vt 0.6250 0.2109
vt 0.6250 0.2109
vt 0.6250 0.2109
vt 0.6250 0.2109
vt 0.6250 0.2109
vt 0.6250 0.0391
vt 0.6250 0.0391
vt 0.6250 0.0391
vt 0.6250 0.0391
vt 0.6250 0.0391
vt 0.6250 0.0391
vt 0.6250 0.0391
vt 0.6250 0.0391
vt 0.6250 0.1250
vt 0.6250 0.1250
vt 0.6250 0.1250
vt 0.6250 0.1250
vt 0.6250 0.2109
vt 0.6250 0.2109
vt 0.6250 0.2109
vt 0.6250 0.2109
vt 0.6250 0.2109
vt 0.6250 0.2109
vt 0.6250 0.2109
vt 0.6250 0.2109
vt 0.6250 0.0391
vt 0.6250 0.0391
vt 0.6250 0.0391
vt 0.6250 0.0391
vt 0.6250 0.0391
vt 0.6250 0.0391
vt 0.6250 0.0391
vt 0.6250 0.0391
vt 0.6250 0.1250
vt 0.6250 0.1250
vt 0.6250 0.1250
vt 0.6250 0.1250
vt 0.6250 0.2109
vt 0.6250 0.2109
vt 0.6250 0.2109
vt 0.6250 0.2109
vt 0.6250 0.2109
vt 0.6250 0.2109
vt 0.6250 0.2109
vt 0.6250 0.2109
vt 0.6250 0.0391
vt 0.6250 0.0391
vt 0.6250 0.0391
vt 0.6250 0.0391
vt 0.6250 0.0391
vt 0.6250 0.0391
vt 0.6250 0.0391
vt 0.6250 0.0391
vt 0.6250 0.1250
vt 0.6250 0.1250
vt 0.6250 0.1250
vt 0.6250 0.1250
vt 0.6250 0.2109
vt 0.6250 0.2109
vt 0.6250 0.2109
vt 0.6250 0.2109
vt 0.6250 0.2109
vt 0.6250 0.2109
vt 0.6250 0.2109
vt 0.6250 0.2109
vt 0.6250 0.0391
vt 0.6250 0.0391
vt 0.6250 0.0391
vt 0.6250 0.0391
vt 0.6250 0.0391
vt 0.6250 0.0391
vt 0.6250 0.0391
vt 0.6250 0.0391
vt 0.6250 0.1250
vt 0.6250 0.1250
vt 0.6250 0.1250
vt 0.6250 0.1250
vt 0.6250 0.2109
vt 0.6250 0.2109
vt 0.6250 0.2109
vt 0.6250 0.2109
vt 0.6250 0.2109
vt 0.6250 0.2109
vt 0.6250 0.2109
vt 0.6250 0.2109
vt 0.6250 0.1250
vt 0.6250 0.1250
vt 0.6250 0.1250
vt 0.6250 0.1250
vt 0.6250 0.0391
vt 0.6250 0.0391
vt 0.6250 0.0391
vt 0.6250 0.0391
vt 0.6250 0.1250
vt 0.6250 0.1250
vt 0.6250 0.1250
vt 0.6250 0.1250
vt 0.6250 0.2109
vt 0.6250 0.2109
vt 0.6250 0.2109
vt 0.6250 0.2109
vt 0.6250 0.2109
vt 0.6250 0.2109
vt 0.6250 0.2109
vt 0.6250 0.2109
vt 0.6250 0.1250
vt 0.6250 0.1250
vt 0.6250 0.1250
vt 0.6250 0.1250
vt 0.6250 0.0391
vt 0.6250 0.0391
vt 0.6250 0.0391
vt 0.6250 0.0391
vt 0.3750 0.7109
vt 0.3750 0.7109
vt 0.3750 0.7109
vt 0.3750 0.7109
vt 0.3750 0.7109
vt 0.3750 0.7109
vt 0.3750 0.7109
vt 0.3750 0.7109
vt 0.3750 0.6250
vt 0.3750 0.6250
vt 0.3750 0.6250
vt 0.3750 0.6250
vt 0.3750 0.5391
vt 0.3750 0.5391
vt 0.3750 0.5391
vt 0.3750 0.5391
vt 0.3750 0.5391
vt 0.3750 0.5391
vt 0.3750 0.5391
vt 0.3750 0.5391
vt 0.3750 0.7109
vt 0.3750 0.7109
vt 0.3750 0.7109
vt 0.3750 0.7109
vt 0.3750 0.7109
vt 0.3750 0.7109
vt 0.3750 0.7109
vt 0.3750 0.7109
vt 0.3750 0.6250
vt 0.3750 0.6250
vt 0.3750 0.6250
vt 0.3750 0.6250
vt 0.3750 0.5391
vt 0.3750 0.5391
vt 0.3750 0.5391
vt 0.3750 0.5391
vt 0.3750 0.6250
vt 0.3750 0.6250
vt 0.3750 0.6250
vt 0.3750 0.6250
vt 0.3750 0.7109
vt 0.3750 0.7109
vt 0.3750 0.7109
vt 0.3750 0.7109
vt 0.3750 0.7109
vt 0.3750 0.7109
vt 0.3750 0.7109
vt 0.3750 0.7109
vt 0.3750 0.6250
vt 0.3750 0.6250
vt 0.3750 0.6250
vt 0.3750 0.6250
vt 0.3750 0.6250
vt 0.3750 0.6250
vt 0.3750 0.6250
vt 0.3750 0.6250
vt 0.3750 0.6250
vt 0.3750 0.6250
vt 0.3750 0.6250
vt 0.3750 0.6250
vt 0.3750 0.7109
vt 0.3750 0.7109
vt 0.3750 0.7109
vt 0.3750 0.7109
vt 0.3750 0.7109
vt 0.3750 0.7109
vt 0.3750 0.7109
vt 0.3750 0.7109
vt 0.3750 0.6250
vt 0.3750 0.6250
vt 0.3750 0.6250
vt 0.3750 0.6250
vt 0.3750 0.6250
vt 0.3750 0.6250
vt 0.3750 0.6250
vt 0.3750 0.6250
vt 0.3750 0.6250
vt 0.3750 0.6250
vt 0.3750 0.6250
vt 0.3750 0.6250
vt 0.3750 0.6250
vt 0.3750 0.6250
vt 0.3750 0.6250
vt 0.3750 0.6250
vt 0.3750 0.6250
vt 0.3750 0.6250
vt 0.3750 0.6250
vt 0.3750 0.6250
vt 0.3750 0.6250
vt 0.3750 0.6250
vt 0.3750 0.6250
vt 0.3750 0.6250
vt 0.3750 0.6250
vt 0.3750 0.6250
vt 0.3750 0.6250
vt 0.3750 0.6250
vt 0.3750 0.6250
vt 0.3750 0.6250
vt 0.3750 0.6250
vt 0.3750 0.6250
vt 0.3750 0.6250
vt 0.3750 0.6250
vt 0.3750 0.6250
vt 0.3750 0.6250
vt 0.3750 0.6250
vt 0.3750 0.6250
vt 0.3750 0.6250
vt 0.3750 0.6250
vt 0.3750 0.6250
vt 0.3750 0.6250
vt 0.3750 0.6250
vt 0.3750 0.6250
vt 0.3750 0.7109
vt 0.3750 0.7109
vt 0.3750 0.7109
vt 0.3750 0.7109
vt 0.3750 0.6250
vt 0.3750 0.6250
vt 0.3750 0.6250
vt 0.3750 0.6250
vt 0.3750 0.6250
vt 0.3750 0.6250
vt 0.3750 0.6250
vt 0.3750 0.6250
vt 0.3750 0.6250
vt 0.3750 0.6250
vt 0.3750 0.6250
vt 0.3750 0.6250
vt 0.3750 0.6250
vt 0.3750 0.6250
vt 0.3750 0.6250
vt 0.3750 0.6250
vt 0.3750 0.7109
vt 0.3750 0.7109
vt 0.3750 0.7109
vt 0.3750 0.7109
vt 0.3750 0.7109
vt 0.3750 0.7109
vt 0.3750 0.7109
vt 0.3750 0.7109
vt 0.3750 0.6250
vt 0.3750 0.6250
vt 0.3750 0.6250
vt 0.3750 0.6250
vt 0.3750 0.5391
vt 0.3750 0.5391
vt 0.3750 0.5391
vt 0.3750 0.5391
vt 0.3750 0.6250
vt 0.3750 0.6250
vt 0.3750 0.6250
vt 0.3750 0.6250
vt 0.3750 0.7109
vt 0.3750 0.7109
vt 0.3750 0.7109
vt 0.3750 0.7109
vt 0.3750 0.7109
vt 0.3750 0.7109
vt 0.3750 0.7109
vt 0.3750 0.7109
vt 0.3750 0.5391
vt 0.3750 0.5391
vt 0.3750 0.5391
vt 0.3750 0.5391
vt 0.3750 0.5391
vt 0.3750 0.5391
vt 0.3750 0.5391
vt 0.3750 0.5391
vt 0.3750 0.6250
vt 0.3750 0.6250
vt 0.3750 0.6250
vt 0.3750 0.6250
vt 0.3750 0.7109
vt 0.3750 0.7109
vt 0.3750 0.7109
vt 0.3750 0.7109
vt 0.3750 0.7109
vt 0.3750 0.7109
vt 0.3750 0.7109
vt 0.3750 0.7109
vt 0.3750 0.5391
vt 0.3750 0.5391
vt 0.3750 0.5391
vt 0.3750 0.5391
vt 0.3750 0.5391
vt 0.3750 0.5391
vt 0.3750 0.5391
vt 0.3750 0.5391
vt 0.3750 0.6250
vt 0.3750 0.6250
vt 0.3750 0.6250
vt 0.3750 0.6250
vt 0.3750 0.7109
vt 0.3750 0.7109
vt 0.3750 0.7109
vt 0.3750 0.7109
vt 0.3750 0.7109
vt 0.3750 0.7109
vt 0.3750 0.7109
vt 0.3750 0.7109
vt 0.3750 0.5391
vt 0.3750 0.5391
vt 0.3750 0.5391
vt 0.3750 0.5391
vt 0.3750 0.5391
vt 0.3750 0.5391
vt 0.3750 0.5391
vt 0.3750 0.5391
vt 0.3750 0.6250
vt 0.3750 0.6250
vt 0.3750 0.6250
vt 0.3750 0.6250
vt 0.3750 0.7109
vt 0.3750 0.7109
vt 0.3750 0.7109
vt 0.3750 0.7109
vt 0.3750 0.7109
vt 0.3750 0.7109
vt 0.3750 0.7109
vt 0.3750 0.7109
vt 0.3750 0.5391
vt 0.3750 0.5391
vt 0.3750 0.5391
vt 0.3750 0.5391
vt 0.3750 0.5391
vt 0.3750 0.5391
vt 0.3750 0.5391
vt 0.3750 0.5391
vt 0.3750 0.6250
vt 0.3750 0.6250
vt 0.3750 0.6250
vt 0.3750 0.6250
vt 0.3750 0.7109
vt 0.3750 0.7109
vt 0.3750 0.7109
vt 0.3750 0.7109
vt 0.3750 0.7109
vt 0.3750 0.7109
vt 0.3750 0.7109
vt 0.3750 0.7109
vt 0.3750 0.5391
vt 0.3750 0.5391
vt 0.3750 0.5391
vt 0.3750 0.5391
vt 0.3750 0.5391
vt 0.3750 0.5391
vt 0.3750 0.5391
vt 0.3750 0.5391
vt 0.3750 0.6250
vt 0.3750 0.6250
vt 0.3750 0.6250
vt 0.3750 0.6250
vt 0.3750 0.7109
vt 0.3750 0.7109
vt 0.3750 0.7109
vt 0.3750 0.7109
vt 0.3750 0.7109
vt 0.3750 0.7109
vt 0.3750 0.7109
vt 0.3750 0.7109
vt 0.3750 0.5391
vt 0.3750 0.5391
vt 0.3750 0.5391
vt 0.3750 0.5391
vt 0.3750 0.5391
vt 0.3750 0.5391
vt 0.3750 0.5391
vt 0.3750 0.5391
vt 0.3750 0.6250
vt 0.3750 0.6250
vt 0.3750 0.6250
vt 0.3750 0.6250
vt 0.3750 0.7109
vt 0.3750 0.7109
vt 0.3750 0.7109
vt 0.3750 0.7109
vt 0.3750 0.7109
vt 0.3750 0.7109
vt 0.3750 0.7109
vt 0.3750 0.7109
vt 0.3750 0.5391
vt 0.3750 0.5391
vt 0.3750 0.5391
vt 0.3750 0.5391
vt 0.3750 0.5391
vt 0.3750 0.5391
vt 0.3750 0.5391
vt 0.3750 0.5391
vt 0.3750 0.6250
vt 0.3750 0.6250
vt 0.3750 0.6250
vt 0.3750 0.6250
vt 0.3750 0.7109
vt 0.3750 0.7109
vt 0.3750 0.7109
vt 0.3750 0.7109
vt 0.3750 0.7109
vt 0.3750 0.7109
vt 0.3750 0.7109
vt 0.3750 0.7109
vt 0.3750 0.6250
vt 0.3750 0.6250
vt 0.3750 0.6250
vt 0.3750 0.6250
vt 0.3750 0.5391
vt 0.3750 0.5391
vt 0.3750 0.5391
vt 0.3750 0.5391
vt 0.3750 0.6250
vt 0.3750 0.6250
vt 0.3750 0.6250
vt 0.3750 0.6250
vt 0.3750 0.7109
vt 0.3750 0.7109
vt 0.3750 0.7109
vt 0.3750 0.7109
vt 0.3750 0.7109
vt 0.3750 0.7109
vt 0.3750 0.7109
vt 0.3750 0.7109
vt 0.3750 0.6250
vt 0.3750 0.6250
vt 0.3750 0.6250
vt 0.3750 0.6250
vt 0.3750 0.6250
vt 0.3750 0.6250
vt 0.3750 0.6250
vt 0.3750 0.6250
vt 0.3750 0.6250
vt 0.3750 0.6250
vt 0.3750 0.6250
vt 0.3750 0.6250
vt 0.3750 0.7109
vt 0.3750 0.7109
vt 0.3750 0.7109
vt 0.3750 0.7109
vt 0.3750 0.7109
vt 0.3750 0.7109
vt 0.3750 0.7109
vt 0.3750 0.7109
vt 0.3750 0.6250
vt 0.3750 0.6250
vt 0.3750 0.6250
vt 0.3750 0.6250
vt 0.3750 0.6250
vt 0.3750 0.6250
vt 0.3750 0.6250
vt 0.3750 0.6250
vt 0.3750 0.6250
vt 0.3750 0.6250
vt 0.3750 0.6250
vt 0.3750 0.6250
vt 0.3750 0.7109
vt 0.3750 0.7109
vt 0.3750 0.7109
vt 0.3750 0.7109
vt 0.3750 0.7109
vt 0.3750 0.7109
vt 0.3750 0.7109
vt 0.3750 0.7109
vt 0.3750 0.6250
vt 0.3750 0.6250
vt 0.3750 0.6250
vt 0.3750 0.6250
vt 0.3750 0.6250
vt 0.3750 0.6250
vt 0.3750 0.6250
vt 0.3750 0.6250
vt 0.3750 0.6250
vt 0.3750 0.6250
vt 0.3750 0.6250
vt 0.3750 0.6250
vt 0.3750 0.6250
vt 0.3750 0.6250
vt 0.3750 0.6250
vt 0.3750 0.6250
vt 0.3750 0.6250
vt 0.3750 0.6250
vt 0.3750 0.6250
vt 0.3750 0.6250
vt 0.3750 0.6250
vt 0.3750 0.6250
vt 0.3750 0.6250
vt 0.3750 0.6250
vt 0.3750 0.7109
vt 0.3750 0.7109
vt 0.3750 0.7109
vt 0.3750 0.7109
vt 0.3750 0.6250
vt 0.3750 0.6250
vt 0.3750 0.6250
vt 0.3750 0.6250
vt 0.3750 0.6250
vt 0.3750 0.6250
vt 0.3750 0.6250
vt 0.3750 0.6250
vt 0.3750 0.6250
vt 0.3750 0.6250
vt 0.3750 0.6250
vt 0.3750 0.6250
vt 0.3750 0.7109
vt 0.3750 0.7109
vt 0.3750 0.7109
vt 0.3750 0.7109
vt 0.3750 0.7109
vt 0.3750 0.7109
vt 0.3750 0.7109
vt 0.3750 0.7109
vt 0.3750 0.6250
vt 0.3750 0.6250
vt 0.3750 0.6250
vt 0.3750 0.6250
vt 0.3750 0.6250
vt 0.3750 0.6250
vt 0.3750 0.6250
vt 0.3750 0.6250
vt 0.3750 0.6250
vt 0.3750 0.6250
vt 0.3750 0.6250
vt 0.3750 0.6250
vt 0.3750 0.7109
vt 0.3750 0.7109
vt 0.3750 0.7109
vt 0.3750 0.7109
vt 0.3750 0.7109
vt 0.3750 0.7109
vt 0.3750 0.7109
vt 0.3750 0.7109
vt 0.3750 0.6250
vt 0.3750 0.6250
vt 0.3750 0.6250
vt 0.3750 0.6250
vt 0.3750 0.5391
vt 0.3750 0.5391
vt 0.3750 0.5391
vt 0.3750 0.5391
vt 0.3750 0.6250
vt 0.3750 0.6250
vt 0.3750 0.6250
vt 0.3750 0.6250
vt 0.3750 0.7109
vt 0.3750 0.7109
vt 0.3750 0.7109
vt 0.3750 0.7109
vt 0.3750 0.7109
vt 0.3750 0.7109
vt 0.3750 0.7109
vt 0.3750 0.7109
vt 0.3750 0.6250
vt 0.3750 0.6250
vt 0.3750 0.6250
vt 0.3750 0.6250
vt 0.3750 0.5391
vt 0.3750 0.5391
vt 0.3750 0.5391
vt 0.3750 0.5391
vt 0.3750 0.5391
vt 0.3750 0.5391
vt 0.3750 0.5391
vt 0.3750 0.5391
vt 0.3750 0.7109
vt 0.3750 0.7109
vt 0.3750 0.7109
vt 0.3750 0.7109
vt 0.3750 0.7109
vt 0.3750 0.7109
vt 0.3750 0.7109
vt 0.3750 0.7109
vt 0.3750 0.6250
vt 0.3750 0.6250
vt 0.3750 0.6250
vt 0.3750 0.6250
vt 0.3750 0.5391
vt 0.3750 0.5391
vt 0.3750 0.5391
vt 0.3750 0.5391
vt 0.3750 0.5391
vt 0.3750 0.5391
vt 0.3750 0.5391
vt 0.3750 0.5391
vt 0.3750 0.7109
vt 0.3750 0.7109
vt 0.3750 0.7109
vt 0.3750 0.7109
vt 0.3750 0.7109
vt 0.3750 0.7109
vt 0.3750 0.7109
vt 0.3750 0.7109
vt 0.3750 0.6250
vt 0.3750 0.6250
vt 0.3750 0.6250
vt 0.3750 0.6250
vt 0.3750 0.5391
vt 0.3750 0.5391
vt 0.3750 0.5391
vt 0.3750 0.5391
vt 0.3750 0.5391
vt 0.3750 0.5391
vt 0.3750 0.5391
vt 0.3750 0.5391
vt 0.3750 0.7109
vt 0.3750 0.7109
vt 0.3750 0.7109
vt 0.3750 0.7109
vt 0.3750 0.7109
vt 0.3750 0.7109
vt 0.3750 0.7109
vt 0.3750 0.7109
vt 0.3750 0.6250
vt 0.3750 0.6250
vt 0.3750 0.6250
vt 0.3750 0.6250
vt 0.3750 0.5391
vt 0.3750 0.5391
vt 0.3750 0.5391
vt 0.3750 0.5391
vt 0.3750 0.5391
vt 0.3750 0.5391
vt 0.3750 0.5391
vt 0.3750 0.5391
vt 0.3750 0.7109
vt 0.3750 0.7109
vt 0.3750 0.7109
vt 0.3750 0.7109
vt 0.3750 0.7109
vt 0.3750 0.7109
vt 0.3750 0.7109
vt 0.3750 0.7109
vt 0.3750 0.6250
vt 0.3750 0.6250
vt 0.3750 0.6250
vt 0.3750 0.6250
vt 0.3750 0.5391
vt 0.3750 0.5391
vt 0.3750 0.5391
vt 0.3750 0.5391
vt 0.3750 0.5391
vt 0.3750 0.5391
vt 0.3750 0.5391
vt 0.3750 0.5391
vt 0.3750 0.7109
vt 0.3750 0.7109
vt 0.3750 0.7109
vt 0.3750 0.7109
vt 0.3750 0.7109
vt 0.3750 0.7109
vt 0.3750 0.7109
vt 0.3750 0.7109
vt 0.3750 0.6250
vt 0.3750 0.6250
vt 0.3750 0.6250
vt 0.3750 0.6250
vt 0.3750 0.5391
vt 0.3750 0.5391
vt 0.3750 0.5391
vt 0.3750 0.5391
vt 0.3750 0.5391
vt 0.3750 0.5391
vt 0.3750 0.5391
vt 0.3750 0.5391
vt 0.3750 0.6250
vt 0.3750 0.6250
vt 0.3750 0.6250
vt 0.3750 0.7109
vt 0.3750 0.7109
vt 0.3750 0.7109
vt 0.3750 0.5391
vt 0.3750 0.5391
vt 0.3750 0.5391
vt 0.3750 0.6250
vt 0.3750 0.6250
vt 0.3750 0.6250
vt 0.3750 0.6250
vt 0.3750 0.6250
vt 0.3750 0.6250
vt 0.3750 0.7109
vt 0.3750 0.7109
vt 0.3750 0.7109
vt 0.3750 0.7109
vt 0.3750 0.7109
vt 0.3750 0.7109
vt 0.3750 0.7109
vt 0.3750 0.7109
vt 0.3750 0.7109
vt 0.3750 0.6250
vt 0.3750 0.6250
vt 0.3750 0.6250
vt 0.3750 0.7109
vt 0.3750 0.7109
vt 0.3750 0.7109
vt 0.3750 0.5391
vt 0.3750 0.5391
vt 0.3750 0.5391
vt 0.3750 0.6250
vt 0.3750 0.6250
vt 0.3750 0.6250
vt 0.3750 0.6250
vt 0.3750 0.6250
vt 0.3750 0.6250
vt 0.3750 0.7109
vt 0.3750 0.7109
vt 0.3750 0.7109
vt 0.3750 0.7109
vt 0.3750 0.7109
vt 0.3750 0.7109
vt 0.3750 0.7109
vt 0.3750 0.7109
vt 0.3750 0.7109
vt 0.3750 0.6250
vt 0.3750 0.6250
vt 0.3750 0.6250
vt 0.3750 0.7109
vt 0.3750 0.7109
vt 0.3750 0.7109
vt 0.3750 0.5391
vt 0.3750 0.5391
vt 0.3750 0.5391
vt 0.3750 0.6250
vt 0.3750 0.6250
vt 0.3750 0.6250
vt 0.3750 0.6250
vt 0.3750 0.6250
vt 0.3750 0.6250
vt 0.3750 0.7109
vt 0.3750 0.7109
vt 0.3750 0.7109
vt 0.3750 0.7109
vt 0.3750 0.7109
vt 0.3750 0.7109
vt 0.3750 0.7109
vt 0.3750 0.7109
vt 0.3750 0.7109
vt 0.3750 0.6250
vt 0.3750 0.6250
vt 0.3750 0.6250
vt 0.3750 0.7109
vt 0.3750 0.7109
vt 0.3750 0.7109
vt 0.3750 0.5391
vt 0.3750 0.5391
vt 0.3750 0.5391
vt 0.3750 0.6250
vt 0.3750 0.6250
vt 0.3750 0.6250
vt 0.3750 0.6250
vt 0.3750 0.6250
vt 0.3750 0.6250
vt 0.3750 0.7109
vt 0.3750 0.7109
vt 0.3750 0.7109
vt 0.3750 0.7109
vt 0.3750 0.7109
vt 0.3750 0.7109
vt 0.3750 0.7109
vt 0.3750 0.7109
vt 0.3750 0.7109
vt 0.3750 0.6250
vt 0.3750 0.6250
vt 0.3750 0.6250
vt 0.3750 0.7109
vt 0.3750 0.7109
vt 0.3750 0.7109
vt 0.3750 0.5391
vt 0.3750 0.5391
vt 0.3750 0.5391
vt 0.3750 0.6250
vt 0.3750 0.6250
vt 0.3750 0.6250
vt 0.3750 0.6250
vt 0.3750 0.6250
vt 0.3750 0.6250
vt 0.3750 0.7109
vt 0.3750 0.7109
vt 0.3750 0.7109
vt 0.3750 0.7109
vt 0.3750 0.7109
vt 0.3750 0.7109
vt 0.3750 0.7109
vt 0.3750 0.7109
vt 0.3750 0.7109
vt 0.3750 0.6250
vt 0.3750 0.6250
vt 0.3750 0.6250
vt 0.3750 0.7109
vt 0.3750 0.7109
vt 0.3750 0.7109
vt 0.3750 0.5391
vt 0.3750 0.5391
vt 0.3750 0.5391
vt 0.3750 0.6250
vt 0.3750 0.6250
vt 0.3750 0.6250
vt 0.3750 0.6250
vt 0.3750 0.6250
vt 0.3750 0.6250
vt 0.3750 0.7109
vt 0.3750 0.7109
vt 0.3750 0.7109
vt 0.3750 0.7109
vt 0.3750 0.7109
vt 0.3750 0.7109
vt 0.3750 0.7109
vt 0.3750 0.7109
vt 0.3750 0.7109
vt 0.3750 0.6250
vt 0.3750 0.6250
vt 0.3750 0.6250
vt 0.3750 0.7109
vt 0.3750 0.7109
vt 0.3750 0.7109
vt 0.3750 0.5391
vt 0.3750 0.5391
vt 0.3750 0.5391
vt 0.3750 0.6250
vt 0.3750 0.6250
vt 0.3750 0.6250
vt 0.3750 0.6250
vt 0.3750 0.6250
vt 0.3750 0.6250
vt 0.3750 0.7109
vt 0.3750 0.7109
vt 0.3750 0.7109
vt 0.3750 0.7109
vt 0.3750 0.7109
vt 0.3750 0.7109
vt 0.3750 0.7109
vt 0.3750 0.7109
vt 0.3750 0.7109
vt 0.3750 0.6250
vt 0.3750 0.6250
vt 0.3750 0.6250
vt 0.3750 0.7109
vt 0.3750 0.7109
vt 0.3750 0.7109
vt 0.3750 0.5391
vt 0.3750 0.5391
vt 0.3750 0.5391
vt 0.3750 0.6250
vt 0.3750 0.6250
vt 0.3750 0.6250
vt 0.3750 0.6250
vt 0.3750 0.6250
vt 0.3750 0.6250
vt 0.3750 0.7109
vt 0.3750 0.7109
vt 0.3750 0.7109
vt 0.3750 0.7109
vt 0.3750 0.7109
vt 0.3750 0.7109
vt 0.3750 0.7109
vt 0.3750 0.7109
vt 0.3750 0.7109
vt 0.3750 0.6250
vt 0.3750 0.6250
vt 0.3750 0.6250
vt 0.3750 0.7109
vt 0.3750 0.7109
vt 0.3750 0.7109
vt 0.3750 0.7109
vt 0.3750 0.5391
vt 0.3750 0.5391
vt 0.3750 0.5391
vt 0.3750 0.7109
vt 0.3750 0.7109
vt 0.3750 0.7109
vt 0.3750 0.7109
vt 0.3750 0.7109
vt 0.3750 0.7109
vt 0.3750 0.7109
vt 0.3750 0.5391
vt 0.3750 0.5391
vt 0.3750 0.5391
vt 0.3750 0.7109
vt 0.3750 0.7109
vt 0.3750 0.7109
vt 0.3750 0.7109
vt 0.3750 0.7109
vt 0.3750 0.7109
vt 0.3750 0.7109
vt 0.3750 0.5391
vt 0.3750 0.5391
vt 0.3750 0.5391
vt 0.3750 0.7109
vt 0.3750 0.7109
vt 0.3750 0.7109
vt 0.3750 0.7109
vt 0.3750 0.7109
vt 0.3750 0.7109
vt 0.3750 0.7109
vt 0.3750 0.5391
vt 0.3750 0.5391
vt 0.3750 0.5391
vt 0.3750 0.7109
vt 0.3750 0.7109
vt 0.3750 0.7109
vt 0.3750 0.7109
vt 0.3750 0.7109
vt 0.3750 0.7109
vt 0.3750 0.7109
vt 0.3750 0.5391
vt 0.3750 0.5391
vt 0.3750 0.5391
vt 0.3750 0.7109
vt 0.3750 0.7109
vt 0.3750 0.7109
vt 0.3750 0.7109
vt 0.3750 0.7109
vt 0.3750 0.7109
vt 0.3750 0.7109
vt 0.3750 0.5391
vt 0.3750 0.5391
vt 0.3750 0.5391
vt 0.3750 0.6250
vt 0.3750 0.6250
vt 0.3750 0.6250
vt 0.3750 0.7109
vt 0.3750 0.7109
vt 0.3750 0.7109
vt 0.3750 0.7109
vt 0.3750 0.5391
vt 0.3750 0.5391
vt 0.3750 0.5391
vt 0.3750 0.6250
vt 0.3750 0.6250
vt 0.3750 0.6250
vt 0.3750 0.7109
vt 0.3750 0.7109
vt 0.3750 0.7109
vt 0.3750 0.7109
vt 0.3750 0.5391
vt 0.3750 0.5391
vt 0.3750 0.5391
vt 0.3750 0.6250
vt 0.3750 0.6250
vt 0.3750 0.6250
vt 0.3750 0.6250
vt 0.3750 0.6250
vt 0.3750 0.6250
vt 0.3750 0.6250
vt 0.3750 0.5391
vt 0.3750 0.5391
vt 0.3750 0.5391
vt 0.3750 0.6250
vt 0.3750 0.6250
vt 0.3750 0.6250
vt 0.3750 0.7109
vt 0.3750 0.7109
vt 0.3750 0.7109
vt 0.3750 0.7109
vt 0.3750 0.5391
vt 0.3750 0.5391
vt 0.3750 0.5391
vn 0.0000 -1.0000 0.0000
vn 0.0000 -1.0000 0.0000
vn 0.0000 -1.0000 0.0000
vn 0.7071 0.0000 0.7071
vn 0.7071 0.0000 0.7071
vn 0.7071 0.0000 0.7071
vn 0.7071 0.0000 0.7071
vn 0.5996 0.5300 0.5996
vn 0.5996 0.5300 0.5996
vn 0.5996 0.5300 0.5996
vn 0.5996 0.5300 0.5996
vn 0.2785 0.9191 0.2785
vn 0.2785 0.9191 0.2785
vn 0.2785 0.9191 0.2785
vn 0.2785 0.9191 0.2785
vn 0.0000 1.0000 0.0000
vn 0.0000 1.0000 0.0000
vn 0.0000 1.0000 0.0000
vn 0.0000 -1.0000 0.0000
vn 0.0000 -1.0000 0.0000
vn 0.0000 -1.0000 0.0000
vn 0.0000 0.0000 1.0000
vn 0.0000 0.0000 1.0000
vn 0.0000 0.0000 1.0000
vn 0.0000 0.0000 1.0000
vn 0.0000 0.5300 0.8480
vn 0.0000 0.5300 0.8480
vn 0.0000 0.5300 0.8480
vn 0.0000 0.5300 0.8480
vn 0.0000 0.9191 0.3939
vn 0.0000 0.9191 0.3939
vn 0.0000 0.9191 0.3939
vn 0.0000 0.9191 0.3939
vn 0.0000 1.0000 0.0000
vn 0.0000 1.0000 0.0000
vn 0.0000 1.0000 0.0000
vn 0.0000 -1.0000 0.0000
vn 0.0000 -1.0000 0.0000
vn 0.0000 -1.0000 0.0000
vn -0.7071 0.0000 0.7071
vn -0.7071 0.0000 0.7071
vn -0.7071 0.0000 0.7071
vn -0.7071 0.0000 0.7071
vn -0.5996 0.5300 0.5996
vn -0.5996 0.5300 0.5996
vn -0.5996 0.5300 0.5996
vn -0.5996 0.5300 0.5996
vn -0.2785 0.9191 0.2785
vn -0.2785 0.9191 0.2785
vn -0.2785 0.9191 0.2785
vn -0.2785 0.9191 0.2785
vn 0.0000 1.0000 0.0000
vn 0.0000 1.0000 0.0000
vn 0.0000 1.0000 0.0000
vn 0.0000 -1.0000 0.0000
vn 0.0000 -1.0000 0.0000
vn 0.0000 -1.0000 0.0000
vn -1.0000 0.0000 0.0000
vn -1.0000 0.0000 0.0000
vn -1.0000 0.0000 0.0000
vn -1.0000 0.0000 0.0000
vn -0.8480 0.5300 0.0000
vn -0.8480 0.5300 0.0000
vn -0.8480 0.5300 0.0000
vn -0.8480 0.5300 0.0000
vn -0.3939 0.9191 0.0000
vn -0.3939 0.9191 0.0000
vn -0.3939 0.9191 0.0000
vn -0.3939 0.9191 0.0000
vn 0.0000 1.0000 0.0000
vn 0.0000 1.0000 0.0000
vn 0.0000 1.0000 0.0000
vn 0.0000 -1.0000 0.0000
vn 0.0000 -1.0000 0.0000
vn 0.0000 -1.0000 0.0000
vn -0.7071 0.0000 -0.7071
vn -0.7071 0.0000 -0.7071
vn -0.7071 0.0000 -0.7071
vn -0.7071 0.0000 -0.7071
vn -0.5996 0.5300 -0.5996
vn -0.5996 0.5300 -0.5996
vn -0.5996 0.5300 -0.5996
vn -0.5996 0.5300 -0.5996
vn -0.2785 0.9191 -0.2785
vn -0.2785 0.9191 -0.2785
vn -0.2785 0.9191 -0.2785
vn -0.2785 0.9191 -0.2785
vn 0.0000 1.0000 0.0000
vn 0.0000 1.0000 0.0000
vn 0.0000 1.0000 0.0000
vn 0.0000 -1.0000 0.0000
vn 0.0000 -1.0000 0.0000
vn 0.0000 -1.0000 0.0000
vn -0.0000 0.0000 -1.0000
vn -0.0000 0.0000 -1.0000
vn -0.0000 0.0000 -1.0000
vn -0.0000 0.0000 -1.0000
vn -0.0000 0.5300 -0.8480
vn -0.0000 0.5300 -0.8480
vn -0.0000 0.5300 -0.8480
vn -0.0000 0.5300 -0.8480
vn -0.0000 0.9191 -0.3939
vn -0.0000 0.9191 -0.3939
vn -0.0000 0.9191 -0.3939
vn -0.0000 0.9191 -0.3939
vn 0.0000 1.0000 0.0000
vn 0.0000 1.0000 0.0000
vn 0.0000 1.0000 0.0000
vn 0.0000 -1.0000 0.0000
vn 0.0000 -1.0000 0.0000
vn 0.0000 -1.0000 0.0000
vn 0.7071 0.0000 -0.7071
vn 0.7071 0.0000 -0.7071
vn 0.7071 0.0000 -0.7071
vn 0.7071 0.0000 -0.7071
vn 0.5996 0.5300 -0.5996
vn 0.5996 0.5300 -0.5996
vn 0.5996 0.5300 -0.5996
vn 0.5996 0.5300 -0.5996
vn 0.2785 0.9191 -0.2785
vn 0.2785 0.9191 -0.2785
vn 0.2785 0.9191 -0.2785
vn 0.2785 0.9191 -0.2785
vn 0.0000 1.0000 0.0000
vn 0.0000 1.0000 0.0000
vn 0.0000 1.0000 0.0000
vn 0.0000 -1.0000 0.0000
vn 0.0000 -1.0000 0.0000
vn 0.0000 -1.0000 0.0000
vn 1.0000 0.0000 -0.0000
vn 1.0000 0.0000 -0.0000
vn 1.0000 0.0000 -0.0000
vn 1.0000 0.0000 -0.0000
vn 0.8480 0.5300 -0.0000
vn 0.8480 0.5300 -0.0000
vn 0.8480 0.5300 -0.0000
vn 0.8480 0.5300 -0.0000
vn 0.3939 0.9191 -0.0000
vn 0.3939 0.9191 -0.0000
vn 0.3939 0.9191 -0.0000
vn 0.3939 0.9191 -0.0000
vn 0.0000 1.0000 0.0000
vn 0.0000 1.0000 0.0000
vn 0.0000 1.0000 0.0000
vn 0.9239 0.0000 0.3827
vn 0.3827 0.0000 0.9239
vn 0.1969 -0.8575 0.4753
vn 0.4753 -0.8575 0.1969
vn 0.4753 0.8575 0.1969
vn 0.1969 0.8575 0.4753
vn 0.3827 0.0000 0.9239
vn 0.9239 0.0000 0.3827
vn 0.3827 0.0000 0.9239
vn -0.3827 0.0000 0.9239
vn -0.1969 -0.8575 0.4753
vn 0.1969 -0.8575 0.4753
vn 0.1969 0.8575 0.4753
vn -0.1969 0.8575 0.4753
vn -0.3827 0.0000 0.9239
vn 0.3827 0.0000 0.9239
vn -0.3827 0.0000 0.9239
vn -0.9239 0.0000 0.3827
vn -0.4753 -0.8575 0.1969
vn -0.1969 -0.8575 0.4753
vn -0.1969 0.8575 0.4753
vn -0.4753 0.8575 0.1969
vn -0.9239 0.0000 0.3827
vn -0.3827 0.0000 0.9239
vn -0.9239 0.0000 0.3827
vn -0.9239 0.0000 -0.3827
vn -0.4753 -0.8575 -0.1969
vn -0.4753 -0.8575 0.1969
vn -0.4753 0.8575 0.1969
vn -0.4753 0.8575 -0.1969
vn -0.9239 0.0000 -0.3827
vn -0.9239 0.0000 0.3827
vn -0.9239 0.0000 -0.3827
vn -0.3827 0.0000 -0.9239
vn -0.1969 -0.8575 -0.4753
vn -0.4753 -0.8575 -0.1969
vn -0.4753 0.8575 -0.1969
vn -0.1969 0.8575 -0.4753
vn -0.3827 0.0000 -0.9239
vn -0.9239 0.0000 -0.3827
vn -0.3827 0.0000 -0.9239
vn 0.3827 0.0000 -0.9239
vn 0.1969 -0.8575 -0.4753
vn -0.1969 -0.8575 -0.4753
vn -0.1969 0.8575 -0.4753
vn 0.1969 0.8575 -0.4753
vn 0.3827 0.0000 -0.9239
vn -0.3827 0.0000 -0.9239
vn 0.3827 0.0000 -0.9239
vn 0.9239 0.0000 -0.3827
vn 0.4753 -0.8575 -0.1969
vn 0.1969 -0.8575 -0.4753
vn 0.1969 0.8575 -0.4753
vn 0.4753 0.8575 -0.1969
vn 0.9239 0.0000 -0.3827
vn 0.3827 0.0000 -0.9239
vn 0.9239 0.0000 -0.3827
vn 0.9239 0.0000 0.3827
vn 0.4753 -0.8575 0.1969
vn 0.4753 -0.8575 -0.1969
vn 0.4753 0.8575 -0.1969
vn 0.4753 0.8575 0.1969
vn 0.9239 0.0000 0.3827
vn 0.9239 0.0000 -0.3827
vn 1.0000 0.0000 0.0000
vn 0.9659 0.0000 0.2588
vn 0.3587 -0.9285 0.0961
vn 0.3714 -0.9285 0.0000
vn 0.3714 0.9285 0.0000
vn 0.3587 0.9285 0.0961
vn 0.9659 0.0000 0.2588
vn 1.0000 0.0000 0.0000
vn 0.9659 0.0000 0.2588
vn 0.8660 0.0000 0.5000
vn 0.3216 -0.9285 0.1857
vn 0.3587 -0.9285 0.0961
vn 0.3587 0.9285 0.0961
vn 0.3216 0.9285 0.1857
vn 0.8660 0.0000 0.5000
vn 0.9659 0.0000 0.2588
vn 0.8660 0.0000 0.5000
vn 0.7071 0.0000 0.7071
vn 0.2626 -0.9285 0.2626
vn 0.3216 -0.9285 0.1857
vn 0.3216 0.9285 0.1857
vn 0.2626 0.9285 0.2626
vn 0.7071 0.0000 0.7071
vn 0.8660 0.0000 0.5000
vn 0.7071 0.0000 0.7071
vn 0.5000 0.0000 0.8660
vn 0.1857 -0.9285 0.3216
vn 0.2626 -0.9285 0.2626
vn 0.2626 0.9285 0.2626
vn 0.1857 0.9285 0.3216
vn 0.5000 0.0000 0.8660
vn 0.7071 0.0000 0.7071
vn 0.5000 0.0000 0.8660
vn 0.2588 0.0000 0.9659
vn 0.0961 -0.9285 0.3587
vn 0.1857 -0.9285 0.3216
vn 0.1857 0.9285 0.3216
vn 0.0961 0.9285 0.3587
vn 0.2588 0.0000 0.9659
vn 0.5000 0.0000 0.8660
vn 0.2588 0.0000 0.9659
vn 0.0000 0.0000 1.0000
vn 0.0000 -0.9285 0.3714
vn 0.0961 -0.9285 0.3587
vn 0.0961 0.9285 0.3587
vn 0.0000 0.9285 0.3714
vn 0.0000 0.0000 1.0000
vn 0.2588 0.0000 0.9659
vn 0.0000 0.0000 1.0000
vn -0.2588 0.0000 0.9659
vn -0.0961 -0.9285 0.3587
vn 0.0000 -0.9285 0.3714
vn 0.0000 0.9285 0.3714
vn -0.0961 0.9285 0.3587
vn -0.2588 0.0000 0.9659
vn 0.0000 0.0000 1.0000
vn -0.2588 0.0000 0.9659
vn -0.5000 0.0000 0.8660
vn -0.1857 -0.9285 0.3216
vn -0.0961 -0.9285 0.3587
vn -0.0961 0.9285 0.3587
vn -0.1857 0.9285 0.3216
vn -0.5000 0.0000 0.8660
vn -0.2588 0.0000 0.9659
vn -0.5000 0.0000 0.8660
vn -0.7071 0.0000 0.7071
vn -0.2626 -0.9285 0.2626
vn -0.1857 -0.9285 0.3216
vn -0.1857 0.9285 0.3216
vn -0.2626 0.9285 0.2626
vn -0.7071 0.0000 0.7071
vn -0.5000 0.0000 0.8660
vn -0.7071 0.0000 0.7071
vn -0.8660 0.0000 0.5000
vn -0.3216 -0.9285 0.1857
vn -0.2626 -0.9285 0.2626
vn -0.2626 0.9285 0.2626
vn -0.3216 0.9285 0.1857
vn -0.8660 0.0000 0.5000
vn -0.7071 0.0000 0.7071
vn -0.8660 0.0000 0.5000
vn -0.9659 0.0000 0.2588
vn -0.3587 -0.9285 0.0961
vn -0.3216 -0.9285 0.1857
vn -0.3216 0.9285 0.1857
vn -0.3587 0.9285 0.0961
vn -0.9659 0.0000 0.2588
vn -0.8660 0.0000 0.5000
vn -0.9659 0.0000 0.2588
vn -1.0000 0.0000 0.0000
vn -0.3714 -0.9285 0.0000
vn -0.3587 -0.9285 0.0961
vn -0.3587 0.9285 0.0961
vn -0.3714 0.9285 0.0000
vn -1.0000 0.0000 0.0000
vn -0.9659 0.0000 0.2588
vn -1.0000 0.0000 0.0000
vn -0.9659 0.0000 -0.2588
vn -0.3587 -0.9285 -0.0961
vn -0.3714 -0.9285 0.0000
vn -0.3714 0.9285 0.0000
vn -0.3587 0.9285 -0.0961
vn -0.9659 0.0000 -0.2588
vn -1.0000 0.0000 0.0000
vn -0.9659 0.0000 -0.2588
vn -0.8660 0.0000 -0.5000
vn -0.3216 -0.9285 -0.1857
vn -0.3587 -0.9285 -0.0961
vn -0.3587 0.9285 -0.0961
vn -0.3216 0.9285 -0.1857
vn -0.8660 0.0000 -0.5000
vn -0.9659 0.0000 -0.2588
vn -0.8660 0.0000 -0.5000
vn -0.7071 0.0000 -0.7071
vn -0.2626 -0.9285 -0.2626
vn -0.3216 -0.9285 -0.1857
vn -0.3216 0.9285 -0.1857
vn -0.2626 0.9285 -0.2626
vn -0.7071 0.0000 -0.7071
vn -0.8660 0.0000 -0.5000
vn -0.7071 0.0000 -0.7071
vn -0.5000 0.0000 -0.8660
vn -0.1857 -0.9285 -0.3216
vn -0.2626 -0.9285 -0.2626
vn -0.2626 0.9285 -0.2626
vn -0.1857 0.9285 -0.3216
vn -0.5000 0.0000 -0.8660
vn -0.7071 0.0000 -0.7071
vn -0.5000 0.0000 -0.8660
vn -0.2588 0.0000 -0.9659
vn -0.0961 -0.9285 -0.3587
vn -0.1857 -0.9285 -0.3216
vn -0.1857 0.9285 -0.3216
vn -0.0961 0.9285 -0.3587
vn -0.2588 0.0000 -0.9659
vn -0.5000 0.0000 -0.8660
vn -0.2588 0.0000 -0.9659
vn -0.0000 0.0000 -1.0000
vn -0.0000 -0.9285 -0.3714
vn -0.0961 -0.9285 -0.3587
vn -0.0961 0.9285 -0.3587
vn -0.0000 0.9285 -0.3714
vn -0.0000 0.0000 -1.0000
vn -0.2588 0.0000 -0.9659
vn -0.0000 0.0000 -1.0000
vn 0.2588 0.0000 -0.9659
vn 0.0961 -0.9285 -0.3587
vn -0.0000 -0.9285 -0.3714
vn -0.0000 0.9285 -0.3714
vn 0.0961 0.9285 -0.3587
vn 0.2588 0.0000 -0.9659
vn -0.0000 0.0000 -1.0000
vn 0.2588 0.0000 -0.9659
vn 0.5000 0.0000 -0.8660
vn 0.1857 -0.9285 -0.3216
vn 0.0961 -0.9285 -0.3587
vn 0.0961 0.9285 -0.3587
vn 0.1857 0.9285 -0.3216
vn 0.5000 0.0000 -0.8660
vn 0.2588 0.0000 -0.9659
vn 0.5000 0.0000 -0.8660
vn 0.7071 0.0000 -0.7071
vn 0.2626 -0.9285 -0.2626
vn 0.1857 -0.9285 -0.3216
vn 0.1857 0.9285 -0.3216
vn 0.2626 0.9285 -0.2626
vn 0.7071 0.0000 -0.7071
vn 0.5000 0.0000 -0.8660
vn 0.7071 0.0000 -0.7071
vn 0.8660 0.0000 -0.5000
vn 0.3216 -0.9285 -0.1857
vn 0.2626 -0.9285 -0.2626
vn 0.2626 0.9285 -0.2626
vn 0.3216 0.9285 -0.1857
vn 0.8660 0.0000 -0.5000
vn 0.7071 0.0000 -0.7071
vn 0.8660 0.0000 -0.5000
vn 0.9659 0.0000 -0.2588
vn 0.3587 -0.9285 -0.0961
vn 0.3216 -0.9285 -0.1857
vn 0.3216 0.9285 -0.1857
vn 0.3587 0.9285 -0.0961
vn 0.9659 0.0000 -0.2588
vn 0.8660 0.0000 -0.5000
vn 0.9659 0.0000 -0.2588
vn 1.0000 0.0000 -0.0000
vn 0.3714 -0.9285 -0.0000
vn 0.3587 -0.9285 -0.0961
vn 0.3587 0.9285 -0.0961
vn 0.3714 0.9285 -0.0000
vn 1.0000 0.0000 -0.0000
vn 0.9659 0.0000 -0.2588
vn 0.0000 -1.0000 0.0000
vn 0.0000 -1.0000 0.0000
vn 0.0000 -1.0000 0.0000
vn 0.9914 0.0000 0.1305
vn 0.9914 0.0000 0.1305
vn 0.9914 0.0000 0.1305
vn 0.9914 0.0000 0.1305
vn 0.0000 1.0000 0.0000
vn 0.0000 1.0000 0.0000
vn 0.0000 1.0000 0.0000
vn 0.0000 -1.0000 0.0000
vn 0.0000 -1.0000 0.0000
vn 0.0000 -1.0000 0.0000
vn 0.9239 0.0000 0.3827
vn 0.9239 0.0000 0.3827
vn 0.9239 0.0000 0.3827
vn 0.9239 0.0000 0.3827
vn 0.0000 1.0000 0.0000
vn 0.0000 1.0000 0.0000
vn 0.0000 1.0000 0.0000
vn 0.0000 -1.0000 0.0000
vn 0.0000 -1.0000 0.0000
vn 0.0000 -1.0000 0.0000
vn 0.7934 0.0000 0.6088
vn 0.7934 0.0000 0.6088
vn 0.7934 0.0000 0.6088
vn 0.7934 0.0000 0.6088
vn 0.0000 1.0000 0.0000
vn 0.0000 1.0000 0.0000
vn 0.0000 1.0000 0.0000
vn 0.0000 -1.0000 0.0000
vn 0.0000 -1.0000 0.0000
vn 0.0000 -1.0000 0.0000
vn 0.6088 0.0000 0.7934
vn 0.6088 0.0000 0.7934
vn 0.6088 0.0000 0.7934
vn 0.6088 0.0000 0.7934
vn 0.0000 1.0000 0.0000
vn 0.0000 1.0000 0.0000
vn 0.0000 1.0000 0.0000
vn 0.0000 -1.0000 0.0000
vn 0.0000 -1.0000 0.0000
vn 0.0000 -1.0000 0.0000
vn 0.3827 0.0000 0.9239
vn 0.3827 0.0000 0.9239
vn 0.3827 0.0000 0.9239
vn 0.3827 0.0000 0.9239
vn 0.0000 1.0000 0.0000
vn 0.0000 1.0000 0.0000
vn 0.0000 1.0000 0.0000
vn 0.0000 -1.0000 0.0000
vn 0.0000 -1.0000 0.0000
vn 0.0000 -1.0000 0.0000
vn 0.1305 0.0000 0.9914
vn 0.1305 0.0000 0.9914
vn 0.1305 0.0000 0.9914
vn 0.1305 0.0000 0.9914
vn 0.0000 1.0000 0.0000
vn 0.0000 1.0000 0.0000
vn 0.0000 1.0000 0.0000
vn 0.0000 -1.0000 0.0000
vn 0.0000 -1.0000 0.0000
vn 0.0000 -1.0000 0.0000
vn -0.1305 0.0000 0.9914
vn -0.1305 0.0000 0.9914
vn -0.1305 0.0000 0.9914
vn -0.1305 0.0000 0.9914
vn 0.0000 1.0000 0.0000
vn 0.0000 1.0000 0.0000
vn 0.0000 1.0000 0.0000
vn 0.0000 -1.0000 0.0000
vn 0.0000 -1.0000 0.0000
vn 0.0000 -1.0000 0.0000
vn -0.3827 0.0000 0.9239
vn -0.3827 0.0000 0.9239
vn -0.3827 0.0000 0.9239
vn -0.3827 0.0000 0.9239
vn 0.0000 1.0000 0.0000
vn 0.0000 1.0000 0.0000
vn 0.0000 1.0000 0.0000
vn 0.0000 -1.0000 0.0000
vn 0.0000 -1.0000 0.0000
vn 0.0000 -1.0000 0.0000
vn -0.6088 0.0000 0.7934
vn -0.6088 0.0000 0.7934
vn -0.6088 0.0000 0.7934
vn -0.6088 0.0000 0.7934
vn 0.0000 1.0000 0.0000
vn 0.0000 1.0000 0.0000
vn 0.0000 1.0000 0.0000
vn 0.0000 -1.0000 0.0000
vn 0.0000 -1.0000 0.0000
vn 0.0000 -1.0000 0.0000
vn -0.7934 0.0000 0.6088
vn -0.7934 0.0000 0.6088
vn -0.7934 0.0000 0.6088
vn -0.7934 0.0000 0.6088
vn 0.0000 1.0000 0.0000
vn 0.0000 1.0000 0.0000
vn 0.0000 1.0000 0.0000
vn 0.0000 -1.0000 0.0000
vn 0.0000 -1.0000 0.0000
vn 0.0000 -1.0000 0.0000
vn -0.9239 0.0000 0.3827
vn -0.9239 0.0000 0.3827
vn -0.9239 0.0000 0.3827
vn -0.9239 0.0000 0.3827
vn 0.0000 1.0000 0.0000
vn 0.0000 1.0000 0.0000
vn 0.0000 1.0000 0.0000
vn 0.0000 -1.0000 0.0000
vn 0.0000 -1.0000 0.0000
vn 0.0000 -1.0000 0.0000
vn -0.9914 0.0000 0.1305
vn -0.9914 0.0000 0.1305
vn -0.9914 0.0000 0.1305
vn -0.9914 0.0000 0.1305
vn 0.0000 1.0000 0.0000
vn 0.0000 1.0000 0.0000
vn 0.0000 1.0000 0.0000
vn 0.0000 -1.0000 0.0000
vn 0.0000 -1.0000 0.0000
vn 0.0000 -1.0000 0.0000
vn -0.9914 0.0000 -0.1305
vn -0.9914 0.0000 -0.1305
vn -0.9914 0.0000 -0.1305
vn -0.9914 0.0000 -0.1305
vn 0.0000 1.0000 0.0000
vn 0.0000 1.0000 0.0000
vn 0.0000 1.0000 0.0000
vn 0.0000 -1.0000 0.0000
vn 0.0000 -1.0000 0.0000
vn 0.0000 -1.0000 0.0000
vn -0.9239 0.0000 -0.3827
vn -0.9239 0.0000 -0.3827
vn -0.9239 0.0000 -0.3827
vn -0.9239 0.0000 -0.3827
vn 0.0000 1.0000 0.0000
vn 0.0000 1.0000 0.0000
vn 0.0000 1.0000 0.0000
vn 0.0000 -1.0000 0.0000
vn 0.0000 -1.0000 0.0000
vn 0.0000 -1.0000 0.0000
vn -0.7934 0.0000 -0.6088
vn -0.7934 0.0000 -0.6088
vn -0.7934 0.0000 -0.6088
vn -0.7934 0.0000 -0.6088
vn 0.0000 1.0000 0.0000
vn 0.0000 1.0000 0.0000
vn 0.0000 1.0000 0.0000
vn 0.0000 -1.0000 0.0000
vn 0.0000 -1.0000 0.0000
vn 0.0000 -1.0000 0.0000
vn -0.6088 0.0000 -0.7934
vn -0.6088 0.0000 -0.7934
vn -0.6088 0.0000 -0.7934
vn -0.6088 0.0000 -0.7934
vn 0.0000 1.0000 0.0000
vn 0.0000 1.0000 0.0000
vn 0.0000 1.0000 0.0000
vn 0.0000 -1.0000 0.0000
vn 0.0000 -1.0000 0.0000
vn 0.0000 -1.0000 0.0000
vn -0.3827 0.0000 -0.9239
vn -0.3827 0.0000 -0.9239
vn -0.3827 0.0000 -0.9239
vn -0.3827 0.0000 -0.9239
vn 0.0000 1.0000 0.0000
vn 0.0000 1.0000 0.0000
vn 0.0000 1.0000 0.0000
vn 0.0000 -1.0000 0.0000
vn 0.0000 -1.0000 0.0000
vn 0.0000 -1.0000 0.0000
vn -0.1305 0.0000 -0.9914
vn -0.1305 0.0000 -0.9914
vn -0.1305 0.0000 -0.9914
vn -0.1305 0.0000 -0.9914
vn 0.0000 1.0000 0.0000
vn 0.0000 1.0000 0.0000
vn 0.0000 1.0000 0.0000
vn 0.0000 -1.0000 0.0000
vn 0.0000 -1.0000 0.0000
vn 0.0000 -1.0000 0.0000
vn 0.1305 0.0000 -0.9914
vn 0.1305 0.0000 -0.9914
vn 0.1305 0.0000 -0.9914
vn 0.1305 0.0000 -0.9914
vn 0.0000 1.0000 0.0000
vn 0.0000 1.0000 0.0000
vn 0.0000 1.0000 0.0000
vn 0.0000 -1.0000 0.0000
vn 0.0000 -1.0000 0.0000
vn 0.0000 -1.0000 0.0000
vn 0.3827 0.0000 -0.9239
vn 0.3827 0.0000 -0.9239
vn 0.3827 0.0000 -0.9239
vn 0.3827 0.0000 -0.9239
vn 0.0000 1.0000 0.0000
vn 0.0000 1.0000 0.0000
vn 0.0000 1.0000 0.0000
vn 0.0000 -1.0000 0.0000
vn 0.0000 -1.0000 0.0000
vn 0.0000 -1.0000 0.0000
vn 0.6088 0.0000 -0.7934
vn 0.6088 0.0000 -0.7934
vn 0.6088 0.0000 -0.7934
vn 0.6088 0.0000 -0.7934
vn 0.0000 1.0000 0.0000
vn 0.0000 1.0000 0.0000
vn 0.0000 1.0000 0.0000
vn 0.0000 -1.0000 0.0000
vn 0.0000 -1.0000 0.0000
vn 0.0000 -1.0000 0.0000
vn 0.7934 0.0000 -0.6088
vn 0.7934 0.0000 -0.6088
vn 0.7934 0.0000 -0.6088
vn 0.7934 0.0000 -0.6088
vn 0.0000 1.0000 0.0000
vn 0.0000 1.0000 0.0000
vn 0.0000 1.0000 0.0000
vn 0.0000 -1.0000 0.0000
vn 0.0000 -1.0000 0.0000
vn 0.0000 -1.0000 0.0000
vn 0.9239 0.0000 -0.3827
vn 0.9239 0.0000 -0.3827
vn 0.9239 0.0000 -0.3827
vn 0.9239 0.0000 -0.3827
vn 0.0000 1.0000 0.0000
vn 0.0000 1.0000 0.0000
vn 0.0000 1.0000 0.0000
vn 0.0000 -1.0000 0.0000
vn 0.0000 -1.0000 0.0000
vn 0.0000 -1.0000 0.0000
vn 0.9914 0.0000 -0.1305
vn 0.9914 0.0000 -0.1305
vn 0.9914 0.0000 -0.1305
vn 0.9914 0.0000 -0.1305
vn 0.0000 1.0000 0.0000
vn 0.0000 1.0000 0.0000
vn 0.0000 1.0000 0.0000
vn 0.6509 0.3906 0.6509
vn 0.6509 0.3906 0.6509
vn 0.6509 0.3906 0.6509
vn 0.0000 -1.0000 0.0000
vn 0.0000 -1.0000 0.0000
vn 0.0000 -1.0000 0.0000
vn -0.6509 0.3906 0.6509
vn -0.6509 0.3906 0.6509
vn -0.6509 0.3906 0.6509
vn 0.0000 -1.0000 0.0000
vn 0.0000 -1.0000 0.0000
vn 0.0000 -1.0000 0.0000
vn -0.6509 0.3906 -0.6509
vn -0.6509 0.3906 -0.6509
vn -0.6509 0.3906 -0.6509
vn 0.0000 -1.0000 0.0000
vn 0.0000 -1.0000 0.0000
vn 0.0000 -1.0000 0.0000
vn 0.6509 0.3906 -0.6509
vn 0.6509 0.3906 -0.6509
vn 0.6509 0.3906 -0.6509
vn 0.0000 -1.0000 0.0000
vn 0.0000 -1.0000 0.0000
vn 0.0000 -1.0000 0.0000
vn 0.6509 0.3906 0.6509
vn 0.6509 0.3906 0.6509
vn 0.6509 0.3906 0.6509
vn 0.0000 -1.0000 0.0000
vn 0.0000 -1.0000 0.0000
vn 0.0000 -1.0000 0.0000
vn -0.6509 0.3906 0.6509
vn -0.6509 0.3906 0.6509
vn -0.6509 0.3906 0.6509
vn 0.0000 -1.0000 0.0000
vn 0.0000 -1.0000 0.0000
vn 0.0000 -1.0000 0.0000
vn -0.6509 0.3906 -0.6509
vn -0.6509 0.3906 -0.6509
vn -0.6509 0.3906 -0.6509
vn 0.0000 -1.0000 0.0000
vn 0.0000 -1.0000 0.0000
vn 0.0000 -1.0000 0.0000
vn 0.6509 0.3906 -0.6509
vn 0.6509 0.3906 -0.6509
vn 0.6509 0.3906 -0.6509
vn 0.0000 -1.0000 0.0000
vn 0.0000 -1.0000 0.0000
vn 0.0000 -1.0000 0.0000
vn 0.6509 0.3906 0.6509
vn 0.6509 0.3906 0.6509
vn 0.6509 0.3906 0.6509
vn 0.0000 -1.0000 0.0000
vn 0.0000 -1.0000 0.0000
vn 0.0000 -1.0000 0.0000
vn -0.6509 0.3906 0.6509
vn -0.6509 0.3906 0.6509
vn -0.6509 0.3906 0.6509
vn 0.0000 -1.0000 0.0000
vn 0.0000 -1.0000 0.0000
vn 0.0000 -1.0000 0.0000
vn -0.6509 0.3906 -0.6509
vn -0.6509 0.3906 -0.6509
vn -0.6509 0.3906 -0.6509
vn 0.0000 -1.0000 0.0000
vn 0.0000 -1.0000 0.0000
vn 0.0000 -1.0000 0.0000
vn 0.6509 0.3906 -0.6509
vn 0.6509 0.3906 -0.6509
vn 0.6509 0.3906 -0.6509
vn 0.0000 -1.0000 0.0000
vn 0.0000 -1.0000 0.0000
vn 0.0000 -1.0000 0.0000
vn 0.6509 0.3906 0.6509
vn 0.6509 0.3906 0.6509
vn 0.6509 0.3906 0.6509
vn 0.0000 -1.0000 0.0000
vn 0.0000 -1.0000 0.0000
vn 0.0000 -1.0000 0.0000
vn -0.6509 0.3906 0.6509
vn -0.6509 0.3906 0.6509
vn -0.6509 0.3906 0.6509
vn 0.0000 -1.0000 0.0000
vn 0.0000 -1.0000 0.0000
vn 0.0000 -1.0000 0.0000
vn -0.6509 0.3906 -0.6509
vn -0.6509 0.3906 -0.6509
vn -0.6509 0.3906 -0.6509
vn 0.0000 -1.0000 0.0000
vn 0.0000 -1.0000 0.0000
vn 0.0000 -1.0000 0.0000
vn 0.6509 0.3906 -0.6509
vn 0.6509 0.3906 -0.6509
vn 0.6509 0.3906 -0.6509
vn 0.0000 -1.0000 0.0000
vn 0.0000 -1.0000 0.0000
vn 0.0000 -1.0000 0.0000
vn 0.6509 0.3906 0.6509
vn 0.6509 0.3906 0.6509
vn 0.6509 0.3906 0.6509
vn 0.0000 -1.0000 0.0000
vn 0.0000 -1.0000 0.0000
vn 0.0000 -1.0000 0.0000
vn -0.6509 0.3906 0.6509
vn -0.6509 0.3906 0.6509
vn -0.6509 0.3906 0.6509
vn 0.0000 -1.0000 0.0000
vn 0.0000 -1.0000 0.0000
vn 0.0000 -1.0000 0.0000
vn -0.6509 0.3906 -0.6509
vn -0.6509 0.3906 -0.6509
vn -0.6509 0.3906 -0.6509
vn 0.0000 -1.0000 0.0000
vn 0.0000 -1.0000 0.0000
vn 0.0000 -1.0000 0.0000
vn 0.6509 0.3906 -0.6509
vn 0.6509 0.3906 -0.6509
vn 0.6509 0.3906 -0.6509
vn 0.0000 -1.0000 0.0000
vn 0.0000 -1.0000 0.0000
vn 0.0000 -1.0000 0.0000
vn 0.6509 0.3906 0.6509
vn 0.6509 0.3906 0.6509
vn 0.6509 0.3906 0.6509
vn 0.0000 -1.0000 0.0000
vn 0.0000 -1.0000 0.0000
vn 0.0000 -1.0000 0.0000
vn -0.6509 0.3906 0.6509
vn -0.6509 0.3906 0.6509
vn -0.6509 0.3906 0.6509
vn 0.0000 -1.0000 0.0000
vn 0.0000 -1.0000 0.0000
vn 0.0000 -1.0000 0.0000
vn -0.6509 0.3906 -0.6509
vn -0.6509 0.3906 -0.6509
vn -0.6509 0.3906 -0.6509
vn 0.0000 -1.0000 0.0000
vn 0.0000 -1.0000 0.0000
vn 0.0000 -1.0000 0.0000
vn 0.6509 0.3906 -0.6509
vn 0.6509 0.3906 -0.6509
vn 0.6509 0.3906 -0.6509
vn 0.0000 -1.0000 0.0000
vn 0.0000 -1.0000 0.0000
vn 0.0000 -1.0000 0.0000
vn 0.6509 0.3906 0.6509
vn 0.6509 0.3906 0.6509
vn 0.6509 0.3906 0.6509
vn 0.0000 -1.0000 0.0000
vn 0.0000 -1.0000 0.0000
vn 0.0000 -1.0000 0.0000
vn -0.6509 0.3906 0.6509
vn -0.6509 0.3906 0.6509
vn -0.6509 0.3906 0.6509
vn 0.0000 -1.0000 0.0000
vn 0.0000 -1.0000 0.0000
vn 0.0000 -1.0000 0.0000
vn -0.6509 0.3906 -0.6509
vn -0.6509 0.3906 -0.6509
vn -0.6509 0.3906 -0.6509
vn 0.0000 -1.0000 0.0000
vn 0.0000 -1.0000 0.0000
vn 0.0000 -1.0000 0.0000
vn 0.6509 0.3906 -0.6509
vn 0.6509 0.3906 -0.6509
vn 0.6509 0.3906 -0.6509
vn 0.0000 -1.0000 0.0000
vn 0.0000 -1.0000 0.0000
vn 0.0000 -1.0000 0.0000
vn 0.6509 0.3906 0.6509
vn 0.6509 0.3906 0.6509
vn 0.6509 0.3906 0.6509
vn 0.0000 -1.0000 0.0000
vn 0.0000 -1.0000 0.0000
vn 0.0000 -1.0000 0.0000
vn -0.6509 0.3906 0.6509
vn -0.6509 0.3906 0.6509
vn -0.6509 0.3906 0.6509
vn 0.0000 -1.0000 0.0000
vn 0.0000 -1.0000 0.0000
vn 0.0000 -1.0000 0.0000
vn -0.6509 0.3906 -0.6509
vn -0.6509 0.3906 -0.6509
vn -0.6509 0.3906 -0.6509
vn 0.0000 -1.0000 0.0000
vn 0.0000 -1.0000 0.0000
vn 0.0000 -1.0000 0.0000
vn 0.6509 0.3906 -0.6509
vn 0.6509 0.3906 -0.6509
vn 0.6509 0.3906 -0.6509
vn 0.0000 -1.0000 0.0000
vn 0.0000 -1.0000 0.0000
vn 0.0000 -1.0000 0.0000
vn 0.6509 0.3906 0.6509
vn 0.6509 0.3906 0.6509
vn 0.6509 0.3906 0.6509
vn 0.0000 -1.0000 0.0000
vn 0.0000 -1.0000 0.0000
vn 0.0000 -1.0000 0.0000
vn -0.6509 0.3906 0.6509
vn -0.6509 0.3906 0.6509
vn -0.6509 0.3906 0.6509
vn 0.0000 -1.0000 0.0000
vn 0.0000 -1.0000 0.0000
vn 0.0000 -1.0000 0.0000
vn -0.6509 0.3906 -0.6509
vn -0.6509 0.3906 -0.6509
vn -0.6509 0.3906 -0.6509
vn 0.0000 -1.0000 0.0000
vn 0.0000 -1.0000 0.0000
vn 0.0000 -1.0000 0.0000
vn 0.6509 0.3906 -0.6509
vn 0.6509 0.3906 -0.6509
vn 0.6509 0.3906 -0.6509
vn 0.0000 -1.0000 0.0000
vn 0.0000 -1.0000 0.0000
vn 0.0000 -1.0000 0.0000
vn 0.7790 0.4370 0.4497
vn 0.7790 0.4370 0.4497
vn 0.7790 0.4370 0.4497
vn 0.7402 -0.5191 0.4274
vn 0.7402 -0.5191 0.4274
vn 0.7402 -0.5191 0.4274
vn 0.0000 0.4370 0.8995
vn 0.0000 0.4370 0.8995
vn 0.0000 0.4370 0.8995
vn 0.0000 -0.5191 0.8547
vn 0.0000 -0.5191 0.8547
vn 0.0000 -0.5191 0.8547
vn -0.7790 0.4370 0.4497
vn -0.7790 0.4370 0.4497
vn -0.7790 0.4370 0.4497
vn -0.7402 -0.5191 0.4274
vn -0.7402 -0.5191 0.4274
vn -0.7402 -0.5191 0.4274
vn -0.7790 0.4370 -0.4497
vn -0.7790 0.4370 -0.4497
vn -0.7790 0.4370 -0.4497
vn -0.7402 -0.5191 -0.4274
vn -0.7402 -0.5191 -0.4274
vn -0.7402 -0.5191 -0.4274
vn -0.0000 0.4370 -0.8995
vn -0.0000 0.4370 -0.8995
vn -0.0000 0.4370 -0.8995
vn -0.0000 -0.5191 -0.8547
vn -0.0000 -0.5191 -0.8547
vn -0.0000 -0.5191 -0.8547
vn 0.7790 0.4370 -0.4497
vn 0.7790 0.4370 -0.4497
vn 0.7790 0.4370 -0.4497
vn 0.7402 -0.5191 -0.4274
vn 0.7402 -0.5191 -0.4274
vn 0.7402 -0.5191 -0.4274
vn 0.4915 0.3278 0.8068
vn 0.4915 0.3278 0.8068
vn 0.4915 0.3278 0.8068
vn 0.4759 -0.4040 0.7812
vn 0.4759 -0.4040 0.7812
vn 0.4759 -0.4040 0.7812
vn -0.4529 0.3278 0.8291
vn -0.4529 0.3278 0.8291
vn -0.4529 0.3278 0.8291
vn -0.4386 -0.4040 0.8028
vn -0.4386 -0.4040 0.8028
vn -0.4386 -0.4040 0.8028
vn -0.9445 0.3278 0.0223
vn -0.9445 0.3278 0.0223
vn -0.9445 0.3278 0.0223
vn -0.9145 -0.4040 0.0216
vn -0.9145 -0.4040 0.0216
vn -0.9145 -0.4040 0.0216
vn -0.4915 0.3278 -0.8068
vn -0.4915 0.3278 -0.8068
vn -0.4915 0.3278 -0.8068
vn -0.4759 -0.4040 -0.7812
vn -0.4759 -0.4040 -0.7812
vn -0.4759 -0.4040 -0.7812
vn 0.4529 0.3278 -0.8291
vn 0.4529 0.3278 -0.8291
vn 0.4529 0.3278 -0.8291
vn 0.4386 -0.4040 -0.8028
vn 0.4386 -0.4040 -0.8028
vn 0.4386 -0.4040 -0.8028
vn 0.9445 0.3278 -0.0223
vn 0.9445 0.3278 -0.0223
vn 0.9445 0.3278 -0.0223
vn 0.9145 -0.4040 -0.0216
vn 0.9145 -0.4040 -0.0216
vn 0.9145 -0.4040 -0.0216
vn 0.9955 0.0952 -0.0000
vn 0.5055 -0.0341 -0.8621
vn 0.5065 -0.0474 -0.8610
vn 0.9912 0.1319 -0.0049
vn 0.5055 -0.0341 -0.8621
vn -0.4899 -0.1293 -0.8621
vn -0.4848 -0.1793 -0.8561
vn 0.5065 -0.0474 -0.8610
vn -0.4899 -0.1293 -0.8621
vn -0.9955 -0.0952 -0.0000
vn -0.9912 -0.1319 0.0049
vn -0.4848 -0.1793 -0.8561
vn -0.9955 -0.0952 -0.0000
vn -0.5055 0.0341 0.8621
vn -0.5065 0.0474 0.8610
vn -0.9912 -0.1319 0.0049
vn -0.5055 0.0341 0.8621
vn 0.4899 0.1293 0.8621
vn 0.4848 0.1793 0.8561
vn -0.5065 0.0474 0.8610
vn 0.4899 0.1293 0.8621
vn 0.9955 0.0952 -0.0000
vn 0.9912 0.1319 -0.0049
vn 0.4848 0.1793 0.8561
vn 0.9912 0.1319 -0.0049
vn 0.5065 -0.0474 -0.8610
vn 0.5086 -0.0723 -0.8580
vn 0.9798 0.1990 -0.0187
vn 0.5065 -0.0474 -0.8610
vn -0.4848 -0.1793 -0.8561
vn -0.4712 -0.2713 -0.8392
vn 0.5086 -0.0723 -0.8580
vn -0.4848 -0.1793 -0.8561
vn -0.9912 -0.1319 0.0049
vn -0.9798 -0.1990 0.0187
vn -0.4712 -0.2713 -0.8392
vn -0.9912 -0.1319 0.0049
vn -0.5065 0.0474 0.8610
vn -0.5086 0.0723 0.8580
vn -0.9798 -0.1990 0.0187
vn -0.5065 0.0474 0.8610
vn 0.4848 0.1793 0.8561
vn 0.4712 0.2713 0.8392
vn -0.5086 0.0723 0.8580
vn 0.4848 0.1793 0.8561
vn 0.9912 0.1319 -0.0049
vn 0.9798 0.1990 -0.0187
vn 0.4712 0.2713 0.8392
vn 0.9798 0.1990 -0.0187
vn 0.5086 -0.0723 -0.8580
vn 0.5108 -0.0842 -0.8556
vn 0.9726 0.2311 -0.0266
vn 0.5086 -0.0723 -0.8580
vn -0.4712 -0.2713 -0.8392
vn -0.4618 -0.3154 -0.8290
vn 0.5108 -0.0842 -0.8556
vn -0.4712 -0.2713 -0.8392
vn -0.9798 -0.1990 0.0187
vn -0.9726 -0.2311 0.0266
vn -0.4618 -0.3154 -0.8290
vn -0.9798 -0.1990 0.0187
vn -0.5086 0.0723 0.8580
vn -0.5108 0.0842 0.8556
vn -0.9726 -0.2311 0.0266
vn -0.5086 0.0723 0.8580
vn 0.4712 0.2713 0.8392
vn 0.4618 0.3154 0.8290
vn -0.5108 0.0842 0.8556
vn 0.4712 0.2713 0.8392
vn 0.9798 0.1990 -0.0187
vn 0.9726 0.2311 -0.0266
vn 0.4618 0.3154 0.8290
vn 0.9726 0.2311 -0.0266
vn 0.5108 -0.0842 -0.8556
vn 0.5121 -0.0902 -0.8541
vn 0.9684 0.2474 -0.0309
vn 0.5108 -0.0842 -0.8556
vn -0.4618 -0.3154 -0.8290
vn -0.4563 -0.3376 -0.8233
vn 0.5121 -0.0902 -0.8541
vn -0.4618 -0.3154 -0.8290
vn -0.9726 -0.2311 0.0266
vn -0.9684 -0.2474 0.0309
vn -0.4563 -0.3376 -0.8233
vn -0.9726 -0.2311 0.0266
vn -0.5108 0.0842 0.8556
vn -0.5121 0.0902 0.8541
vn -0.9684 -0.2474 0.0309
vn -0.5108 0.0842 0.8556
vn 0.4618 0.3154 0.8290
vn 0.4563 0.3376 0.8233
vn -0.5121 0.0902 0.8541
vn 0.4618 0.3154 0.8290
vn 0.9726 0.2311 -0.0266
vn 0.9684 0.2474 -0.0309
vn 0.4563 0.3376 0.8233
vn 0.9684 0.2474 -0.0309
vn 0.5121 -0.0902 -0.8541
vn 0.5125 -0.0917 -0.8538
vn 0.9674 0.2513 -0.0319
vn 0.5121 -0.0902 -0.8541
vn -0.4563 -0.3376 -0.8233
vn -0.4549 -0.3429 -0.8219
vn 0.5125 -0.0917 -0.8538
vn -0.4563 -0.3376 -0.8233
vn -0.9684 -0.2474 0.0309
vn -0.9674 -0.2513 0.0319
vn -0.4549 -0.3429 -0.8219
vn -0.9684 -0.2474 0.0309
vn -0.5121 0.0902 0.8541
vn -0.5125 0.0917 0.8538
vn -0.9674 -0.2513 0.0319
vn -0.5121 0.0902 0.8541
vn 0.4563 0.3376 0.8233
vn 0.4549 0.3429 0.8219
vn -0.5125 0.0917 0.8538
vn 0.4563 0.3376 0.8233
vn 0.9684 0.2474 -0.0309
vn 0.9674 0.2513 -0.0319
vn 0.4549 0.3429 0.8219
vn 0.9674 0.2513 -0.0319
vn 0.5125 -0.0917 -0.8538
vn 0.5118 -0.0891 -0.8545
vn 0.9693 0.2441 -0.0300
vn 0.5125 -0.0917 -0.8538
vn -0.4549 -0.3429 -0.8219
vn -0.4575 -0.3332 -0.8244
vn 0.5118 -0.0891 -0.8545
vn -0.4549 -0.3429 -0.8219
vn -0.9674 -0.2513 0.0319
vn -0.9693 -0.2441 0.0300
vn -0.4575 -0.3332 -0.8244
vn -0.9674 -0.2513 0.0319
vn -0.5125 0.0917 0.8538
vn -0.5118 0.0891 0.8545
vn -0.9693 -0.2441 0.0300
vn -0.5125 0.0917 0.8538
vn 0.4549 0.3429 0.8219
vn 0.4575 0.3332 0.8244
vn -0.5118 0.0891 0.8545
vn 0.4549 0.3429 0.8219
vn 0.9674 0.2513 -0.0319
vn 0.9693 0.2441 -0.0300
vn 0.4575 0.3332 0.8244
vn 0.9693 0.2441 -0.0300
vn 0.5118 -0.0891 -0.8545
vn 0.5101 -0.0827 -0.8562
vn 0.9737 0.2265 -0.0258
vn 0.5118 -0.0891 -0.8545
vn -0.4575 -0.3332 -0.8244
vn -0.4636 -0.3093 -0.8303
vn 0.5101 -0.0827 -0.8562
vn -0.4575 -0.3332 -0.8244
vn -0.9693 -0.2441 0.0300
vn -0.9737 -0.2265 0.0258
vn -0.4636 -0.3093 -0.8303
vn -0.9693 -0.2441 0.0300
vn -0.5118 0.0891 0.8545
vn -0.5101 0.0827 0.8562
vn -0.9737 -0.2265 0.0258
vn -0.5118 0.0891 0.8545
vn 0.4575 0.3332 0.8244
vn 0.4636 0.3093 0.8303
vn -0.5101 0.0827 0.8562
vn 0.4575 0.3332 0.8244
vn 0.9693 0.2441 -0.0300
vn 0.9737 0.2265 -0.0258
vn 0.4636 0.3093 0.8303
vn 0.9737 0.2265 -0.0258
vn 0.5101 -0.0827 -0.8562
vn 0.5075 -0.0727 -0.8586
vn 0.9798 0.1987 -0.0201
vn 0.5101 -0.0827 -0.8562
vn -0.4636 -0.3093 -0.8303
vn -0.4724 -0.2715 -0.8385
vn 0.5075 -0.0727 -0.8586
vn -0.4636 -0.3093 -0.8303
vn -0.9737 -0.2265 0.0258
vn -0.9798 -0.1987 0.0201
vn -0.4724 -0.2715 -0.8385
vn -0.9737 -0.2265 0.0258
vn -0.5101 0.0827 0.8562
vn -0.5075 0.0727 0.8586
vn -0.9798 -0.1987 0.0201
vn -0.5101 0.0827 0.8562
vn 0.4636 0.3093 0.8303
vn 0.4724 0.2715 0.8385
vn -0.5075 0.0727 0.8586
vn 0.4636 0.3093 0.8303
vn 0.9737 0.2265 -0.0258
vn 0.9798 0.1987 -0.0201
vn 0.4724 0.2715 0.8385
vn 0.9798 0.1987 -0.0201
vn 0.5075 -0.0727 -0.8586
vn 0.5042 -0.0591 -0.8615
vn 0.9869 0.1610 -0.0138
vn 0.5075 -0.0727 -0.8586
vn -0.4724 -0.2715 -0.8385
vn -0.4826 -0.2201 -0.8477
vn 0.5042 -0.0591 -0.8615
vn -0.4724 -0.2715 -0.8385
vn -0.9798 -0.1987 0.0201
vn -0.9869 -0.1610 0.0138
vn -0.4826 -0.2201 -0.8477
vn -0.9798 -0.1987 0.0201
vn -0.5075 0.0727 0.8586
vn -0.5042 0.0591 0.8615
vn -0.9869 -0.1610 0.0138
vn -0.5075 0.0727 0.8586
vn 0.4724 0.2715 0.8385
vn 0.4826 0.2201 0.8477
vn -0.5042 0.0591 0.8615
vn 0.4724 0.2715 0.8385
vn 0.9798 0.1987 -0.0201
vn 0.9869 0.1610 -0.0138
vn 0.4826 0.2201 0.8477
vn 0.9869 0.1610 -0.0138
vn 0.5042 -0.0591 -0.8615
vn 0.5009 -0.0421 -0.8645
vn 0.9934 0.1141 -0.0084
vn 0.5042 -0.0591 -0.8615
vn -0.4826 -0.2201 -0.8477
vn -0.4926 -0.1563 -0.8561
vn 0.5009 -0.0421 -0.8645
vn -0.4826 -0.2201 -0.8477
vn -0.9869 -0.1610 0.0138
vn -0.9934 -0.1141 0.0084
vn -0.4926 -0.1563 -0.8561
vn -0.9869 -0.1610 0.0138
vn -0.5042 0.0591 0.8615
vn -0.5009 0.0421 0.8645
vn -0.9934 -0.1141 0.0084
vn -0.5042 0.0591 0.8615
vn 0.4826 0.2201 0.8477
vn 0.4926 0.1563 0.8561
vn -0.5009 0.0421 0.8645
vn 0.4826 0.2201 0.8477
vn 0.9869 0.1610 -0.0138
vn 0.9934 0.1141 -0.0084
vn 0.4926 0.1563 0.8561
vn 0.9934 0.1141 -0.0084
vn 0.5009 -0.0421 -0.8645
vn 0.4978 -0.0222 -0.8670
vn 0.9982 0.0596 -0.0051
vn 0.5009 -0.0421 -0.8645
vn -0.4926 -0.1563 -0.8561
vn -0.5004 -0.0818 -0.8619
vn 0.4978 -0.0222 -0.8670
vn -0.4926 -0.1563 -0.8561
vn -0.9934 -0.1141 0.0084
vn -0.9982 -0.0596 0.0051
vn -0.5004 -0.0818 -0.8619
vn -0.9934 -0.1141 0.0084
vn -0.5009 0.0421 0.8645
vn -0.4978 0.0222 0.8670
vn -0.9982 -0.0596 0.0051
vn -0.5009 0.0421 0.8645
vn 0.4926 0.1563 0.8561
vn 0.5004 0.0818 0.8619
vn -0.4978 0.0222 0.8670
vn 0.4926 0.1563 0.8561
vn 0.9934 0.1141 -0.0084
vn 0.9982 0.0596 -0.0051
vn 0.5004 0.0818 0.8619
vn 0.9982 0.0596 -0.0051
vn 0.4978 -0.0222 -0.8670
vn 0.4969 -0.0113 -0.8677
vn 0.9995 0.0304 -0.0042
vn 0.4978 -0.0222 -0.8670
vn -0.5004 -0.0818 -0.8619
vn -0.5026 -0.0417 -0.8635
vn 0.4969 -0.0113 -0.8677
vn -0.5004 -0.0818 -0.8619
vn -0.9982 -0.0596 0.0051
vn -0.9995 -0.0304 0.0042
vn -0.5026 -0.0417 -0.8635
vn -0.9982 -0.0596 0.0051
vn -0.4978 0.0222 0.8670
vn -0.4969 0.0113 0.8677
vn -0.9995 -0.0304 0.0042
vn -0.4978 0.0222 0.8670
vn 0.5004 0.0818 0.8619
vn 0.5026 0.0417 0.8635
vn -0.4969 0.0113 0.8677
vn 0.5004 0.0818 0.8619
vn 0.9982 0.0596 -0.0051
vn 0.9995 0.0304 -0.0042
vn 0.5026 0.0417 0.8635
vn 0.0948 -0.9910 0.0948
vn 0.0948 -0.9910 0.0948
vn 0.0948 -0.9910 0.0948
vn 0.0948 -0.9910 0.0948
vn 0.0948 -0.9910 0.0948
vn 0.0948 -0.9910 0.0948
vn -0.0305 0.9991 -0.0305
vn -0.0305 0.9991 -0.0305
vn -0.0305 0.9991 -0.0305
vn -0.0305 0.9991 -0.0305
vn -0.0305 0.9991 -0.0305
vn -0.0305 0.9991 -0.0305
vn 0.7071 -0.7071 0.0000
vn 0.3536 -0.7071 0.6124
vn 0.3827 -0.9239 0.0000
vn 1.0000 -0.0000 0.0000
vn 0.5000 -0.0000 0.8660
vn 0.3536 -0.7071 0.6124
vn 0.7071 -0.7071 0.0000
vn 0.7071 0.7071 0.0000
vn 0.3536 0.7071 0.6124
vn 0.5000 -0.0000 0.8660
vn 1.0000 -0.0000 0.0000
vn 0.1913 0.9239 0.3314
vn 0.3536 0.7071 0.6124
vn 0.7071 0.7071 0.0000
vn 0.3536 -0.7071 0.6124
vn -0.3536 -0.7071 0.6124
vn 0.1913 -0.9239 0.3314
vn 0.5000 -0.0000 0.8660
vn -0.5000 -0.0000 0.8660
vn -0.3536 -0.7071 0.6124
vn 0.3536 -0.7071 0.6124
vn 0.3536 0.7071 0.6124
vn -0.3536 0.7071 0.6124
vn -0.5000 -0.0000 0.8660
vn 0.5000 -0.0000 0.8660
vn -0.1913 0.9239 0.3314
vn -0.3536 0.7071 0.6124
vn 0.3536 0.7071 0.6124
vn -0.3536 -0.7071 0.6124
vn -0.7071 -0.7071 0.0000
vn -0.1913 -0.9239 0.3314
vn -0.5000 -0.0000 0.8660
vn -1.0000 -0.0000 0.0000
vn -0.7071 -0.7071 0.0000
vn -0.3536 -0.7071 0.6124
vn -0.3536 0.7071 0.6124
vn -0.7071 0.7071 0.0000
vn -1.0000 -0.0000 0.0000
vn -0.5000 -0.0000 0.8660
vn -0.3827 0.9239 0.0000
vn -0.7071 0.7071 0.0000
vn -0.3536 0.7071 0.6124
vn -0.7071 -0.7071 0.0000
vn -0.3536 -0.7071 -0.6124
vn -0.3827 -0.9239 0.0000
vn -1.0000 -0.0000 0.0000
vn -0.5000 -0.0000 -0.8660
vn -0.3536 -0.7071 -0.6124
vn -0.7071 -0.7071 0.0000
vn -0.7071 0.7071 0.0000
vn -0.3536 0.7071 -0.6124
vn -0.5000 -0.0000 -0.8660
vn -1.0000 -0.0000 0.0000
vn -0.1913 0.9239 -0.3314
vn -0.3536 0.7071 -0.6124
vn -0.7071 0.7071 0.0000
vn -0.3536 -0.7071 -0.6124
vn 0.3536 -0.7071 -0.6124
vn -0.1913 -0.9239 -0.3314
vn -0.5000 -0.0000 -0.8660
vn 0.5000 -0.0000 -0.8660
vn 0.3536 -0.7071 -0.6124
vn -0.3536 -0.7071 -0.6124
vn -0.3536 0.7071 -0.6124
vn 0.3536 0.7071 -0.6124
vn 0.5000 -0.0000 -0.8660
vn -0.5000 -0.0000 -0.8660
vn 0.1913 0.9239 -0.3314
vn 0.3536 0.7071 -0.6124
vn -0.3536 0.7071 -0.6124
vn 0.3536 -0.7071 -0.6124
vn 0.7071 -0.7071 -0.0000
vn 0.1913 -0.9239 -0.3314
vn 0.5000 -0.0000 -0.8660
vn 1.0000 -0.0000 -0.0000
vn 0.7071 -0.7071 -0.0000
vn 0.3536 -0.7071 -0.6124
vn 0.3536 0.7071 -0.6124
vn 0.7071 0.7071 -0.0000
vn 1.0000 -0.0000 -0.0000
vn 0.5000 -0.0000 -0.8660
vn 0.3827 0.9239 -0.0000
vn 0.7071 0.7071 -0.0000
vn 0.3536 0.7071 -0.6124
vn 0.9955 -0.0952 0.0000
vn 0.4899 -0.1293 -0.8621
vn 0.4848 -0.1793 -0.8561
vn 0.9912 -0.1319 0.0049
vn 0.4899 -0.1293 -0.8621
vn -0.5055 -0.0341 -0.8621
vn -0.5065 -0.0474 -0.8610
vn 0.4848 -0.1793 -0.8561
vn -0.5055 -0.0341 -0.8621
vn -0.9955 0.0952 -0.0000
vn -0.9912 0.1319 -0.0049
vn -0.5065 -0.0474 -0.8610
vn -0.9955 0.0952 -0.0000
vn -0.4899 0.1293 0.8621
vn -0.4848 0.1793 0.8561
vn -0.9912 0.1319 -0.0049
vn -0.4899 0.1293 0.8621
vn 0.5055 0.0341 0.8621
vn 0.5065 0.0474 0.8610
vn -0.4848 0.1793 0.8561
vn 0.5055 0.0341 0.8621
vn 0.9955 -0.0952 0.0000
vn 0.9912 -0.1319 0.0049
vn 0.5065 0.0474 0.8610
vn 0.9912 -0.1319 0.0049
vn 0.4848 -0.1793 -0.8561
vn 0.4712 -0.2713 -0.8392
vn 0.9798 -0.1990 0.0187
vn 0.4848 -0.1793 -0.8561
vn -0.5065 -0.0474 -0.8610
vn -0.5086 -0.0723 -0.8580
vn 0.4712 -0.2713 -0.8392
vn -0.5065 -0.0474 -0.8610
vn -0.9912 0.1319 -0.0049
vn -0.9798 0.1990 -0.0187
vn -0.5086 -0.0723 -0.8580
vn -0.9912 0.1319 -0.0049
vn -0.4848 0.1793 0.8561
vn -0.4712 0.2713 0.8392
vn -0.9798 0.1990 -0.0187
vn -0.4848 0.1793 0.8561
vn 0.5065 0.0474 0.8610
vn 0.5086 0.0723 0.8580
vn -0.4712 0.2713 0.8392
vn 0.5065 0.0474 0.8610
vn 0.9912 -0.1319 0.0049
vn 0.9798 -0.1990 0.0187
vn 0.5086 0.0723 0.8580
vn 0.9798 -0.1990 0.0187
vn 0.4712 -0.2713 -0.8392
vn 0.4618 -0.3154 -0.8290
vn 0.9726 -0.2311 0.0266
vn 0.4712 -0.2713 -0.8392
vn -0.5086 -0.0723 -0.8580
vn -0.5108 -0.0842 -0.8556
vn 0.4618 -0.3154 -0.8290
vn -0.5086 -0.0723 -0.8580
vn -0.9798 0.1990 -0.0187
vn -0.9726 0.2311 -0.0266
vn -0.5108 -0.0842 -0.8556
vn -0.9798 0.1990 -0.0187
vn -0.4712 0.2713 0.8392
vn -0.4618 0.3154 0.8290
vn -0.9726 0.2311 -0.0266
vn -0.4712 0.2713 0.8392
vn 0.5086 0.0723 0.8580
vn 0.5108 0.0842 0.8556
vn -0.4618 0.3154 0.8290
vn 0.5086 0.0723 0.8580
vn 0.9798 -0.1990 0.0187
vn 0.9726 -0.2311 0.0266
vn 0.5108 0.0842 0.8556
vn 0.9726 -0.2311 0.0266
vn 0.4618 -0.3154 -0.8290
vn 0.4563 -0.3376 -0.8233
vn 0.9684 -0.2474 0.0309
vn 0.4618 -0.3154 -0.8290
vn -0.5108 -0.0842 -0.8556
vn -0.5121 -0.0902 -0.8541
vn 0.4563 -0.3376 -0.8233
vn -0.5108 -0.0842 -0.8556
vn -0.9726 0.2311 -0.0266
vn -0.9684 0.2474 -0.0309
vn -0.5121 -0.0902 -0.8541
vn -0.9726 0.2311 -0.0266
vn -0.4618 0.3154 0.8290
vn -0.4563 0.3376 0.8233
vn -0.9684 0.2474 -0.0309
vn -0.4618 0.3154 0.8290
vn 0.5108 0.0842 0.8556
vn 0.5121 0.0902 0.8541
vn -0.4563 0.3376 0.8233
vn 0.5108 0.0842 0.8556
vn 0.9726 -0.2311 0.0266
vn 0.9684 -0.2474 0.0309
vn 0.5121 0.0902 0.8541
vn 0.9684 -0.2474 0.0309
vn 0.4563 -0.3376 -0.8233
vn 0.4549 -0.3429 -0.8219
vn 0.9674 -0.2513 0.0319
vn 0.4563 -0.3376 -0.8233
vn -0.5121 -0.0902 -0.8541
vn -0.5125 -0.0917 -0.8538
vn 0.4549 -0.3429 -0.8219
vn -0.5121 -0.0902 -0.8541
vn -0.9684 0.2474 -0.0309
vn -0.9674 0.2513 -0.0319
vn -0.5125 -0.0917 -0.8538
vn -0.9684 0.2474 -0.0309
vn -0.4563 0.3376 0.8233
vn -0.4549 0.3429 0.8219
vn -0.9674 0.2513 -0.0319
vn -0.4563 0.3376 0.8233
vn 0.5121 0.0902 0.8541
vn 0.5125 0.0917 0.8538
vn -0.4549 0.3429 0.8219
vn 0.5121 0.0902 0.8541
vn 0.9684 -0.2474 0.0309
vn 0.9674 -0.2513 0.0319
vn 0.5125 0.0917 0.8538
vn 0.9674 -0.2513 0.0319
vn 0.4549 -0.3429 -0.8219
vn 0.4575 -0.3332 -0.8244
vn 0.9693 -0.2441 0.0300
vn 0.4549 -0.3429 -0.8219
vn -0.5125 -0.0917 -0.8538
vn -0.5118 -0.0891 -0.8545
vn 0.4575 -0.3332 -0.8244
vn -0.5125 -0.0917 -0.8538
vn -0.9674 0.2513 -0.0319
vn -0.9693 0.2441 -0.0300
vn -0.5118 -0.0891 -0.8545
vn -0.9674 0.2513 -0.0319
vn -0.4549 0.3429 0.8219
vn -0.4575 0.3332 0.8244
vn -0.9693 0.2441 -0.0300
vn -0.4549 0.3429 0.8219
vn 0.5125 0.0917 0.8538
vn 0.5118 0.0891 0.8545
vn -0.4575 0.3332 0.8244
vn 0.5125 0.0917 0.8538
vn 0.9674 -0.2513 0.0319
vn 0.9693 -0.2441 0.0300
vn 0.5118 0.0891 0.8545
vn 0.9693 -0.2441 0.0300
vn 0.4575 -0.3332 -0.8244
vn 0.4636 -0.3093 -0.8303
vn 0.9737 -0.2265 0.0258
vn 0.4575 -0.3332 -0.8244
vn -0.5118 -0.0891 -0.8545
vn -0.5101 -0.0827 -0.8562
vn 0.4636 -0.3093 -0.8303
vn -0.5118 -0.0891 -0.8545
vn -0.9693 0.2441 -0.0300
vn -0.9737 0.2265 -0.0258
vn -0.5101 -0.0827 -0.8562
vn -0.9693 0.2441 -0.0300
vn -0.4575 0.3332 0.8244
vn -0.4636 0.3093 0.8303
vn -0.9737 0.2265 -0.0258
vn -0.4575 0.3332 0.8244
vn 0.5118 0.0891 0.8545
vn 0.5101 0.0827 0.8562
vn -0.4636 0.3093 0.8303
vn 0.5118 0.0891 0.8545
vn 0.9693 -0.2441 0.0300
vn 0.9737 -0.2265 0.0258
vn 0.5101 0.0827 0.8562
vn 0.9737 -0.2265 0.0258
vn 0.4636 -0.3093 -0.8303
vn 0.4724 -0.2715 -0.8385
vn 0.9798 -0.1987 0.0201
vn 0.4636 -0.3093 -0.8303
vn -0.5101 -0.0827 -0.8562
vn -0.5075 -0.0727 -0.8586
vn 0.4724 -0.2715 -0.8385
vn -0.5101 -0.0827 -0.8562
vn -0.9737 0.2265 -0.0258
vn -0.9798 0.1987 -0.0201
vn -0.5075 -0.0727 -0.8586
vn -0.9737 0.2265 -0.0258
vn -0.4636 0.3093 0.8303
vn -0.4724 0.2715 0.8385
vn -0.9798 0.1987 -0.0201
vn -0.4636 0.3093 0.8303
vn 0.5101 0.0827 0.8562
vn 0.5075 0.0727 0.8586
vn -0.4724 0.2715 0.8385
vn 0.5101 0.0827 0.8562
vn 0.9737 -0.2265 0.0258
vn 0.9798 -0.1987 0.0201
vn 0.5075 0.0727 0.8586
vn 0.9798 -0.1987 0.0201
vn 0.4724 -0.2715 -0.8385
vn 0.4826 -0.2201 -0.8477
vn 0.9869 -0.1610 0.0138
vn 0.4724 -0.2715 -0.8385
vn -0.5075 -0.0727 -0.8586
vn -0.5042 -0.0591 -0.8615
vn 0.4826 -0.2201 -0.8477
vn -0.5075 -0.0727 -0.8586
vn -0.9798 0.1987 -0.0201
vn -0.9869 0.1610 -0.0138
vn -0.5042 -0.0591 -0.8615
vn -0.9798 0.1987 -0.0201
vn -0.4724 0.2715 0.8385
vn -0.4826 0.2201 0.8477
vn -0.9869 0.1610 -0.0138
vn -0.4724 0.2715 0.8385
vn 0.5075 0.0727 0.8586
vn 0.5042 0.0591 0.8615
vn -0.4826 0.2201 0.8477
vn 0.5075 0.0727 0.8586
vn 0.9798 -0.1987 0.0201
vn 0.9869 -0.1610 0.0138
vn 0.5042 0.0591 0.8615
vn 0.9869 -0.1610 0.0138
vn 0.4826 -0.2201 -0.8477
vn 0.4926 -0.1563 -0.8561
vn 0.9934 -0.1141 0.0084
vn 0.4826 -0.2201 -0.8477
vn -0.5042 -0.0591 -0.8615
vn -0.5009 -0.0421 -0.8645
vn 0.4926 -0.1563 -0.8561
vn -0.5042 -0.0591 -0.8615
vn -0.9869 0.1610 -0.0138
vn -0.9934 0.1141 -0.0084
vn -0.5009 -0.0421 -0.8645
vn -0.9869 0.1610 -0.0138
vn -0.4826 0.2201 0.8477
vn -0.4926 0.1563 0.8561
vn -0.9934 0.1141 -0.0084
vn -0.4826 0.2201 0.8477
vn 0.5042 0.0591 0.8615
vn 0.5009 0.0421 0.8645
vn -0.4926 0.1563 0.8561
vn 0.5042 0.0591 0.8615
vn 0.9869 -0.1610 0.0138
vn 0.9934 -0.1141 0.0084
vn 0.5009 0.0421 0.8645
vn 0.9934 -0.1141 0.0084
vn 0.4926 -0.1563 -0.8561
vn 0.5004 -0.0818 -0.8619
vn 0.9982 -0.0596 0.0051
vn 0.4926 -0.1563 -0.8561
vn -0.5009 -0.0421 -0.8645
vn -0.4978 -0.0222 -0.8670
vn 0.5004 -0.0818 -0.8619
vn -0.5009 -0.0421 -0.8645
vn -0.9934 0.1141 -0.0084
vn -0.9982 0.0596 -0.0051
vn -0.4978 -0.0222 -0.8670
vn -0.9934 0.1141 -0.0084
vn -0.4926 0.1563 0.8561
vn -0.5004 0.0818 0.8619
vn -0.9982 0.0596 -0.0051
vn -0.4926 0.1563 0.8561
vn 0.5009 0.0421 0.8645
vn 0.4978 0.0222 0.8670
vn -0.5004 0.0818 0.8619
vn 0.5009 0.0421 0.8645
vn 0.9934 -0.1141 0.0084
vn 0.9982 -0.0596 0.0051
vn 0.4978 0.0222 0.8670
vn 0.9982 -0.0596 0.0051
vn 0.5004 -0.0818 -0.8619
vn 0.5026 -0.0417 -0.8635
vn 0.9995 -0.0304 0.0042
vn 0.5004 -0.0818 -0.8619
vn -0.4978 -0.0222 -0.8670
vn -0.4969 -0.0113 -0.8677
vn 0.5026 -0.0417 -0.8635
vn -0.4978 -0.0222 -0.8670
vn -0.9982 0.0596 -0.0051
vn -0.9995 0.0304 -0.0042
vn -0.4969 -0.0113 -0.8677
vn -0.9982 0.0596 -0.0051
vn -0.5004 0.0818 0.8619
vn -0.5026 0.0417 0.8635
vn -0.9995 0.0304 -0.0042
vn -0.5004 0.0818 0.8619
vn 0.4978 0.0222 0.8670
vn 0.4969 0.0113 0.8677
vn -0.5026 0.0417 0.8635
vn 0.4978 0.0222 0.8670
vn 0.9982 -0.0596 0.0051
vn 0.9995 -0.0304 0.0042
vn 0.4969 0.0113 0.8677
vn -0.0948 -0.9910 0.0948
vn -0.0948 -0.9910 0.0948
vn -0.0948 -0.9910 0.0948
vn -0.0948 -0.9910 0.0948
vn -0.0948 -0.9910 0.0948
vn -0.0948 -0.9910 0.0948
vn 0.0305 0.9991 -0.0305
vn 0.0305 0.9991 -0.0305
vn 0.0305 0.9991 -0.0305
vn 0.0305 0.9991 -0.0305
vn 0.0305 0.9991 -0.0305
vn 0.0305 0.9991 -0.0305
vn 0.7071 -0.7071 0.0000
vn 0.3536 -0.7071 0.6124
vn 0.3827 -0.9239 0.0000
vn 1.0000 -0.0000 0.0000
vn 0.5000 -0.0000 0.8660
vn 0.3536 -0.7071 0.6124
vn 0.7071 -0.7071 0.0000
vn 0.7071 0.7071 0.0000
vn 0.3536 0.7071 0.6124
vn 0.5000 -0.0000 0.8660
vn 1.0000 -0.0000 0.0000
vn 0.1913 0.9239 0.3314
vn 0.3536 0.7071 0.6124
vn 0.7071 0.7071 0.0000
vn 0.3536 -0.7071 0.6124
vn -0.3536 -0.7071 0.6124
vn 0.1913 -0.9239 0.3314
vn 0.5000 -0.0000 0.8660
vn -0.5000 -0.0000 0.8660
vn -0.3536 -0.7071 0.6124
vn 0.3536 -0.7071 0.6124
vn 0.3536 0.7071 0.6124
vn -0.3536 0.7071 0.6124
vn -0.5000 -0.0000 0.8660
vn 0.5000 -0.0000 0.8660
vn -0.1913 0.9239 0.3314
vn -0.3536 0.7071 0.6124
vn 0.3536 0.7071 0.6124
vn -0.3536 -0.7071 0.6124
vn -0.7071 -0.7071 0.0000
vn -0.1913 -0.9239 0.3314
vn -0.5000 -0.0000 0.8660
vn -1.0000 -0.0000 0.0000
vn -0.7071 -0.7071 0.0000
vn -0.3536 -0.7071 0.6124
vn -0.3536 0.7071 0.6124
vn -0.7071 0.7071 0.0000
vn -1.0000 -0.0000 0.0000
vn -0.5000 -0.0000 0.8660
vn -0.3827 0.9239 0.0000
vn -0.7071 0.7071 0.0000
vn -0.3536 0.7071 0.6124
vn -0.7071 -0.7071 0.0000
vn -0.3536 -0.7071 -0.6124
vn -0.3827 -0.9239 0.0000
vn -1.0000 -0.0000 0.0000
vn -0.5000 -0.0000 -0.8660
vn -0.3536 -0.7071 -0.6124
vn -0.7071 -0.7071 0.0000
vn -0.7071 0.7071 0.0000
vn -0.3536 0.7071 -0.6124
vn -0.5000 -0.0000 -0.8660
vn -1.0000 -0.0000 0.0000
vn -0.1913 0.9239 -0.3314
vn -0.3536 0.7071 -0.6124
vn -0.7071 0.7071 0.0000
vn -0.3536 -0.7071 -0.6124
vn 0.3536 -0.7071 -0.6124
vn -0.1913 -0.9239 -0.3314
vn -0.5000 -0.0000 -0.8660
vn 0.5000 -0.0000 -0.8660
vn 0.3536 -0.7071 -0.6124
vn -0.3536 -0.7071 -0.6124
vn -0.3536 0.7071 -0.6124
vn 0.3536 0.7071 -0.6124
vn 0.5000 -0.0000 -0.8660
vn -0.5000 -0.0000 -0.8660
vn 0.1913 0.9239 -0.3314
vn 0.3536 0.7071 -0.6124
vn -0.3536 0.7071 -0.6124
vn 0.3536 -0.7071 -0.6124
vn 0.7071 -0.7071 -0.0000
vn 0.1913 -0.9239 -0.3314
vn 0.5000 -0.0000 -0.8660
vn 1.0000 -0.0000 -0.0000
vn 0.7071 -0.7071 -0.0000
vn 0.3536 -0.7071 -0.6124
vn 0.3536 0.7071 -0.6124
vn 0.7071 0.7071 -0.0000
vn 1.0000 -0.0000 -0.0000
vn 0.5000 -0.0000 -0.8660
vn 0.3827 0.9239 -0.0000
vn 0.7071 0.7071 -0.0000
vn 0.3536 0.7071 -0.6124
vn 0.9955 -0.0952 -0.0000
vn 0.5055 0.0341 -0.8621
vn 0.5065 0.0474 -0.8610
vn 0.9912 -0.1319 -0.0049
vn 0.5055 0.0341 -0.8621
vn -0.4899 0.1293 -0.8621
vn -0.4848 0.1793 -0.8561
vn 0.5065 0.0474 -0.8610
vn -0.4899 0.1293 -0.8621
vn -0.9955 0.0952 -0.0000
vn -0.9912 0.1319 0.0049
vn -0.4848 0.1793 -0.8561
vn -0.9955 0.0952 -0.0000
vn -0.5055 -0.0341 0.8621
vn -0.5065 -0.0474 0.8610
vn -0.9912 0.1319 0.0049
vn -0.5055 -0.0341 0.8621
vn 0.4899 -0.1293 0.8621
vn 0.4848 -0.1793 0.8561
vn -0.5065 -0.0474 0.8610
vn 0.4899 -0.1293 0.8621
vn 0.9955 -0.0952 -0.0000
vn 0.9912 -0.1319 -0.0049
vn 0.4848 -0.1793 0.8561
vn 0.9912 -0.1319 -0.0049
vn 0.5065 0.0474 -0.8610
vn 0.5086 0.0723 -0.8580
vn 0.9798 -0.1990 -0.0187
vn 0.5065 0.0474 -0.8610
vn -0.4848 0.1793 -0.8561
vn -0.4712 0.2713 -0.8392
vn 0.5086 0.0723 -0.8580
vn -0.4848 0.1793 -0.8561
vn -0.9912 0.1319 0.0049
vn -0.9798 0.1990 0.0187
vn -0.4712 0.2713 -0.8392
vn -0.9912 0.1319 0.0049
vn -0.5065 -0.0474 0.8610
vn -0.5086 -0.0723 0.8580
vn -0.9798 0.1990 0.0187
vn -0.5065 -0.0474 0.8610
vn 0.4848 -0.1793 0.8561
vn 0.4712 -0.2713 0.8392
vn -0.5086 -0.0723 0.8580
vn 0.4848 -0.1793 0.8561
vn 0.9912 -0.1319 -0.0049
vn 0.9798 -0.1990 -0.0187
vn 0.4712 -0.2713 0.8392
vn 0.9798 -0.1990 -0.0187
vn 0.5086 0.0723 -0.8580
vn 0.5108 0.0842 -0.8556
vn 0.9726 -0.2311 -0.0266
vn 0.5086 0.0723 -0.8580
vn -0.4712 0.2713 -0.8392
vn -0.4618 0.3154 -0.8290
vn 0.5108 0.0842 -0.8556
vn -0.4712 0.2713 -0.8392
vn -0.9798 0.1990 0.0187
vn -0.9726 0.2311 0.0266
vn -0.4618 0.3154 -0.8290
vn -0.9798 0.1990 0.0187
vn -0.5086 -0.0723 0.8580
vn -0.5108 -0.0842 0.8556
vn -0.9726 0.2311 0.0266
vn -0.5086 -0.0723 0.8580
vn 0.4712 -0.2713 0.8392
vn 0.4618 -0.3154 0.8290
vn -0.5108 -0.0842 0.8556
vn 0.4712 -0.2713 0.8392
vn 0.9798 -0.1990 -0.0187
vn 0.9726 -0.2311 -0.0266
vn 0.4618 -0.3154 0.8290
vn 0.9726 -0.2311 -0.0266
vn 0.5108 0.0842 -0.8556
vn 0.5121 0.0902 -0.8541
vn 0.9684 -0.2474 -0.0309
vn 0.5108 0.0842 -0.8556
vn -0.4618 0.3154 -0.8290
vn -0.4563 0.3376 -0.8233
vn 0.5121 0.0902 -0.8541
vn -0.4618 0.3154 -0.8290
vn -0.9726 0.2311 0.0266
vn -0.9684 0.2474 0.0309
vn -0.4563 0.3376 -0.8233
vn -0.9726 0.2311 0.0266
vn -0.5108 -0.0842 0.8556
vn -0.5121 -0.0902 0.8541
vn -0.9684 0.2474 0.0309
vn -0.5108 -0.0842 0.8556
vn 0.4618 -0.3154 0.8290
vn 0.4563 -0.3376 0.8233
vn -0.5121 -0.0902 0.8541
vn 0.4618 -0.3154 0.8290
vn 0.9726 -0.2311 -0.0266
vn 0.9684 -0.2474 -0.0309
vn 0.4563 -0.3376 0.8233
vn 0.9684 -0.2474 -0.0309
vn 0.5121 0.0902 -0.8541
vn 0.5125 0.0917 -0.8538
vn 0.9674 -0.2513 -0.0319
vn 0.5121 0.0902 -0.8541
vn -0.4563 0.3376 -0.8233
vn -0.4549 0.3429 -0.8219
vn 0.5125 0.0917 -0.8538
vn -0.4563 0.3376 -0.8233
vn -0.9684 0.2474 0.0309
vn -0.9674 0.2513 0.0319
vn -0.4549 0.3429 -0.8219
vn -0.9684 0.2474 0.0309
vn -0.5121 -0.0902 0.8541
vn -0.5125 -0.0917 0.8538
vn -0.9674 0.2513 0.0319
vn -0.5121 -0.0902 0.8541
vn 0.4563 -0.3376 0.8233
vn 0.4549 -0.3429 0.8219
vn -0.5125 -0.0917 0.8538
vn 0.4563 -0.3376 0.8233
vn 0.9684 -0.2474 -0.0309
vn 0.9674 -0.2513 -0.0319
vn 0.4549 -0.3429 0.8219
vn 0.9674 -0.2513 -0.0319
vn 0.5125 0.0917 -0.8538
vn 0.5118 0.0891 -0.8545
vn 0.9693 -0.2441 -0.0300
vn 0.5125 0.0917 -0.8538
vn -0.4549 0.3429 -0.8219
vn -0.4575 0.3332 -0.8244
vn 0.5118 0.0891 -0.8545
vn -0.4549 0.3429 -0.8219
vn -0.9674 0.2513 0.0319
vn -0.9693 0.2441 0.0300
vn -0.4575 0.3332 -0.8244
vn -0.9674 0.2513 0.0319
vn -0.5125 -0.0917 0.8538
vn -0.5118 -0.0891 0.8545
vn -0.9693 0.2441 0.0300
vn -0.5125 -0.0917 0.8538
vn 0.4549 -0.3429 0.8219
vn 0.4575 -0.3332 0.8244
vn -0.5118 -0.0891 0.8545
vn 0.4549 -0.3429 0.8219
vn 0.9674 -0.2513 -0.0319
vn 0.9693 -0.2441 -0.0300
vn 0.4575 -0.3332 0.8244
vn 0.9693 -0.2441 -0.0300
vn 0.5118 0.0891 -0.8545
vn 0.5101 0.0827 -0.8562
vn 0.9737 -0.2265 -0.0258
vn 0.5118 0.0891 -0.8545
vn -0.4575 0.3332 -0.8244
vn -0.4636 0.3093 -0.8303
vn 0.5101 0.0827 -0.8562
vn -0.4575 0.3332 -0.8244
vn -0.9693 0.2441 0.0300
vn -0.9737 0.2265 0.0258
vn -0.4636 0.3093 -0.8303
vn -0.9693 0.2441 0.0300
vn -0.5118 -0.0891 0.8545
vn -0.5101 -0.0827 0.8562
vn -0.9737 0.2265 0.0258
vn -0.5118 -0.0891 0.8545
vn 0.4575 -0.3332 0.8244
vn 0.4636 -0.3093 0.8303
vn -0.5101 -0.0827 0.8562
vn 0.4575 -0.3332 0.8244
vn 0.9693 -0.2441 -0.0300
vn 0.9737 -0.2265 -0.0258
vn 0.4636 -0.3093 0.8303
vn 0.9737 -0.2265 -0.0258
vn 0.5101 0.0827 -0.8562
vn 0.5075 0.0727 -0.8586
vn 0.9798 -0.1987 -0.0201
vn 0.5101 0.0827 -0.8562
vn -0.4636 0.3093 -0.8303
vn -0.4724 0.2715 -0.8385
vn 0.5075 0.0727 -0.8586
vn -0.4636 0.3093 -0.8303
vn -0.9737 0.2265 0.0258
vn -0.9798 0.1987 0.0201
vn -0.4724 0.2715 -0.8385
vn -0.9737 0.2265 0.0258
vn -0.5101 -0.0827 0.8562
vn -0.5075 -0.0727 0.8586
vn -0.9798 0.1987 0.0201
vn -0.5101 -0.0827 0.8562
vn 0.4636 -0.3093 0.8303
vn 0.4724 -0.2715 0.8385
vn -0.5075 -0.0727 0.8586
vn 0.4636 -0.3093 0.8303
vn 0.9737 -0.2265 -0.0258
vn 0.9798 -0.1987 -0.0201
vn 0.4724 -0.2715 0.8385
vn 0.9798 -0.1987 -0.0201
vn 0.5075 0.0727 -0.8586
vn 0.5042 0.0591 -0.8615
vn 0.9869 -0.1610 -0.0138
vn 0.5075 0.0727 -0.8586
vn -0.4724 0.2715 -0.8385
vn -0.4826 0.2201 -0.8477
vn 0.5042 0.0591 -0.8615
vn -0.4724 0.2715 -0.8385
vn -0.9798 0.1987 0.0201
vn -0.9869 0.1610 0.0138
vn -0.4826 0.2201 -0.8477
vn -0.9798 0.1987 0.0201
vn -0.5075 -0.0727 0.8586
vn -0.5042 -0.0591 0.8615
vn -0.9869 0.1610 0.0138
vn -0.5075 -0.0727 0.8586
vn 0.4724 -0.2715 0.8385
vn 0.4826 -0.2201 0.8477
vn -0.5042 -0.0591 0.8615
vn 0.4724 -0.2715 0.8385
vn 0.9798 -0.1987 -0.0201
vn 0.9869 -0.1610 -0.0138
vn 0.4826 -0.2201 0.8477
vn 0.9869 -0.1610 -0.0138
vn 0.5042 0.0591 -0.8615
vn 0.5009 0.0421 -0.8645
vn 0.9934 -0.1141 -0.0084
vn 0.5042 0.0591 -0.8615
vn -0.4826 0.2201 -0.8477
vn -0.4926 0.1563 -0.8561
vn 0.5009 0.0421 -0.8645
vn -0.4826 0.2201 -0.8477
vn -0.9869 0.1610 0.0138
vn -0.9934 0.1141 0.0084
vn -0.4926 0.1563 -0.8561
vn -0.9869 0.1610 0.0138
vn -0.5042 -0.0591 0.8615
vn -0.5009 -0.0421 0.8645
vn -0.9934 0.1141 0.0084
vn -0.5042 -0.0591 0.8615
vn 0.4826 -0.2201 0.8477
vn 0.4926 -0.1563 0.8561
vn -0.5009 -0.0421 0.8645
vn 0.4826 -0.2201 0.8477
vn 0.9869 -0.1610 -0.0138
vn 0.9934 -0.1141 -0.0084
vn 0.4926 -0.1563 0.8561
vn 0.9934 -0.1141 -0.0084
vn 0.5009 0.0421 -0.8645
vn 0.4978 0.0222 -0.8670
vn 0.9982 -0.0596 -0.0051
vn 0.5009 0.0421 -0.8645
vn -0.4926 0.1563 -0.8561
vn -0.5004 0.0818 -0.8619
vn 0.4978 0.0222 -0.8670
vn -0.4926 0.1563 -0.8561
vn -0.9934 0.1141 0.0084
vn -0.9982 0.0596 0.0051
vn -0.5004 0.0818 -0.8619
vn -0.9934 0.1141 0.0084
vn -0.5009 -0.0421 0.8645
vn -0.4978 -0.0222 0.8670
vn -0.9982 0.0596 0.0051
vn -0.5009 -0.0421 0.8645
vn 0.4926 -0.1563 0.8561
vn 0.5004 -0.0818 0.8619
vn -0.4978 -0.0222 0.8670
vn 0.4926 -0.1563 0.8561
vn 0.9934 -0.1141 -0.0084
vn 0.9982 -0.0596 -0.0051
vn 0.5004 -0.0818 0.8619
vn 0.9982 -0.0596 -0.0051
vn 0.4978 0.0222 -0.8670
vn 0.4969 0.0113 -0.8677
vn 0.9995 -0.0304 -0.0042
vn 0.4978 0.0222 -0.8670
vn -0.5004 0.0818 -0.8619
vn -0.5026 0.0417 -0.8635
vn 0.4969 0.0113 -0.8677
vn -0.5004 0.0818 -0.8619
vn -0.9982 0.0596 0.0051
vn -0.9995 0.0304 0.0042
vn -0.5026 0.0417 -0.8635
vn -0.9982 0.0596 0.0051
vn -0.4978 -0.0222 0.8670
vn -0.4969 -0.0113 0.8677
vn -0.9995 0.0304 0.0042
vn -0.4978 -0.0222 0.8670
vn 0.5004 -0.0818 0.8619
vn 0.5026 -0.0417 0.8635
vn -0.4969 -0.0113 0.8677
vn 0.5004 -0.0818 0.8619
vn 0.9982 -0.0596 -0.0051
vn 0.9995 -0.0304 -0.0042
vn 0.5026 -0.0417 0.8635
vn -0.0948 -0.9910 -0.0948
vn -0.0948 -0.9910 -0.0948
vn -0.0948 -0.9910 -0.0948
vn -0.0948 -0.9910 -0.0948
vn -0.0948 -0.9910 -0.0948
vn -0.0948 -0.9910 -0.0948
vn 0.0305 0.9991 0.0305
vn 0.0305 0.9991 0.0305
vn 0.0305 0.9991 0.0305
vn 0.0305 0.9991 0.0305
vn 0.0305 0.9991 0.0305
vn 0.0305 0.9991 0.0305
vn 0.7071 -0.7071 0.0000
vn 0.3536 -0.7071 0.6124
vn 0.3827 -0.9239 0.0000
vn 1.0000 -0.0000 0.0000
vn 0.5000 -0.0000 0.8660
vn 0.3536 -0.7071 0.6124
vn 0.7071 -0.7071 0.0000
vn 0.7071 0.7071 0.0000
vn 0.3536 0.7071 0.6124
vn 0.5000 -0.0000 0.8660
vn 1.0000 -0.0000 0.0000
vn 0.1913 0.9239 0.3314
vn 0.3536 0.7071 0.6124
vn 0.7071 0.7071 0.0000
vn 0.3536 -0.7071 0.6124
vn -0.3536 -0.7071 0.6124
vn 0.1913 -0.9239 0.3314
vn 0.5000 -0.0000 0.8660
vn -0.5000 -0.0000 0.8660
vn -0.3536 -0.7071 0.6124
vn 0.3536 -0.7071 0.6124
vn 0.3536 0.7071 0.6124
vn -0.3536 0.7071 0.6124
vn -0.5000 -0.0000 0.8660
vn 0.5000 -0.0000 0.8660
vn -0.1913 0.9239 0.3314
vn -0.3536 0.7071 0.6124
vn 0.3536 0.7071 0.6124
vn -0.3536 -0.7071 0.6124
vn -0.7071 -0.7071 0.0000
vn -0.1913 -0.9239 0.3314
vn -0.5000 -0.0000 0.8660
vn -1.0000 -0.0000 0.0000
vn -0.7071 -0.7071 0.0000
vn -0.3536 -0.7071 0.6124
vn -0.3536 0.7071 0.6124
vn -0.7071 0.7071 0.0000
vn -1.0000 -0.0000 0.0000
vn -0.5000 -0.0000 0.8660
vn -0.3827 0.9239 0.0000
vn -0.7071 0.7071 0.0000
vn -0.3536 0.7071 0.6124
vn -0.7071 -0.7071 0.0000
vn -0.3536 -0.7071 -0.6124
vn -0.3827 -0.9239 0.0000
vn -1.0000 -0.0000 0.0000
vn -0.5000 -0.0000 -0.8660
vn -0.3536 -0.7071 -0.6124
vn -0.7071 -0.7071 0.0000
vn -0.7071 0.7071 0.0000
vn -0.3536 0.7071 -0.6124
vn -0.5000 -0.0000 -0.8660
vn -1.0000 -0.0000 0.0000
vn -0.1913 0.9239 -0.3314
vn -0.3536 0.7071 -0.6124
vn -0.7071 0.7071 0.0000
vn -0.3536 -0.7071 -0.6124
vn 0.3536 -0.7071 -0.6124
vn -0.1913 -0.9239 -0.3314
vn -0.5000 -0.0000 -0.8660
vn 0.5000 -0.0000 -0.8660
vn 0.3536 -0.7071 -0.6124
vn -0.3536 -0.7071 -0.6124
vn -0.3536 0.7071 -0.6124
vn 0.3536 0.7071 -0.6124
vn 0.5000 -0.0000 -0.8660
vn -0.5000 -0.0000 -0.8660
vn 0.1913 0.9239 -0.3314
vn 0.3536 0.7071 -0.6124
vn -0.3536 0.7071 -0.6124
vn 0.3536 -0.7071 -0.6124
vn 0.7071 -0.7071 -0.0000
vn 0.1913 -0.9239 -0.3314
vn 0.5000 -0.0000 -0.8660
vn 1.0000 -0.0000 -0.0000
vn 0.7071 -0.7071 -0.0000
vn 0.3536 -0.7071 -0.6124
vn 0.3536 0.7071 -0.6124
vn 0.7071 0.7071 -0.0000
vn 1.0000 -0.0000 -0.0000
vn 0.5000 -0.0000 -0.8660
vn 0.3827 0.9239 -0.0000
vn 0.7071 0.7071 -0.0000
vn 0.3536 0.7071 -0.6124
vn 0.9955 0.0952 0.0000
vn 0.4899 0.1293 -0.8621
vn 0.4848 0.1793 -0.8561
vn 0.9912 0.1319 0.0049
vn 0.4899 0.1293 -0.8621
vn -0.5055 0.0341 -0.8621
vn -0.5065 0.0474 -0.8610
vn 0.4848 0.1793 -0.8561
vn -0.5055 0.0341 -0.8621
vn -0.9955 -0.0952 -0.0000
vn -0.9912 -0.1319 -0.0049
vn -0.5065 0.0474 -0.8610
vn -0.9955 -0.0952 -0.0000
vn -0.4899 -0.1293 0.8621
vn -0.4848 -0.1793 0.8561
vn -0.9912 -0.1319 -0.0049
vn -0.4899 -0.1293 0.8621
vn 0.5055 -0.0341 0.8621
vn 0.5065 -0.0474 0.8610
vn -0.4848 -0.1793 0.8561
vn 0.5055 -0.0341 0.8621
vn 0.9955 0.0952 0.0000
vn 0.9912 0.1319 0.0049
vn 0.5065 -0.0474 0.8610
vn 0.9912 0.1319 0.0049
vn 0.4848 0.1793 -0.8561
vn 0.4712 0.2713 -0.8392
vn 0.9798 0.1990 0.0187
vn 0.4848 0.1793 -0.8561
vn -0.5065 0.0474 -0.8610
vn -0.5086 0.0723 -0.8580
vn 0.4712 0.2713 -0.8392
vn -0.5065 0.0474 -0.8610
vn -0.9912 -0.1319 -0.0049
vn -0.9798 -0.1990 -0.0187
vn -0.5086 0.0723 -0.8580
vn -0.9912 -0.1319 -0.0049
vn -0.4848 -0.1793 0.8561
vn -0.4712 -0.2713 0.8392
vn -0.9798 -0.1990 -0.0187
vn -0.4848 -0.1793 0.8561
vn 0.5065 -0.0474 0.8610
vn 0.5086 -0.0723 0.8580
vn -0.4712 -0.2713 0.8392
vn 0.5065 -0.0474 0.8610
vn 0.9912 0.1319 0.0049
vn 0.9798 0.1990 0.0187
vn 0.5086 -0.0723 0.8580
vn 0.9798 0.1990 0.0187
vn 0.4712 0.2713 -0.8392
vn 0.4618 0.3154 -0.8290
vn 0.9726 0.2311 0.0266
vn 0.4712 0.2713 -0.8392
vn -0.5086 0.0723 -0.8580
vn -0.5108 0.0842 -0.8556
vn 0.4618 0.3154 -0.8290
vn -0.5086 0.0723 -0.8580
vn -0.9798 -0.1990 -0.0187
vn -0.9726 -0.2311 -0.0266
vn -0.5108 0.0842 -0.8556
vn -0.9798 -0.1990 -0.0187
vn -0.4712 -0.2713 0.8392
vn -0.4618 -0.3154 0.8290
vn -0.9726 -0.2311 -0.0266
vn -0.4712 -0.2713 0.8392
vn 0.5086 -0.0723 0.8580
vn 0.5108 -0.0842 0.8556
vn -0.4618 -0.3154 0.8290
vn 0.5086 -0.0723 0.8580
vn 0.9798 0.1990 0.0187
vn 0.9726 0.2311 0.0266
vn 0.5108 -0.0842 0.8556
vn 0.9726 0.2311 0.0266
vn 0.4618 0.3154 -0.8290
vn 0.4563 0.3376 -0.8233
vn 0.9684 0.2474 0.0309
vn 0.4618 0.3154 -0.8290
vn -0.5108 0.0842 -0.8556
vn -0.5121 0.0902 -0.8541
vn 0.4563 0.3376 -0.8233
vn -0.5108 0.0842 -0.8556
vn -0.9726 -0.2311 -0.0266
vn -0.9684 -0.2474 -0.0309
vn -0.5121 0.0902 -0.8541
vn -0.9726 -0.2311 -0.0266
vn -0.4618 -0.3154 0.8290
vn -0.4563 -0.3376 0.8233
vn -0.9684 -0.2474 -0.0309
vn -0.4618 -0.3154 0.8290
vn 0.5108 -0.0842 0.8556
vn 0.5121 -0.0902 0.8541
vn -0.4563 -0.3376 0.8233
vn 0.5108 -0.0842 0.8556
vn 0.9726 0.2311 0.0266
vn 0.9684 0.2474 0.0309
vn 0.5121 -0.0902 0.8541
vn 0.9684 0.2474 0.0309
vn 0.4563 0.3376 -0.8233
vn 0.4549 0.3429 -0.8219
vn 0.9674 0.2513 0.0319
vn 0.4563 0.3376 -0.8233
vn -0.5121 0.0902 -0.8541
vn -0.5125 0.0917 -0.8538
vn 0.4549 0.3429 -0.8219
vn -0.5121 0.0902 -0.8541
vn -0.9684 -0.2474 -0.0309
vn -0.9674 -0.2513 -0.0319
vn -0.5125 0.0917 -0.8538
vn -0.9684 -0.2474 -0.0309
vn -0.4563 -0.3376 0.8233
vn -0.4549 -0.3429 0.8219
vn -0.9674 -0.2513 -0.0319
vn -0.4563 -0.3376 0.8233
vn 0.5121 -0.0902 0.8541
vn 0.5125 -0.0917 0.8538
vn -0.4549 -0.3429 0.8219
vn 0.5121 -0.0902 0.8541
vn 0.9684 0.2474 0.0309
vn 0.9674 0.2513 0.0319
vn 0.5125 -0.0917 0.8538
vn 0.9674 0.2513 0.0319
vn 0.4549 0.3429 -0.8219
vn 0.4575 0.3332 -0.8244
vn 0.9693 0.2441 0.0300
vn 0.4549 0.3429 -0.8219
vn -0.5125 0.0917 -0.8538
vn -0.5118 0.0891 -0.8545
vn 0.4575 0.3332 -0.8244
vn -0.5125 0.0917 -0.8538
vn -0.9674 -0.2513 -0.0319
vn -0.9693 -0.2441 -0.0300
vn -0.5118 0.0891 -0.8545
vn -0.9674 -0.2513 -0.0319
vn -0.4549 -0.3429 0.8219
vn -0.4575 -0.3332 0.8244
vn -0.9693 -0.2441 -0.0300
vn -0.4549 -0.3429 0.8219
vn 0.5125 -0.0917 0.8538
vn 0.5118 -0.0891 0.8545
vn -0.4575 -0.3332 0.8244
vn 0.5125 -0.0917 0.8538
vn 0.9674 0.2513 0.0319
vn 0.9693 0.2441 0.0300
vn 0.5118 -0.0891 0.8545
vn 0.9693 0.2441 0.0300
vn 0.4575 0.3332 -0.8244
vn 0.4636 0.3093 -0.8303
vn 0.9737 0.2265 0.0258
vn 0.4575 0.3332 -0.8244
vn -0.5118 0.0891 -0.8545
vn -0.5101 0.0827 -0.8562
vn 0.4636 0.3093 -0.8303
vn -0.5118 0.0891 -0.8545
vn -0.9693 -0.2441 -0.0300
vn -0.9737 -0.2265 -0.0258
vn -0.5101 0.0827 -0.8562
vn -0.9693 -0.2441 -0.0300
vn -0.4575 -0.3332 0.8244
vn -0.4636 -0.3093 0.8303
vn -0.9737 -0.2265 -0.0258
vn -0.4575 -0.3332 0.8244
vn 0.5118 -0.0891 0.8545
vn 0.5101 -0.0827 0.8562
vn -0.4636 -0.3093 0.8303
vn 0.5118 -0.0891 0.8545
vn 0.9693 0.2441 0.0300
vn 0.9737 0.2265 0.0258
vn 0.5101 -0.0827 0.8562
vn 0.9737 0.2265 0.0258
vn 0.4636 0.3093 -0.8303
vn 0.4724 0.2715 -0.8385
vn 0.9798 0.1987 0.0201
vn 0.4636 0.3093 -0.8303
vn -0.5101 0.0827 -0.8562
vn -0.5075 0.0727 -0.8586
vn 0.4724 0.2715 -0.8385
vn -0.5101 0.0827 -0.8562
vn -0.9737 -0.2265 -0.0258
vn -0.9798 -0.1987 -0.0201
vn -0.5075 0.0727 -0.8586
vn -0.9737 -0.2265 -0.0258
vn -0.4636 -0.3093 0.8303
vn -0.4724 -0.2715 0.8385
vn -0.9798 -0.1987 -0.0201
vn -0.4636 -0.3093 0.8303
vn 0.5101 -0.0827 0.8562
vn 0.5075 -0.0727 0.8586
vn -0.4724 -0.2715 0.8385
vn 0.5101 -0.0827 0.8562
vn 0.9737 0.2265 0.0258
vn 0.9798 0.1987 0.0201
vn 0.5075 -0.0727 0.8586
vn 0.9798 0.1987 0.0201
vn 0.4724 0.2715 -0.8385
vn 0.4826 0.2201 -0.8477
vn 0.9869 0.1610 0.0138
vn 0.4724 0.2715 -0.8385
vn -0.5075 0.0727 -0.8586
vn -0.5042 0.0591 -0.8615
vn 0.4826 0.2201 -0.8477
vn -0.5075 0.0727 -0.8586
vn -0.9798 -0.1987 -0.0201
vn -0.9869 -0.1610 -0.0138
vn -0.5042 0.0591 -0.8615
vn -0.9798 -0.1987 -0.0201
vn -0.4724 -0.2715 0.8385
vn -0.4826 -0.2201 0.8477
vn -0.9869 -0.1610 -0.0138
vn -0.4724 -0.2715 0.8385
vn 0.5075 -0.0727 0.8586
vn 0.5042 -0.0591 0.8615
vn -0.4826 -0.2201 0.8477
vn 0.5075 -0.0727 0.8586
vn 0.9798 0.1987 0.0201
vn 0.9869 0.1610 0.0138
vn 0.5042 -0.0591 0.8615
vn 0.9869 0.1610 0.0138
vn 0.4826 0.2201 -0.8477
vn 0.4926 0.1563 -0.8561
vn 0.9934 0.1141 0.0084
vn 0.4826 0.2201 -0.8477
vn -0.5042 0.0591 -0.8615
vn -0.5009 0.0421 -0.8645
vn 0.4926 0.1563 -0.8561
vn -0.5042 0.0591 -0.8615
vn -0.9869 -0.1610 -0.0138
vn -0.9934 -0.1141 -0.0084
vn -0.5009 0.0421 -0.8645
vn -0.9869 -0.1610 -0.0138
vn -0.4826 -0.2201 0.8477
vn -0.4926 -0.1563 0.8561
vn -0.9934 -0.1141 -0.0084
vn -0.4826 -0.2201 0.8477
vn 0.5042 -0.0591 0.8615
vn 0.5009 -0.0421 0.8645
vn -0.4926 -0.1563 0.8561
vn 0.5042 -0.0591 0.8615
vn 0.9869 0.1610 0.0138
vn 0.9934 0.1141 0.0084
vn 0.5009 -0.0421 0.8645
vn 0.9934 0.1141 0.0084
vn 0.4926 0.1563 -0.8561
vn 0.5004 0.0818 -0.8619
vn 0.9982 0.0596 0.0051
vn 0.4926 0.1563 -0.8561
vn -0.5009 0.0421 -0.8645
vn -0.4978 0.0222 -0.8670
vn 0.5004 0.0818 -0.8619
vn -0.5009 0.0421 -0.8645
vn -0.9934 -0.1141 -0.0084
vn -0.9982 -0.0596 -0.0051
vn -0.4978 0.0222 -0.8670
vn -0.9934 -0.1141 -0.0084
vn -0.4926 -0.1563 0.8561
vn -0.5004 -0.0818 0.8619
vn -0.9982 -0.0596 -0.0051
vn -0.4926 -0.1563 0.8561
vn 0.5009 -0.0421 0.8645
vn 0.4978 -0.0222 0.8670
vn -0.5004 -0.0818 0.8619
vn 0.5009 -0.0421 0.8645
vn 0.9934 0.1141 0.0084
vn 0.9982 0.0596 0.0051
vn 0.4978 -0.0222 0.8670
vn 0.9982 0.0596 0.0051
vn 0.5004 0.0818 -0.8619
vn 0.5026 0.0417 -0.8635
vn 0.9995 0.0304 0.0042
vn 0.5004 0.0818 -0.8619
vn -0.4978 0.0222 -0.8670
vn -0.4969 0.0113 -0.8677
vn 0.5026 0.0417 -0.8635
vn -0.4978 0.0222 -0.8670
vn -0.9982 -0.0596 -0.0051
vn -0.9995 -0.0304 -0.0042
vn -0.4969 0.0113 -0.8677
vn -0.9982 -0.0596 -0.0051
vn -0.5004 -0.0818 0.8619
vn -0.5026 -0.0417 0.8635
vn -0.9995 -0.0304 -0.0042
vn -0.5004 -0.0818 0.8619
vn 0.4978 -0.0222 0.8670
vn 0.4969 -0.0113 0.8677
vn -0.5026 -0.0417 0.8635
vn 0.4978 -0.0222 0.8670
vn 0.9982 0.0596 0.0051
vn 0.9995 0.0304 0.0042
vn 0.4969 -0.0113 0.8677
vn 0.0948 -0.9910 -0.0948
vn 0.0948 -0.9910 -0.0948
vn 0.0948 -0.9910 -0.0948
vn 0.0948 -0.9910 -0.0948
vn 0.0948 -0.9910 -0.0948
vn 0.0948 -0.9910 -0.0948
vn -0.0305 0.9991 0.0305
vn -0.0305 0.9991 0.0305
vn -0.0305 0.9991 0.0305
vn -0.0305 0.9991 0.0305
vn -0.0305 0.9991 0.0305
vn -0.0305 0.9991 0.0305
vn 0.7071 -0.7071 0.0000
vn 0.3536 -0.7071 0.6124
vn 0.3827 -0.9239 0.0000
vn 1.0000 -0.0000 0.0000
vn 0.5000 -0.0000 0.8660
vn 0.3536 -0.7071 0.6124
vn 0.7071 -0.7071 0.0000
vn 0.7071 0.7071 0.0000
vn 0.3536 0.7071 0.6124
vn 0.5000 -0.0000 0.8660
vn 1.0000 -0.0000 0.0000
vn 0.1913 0.9239 0.3314
vn 0.3536 0.7071 0.6124
vn 0.7071 0.7071 0.0000
vn 0.3536 -0.7071 0.6124
vn -0.3536 -0.7071 0.6124
vn 0.1913 -0.9239 0.3314
vn 0.5000 -0.0000 0.8660
vn -0.5000 -0.0000 0.8660
vn -0.3536 -0.7071 0.6124
vn 0.3536 -0.7071 0.6124
vn 0.3536 0.7071 0.6124
vn -0.3536 0.7071 0.6124
vn -0.5000 -0.0000 0.8660
vn 0.5000 -0.0000 0.8660
vn -0.1913 0.9239 0.3314
vn -0.3536 0.7071 0.6124
vn 0.3536 0.7071 0.6124
vn -0.3536 -0.7071 0.6124
vn -0.7071 -0.7071 0.0000
vn -0.1913 -0.9239 0.3314
vn -0.5000 -0.0000 0.8660
vn -1.0000 -0.0000 0.0000
vn -0.7071 -0.7071 0.0000
vn -0.3536 -0.7071 0.6124
vn -0.3536 0.7071 0.6124
vn -0.7071 0.7071 0.0000
vn -1.0000 -0.0000 0.0000
vn -0.5000 -0.0000 0.8660
vn -0.3827 0.9239 0.0000
vn -0.7071 0.7071 0.0000
vn -0.3536 0.7071 0.6124
vn -0.7071 -0.7071 0.0000
vn -0.3536 -0.7071 -0.6124
vn -0.3827 -0.9239 0.0000
vn -1.0000 -0.0000 0.0000
vn -0.5000 -0.0000 -0.8660
vn -0.3536 -0.7071 -0.6124
vn -0.7071 -0.7071 0.0000
vn -0.7071 0.7071 0.0000
vn -0.3536 0.7071 -0.6124
vn -0.5000 -0.0000 -0.8660
vn -1.0000 -0.0000 0.0000
vn -0.1913 0.9239 -0.3314
vn -0.3536 0.7071 -0.6124
vn -0.7071 0.7071 0.0000
vn -0.3536 -0.7071 -0.6124
vn 0.3536 -0.7071 -0.6124
vn -0.1913 -0.9239 -0.3314
vn -0.5000 -0.0000 -0.8660
vn 0.5000 -0.0000 -0.8660
vn 0.3536 -0.7071 -0.6124
vn -0.3536 -0.7071 -0.6124
vn -0.3536 0.7071 -0.6124
vn 0.3536 0.7071 -0.6124
vn 0.5000 -0.0000 -0.8660
vn -0.5000 -0.0000 -0.8660
vn 0.1913 0.9239 -0.3314
vn 0.3536 0.7071 -0.6124
vn -0.3536 0.7071 -0.6124
vn 0.3536 -0.7071 -0.6124
vn 0.7071 -0.7071 -0.0000
vn 0.1913 -0.9239 -0.3314
vn 0.5000 -0.0000 -0.8660
vn 1.0000 -0.0000 -0.0000
vn 0.7071 -0.7071 -0.0000
vn 0.3536 -0.7071 -0.6124
vn 0.3536 0.7071 -0.6124
vn 0.7071 0.7071 -0.0000
vn 1.0000 -0.0000 -0.0000
vn 0.5000 -0.0000 -0.8660
vn 0.3827 0.9239 -0.0000
vn 0.7071 0.7071 -0.0000
vn 0.3536 0.7071 -0.6124
vn 0.0000 0.5000 0.8660
vn -0.9451 0.2467 0.2144
vn -0.9272 0.3378 0.1618
vn 0.0000 0.5000 0.8660
vn -0.9451 0.2467 0.2144
vn -0.5841 -0.3475 -0.7335
vn -0.5730 -0.2912 -0.7660
vn -0.9272 0.3378 0.1618
vn -0.5841 -0.3475 -0.7335
vn 0.5841 -0.4615 -0.6677
vn 0.5730 -0.5178 -0.6352
vn -0.5730 -0.2912 -0.7660
vn 0.5841 -0.4615 -0.6677
vn 0.9451 0.0623 0.3209
vn 0.9272 -0.0288 0.3734
vn 0.5730 -0.5178 -0.6352
vn 0.9451 0.0623 0.3209
vn 0.0000 0.5000 0.8660
vn 0.0000 0.5000 0.8660
vn 0.9272 -0.0288 0.3734
vn 0.0000 0.5000 0.8660
vn -0.9272 0.3378 0.1618
vn -0.8569 0.5119 0.0613
vn 0.0000 0.5000 0.8660
vn -0.9272 0.3378 0.1618
vn -0.5730 -0.2912 -0.7660
vn -0.5296 -0.1836 -0.8281
vn -0.8569 0.5119 0.0613
vn -0.5730 -0.2912 -0.7660
vn 0.5730 -0.5178 -0.6352
vn 0.5296 -0.6254 -0.5731
vn -0.5296 -0.1836 -0.8281
vn 0.5730 -0.5178 -0.6352
vn 0.9272 -0.0288 0.3734
vn 0.8569 -0.2029 0.4739
vn 0.5296 -0.6254 -0.5731
vn 0.9272 -0.0288 0.3734
vn 0.0000 0.5000 0.8660
vn 0.0000 0.5000 0.8660
vn 0.8569 -0.2029 0.4739
vn 0.0000 0.5000 0.8660
vn -0.8569 0.5119 0.0613
vn -0.7436 0.6680 -0.0289
vn 0.0000 0.5000 0.8660
vn -0.8569 0.5119 0.0613
vn -0.5296 -0.1836 -0.8281
vn -0.4595 -0.0871 -0.8839
vn -0.7436 0.6680 -0.0289
vn -0.5296 -0.1836 -0.8281
vn 0.5296 -0.6254 -0.5731
vn 0.4595 -0.7219 -0.5174
vn -0.4595 -0.0871 -0.8839
vn 0.5296 -0.6254 -0.5731
vn 0.8569 -0.2029 0.4739
vn 0.7436 -0.3590 0.5641
vn 0.4595 -0.7219 -0.5174
vn 0.8569 -0.2029 0.4739
vn 0.0000 0.5000 0.8660
vn 0.0000 0.5000 0.8660
vn 0.7436 -0.3590 0.5641
vn 0.0000 0.5000 0.8660
vn -0.7436 0.6680 -0.0289
vn -0.5930 0.7985 -0.1042
vn 0.0000 0.5000 0.8660
vn -0.7436 0.6680 -0.0289
vn -0.4595 -0.0871 -0.8839
vn -0.3665 -0.0065 -0.9304
vn -0.5930 0.7985 -0.1042
vn -0.4595 -0.0871 -0.8839
vn 0.4595 -0.7219 -0.5174
vn 0.3665 -0.8025 -0.4709
vn -0.3665 -0.0065 -0.9304
vn 0.4595 -0.7219 -0.5174
vn 0.7436 -0.3590 0.5641
vn 0.5930 -0.4894 0.6394
vn 0.3665 -0.8025 -0.4709
vn 0.7436 -0.3590 0.5641
vn 0.0000 0.5000 0.8660
vn 0.0000 0.5000 0.8660
vn 0.5930 -0.4894 0.6394
vn 0.0000 0.5000 0.8660
vn -0.5930 0.7985 -0.1042
vn -0.4126 0.8966 -0.1608
vn 0.0000 0.5000 0.8660
vn -0.5930 0.7985 -0.1042
vn -0.3665 -0.0065 -0.9304
vn -0.2550 0.0541 -0.9654
vn -0.4126 0.8966 -0.1608
vn -0.3665 -0.0065 -0.9304
vn 0.3665 -0.8025 -0.4709
vn 0.2550 -0.8631 -0.4358
vn -0.2550 0.0541 -0.9654
vn 0.3665 -0.8025 -0.4709
vn 0.5930 -0.4894 0.6394
vn 0.4126 -0.5876 0.6961
vn 0.2550 -0.8631 -0.4358
vn 0.5930 -0.4894 0.6394
vn 0.0000 0.5000 0.8660
vn 0.0000 0.5000 0.8660
vn 0.4126 -0.5876 0.6961
vn 0.0000 0.5000 0.8660
vn -0.4126 0.8966 -0.1608
vn -0.2116 0.9575 -0.1960
vn 0.0000 0.5000 0.8660
vn -0.4126 0.8966 -0.1608
vn -0.2550 0.0541 -0.9654
vn -0.1308 0.0918 -0.9872
vn -0.2116 0.9575 -0.1960
vn -0.2550 0.0541 -0.9654
vn 0.2550 -0.8631 -0.4358
vn 0.1308 -0.9008 -0.4141
vn -0.1308 0.0918 -0.9872
vn 0.2550 -0.8631 -0.4358
vn 0.4126 -0.5876 0.6961
vn 0.2116 -0.6485 0.7312
vn 0.1308 -0.9008 -0.4141
vn 0.4126 -0.5876 0.6961
vn 0.0000 0.5000 0.8660
vn 0.0000 0.5000 0.8660
vn 0.2116 -0.6485 0.7312
vn 0.0000 0.5000 0.8660
vn -0.2116 0.9575 -0.1960
vn 0.0000 0.9781 -0.2079
vn 0.0000 0.5000 0.8660
vn -0.2116 0.9575 -0.1960
vn -0.1308 0.0918 -0.9872
vn 0.0000 0.1045 -0.9945
vn 0.0000 0.9781 -0.2079
vn -0.1308 0.0918 -0.9872
vn 0.1308 -0.9008 -0.4141
vn 0.0000 -0.9135 -0.4067
vn 0.0000 0.1045 -0.9945
vn 0.1308 -0.9008 -0.4141
vn 0.2116 -0.6485 0.7312
vn 0.0000 -0.6691 0.7431
vn 0.0000 -0.9135 -0.4067
vn 0.2116 -0.6485 0.7312
vn 0.0000 0.5000 0.8660
vn 0.0000 0.5000 0.8660
vn 0.0000 -0.6691 0.7431
vn 0.0000 0.5000 0.8660
vn 0.0000 0.9781 -0.2079
vn 0.2116 0.9575 -0.1960
vn 0.0000 0.5000 0.8660
vn 0.0000 0.9781 -0.2079
vn 0.0000 0.1045 -0.9945
vn 0.1308 0.0918 -0.9872
vn 0.2116 0.9575 -0.1960
vn 0.0000 0.1045 -0.9945
vn 0.0000 -0.9135 -0.4067
vn -0.1308 -0.9008 -0.4141
vn 0.1308 0.0918 -0.9872
vn 0.0000 -0.9135 -0.4067
vn 0.0000 -0.6691 0.7431
vn -0.2116 -0.6485 0.7312
vn -0.1308 -0.9008 -0.4141
vn 0.0000 -0.6691 0.7431
vn 0.0000 0.5000 0.8660
vn 0.0000 0.5000 0.8660
vn -0.2116 -0.6485 0.7312
vn 0.0000 0.5000 0.8660
vn 0.2116 0.9575 -0.1960
vn 0.4126 0.8966 -0.1608
vn 0.0000 0.5000 0.8660
vn 0.2116 0.9575 -0.1960
vn 0.1308 0.0918 -0.9872
vn 0.2550 0.0541 -0.9654
vn 0.4126 0.8966 -0.1608
vn 0.1308 0.0918 -0.9872
vn -0.1308 -0.9008 -0.4141
vn -0.2550 -0.8631 -0.4358
vn 0.2550 0.0541 -0.9654
vn -0.1308 -0.9008 -0.4141
vn -0.2116 -0.6485 0.7312
vn -0.4126 -0.5876 0.6961
vn -0.2550 -0.8631 -0.4358
vn -0.2116 -0.6485 0.7312
vn 0.0000 0.5000 0.8660
vn 0.0000 0.5000 0.8660
vn -0.4126 -0.5876 0.6961
vn 0.0000 0.5000 0.8660
vn 0.4126 0.8966 -0.1608
vn 0.5930 0.7985 -0.1042
vn 0.0000 0.5000 0.8660
vn 0.4126 0.8966 -0.1608
vn 0.2550 0.0541 -0.9654
vn 0.3665 -0.0065 -0.9304
vn 0.5930 0.7985 -0.1042
vn 0.2550 0.0541 -0.9654
vn -0.2550 -0.8631 -0.4358
vn -0.3665 -0.8025 -0.4709
vn 0.3665 -0.0065 -0.9304
vn -0.2550 -0.8631 -0.4358
vn -0.4126 -0.5876 0.6961
vn -0.5930 -0.4894 0.6394
vn -0.3665 -0.8025 -0.4709
vn -0.4126 -0.5876 0.6961
vn 0.0000 0.5000 0.8660
vn 0.0000 0.5000 0.8660
vn -0.5930 -0.4894 0.6394
vn 0.0000 0.5000 0.8660
vn 0.5930 0.7985 -0.1042
vn 0.7436 0.6680 -0.0289
vn 0.0000 0.5000 0.8660
vn 0.5930 0.7985 -0.1042
vn 0.3665 -0.0065 -0.9304
vn 0.4595 -0.0871 -0.8839
vn 0.7436 0.6680 -0.0289
vn 0.3665 -0.0065 -0.9304
vn -0.3665 -0.8025 -0.4709
vn -0.4595 -0.7219 -0.5174
vn 0.4595 -0.0871 -0.8839
vn -0.3665 -0.8025 -0.4709
vn -0.5930 -0.4894 0.6394
vn -0.7436 -0.3590 0.5641
vn -0.4595 -0.7219 -0.5174
vn -0.5930 -0.4894 0.6394
vn 0.0000 0.5000 0.8660
vn 0.0000 0.5000 0.8660
vn -0.7436 -0.3590 0.5641
vn 0.0000 0.5000 0.8660
vn 0.7436 0.6680 -0.0289
vn 0.8569 0.5119 0.0613
vn 0.0000 0.5000 0.8660
vn 0.7436 0.6680 -0.0289
vn 0.4595 -0.0871 -0.8839
vn 0.5296 -0.1836 -0.8281
vn 0.8569 0.5119 0.0613
vn 0.4595 -0.0871 -0.8839
vn -0.4595 -0.7219 -0.5174
vn -0.5296 -0.6254 -0.5731
vn 0.5296 -0.1836 -0.8281
vn -0.4595 -0.7219 -0.5174
vn -0.7436 -0.3590 0.5641
vn -0.8569 -0.2029 0.4739
vn -0.5296 -0.6254 -0.5731
vn -0.7436 -0.3590 0.5641
vn 0.0000 0.5000 0.8660
vn 0.0000 0.5000 0.8660
vn -0.8569 -0.2029 0.4739
vn 0.0000 0.5000 0.8660
vn 0.8569 0.5119 0.0613
vn 0.9272 0.3378 0.1618
vn 0.0000 0.5000 0.8660
vn 0.8569 0.5119 0.0613
vn 0.5296 -0.1836 -0.8281
vn 0.5730 -0.2912 -0.7660
vn 0.9272 0.3378 0.1618
vn 0.5296 -0.1836 -0.8281
vn -0.5296 -0.6254 -0.5731
vn -0.5730 -0.5178 -0.6352
vn 0.5730 -0.2912 -0.7660
vn -0.5296 -0.6254 -0.5731
vn -0.8569 -0.2029 0.4739
vn -0.9272 -0.0288 0.3734
vn -0.5730 -0.5178 -0.6352
vn -0.8569 -0.2029 0.4739
vn 0.0000 0.5000 0.8660
vn 0.0000 0.5000 0.8660
vn -0.9272 -0.0288 0.3734
vn 0.0000 0.5000 0.8660
vn 0.9272 0.3378 0.1618
vn 0.9511 0.1545 0.2676
vn 0.0000 0.5000 0.8660
vn 0.9272 0.3378 0.1618
vn 0.5730 -0.2912 -0.7660
vn 0.5878 -0.4045 -0.7006
vn 0.9511 0.1545 0.2676
vn 0.5730 -0.2912 -0.7660
vn -0.5730 -0.5178 -0.6352
vn -0.5878 -0.4045 -0.7006
vn 0.5878 -0.4045 -0.7006
vn -0.5730 -0.5178 -0.6352
vn -0.9272 -0.0288 0.3734
vn -0.9511 0.1545 0.2676
vn -0.5878 -0.4045 -0.7006
vn -0.9272 -0.0288 0.3734
vn 0.0000 0.5000 0.8660
vn 0.0000 0.5000 0.8660
vn -0.9511 0.1545 0.2676
vn 0.0000 0.5000 0.8660
vn 0.9511 0.1545 0.2676
vn 0.9272 -0.0288 0.3734
vn 0.0000 0.5000 0.8660
vn 0.9511 0.1545 0.2676
vn 0.5878 -0.4045 -0.7006
vn 0.5730 -0.5178 -0.6352
vn 0.9272 -0.0288 0.3734
vn 0.5878 -0.4045 -0.7006
vn -0.5878 -0.4045 -0.7006
vn -0.5730 -0.2912 -0.7660
vn 0.5730 -0.5178 -0.6352
vn -0.5878 -0.4045 -0.7006
vn -0.9511 0.1545 0.2676
vn -0.9272 0.3378 0.1618
vn -0.5730 -0.2912 -0.7660
vn -0.9511 0.1545 0.2676
vn 0.0000 0.5000 0.8660
vn 0.0000 0.5000 0.8660
vn -0.9272 0.3378 0.1618
vn 0.0000 0.5000 0.8660
vn 0.9272 -0.0288 0.3734
vn 0.8569 -0.2029 0.4739
vn 0.0000 0.5000 0.8660
vn 0.9272 -0.0288 0.3734
vn 0.5730 -0.5178 -0.6352
vn 0.5296 -0.6254 -0.5731
vn 0.8569 -0.2029 0.4739
vn 0.5730 -0.5178 -0.6352
vn -0.5730 -0.2912 -0.7660
vn -0.5296 -0.1836 -0.8281
vn 0.5296 -0.6254 -0.5731
vn -0.5730 -0.2912 -0.7660
vn -0.9272 0.3378 0.1618
vn -0.8569 0.5119 0.0613
vn -0.5296 -0.1836 -0.8281
vn -0.9272 0.3378 0.1618
vn 0.0000 0.5000 0.8660
vn 0.0000 0.5000 0.8660
vn -0.8569 0.5119 0.0613
vn 0.0000 0.5000 0.8660
vn 0.8569 -0.2029 0.4739
vn 0.7436 -0.3590 0.5641
vn 0.0000 0.5000 0.8660
vn 0.8569 -0.2029 0.4739
vn 0.5296 -0.6254 -0.5731
vn 0.4595 -0.7219 -0.5174
vn 0.7436 -0.3590 0.5641
vn 0.5296 -0.6254 -0.5731
vn -0.5296 -0.1836 -0.8281
vn -0.4595 -0.0871 -0.8839
vn 0.4595 -0.7219 -0.5174
vn -0.5296 -0.1836 -0.8281
vn -0.8569 0.5119 0.0613
vn -0.7436 0.6680 -0.0289
vn -0.4595 -0.0871 -0.8839
vn -0.8569 0.5119 0.0613
vn 0.0000 0.5000 0.8660
vn 0.0000 0.5000 0.8660
vn -0.7436 0.6680 -0.0289
vn 0.0000 0.5000 0.8660
vn 0.7436 -0.3590 0.5641
vn 0.5930 -0.4894 0.6394
vn 0.0000 0.5000 0.8660
vn 0.7436 -0.3590 0.5641
vn 0.4595 -0.7219 -0.5174
vn 0.3665 -0.8025 -0.4709
vn 0.5930 -0.4894 0.6394
vn 0.4595 -0.7219 -0.5174
vn -0.4595 -0.0871 -0.8839
vn -0.3665 -0.0065 -0.9304
vn 0.3665 -0.8025 -0.4709
vn -0.4595 -0.0871 -0.8839
vn -0.7436 0.6680 -0.0289
vn -0.5930 0.7985 -0.1042
vn -0.3665 -0.0065 -0.9304
vn -0.7436 0.6680 -0.0289
vn 0.0000 0.5000 0.8660
vn 0.0000 0.5000 0.8660
vn -0.5930 0.7985 -0.1042
vn 0.0000 0.5000 0.8660
vn 0.5930 -0.4894 0.6394
vn 0.4126 -0.5876 0.6961
vn 0.0000 0.5000 0.8660
vn 0.5930 -0.4894 0.6394
vn 0.3665 -0.8025 -0.4709
vn 0.2550 -0.8631 -0.4358
vn 0.4126 -0.5876 0.6961
vn 0.3665 -0.8025 -0.4709
vn -0.3665 -0.0065 -0.9304
vn -0.2550 0.0541 -0.9654
vn 0.2550 -0.8631 -0.4358
vn -0.3665 -0.0065 -0.9304
vn -0.5930 0.7985 -0.1042
vn -0.4126 0.8966 -0.1608
vn -0.2550 0.0541 -0.9654
vn -0.5930 0.7985 -0.1042
vn 0.0000 0.5000 0.8660
vn 0.0000 0.5000 0.8660
vn -0.4126 0.8966 -0.1608
vn 0.0000 0.5000 0.8660
vn 0.4126 -0.5876 0.6961
vn 0.2116 -0.6485 0.7312
vn 0.0000 0.5000 0.8660
vn 0.4126 -0.5876 0.6961
vn 0.2550 -0.8631 -0.4358
vn 0.1308 -0.9008 -0.4141
vn 0.2116 -0.6485 0.7312
vn 0.2550 -0.8631 -0.4358
vn -0.2550 0.0541 -0.9654
vn -0.1308 0.0918 -0.9872
vn 0.1308 -0.9008 -0.4141
vn -0.2550 0.0541 -0.9654
vn -0.4126 0.8966 -0.1608
vn -0.2116 0.9575 -0.1960
vn -0.1308 0.0918 -0.9872
vn -0.4126 0.8966 -0.1608
vn 0.0000 0.5000 0.8660
vn 0.0000 0.5000 0.8660
vn -0.2116 0.9575 -0.1960
vn 0.0000 0.5000 0.8660
vn 0.2116 -0.6485 0.7312
vn 0.0000 -0.6691 0.7431
vn 0.0000 0.5000 0.8660
vn 0.2116 -0.6485 0.7312
vn 0.1308 -0.9008 -0.4141
vn 0.0000 -0.9135 -0.4067
vn 0.0000 -0.6691 0.7431
vn 0.1308 -0.9008 -0.4141
vn -0.1308 0.0918 -0.9872
vn -0.0000 0.1045 -0.9945
vn 0.0000 -0.9135 -0.4067
vn -0.1308 0.0918 -0.9872
vn -0.2116 0.9575 -0.1960
vn -0.0000 0.9781 -0.2079
vn -0.0000 0.1045 -0.9945
vn -0.2116 0.9575 -0.1960
vn 0.0000 0.5000 0.8660
vn 0.0000 0.5000 0.8660
vn -0.0000 0.9781 -0.2079
vn 0.0000 0.5000 0.8660
vn 0.0000 -0.6691 0.7431
vn -0.2116 -0.6485 0.7312
vn 0.0000 0.5000 0.8660
vn 0.0000 -0.6691 0.7431
vn 0.0000 -0.9135 -0.4067
vn -0.1308 -0.9008 -0.4141
vn -0.2116 -0.6485 0.7312
vn 0.0000 -0.9135 -0.4067
vn -0.0000 0.1045 -0.9945
vn 0.1308 0.0918 -0.9872
vn -0.1308 -0.9008 -0.4141
vn -0.0000 0.1045 -0.9945
vn -0.0000 0.9781 -0.2079
vn 0.2116 0.9575 -0.1960
vn 0.1308 0.0918 -0.9872
vn -0.0000 0.9781 -0.2079
vn 0.0000 0.5000 0.8660
vn 0.0000 0.5000 0.8660
vn 0.2116 0.9575 -0.1960
vn 0.0000 0.5000 0.8660
vn -0.2116 -0.6485 0.7312
vn -0.4126 -0.5876 0.6961
vn 0.0000 0.5000 0.8660
vn -0.2116 -0.6485 0.7312
vn -0.1308 -0.9008 -0.4141
vn -0.2550 -0.8631 -0.4358
vn -0.4126 -0.5876 0.6961
vn -0.1308 -0.9008 -0.4141
vn 0.1308 0.0918 -0.9872
vn 0.2550 0.0541 -0.9654
vn -0.2550 -0.8631 -0.4358
vn 0.1308 0.0918 -0.9872
vn 0.2116 0.9575 -0.1960
vn 0.4126 0.8966 -0.1608
vn 0.2550 0.0541 -0.9654
vn 0.2116 0.9575 -0.1960
vn 0.0000 0.5000 0.8660
vn 0.0000 0.5000 0.8660
vn 0.4126 0.8966 -0.1608
vn 0.0000 0.5000 0.8660
vn -0.4126 -0.5876 0.6961
vn -0.5930 -0.4894 0.6394
vn 0.0000 0.5000 0.8660
vn -0.4126 -0.5876 0.6961
vn -0.2550 -0.8631 -0.4358
vn -0.3665 -0.8025 -0.4709
vn -0.5930 -0.4894 0.6394
vn -0.2550 -0.8631 -0.4358
vn 0.2550 0.0541 -0.9654
vn 0.3665 -0.0065 -0.9304
vn -0.3665 -0.8025 -0.4709
vn 0.2550 0.0541 -0.9654
vn 0.4126 0.8966 -0.1608
vn 0.5930 0.7985 -0.1042
vn 0.3665 -0.0065 -0.9304
vn 0.4126 0.8966 -0.1608
vn 0.0000 0.5000 0.8660
vn 0.0000 0.5000 0.8660
vn 0.5930 0.7985 -0.1042
vn 0.0000 0.5000 0.8660
vn -0.5930 -0.4894 0.6394
vn -0.7436 -0.3590 0.5641
vn 0.0000 0.5000 0.8660
vn -0.5930 -0.4894 0.6394
vn -0.3665 -0.8025 -0.4709
vn -0.4595 -0.7219 -0.5174
vn -0.7436 -0.3590 0.5641
vn -0.3665 -0.8025 -0.4709
vn 0.3665 -0.0065 -0.9304
vn 0.4595 -0.0871 -0.8839
vn -0.4595 -0.7219 -0.5174
vn 0.3665 -0.0065 -0.9304
vn 0.5930 0.7985 -0.1042
vn 0.7436 0.6680 -0.0289
vn 0.4595 -0.0871 -0.8839
vn 0.5930 0.7985 -0.1042
vn 0.0000 0.5000 0.8660
vn 0.0000 0.5000 0.8660
vn 0.7436 0.6680 -0.0289
vn 0.0000 0.5000 0.8660
vn -0.7436 -0.3590 0.5641
vn -0.8569 -0.2029 0.4739
vn 0.0000 0.5000 0.8660
vn -0.7436 -0.3590 0.5641
vn -0.4595 -0.7219 -0.5174
vn -0.5296 -0.6254 -0.5731
vn -0.8569 -0.2029 0.4739
vn -0.4595 -0.7219 -0.5174
vn 0.4595 -0.0871 -0.8839
vn 0.5296 -0.1836 -0.8281
vn -0.5296 -0.6254 -0.5731
vn 0.4595 -0.0871 -0.8839
vn 0.7436 0.6680 -0.0289
vn 0.8569 0.5119 0.0613
vn 0.5296 -0.1836 -0.8281
vn 0.7436 0.6680 -0.0289
vn 0.0000 0.5000 0.8660
vn 0.0000 0.5000 0.8660
vn 0.8569 0.5119 0.0613
vn 0.0000 0.5000 0.8660
vn -0.8569 -0.2029 0.4739
vn -0.9272 -0.0288 0.3734
vn 0.0000 0.5000 0.8660
vn -0.8569 -0.2029 0.4739
vn -0.5296 -0.6254 -0.5731
vn -0.5730 -0.5178 -0.6352
vn -0.9272 -0.0288 0.3734
vn -0.5296 -0.6254 -0.5731
vn 0.5296 -0.1836 -0.8281
vn 0.5730 -0.2912 -0.7660
vn -0.5730 -0.5178 -0.6352
vn 0.5296 -0.1836 -0.8281
vn 0.8569 0.5119 0.0613
vn 0.9272 0.3378 0.1618
vn 0.5730 -0.2912 -0.7660
vn 0.8569 0.5119 0.0613
vn 0.0000 0.5000 0.8660
vn 0.0000 0.5000 0.8660
vn 0.9272 0.3378 0.1618
vn 0.0000 0.5000 0.8660
vn -0.9272 -0.0288 0.3734
vn -0.9451 0.0623 0.3209
vn 0.0000 0.5000 0.8660
vn -0.9272 -0.0288 0.3734
vn -0.5730 -0.5178 -0.6352
vn -0.5841 -0.4615 -0.6677
vn -0.9451 0.0623 0.3209
vn -0.5730 -0.5178 -0.6352
vn 0.5730 -0.2912 -0.7660
vn 0.5841 -0.3475 -0.7335
vn -0.5841 -0.4615 -0.6677
vn 0.5730 -0.2912 -0.7660
vn 0.9272 0.3378 0.1618
vn 0.9451 0.2467 0.2144
vn 0.5841 -0.3475 -0.7335
vn 0.9272 0.3378 0.1618
vn 0.0000 0.5000 0.8660
vn 0.0000 0.5000 0.8660
vn 0.9451 0.2467 0.2144
vn 0.0000 0.0000 1.0000
vn -0.7924 -0.5259 0.3090
vn -0.8463 -0.4339 0.3090
vn 0.0000 0.0000 1.0000
vn -0.7924 -0.5259 0.3090
vn -0.4897 -0.3250 -0.8090
vn -0.5231 -0.2682 -0.8090
vn -0.8463 -0.4339 0.3090
vn -0.4897 -0.3250 -0.8090
vn 0.4897 0.3250 -0.8090
vn 0.5231 0.2682 -0.8090
vn -0.5231 -0.2682 -0.8090
vn 0.4897 0.3250 -0.8090
vn 0.7924 0.5259 0.3090
vn 0.8463 0.4339 0.3090
vn 0.5231 0.2682 -0.8090
vn 0.7924 0.5259 0.3090
vn 0.0000 0.0000 1.0000
vn 0.0000 0.0000 1.0000
vn 0.8463 0.4339 0.3090
vn 0.0000 0.0000 1.0000
vn -0.8463 -0.4339 0.3090
vn -0.9216 -0.2347 0.3090
vn 0.0000 0.0000 1.0000
vn -0.8463 -0.4339 0.3090
vn -0.5231 -0.2682 -0.8090
vn -0.5696 -0.1450 -0.8090
vn -0.9216 -0.2347 0.3090
vn -0.5231 -0.2682 -0.8090
vn 0.5231 0.2682 -0.8090
vn 0.5696 0.1450 -0.8090
vn -0.5696 -0.1450 -0.8090
vn 0.5231 0.2682 -0.8090
vn 0.8463 0.4339 0.3090
vn 0.9216 0.2347 0.3090
vn 0.5696 0.1450 -0.8090
vn 0.8463 0.4339 0.3090
vn 0.0000 0.0000 1.0000
vn 0.0000 0.0000 1.0000
vn 0.9216 0.2347 0.3090
vn 0.0000 0.0000 1.0000
vn -0.9216 -0.2347 0.3090
vn -0.9508 -0.0237 0.3090
vn 0.0000 0.0000 1.0000
vn -0.9216 -0.2347 0.3090
vn -0.5696 -0.1450 -0.8090
vn -0.5876 -0.0147 -0.8090
vn -0.9508 -0.0237 0.3090
vn -0.5696 -0.1450 -0.8090
vn 0.5696 0.1450 -0.8090
vn 0.5876 0.0147 -0.8090
vn -0.5876 -0.0147 -0.8090
vn 0.5696 0.1450 -0.8090
vn 0.9216 0.2347 0.3090
vn 0.9508 0.0237 0.3090
vn 0.5876 0.0147 -0.8090
vn 0.9216 0.2347 0.3090
vn 0.0000 0.0000 1.0000
vn 0.0000 0.0000 1.0000
vn 0.9508 0.0237 0.3090
vn 0.0000 0.0000 1.0000
vn -0.9508 -0.0237 0.3090
vn -0.9322 0.1884 0.3090
vn 0.0000 0.0000 1.0000
vn -0.9508 -0.0237 0.3090
vn -0.5876 -0.0147 -0.8090
vn -0.5761 0.1165 -0.8090
vn -0.9322 0.1884 0.3090
vn -0.5876 -0.0147 -0.8090
vn 0.5876 0.0147 -0.8090
vn 0.5761 -0.1165 -0.8090
vn -0.5761 0.1165 -0.8090
vn 0.5876 0.0147 -0.8090
vn 0.9508 0.0237 0.3090
vn 0.9322 -0.1884 0.3090
vn 0.5761 -0.1165 -0.8090
vn 0.9508 0.0237 0.3090
vn 0.0000 0.0000 1.0000
vn 0.0000 0.0000 1.0000
vn 0.9322 -0.1884 0.3090
vn 0.0000 0.0000 1.0000
vn -0.9322 0.1884 0.3090
vn -0.8669 0.3912 0.3090
vn 0.0000 0.0000 1.0000
vn -0.9322 0.1884 0.3090
vn -0.5761 0.1165 -0.8090
vn -0.5358 0.2417 -0.8090
vn -0.8669 0.3912 0.3090
vn -0.5761 0.1165 -0.8090
vn 0.5761 -0.1165 -0.8090
vn 0.5358 -0.2417 -0.8090
vn -0.5358 0.2417 -0.8090
vn 0.5761 -0.1165 -0.8090
vn 0.9322 -0.1884 0.3090
vn 0.8669 -0.3912 0.3090
vn 0.5358 -0.2417 -0.8090
vn 0.9322 -0.1884 0.3090
vn 0.0000 0.0000 1.0000
vn 0.0000 0.0000 1.0000
vn 0.8669 -0.3912 0.3090
vn 0.0000 0.0000 1.0000
vn -0.8669 0.3912 0.3090
vn -0.7581 0.5743 0.3090
vn 0.0000 0.0000 1.0000
vn -0.8669 0.3912 0.3090
vn -0.5358 0.2417 -0.8090
vn -0.4685 0.3549 -0.8090
vn -0.7581 0.5743 0.3090
vn -0.5358 0.2417 -0.8090
vn 0.5358 -0.2417 -0.8090
vn 0.4685 -0.3549 -0.8090
vn -0.4685 0.3549 -0.8090
vn 0.5358 -0.2417 -0.8090
vn 0.8669 -0.3912 0.3090
vn 0.7581 -0.5743 0.3090
vn 0.4685 -0.3549 -0.8090
vn 0.8669 -0.3912 0.3090
vn 0.0000 0.0000 1.0000
vn 0.0000 0.0000 1.0000
vn 0.7581 -0.5743 0.3090
vn 0.0000 0.0000 1.0000
vn -0.7581 0.5743 0.3090
vn -0.6113 0.7286 0.3090
vn 0.0000 0.0000 1.0000
vn -0.7581 0.5743 0.3090
vn -0.4685 0.3549 -0.8090
vn -0.3778 0.4503 -0.8090
vn -0.6113 0.7286 0.3090
vn -0.4685 0.3549 -0.8090
vn 0.4685 -0.3549 -0.8090
vn 0.3778 -0.4503 -0.8090
vn -0.3778 0.4503 -0.8090
vn 0.4685 -0.3549 -0.8090
vn 0.7581 -0.5743 0.3090
vn 0.6113 -0.7286 0.3090
vn 0.3778 -0.4503 -0.8090
vn 0.7581 -0.5743 0.3090
vn 0.0000 0.0000 1.0000
vn 0.0000 0.0000 1.0000
vn 0.6113 -0.7286 0.3090
vn 0.0000 0.0000 1.0000
vn -0.6113 0.7286 0.3090
vn -0.4339 0.8463 0.3090
vn 0.0000 0.0000 1.0000
vn -0.6113 0.7286 0.3090
vn -0.3778 0.4503 -0.8090
vn -0.2682 0.5231 -0.8090
vn -0.4339 0.8463 0.3090
vn -0.3778 0.4503 -0.8090
vn 0.3778 -0.4503 -0.8090
vn 0.2682 -0.5231 -0.8090
vn -0.2682 0.5231 -0.8090
vn 0.3778 -0.4503 -0.8090
vn 0.6113 -0.7286 0.3090
vn 0.4339 -0.8463 0.3090
vn 0.2682 -0.5231 -0.8090
vn 0.6113 -0.7286 0.3090
vn 0.0000 0.0000 1.0000
vn 0.0000 0.0000 1.0000
vn 0.4339 -0.8463 0.3090
vn 0.0000 0.0000 1.0000
vn -0.4339 0.8463 0.3090
vn -0.2347 0.9216 0.3090
vn 0.0000 0.0000 1.0000
vn -0.4339 0.8463 0.3090
vn -0.2682 0.5231 -0.8090
vn -0.1450 0.5696 -0.8090
vn -0.2347 0.9216 0.3090
vn -0.2682 0.5231 -0.8090
vn 0.2682 -0.5231 -0.8090
vn 0.1450 -0.5696 -0.8090
vn -0.1450 0.5696 -0.8090
vn 0.2682 -0.5231 -0.8090
vn 0.4339 -0.8463 0.3090
vn 0.2347 -0.9216 0.3090
vn 0.1450 -0.5696 -0.8090
vn 0.4339 -0.8463 0.3090
vn 0.0000 0.0000 1.0000
vn 0.0000 0.0000 1.0000
vn 0.2347 -0.9216 0.3090
vn 0.0000 0.0000 1.0000
vn -0.2347 0.9216 0.3090
vn -0.0237 0.9508 0.3090
vn 0.0000 0.0000 1.0000
vn -0.2347 0.9216 0.3090
vn -0.1450 0.5696 -0.8090
vn -0.0147 0.5876 -0.8090
vn -0.0237 0.9508 0.3090
vn -0.1450 0.5696 -0.8090
vn 0.1450 -0.5696 -0.8090
vn 0.0147 -0.5876 -0.8090
vn -0.0147 0.5876 -0.8090
vn 0.1450 -0.5696 -0.8090
vn 0.2347 -0.9216 0.3090
vn 0.0237 -0.9508 0.3090
vn 0.0147 -0.5876 -0.8090
vn 0.2347 -0.9216 0.3090
vn 0.0000 0.0000 1.0000
vn 0.0000 0.0000 1.0000
vn 0.0237 -0.9508 0.3090
vn 0.0000 0.0000 1.0000
vn -0.0237 0.9508 0.3090
vn 0.1884 0.9322 0.3090
vn 0.0000 0.0000 1.0000
vn -0.0237 0.9508 0.3090
vn -0.0147 0.5876 -0.8090
vn 0.1165 0.5761 -0.8090
vn 0.1884 0.9322 0.3090
vn -0.0147 0.5876 -0.8090
vn 0.0147 -0.5876 -0.8090
vn -0.1165 -0.5761 -0.8090
vn 0.1165 0.5761 -0.8090
vn 0.0147 -0.5876 -0.8090
vn 0.0237 -0.9508 0.3090
vn -0.1884 -0.9322 0.3090
vn -0.1165 -0.5761 -0.8090
vn 0.0237 -0.9508 0.3090
vn 0.0000 0.0000 1.0000
vn 0.0000 0.0000 1.0000
vn -0.1884 -0.9322 0.3090
vn 0.0000 0.0000 1.0000
vn 0.1884 0.9322 0.3090
vn 0.3912 0.8669 0.3090
vn 0.0000 0.0000 1.0000
vn 0.1884 0.9322 0.3090
vn 0.1165 0.5761 -0.8090
vn 0.2417 0.5358 -0.8090
vn 0.3912 0.8669 0.3090
vn 0.1165 0.5761 -0.8090
vn -0.1165 -0.5761 -0.8090
vn -0.2417 -0.5358 -0.8090
vn 0.2417 0.5358 -0.8090
vn -0.1165 -0.5761 -0.8090
vn -0.1884 -0.9322 0.3090
vn -0.3912 -0.8669 0.3090
vn -0.2417 -0.5358 -0.8090
vn -0.1884 -0.9322 0.3090
vn 0.0000 0.0000 1.0000
vn 0.0000 0.0000 1.0000
vn -0.3912 -0.8669 0.3090
vn 0.0000 0.0000 1.0000
vn 0.3912 0.8669 0.3090
vn 0.5743 0.7581 0.3090
vn 0.0000 0.0000 1.0000
vn 0.3912 0.8669 0.3090
vn 0.2417 0.5358 -0.8090
vn 0.3549 0.4685 -0.8090
vn 0.5743 0.7581 0.3090
vn 0.2417 0.5358 -0.8090
vn -0.2417 -0.5358 -0.8090
vn -0.3549 -0.4685 -0.8090
vn 0.3549 0.4685 -0.8090
vn -0.2417 -0.5358 -0.8090
vn -0.3912 -0.8669 0.3090
vn -0.5743 -0.7581 0.3090
vn -0.3549 -0.4685 -0.8090
vn -0.3912 -0.8669 0.3090
vn 0.0000 0.0000 1.0000
vn 0.0000 0.0000 1.0000
vn -0.5743 -0.7581 0.3090
vn 0.0000 0.0000 1.0000
vn 0.5743 0.7581 0.3090
vn 0.7286 0.6113 0.3090
vn 0.0000 0.0000 1.0000
vn 0.5743 0.7581 0.3090
vn 0.3549 0.4685 -0.8090
vn 0.4503 0.3778 -0.8090
vn 0.7286 0.6113 0.3090
vn 0.3549 0.4685 -0.8090
vn -0.3549 -0.4685 -0.8090
vn -0.4503 -0.3778 -0.8090
vn 0.4503 0.3778 -0.8090
vn -0.3549 -0.4685 -0.8090
vn -0.5743 -0.7581 0.3090
vn -0.7286 -0.6113 0.3090
vn -0.4503 -0.3778 -0.8090
vn -0.5743 -0.7581 0.3090
vn 0.0000 0.0000 1.0000
vn 0.0000 0.0000 1.0000
vn -0.7286 -0.6113 0.3090
vn 0.0000 0.0000 1.0000
vn 0.7286 0.6113 0.3090
vn 0.8463 0.4339 0.3090
vn 0.0000 0.0000 1.0000
vn 0.7286 0.6113 0.3090
vn 0.4503 0.3778 -0.8090
vn 0.5231 0.2682 -0.8090
vn 0.8463 0.4339 0.3090
vn 0.4503 0.3778 -0.8090
vn -0.4503 -0.3778 -0.8090
vn -0.5231 -0.2682 -0.8090
vn 0.5231 0.2682 -0.8090
vn -0.4503 -0.3778 -0.8090
vn -0.7286 -0.6113 0.3090
vn -0.8463 -0.4339 0.3090
vn -0.5231 -0.2682 -0.8090
vn -0.7286 -0.6113 0.3090
vn 0.0000 0.0000 1.0000
vn 0.0000 0.0000 1.0000
vn -0.8463 -0.4339 0.3090
vn 0.0000 0.0000 1.0000
vn 0.8463 0.4339 0.3090
vn 0.9216 0.2347 0.3090
vn 0.0000 0.0000 1.0000
vn 0.8463 0.4339 0.3090
vn 0.5231 0.2682 -0.8090
vn 0.5696 0.1450 -0.8090
vn 0.9216 0.2347 0.3090
vn 0.5231 0.2682 -0.8090
vn -0.5231 -0.2682 -0.8090
vn -0.5696 -0.1450 -0.8090
vn 0.5696 0.1450 -0.8090
vn -0.5231 -0.2682 -0.8090
vn -0.8463 -0.4339 0.3090
vn -0.9216 -0.2347 0.3090
vn -0.5696 -0.1450 -0.8090
vn -0.8463 -0.4339 0.3090
vn 0.0000 0.0000 1.0000
vn 0.0000 0.0000 1.0000
vn -0.9216 -0.2347 0.3090
vn 0.0000 0.0000 1.0000
vn 0.9216 0.2347 0.3090
vn 0.9508 0.0237 0.3090
vn 0.0000 0.0000 1.0000
vn 0.9216 0.2347 0.3090
vn 0.5696 0.1450 -0.8090
vn 0.5876 0.0147 -0.8090
vn 0.9508 0.0237 0.3090
vn 0.5696 0.1450 -0.8090
vn -0.5696 -0.1450 -0.8090
vn -0.5876 -0.0147 -0.8090
vn 0.5876 0.0147 -0.8090
vn -0.5696 -0.1450 -0.8090
vn -0.9216 -0.2347 0.3090
vn -0.9508 -0.0237 0.3090
vn -0.5876 -0.0147 -0.8090
vn -0.9216 -0.2347 0.3090
vn 0.0000 0.0000 1.0000
vn 0.0000 0.0000 1.0000
vn -0.9508 -0.0237 0.3090
vn 0.0000 0.0000 1.0000
vn 0.9508 0.0237 0.3090
vn 0.9322 -0.1884 0.3090
vn 0.0000 0.0000 1.0000
vn 0.9508 0.0237 0.3090
vn 0.5876 0.0147 -0.8090
vn 0.5761 -0.1165 -0.8090
vn 0.9322 -0.1884 0.3090
vn 0.5876 0.0147 -0.8090
vn -0.5876 -0.0147 -0.8090
vn -0.5761 0.1165 -0.8090
vn 0.5761 -0.1165 -0.8090
vn -0.5876 -0.0147 -0.8090
vn -0.9508 -0.0237 0.3090
vn -0.9322 0.1884 0.3090
vn -0.5761 0.1165 -0.8090
vn -0.9508 -0.0237 0.3090
vn 0.0000 0.0000 1.0000
vn 0.0000 0.0000 1.0000
vn -0.9322 0.1884 0.3090
vn 0.0000 0.0000 1.0000
vn 0.9322 -0.1884 0.3090
vn 0.8669 -0.3912 0.3090
vn 0.0000 0.0000 1.0000
vn 0.9322 -0.1884 0.3090
vn 0.5761 -0.1165 -0.8090
vn 0.5358 -0.2417 -0.8090
vn 0.8669 -0.3912 0.3090
vn 0.5761 -0.1165 -0.8090
vn -0.5761 0.1165 -0.8090
vn -0.5358 0.2417 -0.8090
vn 0.5358 -0.2417 -0.8090
vn -0.5761 0.1165 -0.8090
vn -0.9322 0.1884 0.3090
vn -0.8669 0.3912 0.3090
vn -0.5358 0.2417 -0.8090
vn -0.9322 0.1884 0.3090
vn 0.0000 0.0000 1.0000
vn 0.0000 0.0000 1.0000
vn -0.8669 0.3912 0.3090
vn 0.0000 0.0000 1.0000
vn 0.8669 -0.3912 0.3090
vn 0.7581 -0.5743 0.3090
vn 0.0000 0.0000 1.0000
vn 0.8669 -0.3912 0.3090
vn 0.5358 -0.2417 -0.8090
vn 0.4685 -0.3549 -0.8090
vn 0.7581 -0.5743 0.3090
vn 0.5358 -0.2417 -0.8090
vn -0.5358 0.2417 -0.8090
vn -0.4685 0.3549 -0.8090
vn 0.4685 -0.3549 -0.8090
vn -0.5358 0.2417 -0.8090
vn -0.8669 0.3912 0.3090
vn -0.7581 0.5743 0.3090
vn -0.4685 0.3549 -0.8090
vn -0.8669 0.3912 0.3090
vn 0.0000 0.0000 1.0000
vn 0.0000 0.0000 1.0000
vn -0.7581 0.5743 0.3090
vn 0.0000 0.0000 1.0000
vn 0.7581 -0.5743 0.3090
vn 0.6113 -0.7286 0.3090
vn 0.0000 0.0000 1.0000
vn 0.7581 -0.5743 0.3090
vn 0.4685 -0.3549 -0.8090
vn 0.3778 -0.4503 -0.8090
vn 0.6113 -0.7286 0.3090
vn 0.4685 -0.3549 -0.8090
vn -0.4685 0.3549 -0.8090
vn -0.3778 0.4503 -0.8090
vn 0.3778 -0.4503 -0.8090
vn -0.4685 0.3549 -0.8090
vn -0.7581 0.5743 0.3090
vn -0.6113 0.7286 0.3090
vn -0.3778 0.4503 -0.8090
vn -0.7581 0.5743 0.3090
vn 0.0000 0.0000 1.0000
vn 0.0000 0.0000 1.0000
vn -0.6113 0.7286 0.3090
vn 0.0000 0.0000 1.0000
vn 0.6113 -0.7286 0.3090
vn 0.4339 -0.8463 0.3090
vn 0.0000 0.0000 1.0000
vn 0.6113 -0.7286 0.3090
vn 0.3778 -0.4503 -0.8090
vn 0.2682 -0.5231 -0.8090
vn 0.4339 -0.8463 0.3090
vn 0.3778 -0.4503 -0.8090
vn -0.3778 0.4503 -0.8090
vn -0.2682 0.5231 -0.8090
vn 0.2682 -0.5231 -0.8090
vn -0.3778 0.4503 -0.8090
vn -0.6113 0.7286 0.3090
vn -0.4339 0.8463 0.3090
vn -0.2682 0.5231 -0.8090
vn -0.6113 0.7286 0.3090
vn 0.0000 0.0000 1.0000
vn 0.0000 0.0000 1.0000
vn -0.4339 0.8463 0.3090
vn 0.0000 0.0000 1.0000
vn 0.4339 -0.8463 0.3090
vn 0.2347 -0.9216 0.3090
vn 0.0000 0.0000 1.0000
vn 0.4339 -0.8463 0.3090
vn 0.2682 -0.5231 -0.8090
vn 0.1450 -0.5696 -0.8090
vn 0.2347 -0.9216 0.3090
vn 0.2682 -0.5231 -0.8090
vn -0.2682 0.5231 -0.8090
vn -0.1450 0.5696 -0.8090
vn 0.1450 -0.5696 -0.8090
vn -0.2682 0.5231 -0.8090
vn -0.4339 0.8463 0.3090
vn -0.2347 0.9216 0.3090
vn -0.1450 0.5696 -0.8090
vn -0.4339 0.8463 0.3090
vn 0.0000 0.0000 1.0000
vn 0.0000 0.0000 1.0000
vn -0.2347 0.9216 0.3090
vn 0.0000 0.0000 1.0000
vn 0.2347 -0.9216 0.3090
vn 0.0237 -0.9508 0.3090
vn 0.0000 0.0000 1.0000
vn 0.2347 -0.9216 0.3090
vn 0.1450 -0.5696 -0.8090
vn 0.0147 -0.5876 -0.8090
vn 0.0237 -0.9508 0.3090
vn 0.1450 -0.5696 -0.8090
vn -0.1450 0.5696 -0.8090
vn -0.0147 0.5876 -0.8090
vn 0.0147 -0.5876 -0.8090
vn -0.1450 0.5696 -0.8090
vn -0.2347 0.9216 0.3090
vn -0.0237 0.9508 0.3090
vn -0.0147 0.5876 -0.8090
vn -0.2347 0.9216 0.3090
vn 0.0000 0.0000 1.0000
vn 0.0000 0.0000 1.0000
vn -0.0237 0.9508 0.3090
vn 0.0000 0.0000 1.0000
vn 0.0237 -0.9508 0.3090
vn -0.1884 -0.9322 0.3090
vn 0.0000 0.0000 1.0000
vn 0.0237 -0.9508 0.3090
vn 0.0147 -0.5876 -0.8090
vn -0.1165 -0.5761 -0.8090
vn -0.1884 -0.9322 0.3090
vn 0.0147 -0.5876 -0.8090
vn -0.0147 0.5876 -0.8090
vn 0.1165 0.5761 -0.8090
vn -0.1165 -0.5761 -0.8090
vn -0.0147 0.5876 -0.8090
vn -0.0237 0.9508 0.3090
vn 0.1884 0.9322 0.3090
vn 0.1165 0.5761 -0.8090
vn -0.0237 0.9508 0.3090
vn 0.0000 0.0000 1.0000
vn 0.0000 0.0000 1.0000
vn 0.1884 0.9322 0.3090
vn 0.0000 0.0000 1.0000
vn -0.1884 -0.9322 0.3090
vn -0.3912 -0.8669 0.3090
vn 0.0000 0.0000 1.0000
vn -0.1884 -0.9322 0.3090
vn -0.1165 -0.5761 -0.8090
vn -0.2417 -0.5358 -0.8090
vn -0.3912 -0.8669 0.3090
vn -0.1165 -0.5761 -0.8090
vn 0.1165 0.5761 -0.8090
vn 0.2417 0.5358 -0.8090
vn -0.2417 -0.5358 -0.8090
vn 0.1165 0.5761 -0.8090
vn 0.1884 0.9322 0.3090
vn 0.3912 0.8669 0.3090
vn 0.2417 0.5358 -0.8090
vn 0.1884 0.9322 0.3090
vn 0.0000 0.0000 1.0000
vn 0.0000 0.0000 1.0000
vn 0.3912 0.8669 0.3090
vn 0.0000 0.0000 1.0000
vn -0.3912 -0.8669 0.3090
vn -0.5743 -0.7581 0.3090
vn 0.0000 0.0000 1.0000
vn -0.3912 -0.8669 0.3090
vn -0.2417 -0.5358 -0.8090
vn -0.3549 -0.4685 -0.8090
vn -0.5743 -0.7581 0.3090
vn -0.2417 -0.5358 -0.8090
vn 0.2417 0.5358 -0.8090
vn 0.3549 0.4685 -0.8090
vn -0.3549 -0.4685 -0.8090
vn 0.2417 0.5358 -0.8090
vn 0.3912 0.8669 0.3090
vn 0.5743 0.7581 0.3090
vn 0.3549 0.4685 -0.8090
vn 0.3912 0.8669 0.3090
vn 0.0000 0.0000 1.0000
vn 0.0000 0.0000 1.0000
vn 0.5743 0.7581 0.3090
vn 0.0000 0.0000 1.0000
vn -0.5743 -0.7581 0.3090
vn -0.6555 -0.6891 0.3090
vn 0.0000 0.0000 1.0000
vn -0.5743 -0.7581 0.3090
vn -0.3549 -0.4685 -0.8090
vn -0.4051 -0.4259 -0.8090
vn -0.6555 -0.6891 0.3090
vn -0.3549 -0.4685 -0.8090
vn 0.3549 0.4685 -0.8090
vn 0.4051 0.4259 -0.8090
vn -0.4051 -0.4259 -0.8090
vn 0.3549 0.4685 -0.8090
vn 0.5743 0.7581 0.3090
vn 0.6555 0.6891 0.3090
vn 0.4051 0.4259 -0.8090
vn 0.5743 0.7581 0.3090
vn 0.0000 0.0000 1.0000
vn 0.0000 0.0000 1.0000
vn 0.6555 0.6891 0.3090
vn 0.0000 -0.5000 0.8660
vn -0.2690 -0.9445 -0.1885
vn -0.3694 -0.9135 -0.1706
vn 0.0000 -0.5000 0.8660
vn -0.2690 -0.9445 -0.1885
vn -0.1662 -0.0837 -0.9825
vn -0.2283 -0.0646 -0.9714
vn -0.3694 -0.9135 -0.1706
vn -0.1662 -0.0837 -0.9825
vn 0.1662 0.8928 -0.4187
vn 0.2283 0.8736 -0.4298
vn -0.2283 -0.0646 -0.9714
vn 0.1662 0.8928 -0.4187
vn 0.2690 0.6355 0.7237
vn 0.3694 0.6045 0.7058
vn 0.2283 0.8736 -0.4298
vn 0.2690 0.6355 0.7237
vn 0.0000 -0.5000 0.8660
vn 0.0000 -0.5000 0.8660
vn 0.3694 0.6045 0.7058
vn 0.0000 -0.5000 0.8660
vn -0.3694 -0.9135 -0.1706
vn -0.5552 -0.8233 -0.1185
vn 0.0000 -0.5000 0.8660
vn -0.3694 -0.9135 -0.1706
vn -0.2283 -0.0646 -0.9714
vn -0.3431 -0.0088 -0.9393
vn -0.5552 -0.8233 -0.1185
vn -0.2283 -0.0646 -0.9714
vn 0.2283 0.8736 -0.4298
vn 0.3431 0.8178 -0.4620
vn -0.3431 -0.0088 -0.9393
vn 0.2283 0.8736 -0.4298
vn 0.3694 0.6045 0.7058
vn 0.5552 0.5142 0.6537
vn 0.3431 0.8178 -0.4620
vn 0.3694 0.6045 0.7058
vn 0.0000 -0.5000 0.8660
vn 0.0000 -0.5000 0.8660
vn 0.5552 0.5142 0.6537
vn 0.0000 -0.5000 0.8660
vn -0.5552 -0.8233 -0.1185
vn -0.7131 -0.6995 -0.0470
vn 0.0000 -0.5000 0.8660
vn -0.5552 -0.8233 -0.1185
vn -0.3431 -0.0088 -0.9393
vn -0.4407 0.0677 -0.8951
vn -0.7131 -0.6995 -0.0470
vn -0.3431 -0.0088 -0.9393
vn 0.3431 0.8178 -0.4620
vn 0.4407 0.7413 -0.5062
vn -0.4407 0.0677 -0.8951
vn 0.3431 0.8178 -0.4620
vn 0.5552 0.5142 0.6537
vn 0.7131 0.3905 0.5823
vn 0.4407 0.7413 -0.5062
vn 0.5552 0.5142 0.6537
vn 0.0000 -0.5000 0.8660
vn 0.0000 -0.5000 0.8660
vn 0.7131 0.3905 0.5823
vn 0.0000 -0.5000 0.8660
vn -0.7131 -0.6995 -0.0470
vn -0.8352 -0.5484 0.0402
vn 0.0000 -0.5000 0.8660
vn -0.7131 -0.6995 -0.0470
vn -0.4407 0.0677 -0.8951
vn -0.5162 0.1611 -0.8412
vn -0.8352 -0.5484 0.0402
vn -0.4407 0.0677 -0.8951
vn 0.4407 0.7413 -0.5062
vn 0.5162 0.6480 -0.5601
vn -0.5162 0.1611 -0.8412
vn 0.4407 0.7413 -0.5062
vn 0.7131 0.3905 0.5823
vn 0.8352 0.2394 0.4950
vn 0.5162 0.6480 -0.5601
vn 0.7131 0.3905 0.5823
vn 0.0000 -0.5000 0.8660
vn 0.0000 -0.5000 0.8660
vn 0.8352 0.2394 0.4950
vn 0.0000 -0.5000 0.8660
vn -0.8352 -0.5484 0.0402
vn -0.9155 -0.3776 0.1388
vn 0.0000 -0.5000 0.8660
vn -0.8352 -0.5484 0.0402
vn -0.5162 0.1611 -0.8412
vn -0.5658 0.2666 -0.7802
vn -0.9155 -0.3776 0.1388
vn -0.5162 0.1611 -0.8412
vn 0.5162 0.6480 -0.5601
vn 0.5658 0.5424 -0.6210
vn -0.5658 0.2666 -0.7802
vn 0.5162 0.6480 -0.5601
vn 0.8352 0.2394 0.4950
vn 0.9155 0.0686 0.3964
vn 0.5658 0.5424 -0.6210
vn 0.8352 0.2394 0.4950
vn 0.0000 -0.5000 0.8660
vn 0.0000 -0.5000 0.8660
vn 0.9155 0.0686 0.3964
vn 0.0000 -0.5000 0.8660
vn -0.9155 -0.3776 0.1388
vn -0.9499 -0.1956 0.2439
vn 0.0000 -0.5000 0.8660
vn -0.9155 -0.3776 0.1388
vn -0.5658 0.2666 -0.7802
vn -0.5871 0.3791 -0.7153
vn -0.9499 -0.1956 0.2439
vn -0.5658 0.2666 -0.7802
vn 0.5658 0.5424 -0.6210
vn 0.5871 0.4299 -0.6860
vn -0.5871 0.3791 -0.7153
vn 0.5658 0.5424 -0.6210
vn 0.9155 0.0686 0.3964
vn 0.9499 -0.1135 0.2913
vn 0.5871 0.4299 -0.6860
vn 0.9155 0.0686 0.3964
vn 0.0000 -0.5000 0.8660
vn 0.0000 -0.5000 0.8660
vn 0.9499 -0.1135 0.2913
vn 0.0000 -0.5000 0.8660
vn -0.9499 -0.1956 0.2439
vn -0.9366 -0.0115 0.3502
vn 0.0000 -0.5000 0.8660
vn -0.9499 -0.1956 0.2439
vn -0.5871 0.3791 -0.7153
vn -0.5789 0.4929 -0.6496
vn -0.9366 -0.0115 0.3502
vn -0.5871 0.3791 -0.7153
vn 0.5871 0.4299 -0.6860
vn 0.5789 0.3161 -0.7517
vn -0.5789 0.4929 -0.6496
vn 0.5871 0.4299 -0.6860
vn 0.9499 -0.1135 0.2913
vn 0.9366 -0.2975 0.1850
vn 0.5789 0.3161 -0.7517
vn 0.9499 -0.1135 0.2913
vn 0.0000 -0.5000 0.8660
vn 0.0000 -0.5000 0.8660
vn 0.9366 -0.2975 0.1850
vn 0.0000 -0.5000 0.8660
vn -0.9366 -0.0115 0.3502
vn -0.8764 0.1654 0.4523
vn 0.0000 -0.5000 0.8660
vn -0.9366 -0.0115 0.3502
vn -0.5789 0.4929 -0.6496
vn -0.5416 0.6022 -0.5865
vn -0.8764 0.1654 0.4523
vn -0.5789 0.4929 -0.6496
vn 0.5789 0.3161 -0.7517
vn 0.5416 0.2068 -0.8148
vn -0.5416 0.6022 -0.5865
vn 0.5789 0.3161 -0.7517
vn 0.9366 -0.2975 0.1850
vn 0.8764 -0.4744 0.0829
vn 0.5416 0.2068 -0.8148
vn 0.9366 -0.2975 0.1850
vn 0.0000 -0.5000 0.8660
vn 0.0000 -0.5000 0.8660
vn 0.8764 -0.4744 0.0829
vn 0.0000 -0.5000 0.8660
vn -0.8764 0.1654 0.4523
vn -0.7722 0.3263 0.5452
vn 0.0000 -0.5000 0.8660
vn -0.8764 0.1654 0.4523
vn -0.5416 0.6022 -0.5865
vn -0.4772 0.7017 -0.5291
vn -0.7722 0.3263 0.5452
vn -0.5416 0.6022 -0.5865
vn 0.5416 0.2068 -0.8148
vn 0.4772 0.1074 -0.8722
vn -0.4772 0.7017 -0.5291
vn 0.5416 0.2068 -0.8148
vn 0.8764 -0.4744 0.0829
vn 0.7722 -0.6353 -0.0100
vn 0.4772 0.1074 -0.8722
vn 0.8764 -0.4744 0.0829
vn 0.0000 -0.5000 0.8660
vn 0.0000 -0.5000 0.8660
vn 0.7722 -0.6353 -0.0100
vn 0.0000 -0.5000 0.8660
vn -0.7722 0.3263 0.5452
vn -0.6293 0.4630 0.6242
vn 0.0000 -0.5000 0.8660
vn -0.7722 0.3263 0.5452
vn -0.4772 0.7017 -0.5291
vn -0.3889 0.7862 -0.4803
vn -0.6293 0.4630 0.6242
vn -0.4772 0.7017 -0.5291
vn 0.4772 0.1074 -0.8722
vn 0.3889 0.0228 -0.9210
vn -0.3889 0.7862 -0.4803
vn 0.4772 0.1074 -0.8722
vn 0.7722 -0.6353 -0.0100
vn 0.6293 -0.7721 -0.0889
vn 0.3889 0.0228 -0.9210
vn 0.7722 -0.6353 -0.0100
vn 0.0000 -0.5000 0.8660
vn 0.0000 -0.5000 0.8660
vn 0.6293 -0.7721 -0.0889
vn 0.0000 -0.5000 0.8660
vn -0.6293 0.4630 0.6242
vn -0.4548 0.5688 0.6852
vn 0.0000 -0.5000 0.8660
vn -0.6293 0.4630 0.6242
vn -0.3889 0.7862 -0.4803
vn -0.2811 0.8516 -0.4425
vn -0.4548 0.5688 0.6852
vn -0.3889 0.7862 -0.4803
vn 0.3889 0.0228 -0.9210
vn 0.2811 -0.0425 -0.9587
vn -0.2811 0.8516 -0.4425
vn 0.3889 0.0228 -0.9210
vn 0.6293 -0.7721 -0.0889
vn 0.4548 -0.8778 -0.1500
vn 0.2811 -0.0425 -0.9587
vn 0.6293 -0.7721 -0.0889
vn 0.0000 -0.5000 0.8660
vn 0.0000 -0.5000 0.8660
vn 0.4548 -0.8778 -0.1500
vn 0.0000 -0.5000 0.8660
vn -0.4548 0.5688 0.6852
vn -0.2576 0.6383 0.7254
vn 0.0000 -0.5000 0.8660
vn -0.4548 0.5688 0.6852
vn -0.2811 0.8516 -0.4425
vn -0.1592 0.8945 -0.4177
vn -0.2576 0.6383 0.7254
vn -0.2811 0.8516 -0.4425
vn 0.2811 -0.0425 -0.9587
vn 0.1592 -0.0855 -0.9835
vn -0.1592 0.8945 -0.4177
vn 0.2811 -0.0425 -0.9587
vn 0.4548 -0.8778 -0.1500
vn 0.2576 -0.9474 -0.1901
vn 0.1592 -0.0855 -0.9835
vn 0.4548 -0.8778 -0.1500
vn 0.0000 -0.5000 0.8660
vn 0.0000 -0.5000 0.8660
vn 0.2576 -0.9474 -0.1901
vn 0.0000 -0.5000 0.8660
vn -0.2576 0.6383 0.7254
vn -0.0474 0.6681 0.7426
vn 0.0000 -0.5000 0.8660
vn -0.2576 0.6383 0.7254
vn -0.1592 0.8945 -0.4177
vn -0.0293 0.9129 -0.4071
vn -0.0474 0.6681 0.7426
vn -0.1592 0.8945 -0.4177
vn 0.1592 -0.0855 -0.9835
vn 0.0293 -0.1039 -0.9942
vn -0.0293 0.9129 -0.4071
vn 0.1592 -0.0855 -0.9835
vn 0.2576 -0.9474 -0.1901
vn 0.0474 -0.9771 -0.2073
vn 0.0293 -0.1039 -0.9942
vn 0.2576 -0.9474 -0.1901
vn 0.0000 -0.5000 0.8660
vn 0.0000 -0.5000 0.8660
vn 0.0474 -0.9771 -0.2073
vn 0.0000 -0.5000 0.8660
vn -0.0474 0.6681 0.7426
vn 0.1651 0.6566 0.7359
vn 0.0000 -0.5000 0.8660
vn -0.0474 0.6681 0.7426
vn -0.0293 0.9129 -0.4071
vn 0.1021 0.9058 -0.4112
vn 0.1651 0.6566 0.7359
vn -0.0293 0.9129 -0.4071
vn 0.0293 -0.1039 -0.9942
vn -0.1021 -0.0968 -0.9901
vn 0.1021 0.9058 -0.4112
vn 0.0293 -0.1039 -0.9942
vn 0.0474 -0.9771 -0.2073
vn -0.1651 -0.9656 -0.2007
vn -0.1021 -0.0968 -0.9901
vn 0.0474 -0.9771 -0.2073
vn 0.0000 -0.5000 0.8660
vn 0.0000 -0.5000 0.8660
vn -0.1651 -0.9656 -0.2007
vn 0.0000 -0.5000 0.8660
vn 0.1651 0.6566 0.7359
vn 0.3694 0.6045 0.7058
vn 0.0000 -0.5000 0.8660
vn 0.1651 0.6566 0.7359
vn 0.1021 0.9058 -0.4112
vn 0.2283 0.8736 -0.4298
vn 0.3694 0.6045 0.7058
vn 0.1021 0.9058 -0.4112
vn -0.1021 -0.0968 -0.9901
vn -0.2283 -0.0646 -0.9714
vn 0.2283 0.8736 -0.4298
vn -0.1021 -0.0968 -0.9901
vn -0.1651 -0.9656 -0.2007
vn -0.3694 -0.9135 -0.1706
vn -0.2283 -0.0646 -0.9714
vn -0.1651 -0.9656 -0.2007
vn 0.0000 -0.5000 0.8660
vn 0.0000 -0.5000 0.8660
vn -0.3694 -0.9135 -0.1706
vn 0.0000 -0.5000 0.8660
vn 0.3694 0.6045 0.7058
vn 0.5552 0.5142 0.6537
vn 0.0000 -0.5000 0.8660
vn 0.3694 0.6045 0.7058
vn 0.2283 0.8736 -0.4298
vn 0.3431 0.8178 -0.4620
vn 0.5552 0.5142 0.6537
vn 0.2283 0.8736 -0.4298
vn -0.2283 -0.0646 -0.9714
vn -0.3431 -0.0088 -0.9393
vn 0.3431 0.8178 -0.4620
vn -0.2283 -0.0646 -0.9714
vn -0.3694 -0.9135 -0.1706
vn -0.5552 -0.8233 -0.1185
vn -0.3431 -0.0088 -0.9393
vn -0.3694 -0.9135 -0.1706
vn 0.0000 -0.5000 0.8660
vn 0.0000 -0.5000 0.8660
vn -0.5552 -0.8233 -0.1185
vn 0.0000 -0.5000 0.8660
vn 0.5552 0.5142 0.6537
vn 0.7131 0.3905 0.5823
vn 0.0000 -0.5000 0.8660
vn 0.5552 0.5142 0.6537
vn 0.3431 0.8178 -0.4620
vn 0.4407 0.7413 -0.5062
vn 0.7131 0.3905 0.5823
vn 0.3431 0.8178 -0.4620
vn -0.3431 -0.0088 -0.9393
vn -0.4407 0.0677 -0.8951
vn 0.4407 0.7413 -0.5062
vn -0.3431 -0.0088 -0.9393
vn -0.5552 -0.8233 -0.1185
vn -0.7131 -0.6995 -0.0470
vn -0.4407 0.0677 -0.8951
vn -0.5552 -0.8233 -0.1185
vn 0.0000 -0.5000 0.8660
vn 0.0000 -0.5000 0.8660
vn -0.7131 -0.6995 -0.0470
vn 0.0000 -0.5000 0.8660
vn 0.7131 0.3905 0.5823
vn 0.8352 0.2394 0.4950
vn 0.0000 -0.5000 0.8660
vn 0.7131 0.3905 0.5823
vn 0.4407 0.7413 -0.5062
vn 0.5162 0.6480 -0.5601
vn 0.8352 0.2394 0.4950
vn 0.4407 0.7413 -0.5062
vn -0.4407 0.0677 -0.8951
vn -0.5162 0.1611 -0.8412
vn 0.5162 0.6480 -0.5601
vn -0.4407 0.0677 -0.8951
vn -0.7131 -0.6995 -0.0470
vn -0.8352 -0.5484 0.0402
vn -0.5162 0.1611 -0.8412
vn -0.7131 -0.6995 -0.0470
vn 0.0000 -0.5000 0.8660
vn 0.0000 -0.5000 0.8660
vn -0.8352 -0.5484 0.0402
vn 0.0000 -0.5000 0.8660
vn 0.8352 0.2394 0.4950
vn 0.9155 0.0686 0.3964
vn 0.0000 -0.5000 0.8660
vn 0.8352 0.2394 0.4950
vn 0.5162 0.6480 -0.5601
vn 0.5658 0.5424 -0.6210
vn 0.9155 0.0686 0.3964
vn 0.5162 0.6480 -0.5601
vn -0.5162 0.1611 -0.8412
vn -0.5658 0.2666 -0.7802
vn 0.5658 0.5424 -0.6210
vn -0.5162 0.1611 -0.8412
vn -0.8352 -0.5484 0.0402
vn -0.9155 -0.3776 0.1388
vn -0.5658 0.2666 -0.7802
vn -0.8352 -0.5484 0.0402
vn 0.0000 -0.5000 0.8660
vn 0.0000 -0.5000 0.8660
vn -0.9155 -0.3776 0.1388
vn 0.0000 -0.5000 0.8660
vn 0.9155 0.0686 0.3964
vn 0.9499 -0.1135 0.2913
vn 0.0000 -0.5000 0.8660
vn 0.9155 0.0686 0.3964
vn 0.5658 0.5424 -0.6210
vn 0.5871 0.4299 -0.6860
vn 0.9499 -0.1135 0.2913
vn 0.5658 0.5424 -0.6210
vn -0.5658 0.2666 -0.7802
vn -0.5871 0.3791 -0.7153
vn 0.5871 0.4299 -0.6860
vn -0.5658 0.2666 -0.7802
vn -0.9155 -0.3776 0.1388
vn -0.9499 -0.1956 0.2439
vn -0.5871 0.3791 -0.7153
vn -0.9155 -0.3776 0.1388
vn 0.0000 -0.5000 0.8660
vn 0.0000 -0.5000 0.8660
vn -0.9499 -0.1956 0.2439
vn 0.0000 -0.5000 0.8660
vn 0.9499 -0.1135 0.2913
vn 0.9366 -0.2975 0.1850
vn 0.0000 -0.5000 0.8660
vn 0.9499 -0.1135 0.2913
vn 0.5871 0.4299 -0.6860
vn 0.5789 0.3161 -0.7517
vn 0.9366 -0.2975 0.1850
vn 0.5871 0.4299 -0.6860
vn -0.5871 0.3791 -0.7153
vn -0.5789 0.4929 -0.6496
vn 0.5789 0.3161 -0.7517
vn -0.5871 0.3791 -0.7153
vn -0.9499 -0.1956 0.2439
vn -0.9366 -0.0115 0.3502
vn -0.5789 0.4929 -0.6496
vn -0.9499 -0.1956 0.2439
vn 0.0000 -0.5000 0.8660
vn 0.0000 -0.5000 0.8660
vn -0.9366 -0.0115 0.3502
vn 0.0000 -0.5000 0.8660
vn 0.9366 -0.2975 0.1850
vn 0.8764 -0.4744 0.0829
vn 0.0000 -0.5000 0.8660
vn 0.9366 -0.2975 0.1850
vn 0.5789 0.3161 -0.7517
vn 0.5416 0.2068 -0.8148
vn 0.8764 -0.4744 0.0829
vn 0.5789 0.3161 -0.7517
vn -0.5789 0.4929 -0.6496
vn -0.5416 0.6022 -0.5865
vn 0.5416 0.2068 -0.8148
vn -0.5789 0.4929 -0.6496
vn -0.9366 -0.0115 0.3502
vn -0.8764 0.1654 0.4523
vn -0.5416 0.6022 -0.5865
vn -0.9366 -0.0115 0.3502
vn 0.0000 -0.5000 0.8660
vn 0.0000 -0.5000 0.8660
vn -0.8764 0.1654 0.4523
vn 0.0000 -0.5000 0.8660
vn 0.8764 -0.4744 0.0829
vn 0.7722 -0.6353 -0.0100
vn 0.0000 -0.5000 0.8660
vn 0.8764 -0.4744 0.0829
vn 0.5416 0.2068 -0.8148
vn 0.4772 0.1074 -0.8722
vn 0.7722 -0.6353 -0.0100
vn 0.5416 0.2068 -0.8148
vn -0.5416 0.6022 -0.5865
vn -0.4772 0.7017 -0.5291
vn 0.4772 0.1074 -0.8722
vn -0.5416 0.6022 -0.5865
vn -0.8764 0.1654 0.4523
vn -0.7722 0.3263 0.5452
vn -0.4772 0.7017 -0.5291
vn -0.8764 0.1654 0.4523
vn 0.0000 -0.5000 0.8660
vn 0.0000 -0.5000 0.8660
vn -0.7722 0.3263 0.5452
vn 0.0000 -0.5000 0.8660
vn 0.7722 -0.6353 -0.0100
vn 0.6293 -0.7721 -0.0889
vn 0.0000 -0.5000 0.8660
vn 0.7722 -0.6353 -0.0100
vn 0.4772 0.1074 -0.8722
vn 0.3889 0.0228 -0.9210
vn 0.6293 -0.7721 -0.0889
vn 0.4772 0.1074 -0.8722
vn -0.4772 0.7017 -0.5291
vn -0.3889 0.7862 -0.4803
vn 0.3889 0.0228 -0.9210
vn -0.4772 0.7017 -0.5291
vn -0.7722 0.3263 0.5452
vn -0.6293 0.4630 0.6242
vn -0.3889 0.7862 -0.4803
vn -0.7722 0.3263 0.5452
vn 0.0000 -0.5000 0.8660
vn 0.0000 -0.5000 0.8660
vn -0.6293 0.4630 0.6242
vn 0.0000 -0.5000 0.8660
vn 0.6293 -0.7721 -0.0889
vn 0.4548 -0.8778 -0.1500
vn 0.0000 -0.5000 0.8660
vn 0.6293 -0.7721 -0.0889
vn 0.3889 0.0228 -0.9210
vn 0.2811 -0.0425 -0.9587
vn 0.4548 -0.8778 -0.1500
vn 0.3889 0.0228 -0.9210
vn -0.3889 0.7862 -0.4803
vn -0.2811 0.8516 -0.4425
vn 0.2811 -0.0425 -0.9587
vn -0.3889 0.7862 -0.4803
vn -0.6293 0.4630 0.6242
vn -0.4548 0.5688 0.6852
vn -0.2811 0.8516 -0.4425
vn -0.6293 0.4630 0.6242
vn 0.0000 -0.5000 0.8660
vn 0.0000 -0.5000 0.8660
vn -0.4548 0.5688 0.6852
vn 0.0000 -0.5000 0.8660
vn 0.4548 -0.8778 -0.1500
vn 0.2576 -0.9474 -0.1901
vn 0.0000 -0.5000 0.8660
vn 0.4548 -0.8778 -0.1500
vn 0.2811 -0.0425 -0.9587
vn 0.1592 -0.0855 -0.9835
vn 0.2576 -0.9474 -0.1901
vn 0.2811 -0.0425 -0.9587
vn -0.2811 0.8516 -0.4425
vn -0.1592 0.8945 -0.4177
vn 0.1592 -0.0855 -0.9835
vn -0.2811 0.8516 -0.4425
vn -0.4548 0.5688 0.6852
vn -0.2576 0.6383 0.7254
vn -0.1592 0.8945 -0.4177
vn -0.4548 0.5688 0.6852
vn 0.0000 -0.5000 0.8660
vn 0.0000 -0.5000 0.8660
vn -0.2576 0.6383 0.7254
vn 0.0000 -0.5000 0.8660
vn 0.2576 -0.9474 -0.1901
vn 0.0474 -0.9771 -0.2073
vn 0.0000 -0.5000 0.8660
vn 0.2576 -0.9474 -0.1901
vn 0.1592 -0.0855 -0.9835
vn 0.0293 -0.1039 -0.9942
vn 0.0474 -0.9771 -0.2073
vn 0.1592 -0.0855 -0.9835
vn -0.1592 0.8945 -0.4177
vn -0.0293 0.9129 -0.4071
vn 0.0293 -0.1039 -0.9942
vn -0.1592 0.8945 -0.4177
vn -0.2576 0.6383 0.7254
vn -0.0474 0.6681 0.7426
vn -0.0293 0.9129 -0.4071
vn -0.2576 0.6383 0.7254
vn 0.0000 -0.5000 0.8660
vn 0.0000 -0.5000 0.8660
vn -0.0474 0.6681 0.7426
vn 0.0000 -0.5000 0.8660
vn 0.0474 -0.9771 -0.2073
vn -0.0592 -0.9765 -0.2070
vn 0.0000 -0.5000 0.8660
vn 0.0474 -0.9771 -0.2073
vn 0.0293 -0.1039 -0.9942
vn -0.0366 -0.1035 -0.9940
vn -0.0592 -0.9765 -0.2070
vn 0.0293 -0.1039 -0.9942
vn -0.0293 0.9129 -0.4071
vn 0.0366 0.9126 -0.4073
vn -0.0366 -0.1035 -0.9940
vn -0.0293 0.9129 -0.4071
vn -0.0474 0.6681 0.7426
vn 0.0592 0.6675 0.7422
vn 0.0366 0.9126 -0.4073
vn -0.0474 0.6681 0.7426
vn 0.0000 -0.5000 0.8660
vn 0.0000 -0.5000 0.8660
vn 0.0592 0.6675 0.7422
vn 0.6772 0.2878 0.6772
vn 0.6772 0.2878 0.6772
vn 0.6772 0.2878 0.6772
vn 0.6772 -0.2878 0.6772
vn 0.6772 -0.2878 0.6772
vn 0.6772 -0.2878 0.6772
vn -0.6772 0.2878 0.6772
vn -0.6772 0.2878 0.6772
vn -0.6772 0.2878 0.6772
vn -0.6772 -0.2878 0.6772
vn -0.6772 -0.2878 0.6772
vn -0.6772 -0.2878 0.6772
vn -0.6772 0.2878 -0.6772
vn -0.6772 0.2878 -0.6772
vn -0.6772 0.2878 -0.6772
vn -0.6772 -0.2878 -0.6772
vn -0.6772 -0.2878 -0.6772
vn -0.6772 -0.2878 -0.6772
vn 0.6772 0.2878 -0.6772
vn 0.6772 0.2878 -0.6772
vn 0.6772 0.2878 -0.6772
vn 0.6772 -0.2878 -0.6772
vn 0.6772 -0.2878 -0.6772
vn 0.6772 -0.2878 -0.6772
vn 0.6772 0.2878 0.6772
vn 0.6772 0.2878 0.6772
vn 0.6772 0.2878 0.6772
vn 0.6772 -0.2878 0.6772
vn 0.6772 -0.2878 0.6772
vn 0.6772 -0.2878 0.6772
vn -0.6772 0.2878 0.6772
vn -0.6772 0.2878 0.6772
vn -0.6772 0.2878 0.6772
vn -0.6772 -0.2878 0.6772
vn -0.6772 -0.2878 0.6772
vn -0.6772 -0.2878 0.6772
vn -0.6772 0.2878 -0.6772
vn -0.6772 0.2878 -0.6772
vn -0.6772 0.2878 -0.6772
vn -0.6772 -0.2878 -0.6772
vn -0.6772 -0.2878 -0.6772
vn -0.6772 -0.2878 -0.6772
vn 0.6772 0.2878 -0.6772
vn 0.6772 0.2878 -0.6772
vn 0.6772 0.2878 -0.6772
vn 0.6772 -0.2878 -0.6772
vn 0.6772 -0.2878 -0.6772
vn 0.6772 -0.2878 -0.6772
vn 0.6772 0.2878 0.6772
vn 0.6772 0.2878 0.6772
vn 0.6772 0.2878 0.6772
vn 0.6772 -0.2878 0.6772
vn 0.6772 -0.2878 0.6772
vn 0.6772 -0.2878 0.6772
vn -0.6772 0.2878 0.6772
vn -0.6772 0.2878 0.6772
vn -0.6772 0.2878 0.6772
vn -0.6772 -0.2878 0.6772
vn -0.6772 -0.2878 0.6772
vn -0.6772 -0.2878 0.6772
vn -0.6772 0.2878 -0.6772
vn -0.6772 0.2878 -0.6772
vn -0.6772 0.2878 -0.6772
vn -0.6772 -0.2878 -0.6772
vn -0.6772 -0.2878 -0.6772
vn -0.6772 -0.2878 -0.6772
vn 0.6772 0.2878 -0.6772
vn 0.6772 0.2878 -0.6772
vn 0.6772 0.2878 -0.6772
vn 0.6772 -0.2878 -0.6772
vn 0.6772 -0.2878 -0.6772
vn 0.6772 -0.2878 -0.6772
vn 0.6772 0.2878 0.6772
vn 0.6772 0.2878 0.6772
vn 0.6772 0.2878 0.6772
vn 0.6772 -0.2878 0.6772
vn 0.6772 -0.2878 0.6772
vn 0.6772 -0.2878 0.6772
vn -0.6772 0.2878 0.6772
vn -0.6772 0.2878 0.6772
vn -0.6772 0.2878 0.6772
vn -0.6772 -0.2878 0.6772
vn -0.6772 -0.2878 0.6772
vn -0.6772 -0.2878 0.6772
vn -0.6772 0.2878 -0.6772
vn -0.6772 0.2878 -0.6772
vn -0.6772 0.2878 -0.6772
vn -0.6772 -0.2878 -0.6772
vn -0.6772 -0.2878 -0.6772
vn -0.6772 -0.2878 -0.6772
vn 0.6772 0.2878 -0.6772
vn 0.6772 0.2878 -0.6772
vn 0.6772 0.2878 -0.6772
vn 0.6772 -0.2878 -0.6772
vn 0.6772 -0.2878 -0.6772
vn 0.6772 -0.2878 -0.6772
vn 0.6772 0.2878 0.6772
vn 0.6772 0.2878 0.6772
vn 0.6772 0.2878 0.6772
vn 0.6772 -0.2878 0.6772
vn 0.6772 -0.2878 0.6772
vn 0.6772 -0.2878 0.6772
vn -0.6772 0.2878 0.6772
vn -0.6772 0.2878 0.6772
vn -0.6772 0.2878 0.6772
vn -0.6772 -0.2878 0.6772
vn -0.6772 -0.2878 0.6772
vn -0.6772 -0.2878 0.6772
vn -0.6772 0.2878 -0.6772
vn -0.6772 0.2878 -0.6772
vn -0.6772 0.2878 -0.6772
vn -0.6772 -0.2878 -0.6772
vn -0.6772 -0.2878 -0.6772
vn -0.6772 -0.2878 -0.6772
vn 0.6772 0.2878 -0.6772
vn 0.6772 0.2878 -0.6772
vn 0.6772 0.2878 -0.6772
vn 0.6772 -0.2878 -0.6772
vn 0.6772 -0.2878 -0.6772
vn 0.6772 -0.2878 -0.6772
vn 0.6772 0.2878 0.6772
vn 0.6772 0.2878 0.6772
vn 0.6772 0.2878 0.6772
vn 0.6772 -0.2878 0.6772
vn 0.6772 -0.2878 0.6772
vn 0.6772 -0.2878 0.6772
vn -0.6772 0.2878 0.6772
vn -0.6772 0.2878 0.6772
vn -0.6772 0.2878 0.6772
vn -0.6772 -0.2878 0.6772
vn -0.6772 -0.2878 0.6772
vn -0.6772 -0.2878 0.6772
vn -0.6772 0.2878 -0.6772
vn -0.6772 0.2878 -0.6772
vn -0.6772 0.2878 -0.6772
vn -0.6772 -0.2878 -0.6772
vn -0.6772 -0.2878 -0.6772
vn -0.6772 -0.2878 -0.6772
vn 0.6772 0.2878 -0.6772
vn 0.6772 0.2878 -0.6772
vn 0.6772 0.2878 -0.6772
vn 0.6772 -0.2878 -0.6772
vn 0.6772 -0.2878 -0.6772
vn 0.6772 -0.2878 -0.6772
vn 0.6772 0.2878 0.6772
vn 0.6772 0.2878 0.6772
vn 0.6772 0.2878 0.6772
vn 0.6772 -0.2878 0.6772
vn 0.6772 -0.2878 0.6772
vn 0.6772 -0.2878 0.6772
vn -0.6772 0.2878 0.6772
vn -0.6772 0.2878 0.6772
vn -0.6772 0.2878 0.6772
vn -0.6772 -0.2878 0.6772
vn -0.6772 -0.2878 0.6772
vn -0.6772 -0.2878 0.6772
vn -0.6772 0.2878 -0.6772
vn -0.6772 0.2878 -0.6772
vn -0.6772 0.2878 -0.6772
vn -0.6772 -0.2878 -0.6772
vn -0.6772 -0.2878 -0.6772
vn -0.6772 -0.2878 -0.6772
vn 0.6772 0.2878 -0.6772
vn 0.6772 0.2878 -0.6772
vn 0.6772 0.2878 -0.6772
vn 0.6772 -0.2878 -0.6772
vn 0.6772 -0.2878 -0.6772
vn 0.6772 -0.2878 -0.6772
vn 0.6772 0.2878 0.6772
vn 0.6772 0.2878 0.6772
vn 0.6772 0.2878 0.6772
vn 0.6772 -0.2878 0.6772
vn 0.6772 -0.2878 0.6772
vn 0.6772 -0.2878 0.6772
vn -0.6772 0.2878 0.6772
vn -0.6772 0.2878 0.6772
vn -0.6772 0.2878 0.6772
vn -0.6772 -0.2878 0.6772
vn -0.6772 -0.2878 0.6772
vn -0.6772 -0.2878 0.6772
vn -0.6772 0.2878 -0.6772
vn -0.6772 0.2878 -0.6772
vn -0.6772 0.2878 -0.6772
vn -0.6772 -0.2878 -0.6772
vn -0.6772 -0.2878 -0.6772
vn -0.6772 -0.2878 -0.6772
vn 0.6772 0.2878 -0.6772
vn 0.6772 0.2878 -0.6772
vn 0.6772 0.2878 -0.6772
vn 0.6772 -0.2878 -0.6772
vn 0.6772 -0.2878 -0.6772
vn 0.6772 -0.2878 -0.6772
vn -0.8861 -0.4635 0.0000
vn -0.7169 -0.4635 -0.5208
vn -0.9701 -0.2425 0.0000
vn -0.9723 0.2336 0.0000
vn -0.7866 0.2336 -0.5715
vn -0.7169 -0.4635 -0.5208
vn -0.8861 -0.4635 0.0000
vn -0.3005 0.9285 -0.2183
vn -0.7866 0.2336 -0.5715
vn -0.9723 0.2336 0.0000
vn -0.7169 -0.4635 -0.5208
vn -0.2738 -0.4635 -0.8427
vn -0.7849 -0.2425 -0.5702
vn -0.7866 0.2336 -0.5715
vn -0.3005 0.2336 -0.9248
vn -0.2738 -0.4635 -0.8427
vn -0.7169 -0.4635 -0.5208
vn -0.1148 0.9285 -0.3532
vn -0.3005 0.2336 -0.9248
vn -0.7866 0.2336 -0.5715
vn -0.2738 -0.4635 -0.8427
vn 0.2738 -0.4635 -0.8427
vn -0.2998 -0.2425 -0.9227
vn -0.3005 0.2336 -0.9248
vn 0.3005 0.2336 -0.9248
vn 0.2738 -0.4635 -0.8427
vn -0.2738 -0.4635 -0.8427
vn 0.1148 0.9285 -0.3532
vn 0.3005 0.2336 -0.9248
vn -0.3005 0.2336 -0.9248
vn 0.2738 -0.4635 -0.8427
vn 0.7169 -0.4635 -0.5208
vn 0.2998 -0.2425 -0.9227
vn 0.3005 0.2336 -0.9248
vn 0.7866 0.2336 -0.5715
vn 0.7169 -0.4635 -0.5208
vn 0.2738 -0.4635 -0.8427
vn 0.3005 0.9285 -0.2183
vn 0.7866 0.2336 -0.5715
vn 0.3005 0.2336 -0.9248
vn 0.7169 -0.4635 -0.5208
vn 0.8861 -0.4635 -0.0000
vn 0.7849 -0.2425 -0.5702
vn 0.7866 0.2336 -0.5715
vn 0.9723 0.2336 -0.0000
vn 0.8861 -0.4635 -0.0000
vn 0.7169 -0.4635 -0.5208
vn 0.3714 0.9285 -0.0000
vn 0.9723 0.2336 -0.0000
vn 0.7866 0.2336 -0.5715
vn 0.8861 -0.4635 -0.0000
vn 0.7169 -0.4635 0.5208
vn 0.9701 -0.2425 -0.0000
vn 0.9723 0.2336 -0.0000
vn 0.7866 0.2336 0.5715
vn 0.7169 -0.4635 0.5208
vn 0.8861 -0.4635 -0.0000
vn 0.3005 0.9285 0.2183
vn 0.7866 0.2336 0.5715
vn 0.9723 0.2336 -0.0000
vn 0.7169 -0.4635 0.5208
vn 0.2738 -0.4635 0.8427
vn 0.7849 -0.2425 0.5702
vn 0.7866 0.2336 0.5715
vn 0.3005 0.2336 0.9248
vn 0.2738 -0.4635 0.8427
vn 0.7169 -0.4635 0.5208
vn 0.1148 0.9285 0.3532
vn 0.3005 0.2336 0.9248
vn 0.7866 0.2336 0.5715
vn 0.2738 -0.4635 0.8427
vn -0.2738 -0.4635 0.8427
vn 0.2998 -0.2425 0.9227
vn 0.3005 0.2336 0.9248
vn -0.3005 0.2336 0.9248
vn -0.2738 -0.4635 0.8427
vn 0.2738 -0.4635 0.8427
vn -0.1148 0.9285 0.3532
vn -0.3005 0.2336 0.9248
vn 0.3005 0.2336 0.9248
vn -0.2738 -0.4635 0.8427
vn -0.7169 -0.4635 0.5208
vn -0.2998 -0.2425 0.9227
vn -0.3005 0.2336 0.9248
vn -0.7866 0.2336 0.5715
vn -0.7169 -0.4635 0.5208
vn -0.2738 -0.4635 0.8427
vn -0.3005 0.9285 0.2183
vn -0.7866 0.2336 0.5715
vn -0.3005 0.2336 0.9248
vn -0.7169 -0.4635 0.5208
vn -0.8861 -0.4635 0.0000
vn -0.7849 -0.2425 0.5702
vn -0.7866 0.2336 0.5715
vn -0.9723 0.2336 0.0000
vn -0.8861 -0.4635 0.0000
vn -0.7169 -0.4635 0.5208
vn -0.3714 0.9285 0.0000
vn -0.9723 0.2336 0.0000
vn -0.7866 0.2336 0.5715
usemtl ivory
f 1/1/1 2/2/2 3/3/3
f 4/4/4 5/5/5 6/6/6 7/7/7
f 8/8/8 9/9/9 10/10/10 11/11/11
f 12/12/12 13/13/13 14/14/14 15/15/15
f 16/16/16 17/17/17 18/18/18
f 19/19/19 20/20/20 21/21/21
f 22/22/22 23/23/23 24/24/24 25/25/25
f 26/26/26 27/27/27 28/28/28 29/29/29
f 30/30/30 31/31/31 32/32/32 33/33/33
f 34/34/34 35/35/35 36/36/36
f 37/37/37 38/38/38 39/39/39
f 40/40/40 41/41/41 42/42/42 43/43/43
f 44/44/44 45/45/45 46/46/46 47/47/47
f 48/48/48 49/49/49 50/50/50 51/51/51
f 52/52/52 53/53/53 54/54/54
f 55/55/55 56/56/56 57/57/57
f 58/58/58 59/59/59 60/60/60 61/61/61
f 62/62/62 63/63/63 64/64/64 65/65/65
f 66/66/66 67/67/67 68/68/68 69/69/69
f 70/70/70 71/71/71 72/72/72
f 73/73/73 74/74/74 75/75/75
f 76/76/76 77/77/77 78/78/78 79/79/79
f 80/80/80 81/81/81 82/82/82 83/83/83
f 84/84/84 85/85/85 86/86/86 87/87/87
f 88/88/88 89/89/89 90/90/90
f 91/91/91 92/92/92 93/93/93
f 94/94/94 95/95/95 96/96/96 97/97/97
f 98/98/98 99/99/99 100/100/100 101/101/101
f 102/102/102 103/103/103 104/104/104 105/105/105
f 106/106/106 107/107/107 108/108/108
f 109/109/109 110/110/110 111/111/111
f 112/112/112 113/113/113 114/114/114 115/115/115
f 116/116/116 117/117/117 118/118/118 119/119/119
f 120/120/120 121/121/121 122/122/122 123/123/123
f 124/124/124 125/125/125 126/126/126
f 127/127/127 128/128/128 129/129/129
f 130/130/130 131/131/131 132/132/132 133/133/133
f 134/134/134 135/135/135 136/136/136 137/137/137
f 138/138/138 139/139/139 140/140/140 141/141/141
f 142/142/142 143/143/143 144/144/144
usemtl gold
f 145/145/145 146/146/146 147/147/147 148/148/148
f 149/149/149 150/150/150 151/151/151 152/152/152
f 153/153/153 154/154/154 155/155/155 156/156/156
f 157/157/157 158/158/158 159/159/159 160/160/160
f 161/161/161 162/162/162 163/163/163 164/164/164
f 165/165/165 166/166/166 167/167/167 168/168/168
f 169/169/169 170/170/170 171/171/171 172/172/172
f 173/173/173 174/174/174 175/175/175 176/176/176
f 177/177/177 178/178/178 179/179/179 180/180/180
f 181/181/181 182/182/182 183/183/183 184/184/184
f 185/185/185 186/186/186 187/187/187 188/188/188
f 189/189/189 190/190/190 191/191/191 192/192/192
f 193/193/193 194/194/194 195/195/195 196/196/196
f 197/197/197 198/198/198 199/199/199 200/200/200
f 201/201/201 202/202/202 203/203/203 204/204/204
f 205/205/205 206/206/206 207/207/207 208/208/208
usemtl silver
f 209/209/209 210/210/210 211/211/211 212/212/212
f 213/213/213 214/214/214 215/215/215 216/216/216
f 217/217/217 218/218/218 219/219/219 220/220/220
f 221/221/221 222/222/222 223/223/223 224/224/224
f 225/225/225 226/226/226 227/227/227 228/228/228
f 229/229/229 230/230/230 231/231/231 232/232/232
f 233/233/233 234/234/234 235/235/235 236/236/236
f 237/237/237 238/238/238 239/239/239 240/240/240
f 241/241/241 242/242/242 243/243/243 244/244/244
f 245/245/245 246/246/246 247/247/247 248/248/248
f 249/249/249 250/250/250 251/251/251 252/252/252
f 253/253/253 254/254/254 255/255/255 256/256/256
f 257/257/257 258/258/258 259/259/259 260/260/260
f 261/261/261 262/262/262 263/263/263 264/264/264
f 265/265/265 266/266/266 267/267/267 268/268/268
f 269/269/269 270/270/270 271/271/271 272/272/272
f 273/273/273 274/274/274 275/275/275 276/276/276
f 277/277/277 278/278/278 279/279/279 280/280/280
f 281/281/281 282/282/282 283/283/283 284/284/284
f 285/285/285 286/286/286 287/287/287 288/288/288
f 289/289/289 290/290/290 291/291/291 292/292/292
f 293/293/293 294/294/294 295/295/295 296/296/296
f 297/297/297 298/298/298 299/299/299 300/300/300
f 301/301/301 302/302/302 303/303/303 304/304/304
f 305/305/305 306/306/306 307/307/307 308/308/308
f 309/309/309 310/310/310 311/311/311 312/312/312
f 313/313/313 314/314/314 315/315/315 316/316/316
f 317/317/317 318/318/318 319/319/319 320/320/320
f 321/321/321 322/322/322 323/323/323 324/324/324
f 325/325/325 326/326/326 327/327/327 328/328/328
f 329/329/329 330/330/330 331/331/331 332/332/332
f 333/333/333 334/334/334 335/335/335 336/336/336
f 337/337/337 338/338/338 339/339/339 340/340/340
f 341/341/341 342/342/342 343/343/343 344/344/344
f 345/345/345 346/346/346 347/347/347 348/348/348
f 349/349/349 350/350/350 351/351/351 352/352/352
f 353/353/353 354/354/354 355/355/355 356/356/356
f 357/357/357 358/358/358 359/359/359 360/360/360
f 361/361/361 362/362/362 363/363/363 364/364/364
f 365/365/365 366/366/366 367/367/367 368/368/368
f 369/369/369 370/370/370 371/371/371 372/372/372
f 373/373/373 374/374/374 375/375/375 376/376/376
f 377/377/377 378/378/378 379/379/379 380/380/380
f 381/381/381 382/382/382 383/383/383 384/384/384
f 385/385/385 386/386/386 387/387/387 388/388/388
f 389/389/389 390/390/390 391/391/391 392/392/392
f 393/393/393 394/394/394 395/395/395 396/396/396
f 397/397/397 398/398/398 399/399/399 400/400/400
usemtl obsidian
f 401/401/401 402/402/402 403/403/403
f 404/404/404 405/405/405 406/406/406 407/407/407
f 408/408/408 409/409/409 410/410/410
f 411/411/411 412/412/412 413/413/413
f 414/414/414 415/415/415 416/416/416 417/417/417
f 418/418/418 419/419/419 420/420/420
f 421/421/421 422/422/422 423/423/423
f 424/424/424 425/425/425 426/426/426 427/427/427
f 428/428/428 429/429/429 430/430/430
f 431/431/431 432/432/432 433/433/433
f 434/434/434 435/435/435 436/436/436 437/437/437
f 438/438/438 439/439/439 440/440/440
f 441/441/441 442/442/442 443/443/443
f 444/444/444 445/445/445 446/446/446 447/447/447
f 448/448/448 449/449/449 450/450/450
f 451/451/451 452/452/452 453/453/453
f 454/454/454 455/455/455 456/456/456 457/457/457
f 458/458/458 459/459/459 460/460/460
f 461/461/461 462/462/462 463/463/463
f 464/464/464 465/465/465 466/466/466 467/467/467
f 468/468/468 469/469/469 470/470/470
f 471/471/471 472/472/472 473/473/473
f 474/474/474 475/475/475 476/476/476 477/477/477
f 478/478/478 479/479/479 480/480/480
f 481/481/481 482/482/482 483/483/483
f 484/484/484 485/485/485 486/486/486 487/487/487
f 488/488/488 489/489/489 490/490/490
f 491/491/491 492/492/492 493/493/493
f 494/494/494 495/495/495 496/496/496 497/497/497
f 498/498/498 499/499/499 500/500/500
f 501/501/501 502/502/502 503/503/503
f 504/504/504 505/505/505 506/506/506 507/507/507
f 508/508/508 509/509/509 510/510/510
f 511/511/511 512/512/512 513/513/513
f 514/514/514 515/515/515 516/516/516 517/517/517
f 518/518/518 519/519/519 520/520/520
f 521/521/521 522/522/522 523/523/523
f 524/524/524 525/525/525 526/526/526 527/527/527
f 528/528/528 529/529/529 530/530/530
f 531/531/531 532/532/532 533/533/533
f 534/534/534 535/535/535 536/536/536 537/537/537
f 538/538/538 539/539/539 540/540/540
f 541/541/541 542/542/542 543/543/543
f 544/544/544 545/545/545 546/546/546 547/547/547
f 548/548/548 549/549/549 550/550/550
f 551/551/551 552/552/552 553/553/553
f 554/554/554 555/555/555 556/556/556 557/557/557
f 558/558/558 559/559/559 560/560/560
f 561/561/561 562/562/562 563/563/563
f 564/564/564 565/565/565 566/566/566 567/567/567
f 568/568/568 569/569/569 570/570/570
f 571/571/571 572/572/572 573/573/573
f 574/574/574 575/575/575 576/576/576 577/577/577
f 578/578/578 579/579/579 580/580/580
f 581/581/581 582/582/582 583/583/583
f 584/584/584 585/585/585 586/586/586 587/587/587
f 588/588/588 589/589/589 590/590/590
f 591/591/591 592/592/592 593/593/593
f 594/594/594 595/595/595 596/596/596 597/597/597
f 598/598/598 599/599/599 600/600/600
f 601/601/601 602/602/602 603/603/603
f 604/604/604 605/605/605 606/606/606 607/607/607
f 608/608/608 609/609/609 610/610/610
f 611/611/611 612/612/612 613/613/613
f 614/614/614 615/615/615 616/616/616 617/617/617
f 618/618/618 619/619/619 620/620/620
f 621/621/621 622/622/622 623/623/623
f 624/624/624 625/625/625 626/626/626 627/627/627
f 628/628/628 629/629/629 630/630/630
f 631/631/631 632/632/632 633/633/633
f 634/634/634 635/635/635 636/636/636 637/637/637
f 638/638/638 639/639/639 640/640/640
usemtl gold
f 641/641/641 642/642/642 643/643/643
f 644/644/644 645/645/645 646/646/646
f 647/647/647 648/648/648 649/649/649
f 650/650/650 651/651/651 652/652/652
f 653/653/653 654/654/654 655/655/655
f 656/656/656 657/657/657 658/658/658
f 659/659/659 660/660/660 661/661/661
f 662/662/662 663/663/663 664/664/664
f 665/665/665 666/666/666 667/667/667
f 668/668/668 669/669/669 670/670/670
f 671/671/671 672/672/672 673/673/673
f 674/674/674 675/675/675 676/676/676
f 677/677/677 678/678/678 679/679/679
f 680/680/680 681/681/681 682/682/682
f 683/683/683 684/684/684 685/685/685
f 686/686/686 687/687/687 688/688/688
f 689/689/689 690/690/690 691/691/691
f 692/692/692 693/693/693 694/694/694
f 695/695/695 696/696/696 697/697/697
f 698/698/698 699/699/699 700/700/700
f 701/701/701 702/702/702 703/703/703
f 704/704/704 705/705/705 706/706/706
f 707/707/707 708/708/708 709/709/709
f 710/710/710 711/711/711 712/712/712
f 713/713/713 714/714/714 715/715/715
f 716/716/716 717/717/717 718/718/718
f 719/719/719 720/720/720 721/721/721
f 722/722/722 723/723/723 724/724/724
f 725/725/725 726/726/726 727/727/727
f 728/728/728 729/729/729 730/730/730
f 731/731/731 732/732/732 733/733/733
f 734/734/734 735/735/735 736/736/736
f 737/737/737 738/738/738 739/739/739
f 740/740/740 741/741/741 742/742/742
f 743/743/743 744/744/744 745/745/745
f 746/746/746 747/747/747 748/748/748
f 749/749/749 750/750/750 751/751/751
f 752/752/752 753/753/753 754/754/754
f 755/755/755 756/756/756 757/757/757
f 758/758/758 759/759/759 760/760/760
f 761/761/761 762/762/762 763/763/763
f 764/764/764 765/765/765 766/766/766
f 767/767/767 768/768/768 769/769/769
f 770/770/770 771/771/771 772/772/772
f 773/773/773 774/774/774 775/775/775
f 776/776/776 777/777/777 778/778/778
f 779/779/779 780/780/780 781/781/781
f 782/782/782 783/783/783 784/784/784
f 785/785/785 786/786/786 787/787/787
f 788/788/788 789/789/789 790/790/790
f 791/791/791 792/792/792 793/793/793
f 794/794/794 795/795/795 796/796/796
f 797/797/797 798/798/798 799/799/799
f 800/800/800 801/801/801 802/802/802
f 803/803/803 804/804/804 805/805/805
f 806/806/806 807/807/807 808/808/808
f 809/809/809 810/810/810 811/811/811
f 812/812/812 813/813/813 814/814/814
f 815/815/815 816/816/816 817/817/817
f 818/818/818 819/819/819 820/820/820
f 821/821/821 822/822/822 823/823/823
f 824/824/824 825/825/825 826/826/826
f 827/827/827 828/828/828 829/829/829
f 830/830/830 831/831/831 832/832/832
f 833/833/833 834/834/834 835/835/835
f 836/836/836 837/837/837 838/838/838
f 839/839/839 840/840/840 841/841/841
f 842/842/842 843/843/843 844/844/844
f 845/845/845 846/846/846 847/847/847
f 848/848/848 849/849/849 850/850/850
f 851/851/851 852/852/852 853/853/853
f 854/854/854 855/855/855 856/856/856
usemtl crimson
f 857/857/857 858/858/858 859/859/859
f 860/860/860 861/861/861 862/862/862
f 863/863/863 864/864/864 865/865/865
f 866/866/866 867/867/867 868/868/868
f 869/869/869 870/870/870 871/871/871
f 872/872/872 873/873/873 874/874/874
f 875/875/875 876/876/876 877/877/877
f 878/878/878 879/879/879 880/880/880
f 881/881/881 882/882/882 883/883/883
f 884/884/884 885/885/885 886/886/886
f 887/887/887 888/888/888 889/889/889
f 890/890/890 891/891/891 892/892/892
usemtl ivory
f 893/893/893 894/894/894 895/895/895
f 896/896/896 897/897/897 898/898/898
f 899/899/899 900/900/900 901/901/901
f 902/902/902 903/903/903 904/904/904
f 905/905/905 906/906/906 907/907/907
f 908/908/908 909/909/909 910/910/910
f 911/911/911 912/912/912 913/913/913
f 914/914/914 915/915/915 916/916/916
f 917/917/917 918/918/918 919/919/919
f 920/920/920 921/921/921 922/922/922
f 923/923/923 924/924/924 925/925/925
f 926/926/926 927/927/927 928/928/928
usemtl gold
f 929/929/929 930/930/930 931/931/931 932/932/932
f 933/933/933 934/934/934 935/935/935 936/936/936
f 937/937/937 938/938/938 939/939/939 940/940/940
f 941/941/941 942/942/942 943/943/943 944/944/944
f 945/945/945 946/946/946 947/947/947 948/948/948
f 949/949/949 950/950/950 951/951/951 952/952/952
f 953/953/953 954/954/954 955/955/955 956/956/956
f 957/957/957 958/958/958 959/959/959 960/960/960
f 961/961/961 962/962/962 963/963/963 964/964/964
f 965/965/965 966/966/966 967/967/967 968/968/968
f 969/969/969 970/970/970 971/971/971 972/972/972
f 973/973/973 974/974/974 975/975/975 976/976/976
f 977/977/977 978/978/978 979/979/979 980/980/980
f 981/981/981 982/982/982 983/983/983 984/984/984
f 985/985/985 986/986/986 987/987/987 988/988/988
f 989/989/989 990/990/990 991/991/991 992/992/992
f 993/993/993 994/994/994 995/995/995 996/996/996
f 997/997/997 998/998/998 999/999/999 1000/1000/1000
f 1001/1001/1001 1002/1002/1002 1003/1003/1003 1004/1004/1004
f 1005/1005/1005 1006/1006/1006 1007/1007/1007 1008/1008/1008
f 1009/1009/1009 1010/1010/1010 1011/1011/1011 1012/1012/1012
f 1013/1013/1013 1014/1014/1014 1015/1015/1015 1016/1016/1016
f 1017/1017/1017 1018/1018/1018 1019/1019/1019 1020/1020/1020
f 1021/1021/1021 1022/1022/1022 1023/1023/1023 1024/1024/1024
f 1025/1025/1025 1026/1026/1026 1027/1027/1027 1028/1028/1028
f 1029/1029/1029 1030/1030/1030 1031/1031/1031 1032/1032/1032
f 1033/1033/1033 1034/1034/1034 1035/1035/1035 1036/1036/1036
f 1037/1037/1037 1038/1038/1038 1039/1039/1039 1040/1040/1040
f 1041/1041/1041 1042/1042/1042 1043/1043/1043 1044/1044/1044
f 1045/1045/1045 1046/1046/1046 1047/1047/1047 1048/1048/1048
f 1049/1049/1049 1050/1050/1050 1051/1051/1051 1052/1052/1052
f 1053/1053/1053 1054/1054/1054 1055/1055/1055 1056/1056/1056
f 1057/1057/1057 1058/1058/1058 1059/1059/1059 1060/1060/1060
f 1061/1061/1061 1062/1062/1062 1063/1063/1063 1064/1064/1064
f 1065/1065/1065 1066/1066/1066 1067/1067/1067 1068/1068/1068
f 1069/1069/1069 1070/1070/1070 1071/1071/1071 1072/1072/1072
f 1073/1073/1073 1074/1074/1074 1075/1075/1075 1076/1076/1076
f 1077/1077/1077 1078/1078/1078 1079/1079/1079 1080/1080/1080
f 1081/1081/1081 1082/1082/1082 1083/1083/1083 1084/1084/1084
f 1085/1085/1085 1086/1086/1086 1087/1087/1087 1088/1088/1088
f 1089/1089/1089 1090/1090/1090 1091/1091/1091 1092/1092/1092
f 1093/1093/1093 1094/1094/1094 1095/1095/1095 1096/1096/1096
f 1097/1097/1097 1098/1098/1098 1099/1099/1099 1100/1100/1100
f 1101/1101/1101 1102/1102/1102 1103/1103/1103 1104/1104/1104
f 1105/1105/1105 1106/1106/1106 1107/1107/1107 1108/1108/1108
f 1109/1109/1109 1110/1110/1110 1111/1111/1111 1112/1112/1112
f 1113/1113/1113 1114/1114/1114 1115/1115/1115 1116/1116/1116
f 1117/1117/1117 1118/1118/1118 1119/1119/1119 1120/1120/1120
f 1121/1121/1121 1122/1122/1122 1123/1123/1123 1124/1124/1124
f 1125/1125/1125 1126/1126/1126 1127/1127/1127 1128/1128/1128
f 1129/1129/1129 1130/1130/1130 1131/1131/1131 1132/1132/1132
f 1133/1133/1133 1134/1134/1134 1135/1135/1135 1136/1136/1136
f 1137/1137/1137 1138/1138/1138 1139/1139/1139 1140/1140/1140
f 1141/1141/1141 1142/1142/1142 1143/1143/1143 1144/1144/1144
f 1145/1145/1145 1146/1146/1146 1147/1147/1147 1148/1148/1148
f 1149/1149/1149 1150/1150/1150 1151/1151/1151 1152/1152/1152
f 1153/1153/1153 1154/1154/1154 1155/1155/1155 1156/1156/1156
f 1157/1157/1157 1158/1158/1158 1159/1159/1159 1160/1160/1160
f 1161/1161/1161 1162/1162/1162 1163/1163/1163 1164/1164/1164
f 1165/1165/1165 1166/1166/1166 1167/1167/1167 1168/1168/1168
f 1169/1169/1169 1170/1170/1170 1171/1171/1171 1172/1172/1172
f 1173/1173/1173 1174/1174/1174 1175/1175/1175 1176/1176/1176
f 1177/1177/1177 1178/1178/1178 1179/1179/1179 1180/1180/1180
f 1181/1181/1181 1182/1182/1182 1183/1183/1183 1184/1184/1184
f 1185/1185/1185 1186/1186/1186 1187/1187/1187 1188/1188/1188
f 1189/1189/1189 1190/1190/1190 1191/1191/1191 1192/1192/1192
f 1193/1193/1193 1194/1194/1194 1195/1195/1195 1196/1196/1196
f 1197/1197/1197 1198/1198/1198 1199/1199/1199 1200/1200/1200
f 1201/1201/1201 1202/1202/1202 1203/1203/1203 1204/1204/1204
f 1205/1205/1205 1206/1206/1206 1207/1207/1207 1208/1208/1208
f 1209/1209/1209 1210/1210/1210 1211/1211/1211 1212/1212/1212
f 1213/1213/1213 1214/1214/1214 1215/1215/1215 1216/1216/1216
f 1217/1217/1217 1218/1218/1218 1219/1219/1219 1220/1220/1220 1221/1221/1221 1222/1222/1222
f 1223/1223/1223 1224/1224/1224 1225/1225/1225 1226/1226/1226 1227/1227/1227 1228/1228/1228
f 1229/1229/1229 1230/1230/1230 1231/1231/1231
f 1232/1232/1232 1233/1233/1233 1234/1234/1234 1235/1235/1235
f 1236/1236/1236 1237/1237/1237 1238/1238/1238 1239/1239/1239
f 1240/1240/1240 1241/1241/1241 1242/1242/1242
f 1243/1243/1243 1244/1244/1244 1245/1245/1245
f 1246/1246/1246 1247/1247/1247 1248/1248/1248 1249/1249/1249
f 1250/1250/1250 1251/1251/1251 1252/1252/1252 1253/1253/1253
f 1254/1254/1254 1255/1255/1255 1256/1256/1256
f 1257/1257/1257 1258/1258/1258 1259/1259/1259
f 1260/1260/1260 1261/1261/1261 1262/1262/1262 1263/1263/1263
f 1264/1264/1264 1265/1265/1265 1266/1266/1266 1267/1267/1267
f 1268/1268/1268 1269/1269/1269 1270/1270/1270
f 1271/1271/1271 1272/1272/1272 1273/1273/1273
f 1274/1274/1274 1275/1275/1275 1276/1276/1276 1277/1277/1277
f 1278/1278/1278 1279/1279/1279 1280/1280/1280 1281/1281/1281
f 1282/1282/1282 1283/1283/1283 1284/1284/1284
f 1285/1285/1285 1286/1286/1286 1287/1287/1287
f 1288/1288/1288 1289/1289/1289 1290/1290/1290 1291/1291/1291
f 1292/1292/1292 1293/1293/1293 1294/1294/1294 1295/1295/1295
f 1296/1296/1296 1297/1297/1297 1298/1298/1298
f 1299/1299/1299 1300/1300/1300 1301/1301/1301
f 1302/1302/1302 1303/1303/1303 1304/1304/1304 1305/1305/1305
f 1306/1306/1306 1307/1307/1307 1308/1308/1308 1309/1309/1309
f 1310/1310/1310 1311/1311/1311 1312/1312/1312
usemtl ivory
f 1313/1313/1313 1314/1314/1314 1315/1315/1315 1316/1316/1316
f 1317/1317/1317 1318/1318/1318 1319/1319/1319 1320/1320/1320
f 1321/1321/1321 1322/1322/1322 1323/1323/1323 1324/1324/1324
f 1325/1325/1325 1326/1326/1326 1327/1327/1327 1328/1328/1328
f 1329/1329/1329 1330/1330/1330 1331/1331/1331 1332/1332/1332
f 1333/1333/1333 1334/1334/1334 1335/1335/1335 1336/1336/1336
f 1337/1337/1337 1338/1338/1338 1339/1339/1339 1340/1340/1340
f 1341/1341/1341 1342/1342/1342 1343/1343/1343 1344/1344/1344
f 1345/1345/1345 1346/1346/1346 1347/1347/1347 1348/1348/1348
f 1349/1349/1349 1350/1350/1350 1351/1351/1351 1352/1352/1352
f 1353/1353/1353 1354/1354/1354 1355/1355/1355 1356/1356/1356
f 1357/1357/1357 1358/1358/1358 1359/1359/1359 1360/1360/1360
f 1361/1361/1361 1362/1362/1362 1363/1363/1363 1364/1364/1364
f 1365/1365/1365 1366/1366/1366 1367/1367/1367 1368/1368/1368
f 1369/1369/1369 1370/1370/1370 1371/1371/1371 1372/1372/1372
f 1373/1373/1373 1374/1374/1374 1375/1375/1375 1376/1376/1376
f 1377/1377/1377 1378/1378/1378 1379/1379/1379 1380/1380/1380
f 1381/1381/1381 1382/1382/1382 1383/1383/1383 1384/1384/1384
f 1385/1385/1385 1386/1386/1386 1387/1387/1387 1388/1388/1388
f 1389/1389/1389 1390/1390/1390 1391/1391/1391 1392/1392/1392
f 1393/1393/1393 1394/1394/1394 1395/1395/1395 1396/1396/1396
f 1397/1397/1397 1398/1398/1398 1399/1399/1399 1400/1400/1400
f 1401/1401/1401 1402/1402/1402 1403/1403/1403 1404/1404/1404
f 1405/1405/1405 1406/1406/1406 1407/1407/1407 1408/1408/1408
f 1409/1409/1409 1410/1410/1410 1411/1411/1411 1412/1412/1412
f 1413/1413/1413 1414/1414/1414 1415/1415/1415 1416/1416/1416
f 1417/1417/1417 1418/1418/1418 1419/1419/1419 1420/1420/1420
f 1421/1421/1421 1422/1422/1422 1423/1423/1423 1424/1424/1424
f 1425/1425/1425 1426/1426/1426 1427/1427/1427 1428/1428/1428
f 1429/1429/1429 1430/1430/1430 1431/1431/1431 1432/1432/1432
f 1433/1433/1433 1434/1434/1434 1435/1435/1435 1436/1436/1436
f 1437/1437/1437 1438/1438/1438 1439/1439/1439 1440/1440/1440
f 1441/1441/1441 1442/1442/1442 1443/1443/1443 1444/1444/1444
f 1445/1445/1445 1446/1446/1446 1447/1447/1447 1448/1448/1448
f 1449/1449/1449 1450/1450/1450 1451/1451/1451 1452/1452/1452
f 1453/1453/1453 1454/1454/1454 1455/1455/1455 1456/1456/1456
f 1457/1457/1457 1458/1458/1458 1459/1459/1459 1460/1460/1460
f 1461/1461/1461 1462/1462/1462 1463/1463/1463 1464/1464/1464
f 1465/1465/1465 1466/1466/1466 1467/1467/1467 1468/1468/1468
f 1469/1469/1469 1470/1470/1470 1471/1471/1471 1472/1472/1472
f 1473/1473/1473 1474/1474/1474 1475/1475/1475 1476/1476/1476
f 1477/1477/1477 1478/1478/1478 1479/1479/1479 1480/1480/1480
f 1481/1481/1481 1482/1482/1482 1483/1483/1483 1484/1484/1484
f 1485/1485/1485 1486/1486/1486 1487/1487/1487 1488/1488/1488
f 1489/1489/1489 1490/1490/1490 1491/1491/1491 1492/1492/1492
f 1493/1493/1493 1494/1494/1494 1495/1495/1495 1496/1496/1496
f 1497/1497/1497 1498/1498/1498 1499/1499/1499 1500/1500/1500
f 1501/1501/1501 1502/1502/1502 1503/1503/1503 1504/1504/1504
f 1505/1505/1505 1506/1506/1506 1507/1507/1507 1508/1508/1508
f 1509/1509/1509 1510/1510/1510 1511/1511/1511 1512/1512/1512
f 1513/1513/1513 1514/1514/1514 1515/1515/1515 1516/1516/1516
f 1517/1517/1517 1518/1518/1518 1519/1519/1519 1520/1520/1520
f 1521/1521/1521 1522/1522/1522 1523/1523/1523 1524/1524/1524
f 1525/1525/1525 1526/1526/1526 1527/1527/1527 1528/1528/1528
f 1529/1529/1529 1530/1530/1530 1531/1531/1531 1532/1532/1532
f 1533/1533/1533 1534/1534/1534 1535/1535/1535 1536/1536/1536
f 1537/1537/1537 1538/1538/1538 1539/1539/1539 1540/1540/1540
f 1541/1541/1541 1542/1542/1542 1543/1543/1543 1544/1544/1544
f 1545/1545/1545 1546/1546/1546 1547/1547/1547 1548/1548/1548
f 1549/1549/1549 1550/1550/1550 1551/1551/1551 1552/1552/1552
f 1553/1553/1553 1554/1554/1554 1555/1555/1555 1556/1556/1556
f 1557/1557/1557 1558/1558/1558 1559/1559/1559 1560/1560/1560
f 1561/1561/1561 1562/1562/1562 1563/1563/1563 1564/1564/1564
f 1565/1565/1565 1566/1566/1566 1567/1567/1567 1568/1568/1568
f 1569/1569/1569 1570/1570/1570 1571/1571/1571 1572/1572/1572
f 1573/1573/1573 1574/1574/1574 1575/1575/1575 1576/1576/1576
f 1577/1577/1577 1578/1578/1578 1579/1579/1579 1580/1580/1580
f 1581/1581/1581 1582/1582/1582 1583/1583/1583 1584/1584/1584
f 1585/1585/1585 1586/1586/1586 1587/1587/1587 1588/1588/1588
f 1589/1589/1589 1590/1590/1590 1591/1591/1591 1592/1592/1592
f 1593/1593/1593 1594/1594/1594 1595/1595/1595 1596/1596/1596
f 1597/1597/1597 1598/1598/1598 1599/1599/1599 1600/1600/1600
f 1601/1601/1601 1602/1602/1602 1603/1603/1603 1604/1604/1604 1605/1605/1605 1606/1606/1606
f 1607/1607/1607 1608/1608/1608 1609/1609/1609 1610/1610/1610 1611/1611/1611 1612/1612/1612
usemtl gold
f 1613/1613/1613 1614/1614/1614 1615/1615/1615
f 1616/1616/1616 1617/1617/1617 1618/1618/1618 1619/1619/1619
f 1620/1620/1620 1621/1621/1621 1622/1622/1622 1623/1623/1623
f 1624/1624/1624 1625/1625/1625 1626/1626/1626
f 1627/1627/1627 1628/1628/1628 1629/1629/1629
f 1630/1630/1630 1631/1631/1631 1632/1632/1632 1633/1633/1633
f 1634/1634/1634 1635/1635/1635 1636/1636/1636 1637/1637/1637
f 1638/1638/1638 1639/1639/1639 1640/1640/1640
f 1641/1641/1641 1642/1642/1642 1643/1643/1643
f 1644/1644/1644 1645/1645/1645 1646/1646/1646 1647/1647/1647
f 1648/1648/1648 1649/1649/1649 1650/1650/1650 1651/1651/1651
f 1652/1652/1652 1653/1653/1653 1654/1654/1654
f 1655/1655/1655 1656/1656/1656 1657/1657/1657
f 1658/1658/1658 1659/1659/1659 1660/1660/1660 1661/1661/1661
f 1662/1662/1662 1663/1663/1663 1664/1664/1664 1665/1665/1665
f 1666/1666/1666 1667/1667/1667 1668/1668/1668
f 1669/1669/1669 1670/1670/1670 1671/1671/1671
f 1672/1672/1672 1673/1673/1673 1674/1674/1674 1675/1675/1675
f 1676/1676/1676 1677/1677/1677 1678/1678/1678 1679/1679/1679
f 1680/1680/1680 1681/1681/1681 1682/1682/1682
f 1683/1683/1683 1684/1684/1684 1685/1685/1685
f 1686/1686/1686 1687/1687/1687 1688/1688/1688 1689/1689/1689
f 1690/1690/1690 1691/1691/1691 1692/1692/1692 1693/1693/1693
f 1694/1694/1694 1695/1695/1695 1696/1696/1696
f 1697/1697/1697 1698/1698/1698 1699/1699/1699 1700/1700/1700
f 1701/1701/1701 1702/1702/1702 1703/1703/1703 1704/1704/1704
f 1705/1705/1705 1706/1706/1706 1707/1707/1707 1708/1708/1708
f 1709/1709/1709 1710/1710/1710 1711/1711/1711 1712/1712/1712
f 1713/1713/1713 1714/1714/1714 1715/1715/1715 1716/1716/1716
f 1717/1717/1717 1718/1718/1718 1719/1719/1719 1720/1720/1720
f 1721/1721/1721 1722/1722/1722 1723/1723/1723 1724/1724/1724
f 1725/1725/1725 1726/1726/1726 1727/1727/1727 1728/1728/1728
f 1729/1729/1729 1730/1730/1730 1731/1731/1731 1732/1732/1732
f 1733/1733/1733 1734/1734/1734 1735/1735/1735 1736/1736/1736
f 1737/1737/1737 1738/1738/1738 1739/1739/1739 1740/1740/1740
f 1741/1741/1741 1742/1742/1742 1743/1743/1743 1744/1744/1744
f 1745/1745/1745 1746/1746/1746 1747/1747/1747 1748/1748/1748
f 1749/1749/1749 1750/1750/1750 1751/1751/1751 1752/1752/1752
f 1753/1753/1753 1754/1754/1754 1755/1755/1755 1756/1756/1756
f 1757/1757/1757 1758/1758/1758 1759/1759/1759 1760/1760/1760
f 1761/1761/1761 1762/1762/1762 1763/1763/1763 1764/1764/1764
f 1765/1765/1765 1766/1766/1766 1767/1767/1767 1768/1768/1768
f 1769/1769/1769 1770/1770/1770 1771/1771/1771 1772/1772/1772
f 1773/1773/1773 1774/1774/1774 1775/1775/1775 1776/1776/1776
f 1777/1777/1777 1778/1778/1778 1779/1779/1779 1780/1780/1780
f 1781/1781/1781 1782/1782/1782 1783/1783/1783 1784/1784/1784
f 1785/1785/1785 1786/1786/1786 1787/1787/1787 1788/1788/1788
f 1789/1789/1789 1790/1790/1790 1791/1791/1791 1792/1792/1792
f 1793/1793/1793 1794/1794/1794 1795/1795/1795 1796/1796/1796
f 1797/1797/1797 1798/1798/1798 1799/1799/1799 1800/1800/1800
f 1801/1801/1801 1802/1802/1802 1803/1803/1803 1804/1804/1804
f 1805/1805/1805 1806/1806/1806 1807/1807/1807 1808/1808/1808
f 1809/1809/1809 1810/1810/1810 1811/1811/1811 1812/1812/1812
f 1813/1813/1813 1814/1814/1814 1815/1815/1815 1816/1816/1816
f 1817/1817/1817 1818/1818/1818 1819/1819/1819 1820/1820/1820
f 1821/1821/1821 1822/1822/1822 1823/1823/1823 1824/1824/1824
f 1825/1825/1825 1826/1826/1826 1827/1827/1827 1828/1828/1828
f 1829/1829/1829 1830/1830/1830 1831/1831/1831 1832/1832/1832
f 1833/1833/1833 1834/1834/1834 1835/1835/1835 1836/1836/1836
f 1837/1837/1837 1838/1838/1838 1839/1839/1839 1840/1840/1840
f 1841/1841/1841 1842/1842/1842 1843/1843/1843 1844/1844/1844
f 1845/1845/1845 1846/1846/1846 1847/1847/1847 1848/1848/1848
f 1849/1849/1849 1850/1850/1850 1851/1851/1851 1852/1852/1852
f 1853/1853/1853 1854/1854/1854 1855/1855/1855 1856/1856/1856
f 1857/1857/1857 1858/1858/1858 1859/1859/1859 1860/1860/1860
f 1861/1861/1861 1862/1862/1862 1863/1863/1863 1864/1864/1864
f 1865/1865/1865 1866/1866/1866 1867/1867/1867 1868/1868/1868
f 1869/1869/1869 1870/1870/1870 1871/1871/1871 1872/1872/1872
f 1873/1873/1873 1874/1874/1874 1875/1875/1875 1876/1876/1876
f 1877/1877/1877 1878/1878/1878 1879/1879/1879 1880/1880/1880
f 1881/1881/1881 1882/1882/1882 1883/1883/1883 1884/1884/1884
f 1885/1885/1885 1886/1886/1886 1887/1887/1887 1888/1888/1888
f 1889/1889/1889 1890/1890/1890 1891/1891/1891 1892/1892/1892
f 1893/1893/1893 1894/1894/1894 1895/1895/1895 1896/1896/1896
f 1897/1897/1897 1898/1898/1898 1899/1899/1899 1900/1900/1900
f 1901/1901/1901 1902/1902/1902 1903/1903/1903 1904/1904/1904
f 1905/1905/1905 1906/1906/1906 1907/1907/1907 1908/1908/1908
f 1909/1909/1909 1910/1910/1910 1911/1911/1911 1912/1912/1912
f 1913/1913/1913 1914/1914/1914 1915/1915/1915 1916/1916/1916
f 1917/1917/1917 1918/1918/1918 1919/1919/1919 1920/1920/1920
f 1921/1921/1921 1922/1922/1922 1923/1923/1923 1924/1924/1924
f 1925/1925/1925 1926/1926/1926 1927/1927/1927 1928/1928/1928
f 1929/1929/1929 1930/1930/1930 1931/1931/1931 1932/1932/1932
f 1933/1933/1933 1934/1934/1934 1935/1935/1935 1936/1936/1936
f 1937/1937/1937 1938/1938/1938 1939/1939/1939 1940/1940/1940
f 1941/1941/1941 1942/1942/1942 1943/1943/1943 1944/1944/1944
f 1945/1945/1945 1946/1946/1946 1947/1947/1947 1948/1948/1948
f 1949/1949/1949 1950/1950/1950 1951/1951/1951 1952/1952/1952
f 1953/1953/1953 1954/1954/1954 1955/1955/1955 1956/1956/1956
f 1957/1957/1957 1958/1958/1958 1959/1959/1959 1960/1960/1960
f 1961/1961/1961 1962/1962/1962 1963/1963/1963 1964/1964/1964
f 1965/1965/1965 1966/1966/1966 1967/1967/1967 1968/1968/1968
f 1969/1969/1969 1970/1970/1970 1971/1971/1971 1972/1972/1972
f 1973/1973/1973 1974/1974/1974 1975/1975/1975 1976/1976/1976
f 1977/1977/1977 1978/1978/1978 1979/1979/1979 1980/1980/1980
f 1981/1981/1981 1982/1982/1982 1983/1983/1983 1984/1984/1984
f 1985/1985/1985 1986/1986/1986 1987/1987/1987 1988/1988/1988 1989/1989/1989 1990/1990/1990
f 1991/1991/1991 1992/1992/1992 1993/1993/1993 1994/1994/1994 1995/1995/1995 1996/1996/1996
f 1997/1997/1997 1998/1998/1998 1999/1999/1999
f 2000/2000/2000 2001/2001/2001 2002/2002/2002 2003/2003/2003
f 2004/2004/2004 2005/2005/2005 2006/2006/2006 2007/2007/2007
f 2008/2008/2008 2009/2009/2009 2010/2010/2010
f 2011/2011/2011 2012/2012/2012 2013/2013/2013
f 2014/2014/2014 2015/2015/2015 2016/2016/2016 2017/2017/2017
f 2018/2018/2018 2019/2019/2019 2020/2020/2020 2021/2021/2021
f 2022/2022/2022 2023/2023/2023 2024/2024/2024
f 2025/2025/2025 2026/2026/2026 2027/2027/2027
f 2028/2028/2028 2029/2029/2029 2030/2030/2030 2031/2031/2031
f 2032/2032/2032 2033/2033/2033 2034/2034/2034 2035/2035/2035
f 2036/2036/2036 2037/2037/2037 2038/2038/2038
f 2039/2039/2039 2040/2040/2040 2041/2041/2041
f 2042/2042/2042 2043/2043/2043 2044/2044/2044 2045/2045/2045
f 2046/2046/2046 2047/2047/2047 2048/2048/2048 2049/2049/2049
f 2050/2050/2050 2051/2051/2051 2052/2052/2052
f 2053/2053/2053 2054/2054/2054 2055/2055/2055
f 2056/2056/2056 2057/2057/2057 2058/2058/2058 2059/2059/2059
f 2060/2060/2060 2061/2061/2061 2062/2062/2062 2063/2063/2063
f 2064/2064/2064 2065/2065/2065 2066/2066/2066
f 2067/2067/2067 2068/2068/2068 2069/2069/2069
f 2070/2070/2070 2071/2071/2071 2072/2072/2072 2073/2073/2073
f 2074/2074/2074 2075/2075/2075 2076/2076/2076 2077/2077/2077
f 2078/2078/2078 2079/2079/2079 2080/2080/2080
usemtl ivory
f 2081/2081/2081 2082/2082/2082 2083/2083/2083 2084/2084/2084
f 2085/2085/2085 2086/2086/2086 2087/2087/2087 2088/2088/2088
f 2089/2089/2089 2090/2090/2090 2091/2091/2091 2092/2092/2092
f 2093/2093/2093 2094/2094/2094 2095/2095/2095 2096/2096/2096
f 2097/2097/2097 2098/2098/2098 2099/2099/2099 2100/2100/2100
f 2101/2101/2101 2102/2102/2102 2103/2103/2103 2104/2104/2104
f 2105/2105/2105 2106/2106/2106 2107/2107/2107 2108/2108/2108
f 2109/2109/2109 2110/2110/2110 2111/2111/2111 2112/2112/2112
f 2113/2113/2113 2114/2114/2114 2115/2115/2115 2116/2116/2116
f 2117/2117/2117 2118/2118/2118 2119/2119/2119 2120/2120/2120
f 2121/2121/2121 2122/2122/2122 2123/2123/2123 2124/2124/2124
f 2125/2125/2125 2126/2126/2126 2127/2127/2127 2128/2128/2128
f 2129/2129/2129 2130/2130/2130 2131/2131/2131 2132/2132/2132
f 2133/2133/2133 2134/2134/2134 2135/2135/2135 2136/2136/2136
f 2137/2137/2137 2138/2138/2138 2139/2139/2139 2140/2140/2140
f 2141/2141/2141 2142/2142/2142 2143/2143/2143 2144/2144/2144
f 2145/2145/2145 2146/2146/2146 2147/2147/2147 2148/2148/2148
f 2149/2149/2149 2150/2150/2150 2151/2151/2151 2152/2152/2152
f 2153/2153/2153 2154/2154/2154 2155/2155/2155 2156/2156/2156
f 2157/2157/2157 2158/2158/2158 2159/2159/2159 2160/2160/2160
f 2161/2161/2161 2162/2162/2162 2163/2163/2163 2164/2164/2164
f 2165/2165/2165 2166/2166/2166 2167/2167/2167 2168/2168/2168
f 2169/2169/2169 2170/2170/2170 2171/2171/2171 2172/2172/2172
f 2173/2173/2173 2174/2174/2174 2175/2175/2175 2176/2176/2176
f 2177/2177/2177 2178/2178/2178 2179/2179/2179 2180/2180/2180
f 2181/2181/2181 2182/2182/2182 2183/2183/2183 2184/2184/2184
f 2185/2185/2185 2186/2186/2186 2187/2187/2187 2188/2188/2188
f 2189/2189/2189 2190/2190/2190 2191/2191/2191 2192/2192/2192
f 2193/2193/2193 2194/2194/2194 2195/2195/2195 2196/2196/2196
f 2197/2197/2197 2198/2198/2198 2199/2199/2199 2200/2200/2200
f 2201/2201/2201 2202/2202/2202 2203/2203/2203 2204/2204/2204
f 2205/2205/2205 2206/2206/2206 2207/2207/2207 2208/2208/2208
f 2209/2209/2209 2210/2210/2210 2211/2211/2211 2212/2212/2212
f 2213/2213/2213 2214/2214/2214 2215/2215/2215 2216/2216/2216
f 2217/2217/2217 2218/2218/2218 2219/2219/2219 2220/2220/2220
f 2221/2221/2221 2222/2222/2222 2223/2223/2223 2224/2224/2224
f 2225/2225/2225 2226/2226/2226 2227/2227/2227 2228/2228/2228
f 2229/2229/2229 2230/2230/2230 2231/2231/2231 2232/2232/2232
f 2233/2233/2233 2234/2234/2234 2235/2235/2235 2236/2236/2236
f 2237/2237/2237 2238/2238/2238 2239/2239/2239 2240/2240/2240
f 2241/2241/2241 2242/2242/2242 2243/2243/2243 2244/2244/2244
f 2245/2245/2245 2246/2246/2246 2247/2247/2247 2248/2248/2248
f 2249/2249/2249 2250/2250/2250 2251/2251/2251 2252/2252/2252
f 2253/2253/2253 2254/2254/2254 2255/2255/2255 2256/2256/2256
f 2257/2257/2257 2258/2258/2258 2259/2259/2259 2260/2260/2260
f 2261/2261/2261 2262/2262/2262 2263/2263/2263 2264/2264/2264
f 2265/2265/2265 2266/2266/2266 2267/2267/2267 2268/2268/2268
f 2269/2269/2269 2270/2270/2270 2271/2271/2271 2272/2272/2272
f 2273/2273/2273 2274/2274/2274 2275/2275/2275 2276/2276/2276
f 2277/2277/2277 2278/2278/2278 2279/2279/2279 2280/2280/2280
f 2281/2281/2281 2282/2282/2282 2283/2283/2283 2284/2284/2284
f 2285/2285/2285 2286/2286/2286 2287/2287/2287 2288/2288/2288
f 2289/2289/2289 2290/2290/2290 2291/2291/2291 2292/2292/2292
f 2293/2293/2293 2294/2294/2294 2295/2295/2295 2296/2296/2296
f 2297/2297/2297 2298/2298/2298 2299/2299/2299 2300/2300/2300
f 2301/2301/2301 2302/2302/2302 2303/2303/2303 2304/2304/2304
f 2305/2305/2305 2306/2306/2306 2307/2307/2307 2308/2308/2308
f 2309/2309/2309 2310/2310/2310 2311/2311/2311 2312/2312/2312
f 2313/2313/2313 2314/2314/2314 2315/2315/2315 2316/2316/2316
f 2317/2317/2317 2318/2318/2318 2319/2319/2319 2320/2320/2320
f 2321/2321/2321 2322/2322/2322 2323/2323/2323 2324/2324/2324
f 2325/2325/2325 2326/2326/2326 2327/2327/2327 2328/2328/2328
f 2329/2329/2329 2330/2330/2330 2331/2331/2331 2332/2332/2332
f 2333/2333/2333 2334/2334/2334 2335/2335/2335 2336/2336/2336
f 2337/2337/2337 2338/2338/2338 2339/2339/2339 2340/2340/2340
f 2341/2341/2341 2342/2342/2342 2343/2343/2343 2344/2344/2344
f 2345/2345/2345 2346/2346/2346 2347/2347/2347 2348/2348/2348
f 2349/2349/2349 2350/2350/2350 2351/2351/2351 2352/2352/2352
f 2353/2353/2353 2354/2354/2354 2355/2355/2355 2356/2356/2356
f 2357/2357/2357 2358/2358/2358 2359/2359/2359 2360/2360/2360
f 2361/2361/2361 2362/2362/2362 2363/2363/2363 2364/2364/2364
f 2365/2365/2365 2366/2366/2366 2367/2367/2367 2368/2368/2368
f 2369/2369/2369 2370/2370/2370 2371/2371/2371 2372/2372/2372 2373/2373/2373 2374/2374/2374
f 2375/2375/2375 2376/2376/2376 2377/2377/2377 2378/2378/2378 2379/2379/2379 2380/2380/2380
usemtl gold
f 2381/2381/2381 2382/2382/2382 2383/2383/2383
f 2384/2384/2384 2385/2385/2385 2386/2386/2386 2387/2387/2387
f 2388/2388/2388 2389/2389/2389 2390/2390/2390 2391/2391/2391
f 2392/2392/2392 2393/2393/2393 2394/2394/2394
f 2395/2395/2395 2396/2396/2396 2397/2397/2397
f 2398/2398/2398 2399/2399/2399 2400/2400/2400 2401/2401/2401
f 2402/2402/2402 2403/2403/2403 2404/2404/2404 2405/2405/2405
f 2406/2406/2406 2407/2407/2407 2408/2408/2408
f 2409/2409/2409 2410/2410/2410 2411/2411/2411
f 2412/2412/2412 2413/2413/2413 2414/2414/2414 2415/2415/2415
f 2416/2416/2416 2417/2417/2417 2418/2418/2418 2419/2419/2419
f 2420/2420/2420 2421/2421/2421 2422/2422/2422
f 2423/2423/2423 2424/2424/2424 2425/2425/2425
f 2426/2426/2426 2427/2427/2427 2428/2428/2428 2429/2429/2429
f 2430/2430/2430 2431/2431/2431 2432/2432/2432 2433/2433/2433
f 2434/2434/2434 2435/2435/2435 2436/2436/2436
f 2437/2437/2437 2438/2438/2438 2439/2439/2439
f 2440/2440/2440 2441/2441/2441 2442/2442/2442 2443/2443/2443
f 2444/2444/2444 2445/2445/2445 2446/2446/2446 2447/2447/2447
f 2448/2448/2448 2449/2449/2449 2450/2450/2450
f 2451/2451/2451 2452/2452/2452 2453/2453/2453
f 2454/2454/2454 2455/2455/2455 2456/2456/2456 2457/2457/2457
f 2458/2458/2458 2459/2459/2459 2460/2460/2460 2461/2461/2461
f 2462/2462/2462 2463/2463/2463 2464/2464/2464
f 2465/2465/2465 2466/2466/2466 2467/2467/2467 2468/2468/2468
f 2469/2469/2469 2470/2470/2470 2471/2471/2471 2472/2472/2472
f 2473/2473/2473 2474/2474/2474 2475/2475/2475 2476/2476/2476
f 2477/2477/2477 2478/2478/2478 2479/2479/2479 2480/2480/2480
f 2481/2481/2481 2482/2482/2482 2483/2483/2483 2484/2484/2484
f 2485/2485/2485 2486/2486/2486 2487/2487/2487 2488/2488/2488
f 2489/2489/2489 2490/2490/2490 2491/2491/2491 2492/2492/2492
f 2493/2493/2493 2494/2494/2494 2495/2495/2495 2496/2496/2496
f 2497/2497/2497 2498/2498/2498 2499/2499/2499 2500/2500/2500
f 2501/2501/2501 2502/2502/2502 2503/2503/2503 2504/2504/2504
f 2505/2505/2505 2506/2506/2506 2507/2507/2507 2508/2508/2508
f 2509/2509/2509 2510/2510/2510 2511/2511/2511 2512/2512/2512
f 2513/2513/2513 2514/2514/2514 2515/2515/2515 2516/2516/2516
f 2517/2517/2517 2518/2518/2518 2519/2519/2519 2520/2520/2520
f 2521/2521/2521 2522/2522/2522 2523/2523/2523 2524/2524/2524
f 2525/2525/2525 2526/2526/2526 2527/2527/2527 2528/2528/2528
f 2529/2529/2529 2530/2530/2530 2531/2531/2531 2532/2532/2532
f 2533/2533/2533 2534/2534/2534 2535/2535/2535 2536/2536/2536
f 2537/2537/2537 2538/2538/2538 2539/2539/2539 2540/2540/2540
f 2541/2541/2541 2542/2542/2542 2543/2543/2543 2544/2544/2544
f 2545/2545/2545 2546/2546/2546 2547/2547/2547 2548/2548/2548
f 2549/2549/2549 2550/2550/2550 2551/2551/2551 2552/2552/2552
f 2553/2553/2553 2554/2554/2554 2555/2555/2555 2556/2556/2556
f 2557/2557/2557 2558/2558/2558 2559/2559/2559 2560/2560/2560
f 2561/2561/2561 2562/2562/2562 2563/2563/2563 2564/2564/2564
f 2565/2565/2565 2566/2566/2566 2567/2567/2567 2568/2568/2568
f 2569/2569/2569 2570/2570/2570 2571/2571/2571 2572/2572/2572
f 2573/2573/2573 2574/2574/2574 2575/2575/2575 2576/2576/2576
f 2577/2577/2577 2578/2578/2578 2579/2579/2579 2580/2580/2580
f 2581/2581/2581 2582/2582/2582 2583/2583/2583 2584/2584/2584
f 2585/2585/2585 2586/2586/2586 2587/2587/2587 2588/2588/2588
f 2589/2589/2589 2590/2590/2590 2591/2591/2591 2592/2592/2592
f 2593/2593/2593 2594/2594/2594 2595/2595/2595 2596/2596/2596
f 2597/2597/2597 2598/2598/2598 2599/2599/2599 2600/2600/2600
f 2601/2601/2601 2602/2602/2602 2603/2603/2603 2604/2604/2604
f 2605/2605/2605 2606/2606/2606 2607/2607/2607 2608/2608/2608
f 2609/2609/2609 2610/2610/2610 2611/2611/2611 2612/2612/2612
f 2613/2613/2613 2614/2614/2614 2615/2615/2615 2616/2616/2616
f 2617/2617/2617 2618/2618/2618 2619/2619/2619 2620/2620/2620
f 2621/2621/2621 2622/2622/2622 2623/2623/2623 2624/2624/2624
f 2625/2625/2625 2626/2626/2626 2627/2627/2627 2628/2628/2628
f 2629/2629/2629 2630/2630/2630 2631/2631/2631 2632/2632/2632
f 2633/2633/2633 2634/2634/2634 2635/2635/2635 2636/2636/2636
f 2637/2637/2637 2638/2638/2638 2639/2639/2639 2640/2640/2640
f 2641/2641/2641 2642/2642/2642 2643/2643/2643 2644/2644/2644
f 2645/2645/2645 2646/2646/2646 2647/2647/2647 2648/2648/2648
f 2649/2649/2649 2650/2650/2650 2651/2651/2651 2652/2652/2652
f 2653/2653/2653 2654/2654/2654 2655/2655/2655 2656/2656/2656
f 2657/2657/2657 2658/2658/2658 2659/2659/2659 2660/2660/2660
f 2661/2661/2661 2662/2662/2662 2663/2663/2663 2664/2664/2664
f 2665/2665/2665 2666/2666/2666 2667/2667/2667 2668/2668/2668
f 2669/2669/2669 2670/2670/2670 2671/2671/2671 2672/2672/2672
f 2673/2673/2673 2674/2674/2674 2675/2675/2675 2676/2676/2676
f 2677/2677/2677 2678/2678/2678 2679/2679/2679 2680/2680/2680
f 2681/2681/2681 2682/2682/2682 2683/2683/2683 2684/2684/2684
f 2685/2685/2685 2686/2686/2686 2687/2687/2687 2688/2688/2688
f 2689/2689/2689 2690/2690/2690 2691/2691/2691 2692/2692/2692
f 2693/2693/2693 2694/2694/2694 2695/2695/2695 2696/2696/2696
f 2697/2697/2697 2698/2698/2698 2699/2699/2699 2700/2700/2700
f 2701/2701/2701 2702/2702/2702 2703/2703/2703 2704/2704/2704
f 2705/2705/2705 2706/2706/2706 2707/2707/2707 2708/2708/2708
f 2709/2709/2709 2710/2710/2710 2711/2711/2711 2712/2712/2712
f 2713/2713/2713 2714/2714/2714 2715/2715/2715 2716/2716/2716
f 2717/2717/2717 2718/2718/2718 2719/2719/2719 2720/2720/2720
f 2721/2721/2721 2722/2722/2722 2723/2723/2723 2724/2724/2724
f 2725/2725/2725 2726/2726/2726 2727/2727/2727 2728/2728/2728
f 2729/2729/2729 2730/2730/2730 2731/2731/2731 2732/2732/2732
f 2733/2733/2733 2734/2734/2734 2735/2735/2735 2736/2736/2736
f 2737/2737/2737 2738/2738/2738 2739/2739/2739 2740/2740/2740
f 2741/2741/2741 2742/2742/2742 2743/2743/2743 2744/2744/2744
f 2745/2745/2745 2746/2746/2746 2747/2747/2747 2748/2748/2748
f 2749/2749/2749 2750/2750/2750 2751/2751/2751 2752/2752/2752
f 2753/2753/2753 2754/2754/2754 2755/2755/2755 2756/2756/2756
f 2757/2757/2757 2758/2758/2758 2759/2759/2759 2760/2760/2760
f 2761/2761/2761 2762/2762/2762 2763/2763/2763 2764/2764/2764
f 2765/2765/2765 2766/2766/2766 2767/2767/2767 2768/2768/2768
f 2769/2769/2769 2770/2770/2770 2771/2771/2771 2772/2772/2772
f 2773/2773/2773 2774/2774/2774 2775/2775/2775 2776/2776/2776
f 2777/2777/2777 2778/2778/2778 2779/2779/2779 2780/2780/2780
f 2781/2781/2781 2782/2782/2782 2783/2783/2783 2784/2784/2784
f 2785/2785/2785 2786/2786/2786 2787/2787/2787 2788/2788/2788
f 2789/2789/2789 2790/2790/2790 2791/2791/2791 2792/2792/2792
f 2793/2793/2793 2794/2794/2794 2795/2795/2795 2796/2796/2796
f 2797/2797/2797 2798/2798/2798 2799/2799/2799 2800/2800/2800
f 2801/2801/2801 2802/2802/2802 2803/2803/2803 2804/2804/2804
f 2805/2805/2805 2806/2806/2806 2807/2807/2807 2808/2808/2808
f 2809/2809/2809 2810/2810/2810 2811/2811/2811 2812/2812/2812
f 2813/2813/2813 2814/2814/2814 2815/2815/2815 2816/2816/2816
f 2817/2817/2817 2818/2818/2818 2819/2819/2819 2820/2820/2820
f 2821/2821/2821 2822/2822/2822 2823/2823/2823 2824/2824/2824
f 2825/2825/2825 2826/2826/2826 2827/2827/2827 2828/2828/2828
f 2829/2829/2829 2830/2830/2830 2831/2831/2831 2832/2832/2832
f 2833/2833/2833 2834/2834/2834 2835/2835/2835 2836/2836/2836
f 2837/2837/2837 2838/2838/2838 2839/2839/2839 2840/2840/2840
f 2841/2841/2841 2842/2842/2842 2843/2843/2843 2844/2844/2844
f 2845/2845/2845 2846/2846/2846 2847/2847/2847 2848/2848/2848
f 2849/2849/2849 2850/2850/2850 2851/2851/2851 2852/2852/2852
f 2853/2853/2853 2854/2854/2854 2855/2855/2855 2856/2856/2856
f 2857/2857/2857 2858/2858/2858 2859/2859/2859 2860/2860/2860
f 2861/2861/2861 2862/2862/2862 2863/2863/2863 2864/2864/2864
f 2865/2865/2865 2866/2866/2866 2867/2867/2867 2868/2868/2868
f 2869/2869/2869 2870/2870/2870 2871/2871/2871 2872/2872/2872
f 2873/2873/2873 2874/2874/2874 2875/2875/2875 2876/2876/2876
f 2877/2877/2877 2878/2878/2878 2879/2879/2879 2880/2880/2880
f 2881/2881/2881 2882/2882/2882 2883/2883/2883 2884/2884/2884
f 2885/2885/2885 2886/2886/2886 2887/2887/2887 2888/2888/2888
f 2889/2889/2889 2890/2890/2890 2891/2891/2891 2892/2892/2892
f 2893/2893/2893 2894/2894/2894 2895/2895/2895 2896/2896/2896
f 2897/2897/2897 2898/2898/2898 2899/2899/2899 2900/2900/2900
f 2901/2901/2901 2902/2902/2902 2903/2903/2903 2904/2904/2904
f 2905/2905/2905 2906/2906/2906 2907/2907/2907 2908/2908/2908
f 2909/2909/2909 2910/2910/2910 2911/2911/2911 2912/2912/2912
f 2913/2913/2913 2914/2914/2914 2915/2915/2915 2916/2916/2916
f 2917/2917/2917 2918/2918/2918 2919/2919/2919 2920/2920/2920
f 2921/2921/2921 2922/2922/2922 2923/2923/2923 2924/2924/2924
f 2925/2925/2925 2926/2926/2926 2927/2927/2927 2928/2928/2928
f 2929/2929/2929 2930/2930/2930 2931/2931/2931 2932/2932/2932
f 2933/2933/2933 2934/2934/2934 2935/2935/2935 2936/2936/2936
f 2937/2937/2937 2938/2938/2938 2939/2939/2939 2940/2940/2940
f 2941/2941/2941 2942/2942/2942 2943/2943/2943 2944/2944/2944
f 2945/2945/2945 2946/2946/2946 2947/2947/2947 2948/2948/2948
f 2949/2949/2949 2950/2950/2950 2951/2951/2951 2952/2952/2952
f 2953/2953/2953 2954/2954/2954 2955/2955/2955 2956/2956/2956
f 2957/2957/2957 2958/2958/2958 2959/2959/2959 2960/2960/2960
f 2961/2961/2961 2962/2962/2962 2963/2963/2963 2964/2964/2964
f 2965/2965/2965 2966/2966/2966 2967/2967/2967 2968/2968/2968
f 2969/2969/2969 2970/2970/2970 2971/2971/2971 2972/2972/2972
f 2973/2973/2973 2974/2974/2974 2975/2975/2975 2976/2976/2976
f 2977/2977/2977 2978/2978/2978 2979/2979/2979 2980/2980/2980
f 2981/2981/2981 2982/2982/2982 2983/2983/2983 2984/2984/2984
f 2985/2985/2985 2986/2986/2986 2987/2987/2987 2988/2988/2988
f 2989/2989/2989 2990/2990/2990 2991/2991/2991 2992/2992/2992
f 2993/2993/2993 2994/2994/2994 2995/2995/2995 2996/2996/2996
f 2997/2997/2997 2998/2998/2998 2999/2999/2999 3000/3000/3000
f 3001/3001/3001 3002/3002/3002 3003/3003/3003 3004/3004/3004
f 3005/3005/3005 3006/3006/3006 3007/3007/3007 3008/3008/3008
f 3009/3009/3009 3010/3010/3010 3011/3011/3011 3012/3012/3012
f 3013/3013/3013 3014/3014/3014 3015/3015/3015 3016/3016/3016
f 3017/3017/3017 3018/3018/3018 3019/3019/3019 3020/3020/3020
f 3021/3021/3021 3022/3022/3022 3023/3023/3023 3024/3024/3024
usemtl silver
f 3025/3025/3025 3026/3026/3026 3027/3027/3027 3028/3028/3028
f 3029/3029/3029 3030/3030/3030 3031/3031/3031 3032/3032/3032
f 3033/3033/3033 3034/3034/3034 3035/3035/3035 3036/3036/3036
f 3037/3037/3037 3038/3038/3038 3039/3039/3039 3040/3040/3040
f 3041/3041/3041 3042/3042/3042 3043/3043/3043 3044/3044/3044
f 3045/3045/3045 3046/3046/3046 3047/3047/3047 3048/3048/3048
f 3049/3049/3049 3050/3050/3050 3051/3051/3051 3052/3052/3052
f 3053/3053/3053 3054/3054/3054 3055/3055/3055 3056/3056/3056
f 3057/3057/3057 3058/3058/3058 3059/3059/3059 3060/3060/3060
f 3061/3061/3061 3062/3062/3062 3063/3063/3063 3064/3064/3064
f 3065/3065/3065 3066/3066/3066 3067/3067/3067 3068/3068/3068
f 3069/3069/3069 3070/3070/3070 3071/3071/3071 3072/3072/3072
f 3073/3073/3073 3074/3074/3074 3075/3075/3075 3076/3076/3076
f 3077/3077/3077 3078/3078/3078 3079/3079/3079 3080/3080/3080
f 3081/3081/3081 3082/3082/3082 3083/3083/3083 3084/3084/3084
f 3085/3085/3085 3086/3086/3086 3087/3087/3087 3088/3088/3088
f 3089/3089/3089 3090/3090/3090 3091/3091/3091 3092/3092/3092
f 3093/3093/3093 3094/3094/3094 3095/3095/3095 3096/3096/3096
f 3097/3097/3097 3098/3098/3098 3099/3099/3099 3100/3100/3100
f 3101/3101/3101 3102/3102/3102 3103/3103/3103 3104/3104/3104
f 3105/3105/3105 3106/3106/3106 3107/3107/3107 3108/3108/3108
f 3109/3109/3109 3110/3110/3110 3111/3111/3111 3112/3112/3112
f 3113/3113/3113 3114/3114/3114 3115/3115/3115 3116/3116/3116
f 3117/3117/3117 3118/3118/3118 3119/3119/3119 3120/3120/3120
f 3121/3121/3121 3122/3122/3122 3123/3123/3123 3124/3124/3124
f 3125/3125/3125 3126/3126/3126 3127/3127/3127 3128/3128/3128
f 3129/3129/3129 3130/3130/3130 3131/3131/3131 3132/3132/3132
f 3133/3133/3133 3134/3134/3134 3135/3135/3135 3136/3136/3136
f 3137/3137/3137 3138/3138/3138 3139/3139/3139 3140/3140/3140
f 3141/3141/3141 3142/3142/3142 3143/3143/3143 3144/3144/3144
f 3145/3145/3145 3146/3146/3146 3147/3147/3147 3148/3148/3148
f 3149/3149/3149 3150/3150/3150 3151/3151/3151 3152/3152/3152
f 3153/3153/3153 3154/3154/3154 3155/3155/3155 3156/3156/3156
f 3157/3157/3157 3158/3158/3158 3159/3159/3159 3160/3160/3160
f 3161/3161/3161 3162/3162/3162 3163/3163/3163 3164/3164/3164
f 3165/3165/3165 3166/3166/3166 3167/3167/3167 3168/3168/3168
f 3169/3169/3169 3170/3170/3170 3171/3171/3171 3172/3172/3172
f 3173/3173/3173 3174/3174/3174 3175/3175/3175 3176/3176/3176
f 3177/3177/3177 3178/3178/3178 3179/3179/3179 3180/3180/3180
f 3181/3181/3181 3182/3182/3182 3183/3183/3183 3184/3184/3184
f 3185/3185/3185 3186/3186/3186 3187/3187/3187 3188/3188/3188
f 3189/3189/3189 3190/3190/3190 3191/3191/3191 3192/3192/3192
f 3193/3193/3193 3194/3194/3194 3195/3195/3195 3196/3196/3196
f 3197/3197/3197 3198/3198/3198 3199/3199/3199 3200/3200/3200
f 3201/3201/3201 3202/3202/3202 3203/3203/3203 3204/3204/3204
f 3205/3205/3205 3206/3206/3206 3207/3207/3207 3208/3208/3208
f 3209/3209/3209 3210/3210/3210 3211/3211/3211 3212/3212/3212
f 3213/3213/3213 3214/3214/3214 3215/3215/3215 3216/3216/3216
f 3217/3217/3217 3218/3218/3218 3219/3219/3219 3220/3220/3220
f 3221/3221/3221 3222/3222/3222 3223/3223/3223 3224/3224/3224
f 3225/3225/3225 3226/3226/3226 3227/3227/3227 3228/3228/3228
f 3229/3229/3229 3230/3230/3230 3231/3231/3231 3232/3232/3232
f 3233/3233/3233 3234/3234/3234 3235/3235/3235 3236/3236/3236
f 3237/3237/3237 3238/3238/3238 3239/3239/3239 3240/3240/3240
f 3241/3241/3241 3242/3242/3242 3243/3243/3243 3244/3244/3244
f 3245/3245/3245 3246/3246/3246 3247/3247/3247 3248/3248/3248
f 3249/3249/3249 3250/3250/3250 3251/3251/3251 3252/3252/3252
f 3253/3253/3253 3254/3254/3254 3255/3255/3255 3256/3256/3256
f 3257/3257/3257 3258/3258/3258 3259/3259/3259 3260/3260/3260
f 3261/3261/3261 3262/3262/3262 3263/3263/3263 3264/3264/3264
f 3265/3265/3265 3266/3266/3266 3267/3267/3267 3268/3268/3268
f 3269/3269/3269 3270/3270/3270 3271/3271/3271 3272/3272/3272
f 3273/3273/3273 3274/3274/3274 3275/3275/3275 3276/3276/3276
f 3277/3277/3277 3278/3278/3278 3279/3279/3279 3280/3280/3280
f 3281/3281/3281 3282/3282/3282 3283/3283/3283 3284/3284/3284
f 3285/3285/3285 3286/3286/3286 3287/3287/3287 3288/3288/3288
f 3289/3289/3289 3290/3290/3290 3291/3291/3291 3292/3292/3292
f 3293/3293/3293 3294/3294/3294 3295/3295/3295 3296/3296/3296
f 3297/3297/3297 3298/3298/3298 3299/3299/3299 3300/3300/3300
f 3301/3301/3301 3302/3302/3302 3303/3303/3303 3304/3304/3304
f 3305/3305/3305 3306/3306/3306 3307/3307/3307 3308/3308/3308
f 3309/3309/3309 3310/3310/3310 3311/3311/3311 3312/3312/3312
f 3313/3313/3313 3314/3314/3314 3315/3315/3315 3316/3316/3316
f 3317/3317/3317 3318/3318/3318 3319/3319/3319 3320/3320/3320
f 3321/3321/3321 3322/3322/3322 3323/3323/3323 3324/3324/3324
f 3325/3325/3325 3326/3326/3326 3327/3327/3327 3328/3328/3328
f 3329/3329/3329 3330/3330/3330 3331/3331/3331 3332/3332/3332
f 3333/3333/3333 3334/3334/3334 3335/3335/3335 3336/3336/3336
f 3337/3337/3337 3338/3338/3338 3339/3339/3339 3340/3340/3340
f 3341/3341/3341 3342/3342/3342 3343/3343/3343 3344/3344/3344
f 3345/3345/3345 3346/3346/3346 3347/3347/3347 3348/3348/3348
f 3349/3349/3349 3350/3350/3350 3351/3351/3351 3352/3352/3352
f 3353/3353/3353 3354/3354/3354 3355/3355/3355 3356/3356/3356
f 3357/3357/3357 3358/3358/3358 3359/3359/3359 3360/3360/3360
f 3361/3361/3361 3362/3362/3362 3363/3363/3363 3364/3364/3364
f 3365/3365/3365 3366/3366/3366 3367/3367/3367 3368/3368/3368
f 3369/3369/3369 3370/3370/3370 3371/3371/3371 3372/3372/3372
f 3373/3373/3373 3374/3374/3374 3375/3375/3375 3376/3376/3376
f 3377/3377/3377 3378/3378/3378 3379/3379/3379 3380/3380/3380
f 3381/3381/3381 3382/3382/3382 3383/3383/3383 3384/3384/3384
f 3385/3385/3385 3386/3386/3386 3387/3387/3387 3388/3388/3388
f 3389/3389/3389 3390/3390/3390 3391/3391/3391 3392/3392/3392
f 3393/3393/3393 3394/3394/3394 3395/3395/3395 3396/3396/3396
f 3397/3397/3397 3398/3398/3398 3399/3399/3399 3400/3400/3400
f 3401/3401/3401 3402/3402/3402 3403/3403/3403 3404/3404/3404
f 3405/3405/3405 3406/3406/3406 3407/3407/3407 3408/3408/3408
f 3409/3409/3409 3410/3410/3410 3411/3411/3411 3412/3412/3412
f 3413/3413/3413 3414/3414/3414 3415/3415/3415 3416/3416/3416
f 3417/3417/3417 3418/3418/3418 3419/3419/3419 3420/3420/3420
f 3421/3421/3421 3422/3422/3422 3423/3423/3423 3424/3424/3424
f 3425/3425/3425 3426/3426/3426 3427/3427/3427 3428/3428/3428
f 3429/3429/3429 3430/3430/3430 3431/3431/3431 3432/3432/3432
f 3433/3433/3433 3434/3434/3434 3435/3435/3435 3436/3436/3436
f 3437/3437/3437 3438/3438/3438 3439/3439/3439 3440/3440/3440
f 3441/3441/3441 3442/3442/3442 3443/3443/3443 3444/3444/3444
f 3445/3445/3445 3446/3446/3446 3447/3447/3447 3448/3448/3448
f 3449/3449/3449 3450/3450/3450 3451/3451/3451 3452/3452/3452
f 3453/3453/3453 3454/3454/3454 3455/3455/3455 3456/3456/3456
f 3457/3457/3457 3458/3458/3458 3459/3459/3459 3460/3460/3460
f 3461/3461/3461 3462/3462/3462 3463/3463/3463 3464/3464/3464
f 3465/3465/3465 3466/3466/3466 3467/3467/3467 3468/3468/3468
f 3469/3469/3469 3470/3470/3470 3471/3471/3471 3472/3472/3472
f 3473/3473/3473 3474/3474/3474 3475/3475/3475 3476/3476/3476
f 3477/3477/3477 3478/3478/3478 3479/3479/3479 3480/3480/3480
f 3481/3481/3481 3482/3482/3482 3483/3483/3483 3484/3484/3484
f 3485/3485/3485 3486/3486/3486 3487/3487/3487 3488/3488/3488
f 3489/3489/3489 3490/3490/3490 3491/3491/3491 3492/3492/3492
f 3493/3493/3493 3494/3494/3494 3495/3495/3495 3496/3496/3496
f 3497/3497/3497 3498/3498/3498 3499/3499/3499 3500/3500/3500
f 3501/3501/3501 3502/3502/3502 3503/3503/3503 3504/3504/3504
f 3505/3505/3505 3506/3506/3506 3507/3507/3507 3508/3508/3508
f 3509/3509/3509 3510/3510/3510 3511/3511/3511 3512/3512/3512
f 3513/3513/3513 3514/3514/3514 3515/3515/3515 3516/3516/3516
f 3517/3517/3517 3518/3518/3518 3519/3519/3519 3520/3520/3520
f 3521/3521/3521 3522/3522/3522 3523/3523/3523 3524/3524/3524
f 3525/3525/3525 3526/3526/3526 3527/3527/3527 3528/3528/3528
f 3529/3529/3529 3530/3530/3530 3531/3531/3531 3532/3532/3532
f 3533/3533/3533 3534/3534/3534 3535/3535/3535 3536/3536/3536
f 3537/3537/3537 3538/3538/3538 3539/3539/3539 3540/3540/3540
f 3541/3541/3541 3542/3542/3542 3543/3543/3543 3544/3544/3544
f 3545/3545/3545 3546/3546/3546 3547/3547/3547 3548/3548/3548
f 3549/3549/3549 3550/3550/3550 3551/3551/3551 3552/3552/3552
f 3553/3553/3553 3554/3554/3554 3555/3555/3555 3556/3556/3556
f 3557/3557/3557 3558/3558/3558 3559/3559/3559 3560/3560/3560
f 3561/3561/3561 3562/3562/3562 3563/3563/3563 3564/3564/3564
f 3565/3565/3565 3566/3566/3566 3567/3567/3567 3568/3568/3568
f 3569/3569/3569 3570/3570/3570 3571/3571/3571 3572/3572/3572
f 3573/3573/3573 3574/3574/3574 3575/3575/3575 3576/3576/3576
f 3577/3577/3577 3578/3578/3578 3579/3579/3579 3580/3580/3580
f 3581/3581/3581 3582/3582/3582 3583/3583/3583 3584/3584/3584
usemtl gold
f 3585/3585/3585 3586/3586/3586 3587/3587/3587 3588/3588/3588
f 3589/3589/3589 3590/3590/3590 3591/3591/3591 3592/3592/3592
f 3593/3593/3593 3594/3594/3594 3595/3595/3595 3596/3596/3596
f 3597/3597/3597 3598/3598/3598 3599/3599/3599 3600/3600/3600
f 3601/3601/3601 3602/3602/3602 3603/3603/3603 3604/3604/3604
f 3605/3605/3605 3606/3606/3606 3607/3607/3607 3608/3608/3608
f 3609/3609/3609 3610/3610/3610 3611/3611/3611 3612/3612/3612
f 3613/3613/3613 3614/3614/3614 3615/3615/3615 3616/3616/3616
f 3617/3617/3617 3618/3618/3618 3619/3619/3619 3620/3620/3620
f 3621/3621/3621 3622/3622/3622 3623/3623/3623 3624/3624/3624
f 3625/3625/3625 3626/3626/3626 3627/3627/3627 3628/3628/3628
f 3629/3629/3629 3630/3630/3630 3631/3631/3631 3632/3632/3632
f 3633/3633/3633 3634/3634/3634 3635/3635/3635 3636/3636/3636
f 3637/3637/3637 3638/3638/3638 3639/3639/3639 3640/3640/3640
f 3641/3641/3641 3642/3642/3642 3643/3643/3643 3644/3644/3644
f 3645/3645/3645 3646/3646/3646 3647/3647/3647 3648/3648/3648
f 3649/3649/3649 3650/3650/3650 3651/3651/3651 3652/3652/3652
f 3653/3653/3653 3654/3654/3654 3655/3655/3655 3656/3656/3656
f 3657/3657/3657 3658/3658/3658 3659/3659/3659 3660/3660/3660
f 3661/3661/3661 3662/3662/3662 3663/3663/3663 3664/3664/3664
f 3665/3665/3665 3666/3666/3666 3667/3667/3667 3668/3668/3668
f 3669/3669/3669 3670/3670/3670 3671/3671/3671 3672/3672/3672
f 3673/3673/3673 3674/3674/3674 3675/3675/3675 3676/3676/3676
f 3677/3677/3677 3678/3678/3678 3679/3679/3679 3680/3680/3680
f 3681/3681/3681 3682/3682/3682 3683/3683/3683 3684/3684/3684
f 3685/3685/3685 3686/3686/3686 3687/3687/3687 3688/3688/3688
f 3689/3689/3689 3690/3690/3690 3691/3691/3691 3692/3692/3692
f 3693/3693/3693 3694/3694/3694 3695/3695/3695 3696/3696/3696
f 3697/3697/3697 3698/3698/3698 3699/3699/3699 3700/3700/3700
f 3701/3701/3701 3702/3702/3702 3703/3703/3703 3704/3704/3704
f 3705/3705/3705 3706/3706/3706 3707/3707/3707 3708/3708/3708
f 3709/3709/3709 3710/3710/3710 3711/3711/3711 3712/3712/3712
f 3713/3713/3713 3714/3714/3714 3715/3715/3715 3716/3716/3716
f 3717/3717/3717 3718/3718/3718 3719/3719/3719 3720/3720/3720
f 3721/3721/3721 3722/3722/3722 3723/3723/3723 3724/3724/3724
f 3725/3725/3725 3726/3726/3726 3727/3727/3727 3728/3728/3728
f 3729/3729/3729 3730/3730/3730 3731/3731/3731 3732/3732/3732
f 3733/3733/3733 3734/3734/3734 3735/3735/3735 3736/3736/3736
f 3737/3737/3737 3738/3738/3738 3739/3739/3739 3740/3740/3740
f 3741/3741/3741 3742/3742/3742 3743/3743/3743 3744/3744/3744
f 3745/3745/3745 3746/3746/3746 3747/3747/3747 3748/3748/3748
f 3749/3749/3749 3750/3750/3750 3751/3751/3751 3752/3752/3752
f 3753/3753/3753 3754/3754/3754 3755/3755/3755 3756/3756/3756
f 3757/3757/3757 3758/3758/3758 3759/3759/3759 3760/3760/3760
f 3761/3761/3761 3762/3762/3762 3763/3763/3763 3764/3764/3764
f 3765/3765/3765 3766/3766/3766 3767/3767/3767 3768/3768/3768
f 3769/3769/3769 3770/3770/3770 3771/3771/3771 3772/3772/3772
f 3773/3773/3773 3774/3774/3774 3775/3775/3775 3776/3776/3776
f 3777/3777/3777 3778/3778/3778 3779/3779/3779 3780/3780/3780
f 3781/3781/3781 3782/3782/3782 3783/3783/3783 3784/3784/3784
f 3785/3785/3785 3786/3786/3786 3787/3787/3787 3788/3788/3788
f 3789/3789/3789 3790/3790/3790 3791/3791/3791 3792/3792/3792
f 3793/3793/3793 3794/3794/3794 3795/3795/3795 3796/3796/3796
f 3797/3797/3797 3798/3798/3798 3799/3799/3799 3800/3800/3800
f 3801/3801/3801 3802/3802/3802 3803/3803/3803 3804/3804/3804
f 3805/3805/3805 3806/3806/3806 3807/3807/3807 3808/3808/3808
f 3809/3809/3809 3810/3810/3810 3811/3811/3811 3812/3812/3812
f 3813/3813/3813 3814/3814/3814 3815/3815/3815 3816/3816/3816
f 3817/3817/3817 3818/3818/3818 3819/3819/3819 3820/3820/3820
f 3821/3821/3821 3822/3822/3822 3823/3823/3823 3824/3824/3824
f 3825/3825/3825 3826/3826/3826 3827/3827/3827 3828/3828/3828
f 3829/3829/3829 3830/3830/3830 3831/3831/3831 3832/3832/3832
f 3833/3833/3833 3834/3834/3834 3835/3835/3835 3836/3836/3836
f 3837/3837/3837 3838/3838/3838 3839/3839/3839 3840/3840/3840
f 3841/3841/3841 3842/3842/3842 3843/3843/3843 3844/3844/3844
f 3845/3845/3845 3846/3846/3846 3847/3847/3847 3848/3848/3848
f 3849/3849/3849 3850/3850/3850 3851/3851/3851 3852/3852/3852
f 3853/3853/3853 3854/3854/3854 3855/3855/3855 3856/3856/3856
f 3857/3857/3857 3858/3858/3858 3859/3859/3859 3860/3860/3860
f 3861/3861/3861 3862/3862/3862 3863/3863/3863 3864/3864/3864
f 3865/3865/3865 3866/3866/3866 3867/3867/3867 3868/3868/3868
f 3869/3869/3869 3870/3870/3870 3871/3871/3871 3872/3872/3872
f 3873/3873/3873 3874/3874/3874 3875/3875/3875 3876/3876/3876
f 3877/3877/3877 3878/3878/3878 3879/3879/3879 3880/3880/3880
f 3881/3881/3881 3882/3882/3882 3883/3883/3883 3884/3884/3884
f 3885/3885/3885 3886/3886/3886 3887/3887/3887 3888/3888/3888
f 3889/3889/3889 3890/3890/3890 3891/3891/3891 3892/3892/3892
f 3893/3893/3893 3894/3894/3894 3895/3895/3895 3896/3896/3896
f 3897/3897/3897 3898/3898/3898 3899/3899/3899 3900/3900/3900
f 3901/3901/3901 3902/3902/3902 3903/3903/3903 3904/3904/3904
f 3905/3905/3905 3906/3906/3906 3907/3907/3907 3908/3908/3908
f 3909/3909/3909 3910/3910/3910 3911/3911/3911 3912/3912/3912
f 3913/3913/3913 3914/3914/3914 3915/3915/3915 3916/3916/3916
f 3917/3917/3917 3918/3918/3918 3919/3919/3919 3920/3920/3920
f 3921/3921/3921 3922/3922/3922 3923/3923/3923 3924/3924/3924
f 3925/3925/3925 3926/3926/3926 3927/3927/3927 3928/3928/3928
f 3929/3929/3929 3930/3930/3930 3931/3931/3931 3932/3932/3932
f 3933/3933/3933 3934/3934/3934 3935/3935/3935 3936/3936/3936
f 3937/3937/3937 3938/3938/3938 3939/3939/3939 3940/3940/3940
f 3941/3941/3941 3942/3942/3942 3943/3943/3943 3944/3944/3944
f 3945/3945/3945 3946/3946/3946 3947/3947/3947 3948/3948/3948
f 3949/3949/3949 3950/3950/3950 3951/3951/3951 3952/3952/3952
f 3953/3953/3953 3954/3954/3954 3955/3955/3955 3956/3956/3956
f 3957/3957/3957 3958/3958/3958 3959/3959/3959 3960/3960/3960
f 3961/3961/3961 3962/3962/3962 3963/3963/3963 3964/3964/3964
f 3965/3965/3965 3966/3966/3966 3967/3967/3967 3968/3968/3968
f 3969/3969/3969 3970/3970/3970 3971/3971/3971 3972/3972/3972
f 3973/3973/3973 3974/3974/3974 3975/3975/3975 3976/3976/3976
f 3977/3977/3977 3978/3978/3978 3979/3979/3979 3980/3980/3980
f 3981/3981/3981 3982/3982/3982 3983/3983/3983 3984/3984/3984
f 3985/3985/3985 3986/3986/3986 3987/3987/3987 3988/3988/3988
f 3989/3989/3989 3990/3990/3990 3991/3991/3991 3992/3992/3992
f 3993/3993/3993 3994/3994/3994 3995/3995/3995 3996/3996/3996
f 3997/3997/3997 3998/3998/3998 3999/3999/3999 4000/4000/4000
f 4001/4001/4001 4002/4002/4002 4003/4003/4003 4004/4004/4004
f 4005/4005/4005 4006/4006/4006 4007/4007/4007 4008/4008/4008
f 4009/4009/4009 4010/4010/4010 4011/4011/4011 4012/4012/4012
f 4013/4013/4013 4014/4014/4014 4015/4015/4015 4016/4016/4016
f 4017/4017/4017 4018/4018/4018 4019/4019/4019 4020/4020/4020
f 4021/4021/4021 4022/4022/4022 4023/4023/4023 4024/4024/4024
f 4025/4025/4025 4026/4026/4026 4027/4027/4027 4028/4028/4028
f 4029/4029/4029 4030/4030/4030 4031/4031/4031 4032/4032/4032
f 4033/4033/4033 4034/4034/4034 4035/4035/4035 4036/4036/4036
f 4037/4037/4037 4038/4038/4038 4039/4039/4039 4040/4040/4040
f 4041/4041/4041 4042/4042/4042 4043/4043/4043 4044/4044/4044
f 4045/4045/4045 4046/4046/4046 4047/4047/4047 4048/4048/4048
f 4049/4049/4049 4050/4050/4050 4051/4051/4051 4052/4052/4052
f 4053/4053/4053 4054/4054/4054 4055/4055/4055 4056/4056/4056
f 4057/4057/4057 4058/4058/4058 4059/4059/4059 4060/4060/4060
f 4061/4061/4061 4062/4062/4062 4063/4063/4063 4064/4064/4064
f 4065/4065/4065 4066/4066/4066 4067/4067/4067 4068/4068/4068
f 4069/4069/4069 4070/4070/4070 4071/4071/4071 4072/4072/4072
f 4073/4073/4073 4074/4074/4074 4075/4075/4075 4076/4076/4076
f 4077/4077/4077 4078/4078/4078 4079/4079/4079 4080/4080/4080
f 4081/4081/4081 4082/4082/4082 4083/4083/4083 4084/4084/4084
f 4085/4085/4085 4086/4086/4086 4087/4087/4087 4088/4088/4088
f 4089/4089/4089 4090/4090/4090 4091/4091/4091 4092/4092/4092
f 4093/4093/4093 4094/4094/4094 4095/4095/4095 4096/4096/4096
f 4097/4097/4097 4098/4098/4098 4099/4099/4099 4100/4100/4100
f 4101/4101/4101 4102/4102/4102 4103/4103/4103 4104/4104/4104
f 4105/4105/4105 4106/4106/4106 4107/4107/4107 4108/4108/4108
f 4109/4109/4109 4110/4110/4110 4111/4111/4111 4112/4112/4112
f 4113/4113/4113 4114/4114/4114 4115/4115/4115 4116/4116/4116
f 4117/4117/4117 4118/4118/4118 4119/4119/4119 4120/4120/4120
f 4121/4121/4121 4122/4122/4122 4123/4123/4123 4124/4124/4124
f 4125/4125/4125 4126/4126/4126 4127/4127/4127 4128/4128/4128
f 4129/4129/4129 4130/4130/4130 4131/4131/4131 4132/4132/4132
f 4133/4133/4133 4134/4134/4134 4135/4135/4135 4136/4136/4136
f 4137/4137/4137 4138/4138/4138 4139/4139/4139 4140/4140/4140
f 4141/4141/4141 4142/4142/4142 4143/4143/4143 4144/4144/4144
f 4145/4145/4145 4146/4146/4146 4147/4147/4147
f 4148/4148/4148 4149/4149/4149 4150/4150/4150
f 4151/4151/4151 4152/4152/4152 4153/4153/4153
f 4154/4154/4154 4155/4155/4155 4156/4156/4156
f 4157/4157/4157 4158/4158/4158 4159/4159/4159
f 4160/4160/4160 4161/4161/4161 4162/4162/4162
f 4163/4163/4163 4164/4164/4164 4165/4165/4165
f 4166/4166/4166 4167/4167/4167 4168/4168/4168
f 4169/4169/4169 4170/4170/4170 4171/4171/4171
f 4172/4172/4172 4173/4173/4173 4174/4174/4174
f 4175/4175/4175 4176/4176/4176 4177/4177/4177
f 4178/4178/4178 4179/4179/4179 4180/4180/4180
f 4181/4181/4181 4182/4182/4182 4183/4183/4183
f 4184/4184/4184 4185/4185/4185 4186/4186/4186
f 4187/4187/4187 4188/4188/4188 4189/4189/4189
f 4190/4190/4190 4191/4191/4191 4192/4192/4192
f 4193/4193/4193 4194/4194/4194 4195/4195/4195
f 4196/4196/4196 4197/4197/4197 4198/4198/4198
f 4199/4199/4199 4200/4200/4200 4201/4201/4201
f 4202/4202/4202 4203/4203/4203 4204/4204/4204
f 4205/4205/4205 4206/4206/4206 4207/4207/4207
f 4208/4208/4208 4209/4209/4209 4210/4210/4210
f 4211/4211/4211 4212/4212/4212 4213/4213/4213
f 4214/4214/4214 4215/4215/4215 4216/4216/4216
f 4217/4217/4217 4218/4218/4218 4219/4219/4219
f 4220/4220/4220 4221/4221/4221 4222/4222/4222
f 4223/4223/4223 4224/4224/4224 4225/4225/4225
f 4226/4226/4226 4227/4227/4227 4228/4228/4228
f 4229/4229/4229 4230/4230/4230 4231/4231/4231
f 4232/4232/4232 4233/4233/4233 4234/4234/4234
f 4235/4235/4235 4236/4236/4236 4237/4237/4237
f 4238/4238/4238 4239/4239/4239 4240/4240/4240
f 4241/4241/4241 4242/4242/4242 4243/4243/4243
f 4244/4244/4244 4245/4245/4245 4246/4246/4246
f 4247/4247/4247 4248/4248/4248 4249/4249/4249
f 4250/4250/4250 4251/4251/4251 4252/4252/4252
f 4253/4253/4253 4254/4254/4254 4255/4255/4255
f 4256/4256/4256 4257/4257/4257 4258/4258/4258
f 4259/4259/4259 4260/4260/4260 4261/4261/4261
f 4262/4262/4262 4263/4263/4263 4264/4264/4264
f 4265/4265/4265 4266/4266/4266 4267/4267/4267
f 4268/4268/4268 4269/4269/4269 4270/4270/4270
f 4271/4271/4271 4272/4272/4272 4273/4273/4273
f 4274/4274/4274 4275/4275/4275 4276/4276/4276
f 4277/4277/4277 4278/4278/4278 4279/4279/4279
f 4280/4280/4280 4281/4281/4281 4282/4282/4282
f 4283/4283/4283 4284/4284/4284 4285/4285/4285
f 4286/4286/4286 4287/4287/4287 4288/4288/4288
f 4289/4289/4289 4290/4290/4290 4291/4291/4291
f 4292/4292/4292 4293/4293/4293 4294/4294/4294
f 4295/4295/4295 4296/4296/4296 4297/4297/4297
f 4298/4298/4298 4299/4299/4299 4300/4300/4300
f 4301/4301/4301 4302/4302/4302 4303/4303/4303
f 4304/4304/4304 4305/4305/4305 4306/4306/4306
f 4307/4307/4307 4308/4308/4308 4309/4309/4309
f 4310/4310/4310 4311/4311/4311 4312/4312/4312
f 4313/4313/4313 4314/4314/4314 4315/4315/4315
f 4316/4316/4316 4317/4317/4317 4318/4318/4318
f 4319/4319/4319 4320/4320/4320 4321/4321/4321
f 4322/4322/4322 4323/4323/4323 4324/4324/4324
f 4325/4325/4325 4326/4326/4326 4327/4327/4327
f 4328/4328/4328 4329/4329/4329 4330/4330/4330
f 4331/4331/4331 4332/4332/4332 4333/4333/4333
f 4334/4334/4334 4335/4335/4335 4336/4336/4336
f 4337/4337/4337 4338/4338/4338 4339/4339/4339
f 4340/4340/4340 4341/4341/4341 4342/4342/4342 4343/4343/4343
f 4344/4344/4344 4345/4345/4345 4346/4346/4346
f 4347/4347/4347 4348/4348/4348 4349/4349/4349
f 4350/4350/4350 4351/4351/4351 4352/4352/4352 4353/4353/4353
f 4354/4354/4354 4355/4355/4355 4356/4356/4356
f 4357/4357/4357 4358/4358/4358 4359/4359/4359
f 4360/4360/4360 4361/4361/4361 4362/4362/4362 4363/4363/4363
f 4364/4364/4364 4365/4365/4365 4366/4366/4366
f 4367/4367/4367 4368/4368/4368 4369/4369/4369
f 4370/4370/4370 4371/4371/4371 4372/4372/4372 4373/4373/4373
f 4374/4374/4374 4375/4375/4375 4376/4376/4376
f 4377/4377/4377 4378/4378/4378 4379/4379/4379
f 4380/4380/4380 4381/4381/4381 4382/4382/4382 4383/4383/4383
f 4384/4384/4384 4385/4385/4385 4386/4386/4386
f 4387/4387/4387 4388/4388/4388 4389/4389/4389
f 4390/4390/4390 4391/4391/4391 4392/4392/4392 4393/4393/4393
f 4394/4394/4394 4395/4395/4395 4396/4396/4396
f 4397/4397/4397 4398/4398/4398 4399/4399/4399
f 4400/4400/4400 4401/4401/4401 4402/4402/4402 4403/4403/4403
f 4404/4404/4404 4405/4405/4405 4406/4406/4406
f 4407/4407/4407 4408/4408/4408 4409/4409/4409
f 4410/4410/4410 4411/4411/4411 4412/4412/4412 4413/4413/4413
f 4414/4414/4414 4415/4415/4415 4416/4416/4416
f 4417/4417/4417 4418/4418/4418 4419/4419/4419
f 4420/4420/4420 4421/4421/4421 4422/4422/4422 4423/4423/4423
f 4424/4424/4424 4425/4425/4425 4426/4426/4426
f 4427/4427/4427 4428/4428/4428 4429/4429/4429
f 4430/4430/4430 4431/4431/4431 4432/4432/4432 4433/4433/4433
f 4434/4434/4434 4435/4435/4435 4436/4436/4436
