# Frieren Arcana anime-style mesh
mtllib arcana_materials.mtl
v 0.78640 0.00000 0.61863
v 0.61863 0.00000 0.78640
v 0.50000 0.00000 0.50000
v 0.78640 0.03000 0.61863
v 0.61863 0.03000 0.78640
v 0.61863 0.00000 0.78640
v 0.78640 0.00000 0.61863
v 0.76331 0.07000 0.60906
v 0.60906 0.07000 0.76331
v 0.61863 0.03000 0.78640
v 0.78640 0.03000 0.61863
v 0.73097 0.08500 0.59567
v 0.59567 0.08500 0.73097
v 0.60906 0.07000 0.76331
v 0.76331 0.07000 0.60906
v 0.50000 0.08500 0.50000
v 0.59567 0.08500 0.73097
v 0.73097 0.08500 0.59567
v 0.61863 0.00000 0.78640
v 0.38137 0.00000 0.78640
v 0.50000 0.00000 0.50000
v 0.61863 0.03000 0.78640
v 0.38137 0.03000 0.78640
v 0.38137 0.00000 0.78640
v 0.61863 0.00000 0.78640
v 0.60906 0.07000 0.76331
v 0.39094 0.07000 0.76331
v 0.38137 0.03000 0.78640
v 0.61863 0.03000 0.78640
v 0.59567 0.08500 0.73097
v 0.40433 0.08500 0.73097
v 0.39094 0.07000 0.76331
v 0.60906 0.07000 0.76331
v 0.50000 0.08500 0.50000
v 0.40433 0.08500 0.73097
v 0.59567 0.08500 0.73097
v 0.38137 0.00000 0.78640
v 0.21360 0.00000 0.61863
v 0.50000 0.00000 0.50000
v 0.38137 0.03000 0.78640
v 0.21360 0.03000 0.61863
v 0.21360 0.00000 0.61863
v 0.38137 0.00000 0.78640
v 0.39094 0.07000 0.76331
v 0.23669 0.07000 0.60906
v 0.21360 0.03000 0.61863
v 0.38137 0.03000 0.78640
v 0.40433 0.08500 0.73097
v 0.26903 0.08500 0.59567
v 0.23669 0.07000 0.60906
v 0.39094 0.07000 0.76331
v 0.50000 0.08500 0.50000
v 0.26903 0.08500 0.59567
v 0.40433 0.08500 0.73097
v 0.21360 0.00000 0.61863
v 0.21360 0.00000 0.38137
v 0.50000 0.00000 0.50000
v 0.21360 0.03000 0.61863
v 0.21360 0.03000 0.38137
v 0.21360 0.00000 0.38137
v 0.21360 0.00000 0.61863
v 0.23669 0.07000 0.60906
v 0.23669 0.07000 0.39094
v 0.21360 0.03000 0.38137
v 0.21360 0.03000 0.61863
v 0.26903 0.08500 0.59567
v 0.26903 0.08500 0.40433
v 0.23669 0.07000 0.39094
v 0.23669 0.07000 0.60906
v 0.50000 0.08500 0.50000
v 0.26903 0.08500 0.40433
v 0.26903 0.08500 0.59567
v 0.21360 0.00000 0.38137
v 0.38137 0.00000 0.21360
v 0.50000 0.00000 0.50000
v 0.21360 0.03000 0.38137
v 0.38137 0.03000 0.21360
v 0.38137 0.00000 0.21360
v 0.21360 0.00000 0.38137
v 0.23669 0.07000 0.39094
v 0.39094 0.07000 0.23669
v 0.38137 0.03000 0.21360
v 0.21360 0.03000 0.38137
v 0.26903 0.08500 0.40433
v 0.40433 0.08500 0.26903
v 0.39094 0.07000 0.23669
v 0.23669 0.07000 0.39094
v 0.50000 0.08500 0.50000
v 0.40433 0.08500 0.26903
v 0.26903 0.08500 0.40433
v 0.38137 0.00000 0.21360
v 0.61863 0.00000 0.21360
v 0.50000 0.00000 0.50000
v 0.38137 0.03000 0.21360
v 0.61863 0.03000 0.21360
v 0.61863 0.00000 0.21360
v 0.38137 0.00000 0.21360
v 0.39094 0.07000 0.23669
v 0.60906 0.07000 0.23669
v 0.61863 0.03000 0.21360
v 0.38137 0.03000 0.21360
v 0.40433 0.08500 0.26903
v 0.59567 0.08500 0.26903
v 0.60906 0.07000 0.23669
v 0.39094 0.07000 0.23669
v 0.50000 0.08500 0.50000
v 0.59567 0.08500 0.26903
v 0.40433 0.08500 0.26903
v 0.61863 0.00000 0.21360
v 0.78640 0.00000 0.38137
v 0.50000 0.00000 0.50000
v 0.61863 0.03000 0.21360
v 0.78640 0.03000 0.38137
v 0.78640 0.00000 0.38137
v 0.61863 0.00000 0.21360
v 0.60906 0.07000 0.23669
v 0.76331 0.07000 0.39094
v 0.78640 0.03000 0.38137
v 0.61863 0.03000 0.21360
v 0.59567 0.08500 0.26903
v 0.73097 0.08500 0.40433
v 0.76331 0.07000 0.39094
v 0.60906 0.07000 0.23669
v 0.50000 0.08500 0.50000
v 0.73097 0.08500 0.40433
v 0.59567 0.08500 0.26903
v 0.78640 0.00000 0.38137
v 0.78640 0.00000 0.61863
v 0.50000 0.00000 0.50000
v 0.78640 0.03000 0.38137
v 0.78640 0.03000 0.61863
v 0.78640 0.00000 0.61863
v 0.78640 0.00000 0.38137
v 0.76331 0.07000 0.39094
v 0.76331 0.07000 0.60906
v 0.78640 0.03000 0.61863
v 0.78640 0.03000 0.38137
v 0.73097 0.08500 0.40433
v 0.73097 0.08500 0.59567
v 0.76331 0.07000 0.60906
v 0.76331 0.07000 0.39094
v 0.50000 0.08500 0.50000
v 0.73097 0.08500 0.59567
v 0.73097 0.08500 0.40433
v 0.80026 0.04500 0.62437
v 0.62437 0.04500 0.80026
v 0.61481 0.03000 0.77716
v 0.77716 0.03000 0.61481
v 0.77716 0.06000 0.61481
v 0.61481 0.06000 0.77716
v 0.62437 0.04500 0.80026
v 0.80026 0.04500 0.62437
v 0.62437 0.04500 0.80026
v 0.37563 0.04500 0.80026
v 0.38519 0.03000 0.77716
v 0.61481 0.03000 0.77716
v 0.61481 0.06000 0.77716
v 0.38519 0.06000 0.77716
v 0.37563 0.04500 0.80026
v 0.62437 0.04500 0.80026
v 0.37563 0.04500 0.80026
v 0.19974 0.04500 0.62437
v 0.22284 0.03000 0.61481
v 0.38519 0.03000 0.77716
v 0.38519 0.06000 0.77716
v 0.22284 0.06000 0.61481
v 0.19974 0.04500 0.62437
v 0.37563 0.04500 0.80026
v 0.19974 0.04500 0.62437
v 0.19974 0.04500 0.37563
v 0.22284 0.03000 0.38519
v 0.22284 0.03000 0.61481
v 0.22284 0.06000 0.61481
v 0.22284 0.06000 0.38519
v 0.19974 0.04500 0.37563
v 0.19974 0.04500 0.62437
v 0.19974 0.04500 0.37563
v 0.37563 0.04500 0.19974
v 0.38519 0.03000 0.22284
v 0.22284 0.03000 0.38519
v 0.22284 0.06000 0.38519
v 0.38519 0.06000 0.22284
v 0.37563 0.04500 0.19974
v 0.19974 0.04500 0.37563
v 0.37563 0.04500 0.19974
v 0.62437 0.04500 0.19974
v 0.61481 0.03000 0.22284
v 0.38519 0.03000 0.22284
v 0.38519 0.06000 0.22284
v 0.61481 0.06000 0.22284
v 0.62437 0.04500 0.19974
v 0.37563 0.04500 0.19974
v 0.62437 0.04500 0.19974
v 0.80026 0.04500 0.37563
v 0.77716 0.03000 0.38519
v 0.61481 0.03000 0.22284
v 0.61481 0.06000 0.22284
v 0.77716 0.06000 0.38519
v 0.80026 0.04500 0.37563
v 0.62437 0.04500 0.19974
v 0.80026 0.04500 0.37563
v 0.80026 0.04500 0.62437
v 0.77716 0.03000 0.61481
v 0.77716 0.03000 0.38519
v 0.77716 0.06000 0.38519
v 0.77716 0.06000 0.61481
v 0.80026 0.04500 0.62437
v 0.80026 0.04500 0.37563
v 0.71500 0.09200 0.50000
v 0.70767 0.09200 0.55565
v 0.69319 0.08600 0.55176
v 0.70000 0.08600 0.50000
v 0.70000 0.09800 0.50000
v 0.69319 0.09800 0.55176
v 0.70767 0.09200 0.55565
v 0.71500 0.09200 0.50000
v 0.70767 0.09200 0.55565
v 0.68620 0.09200 0.60750
v 0.67321 0.08600 0.60000
v 0.69319 0.08600 0.55176
v 0.69319 0.09800 0.55176
v 0.67321 0.09800 0.60000
v 0.68620 0.09200 0.60750
v 0.70767 0.09200 0.55565
v 0.68620 0.09200 0.60750
v 0.65203 0.09200 0.65203
v 0.64142 0.08600 0.64142
v 0.67321 0.08600 0.60000
v 0.67321 0.09800 0.60000
v 0.64142 0.09800 0.64142
v 0.65203 0.09200 0.65203
v 0.68620 0.09200 0.60750
v 0.65203 0.09200 0.65203
v 0.60750 0.09200 0.68620
v 0.60000 0.08600 0.67321
v 0.64142 0.08600 0.64142
v 0.64142 0.09800 0.64142
v 0.60000 0.09800 0.67321
v 0.60750 0.09200 0.68620
v 0.65203 0.09200 0.65203
v 0.60750 0.09200 0.68620
v 0.55565 0.09200 0.70767
v 0.55176 0.08600 0.69319
v 0.60000 0.08600 0.67321
v 0.60000 0.09800 0.67321
v 0.55176 0.09800 0.69319
v 0.55565 0.09200 0.70767
v 0.60750 0.09200 0.68620
v 0.55565 0.09200 0.70767
v 0.50000 0.09200 0.71500
v 0.50000 0.08600 0.70000
v 0.55176 0.08600 0.69319
v 0.55176 0.09800 0.69319
v 0.50000 0.09800 0.70000
v 0.50000 0.09200 0.71500
v 0.55565 0.09200 0.70767
v 0.50000 0.09200 0.71500
v 0.44435 0.09200 0.70767
v 0.44824 0.08600 0.69319
v 0.50000 0.08600 0.70000
v 0.50000 0.09800 0.70000
v 0.44824 0.09800 0.69319
v 0.44435 0.09200 0.70767
v 0.50000 0.09200 0.71500
v 0.44435 0.09200 0.70767
v 0.39250 0.09200 0.68620
v 0.40000 0.08600 0.67321
v 0.44824 0.08600 0.69319
v 0.44824 0.09800 0.69319
v 0.40000 0.09800 0.67321
v 0.39250 0.09200 0.68620
v 0.44435 0.09200 0.70767
v 0.39250 0.09200 0.68620
v 0.34797 0.09200 0.65203
v 0.35858 0.08600 0.64142
v 0.40000 0.08600 0.67321
v 0.40000 0.09800 0.67321
v 0.35858 0.09800 0.64142
v 0.34797 0.09200 0.65203
v 0.39250 0.09200 0.68620
v 0.34797 0.09200 0.65203
v 0.31380 0.09200 0.60750
v 0.32679 0.08600 0.60000
v 0.35858 0.08600 0.64142
v 0.35858 0.09800 0.64142
v 0.32679 0.09800 0.60000
v 0.31380 0.09200 0.60750
v 0.34797 0.09200 0.65203
v 0.31380 0.09200 0.60750
v 0.29233 0.09200 0.55565
v 0.30681 0.08600 0.55176
v 0.32679 0.08600 0.60000
v 0.32679 0.09800 0.60000
v 0.30681 0.09800 0.55176
v 0.29233 0.09200 0.55565
v 0.31380 0.09200 0.60750
v 0.29233 0.09200 0.55565
v 0.28500 0.09200 0.50000
v 0.30000 0.08600 0.50000
v 0.30681 0.08600 0.55176
v 0.30681 0.09800 0.55176
v 0.30000 0.09800 0.50000
v 0.28500 0.09200 0.50000
v 0.29233 0.09200 0.55565
v 0.28500 0.09200 0.50000
v 0.29233 0.09200 0.44435
v 0.30681 0.08600 0.44824
v 0.30000 0.08600 0.50000
v 0.30000 0.09800 0.50000
v 0.30681 0.09800 0.44824
v 0.29233 0.09200 0.44435
v 0.28500 0.09200 0.50000
v 0.29233 0.09200 0.44435
v 0.31380 0.09200 0.39250
v 0.32679 0.08600 0.40000
v 0.30681 0.08600 0.44824
v 0.30681 0.09800 0.44824
v 0.32679 0.09800 0.40000
v 0.31380 0.09200 0.39250
v 0.29233 0.09200 0.44435
v 0.31380 0.09200 0.39250
v 0.34797 0.09200 0.34797
v 0.35858 0.08600 0.35858
v 0.32679 0.08600 0.40000
v 0.32679 0.09800 0.40000
v 0.35858 0.09800 0.35858
v 0.34797 0.09200 0.34797
v 0.31380 0.09200 0.39250
v 0.34797 0.09200 0.34797
v 0.39250 0.09200 0.31380
v 0.40000 0.08600 0.32679
v 0.35858 0.08600 0.35858
v 0.35858 0.09800 0.35858
v 0.40000 0.09800 0.32679
v 0.39250 0.09200 0.31380
v 0.34797 0.09200 0.34797
v 0.39250 0.09200 0.31380
v 0.44435 0.09200 0.29233
v 0.44824 0.08600 0.30681
v 0.40000 0.08600 0.32679
v 0.40000 0.09800 0.32679
v 0.44824 0.09800 0.30681
v 0.44435 0.09200 0.29233
v 0.39250 0.09200 0.31380
v 0.44435 0.09200 0.29233
v 0.50000 0.09200 0.28500
v 0.50000 0.08600 0.30000
v 0.44824 0.08600 0.30681
v 0.44824 0.09800 0.30681
v 0.50000 0.09800 0.30000
v 0.50000 0.09200 0.28500
v 0.44435 0.09200 0.29233
v 0.50000 0.09200 0.28500
v 0.55565 0.09200 0.29233
v 0.55176 0.08600 0.30681
v 0.50000 0.08600 0.30000
v 0.50000 0.09800 0.30000
v 0.55176 0.09800 0.30681
v 0.55565 0.09200 0.29233
v 0.50000 0.09200 0.28500
v 0.55565 0.09200 0.29233
v 0.60750 0.09200 0.31380
v 0.60000 0.08600 0.32679
v 0.55176 0.08600 0.30681
v 0.55176 0.09800 0.30681
v 0.60000 0.09800 0.32679
v 0.60750 0.09200 0.31380
v 0.55565 0.09200 0.29233
v 0.60750 0.09200 0.31380
v 0.65203 0.09200 0.34797
v 0.64142 0.08600 0.35858
v 0.60000 0.08600 0.32679
v 0.60000 0.09800 0.32679
v 0.64142 0.09800 0.35858
v 0.65203 0.09200 0.34797
v 0.60750 0.09200 0.31380
v 0.65203 0.09200 0.34797
v 0.68620 0.09200 0.39250
v 0.67321 0.08600 0.40000
v 0.64142 0.08600 0.35858
v 0.64142 0.09800 0.35858
v 0.67321 0.09800 0.40000
v 0.68620 0.09200 0.39250
v 0.65203 0.09200 0.34797
v 0.68620 0.09200 0.39250
v 0.70767 0.09200 0.44435
v 0.69319 0.08600 0.44824
v 0.67321 0.08600 0.40000
v 0.67321 0.09800 0.40000
v 0.69319 0.09800 0.44824
v 0.70767 0.09200 0.44435
v 0.68620 0.09200 0.39250
v 0.70767 0.09200 0.44435
v 0.71500 0.09200 0.50000
v 0.70000 0.08600 0.50000
v 0.69319 0.08600 0.44824
v 0.69319 0.09800 0.44824
v 0.70000 0.09800 0.50000
v 0.71500 0.09200 0.50000
v 0.70767 0.09200 0.44435
v 0.69000 0.08600 0.50000
v 0.68353 0.08600 0.54918
v 0.50000 0.08600 0.50000
v 0.69000 0.09200 0.50000
v 0.68353 0.09200 0.54918
v 0.68353 0.08600 0.54918
v 0.69000 0.08600 0.50000
v 0.50000 0.09200 0.50000
v 0.68353 0.09200 0.54918
v 0.69000 0.09200 0.50000
v 0.68353 0.08600 0.54918
v 0.66454 0.08600 0.59500
v 0.50000 0.08600 0.50000
v 0.68353 0.09200 0.54918
v 0.66454 0.09200 0.59500
v 0.66454 0.08600 0.59500
v 0.68353 0.08600 0.54918
v 0.50000 0.09200 0.50000
v 0.66454 0.09200 0.59500
v 0.68353 0.09200 0.54918
v 0.66454 0.08600 0.59500
v 0.63435 0.08600 0.63435
v 0.50000 0.08600 0.50000
v 0.66454 0.09200 0.59500
v 0.63435 0.09200 0.63435
v 0.63435 0.08600 0.63435
v 0.66454 0.08600 0.59500
v 0.50000 0.09200 0.50000
v 0.63435 0.09200 0.63435
v 0.66454 0.09200 0.59500
v 0.63435 0.08600 0.63435
v 0.59500 0.08600 0.66454
v 0.50000 0.08600 0.50000
v 0.63435 0.09200 0.63435
v 0.59500 0.09200 0.66454
v 0.59500 0.08600 0.66454
v 0.63435 0.08600 0.63435
v 0.50000 0.09200 0.50000
v 0.59500 0.09200 0.66454
v 0.63435 0.09200 0.63435
v 0.59500 0.08600 0.66454
v 0.54918 0.08600 0.68353
v 0.50000 0.08600 0.50000
v 0.59500 0.09200 0.66454
v 0.54918 0.09200 0.68353
v 0.54918 0.08600 0.68353
v 0.59500 0.08600 0.66454
v 0.50000 0.09200 0.50000
v 0.54918 0.09200 0.68353
v 0.59500 0.09200 0.66454
v 0.54918 0.08600 0.68353
v 0.50000 0.08600 0.69000
v 0.50000 0.08600 0.50000
v 0.54918 0.09200 0.68353
v 0.50000 0.09200 0.69000
v 0.50000 0.08600 0.69000
v 0.54918 0.08600 0.68353
v 0.50000 0.09200 0.50000
v 0.50000 0.09200 0.69000
v 0.54918 0.09200 0.68353
v 0.50000 0.08600 0.69000
v 0.45082 0.08600 0.68353
v 0.50000 0.08600 0.50000
v 0.50000 0.09200 0.69000
v 0.45082 0.09200 0.68353
v 0.45082 0.08600 0.68353
v 0.50000 0.08600 0.69000
v 0.50000 0.09200 0.50000
v 0.45082 0.09200 0.68353
v 0.50000 0.09200 0.69000
v 0.45082 0.08600 0.68353
v 0.40500 0.08600 0.66454
v 0.50000 0.08600 0.50000
v 0.45082 0.09200 0.68353
v 0.40500 0.09200 0.66454
v 0.40500 0.08600 0.66454
v 0.45082 0.08600 0.68353
v 0.50000 0.09200 0.50000
v 0.40500 0.09200 0.66454
v 0.45082 0.09200 0.68353
v 0.40500 0.08600 0.66454
v 0.36565 0.08600 0.63435
v 0.50000 0.08600 0.50000
v 0.40500 0.09200 0.66454
v 0.36565 0.09200 0.63435
v 0.36565 0.08600 0.63435
v 0.40500 0.08600 0.66454
v 0.50000 0.09200 0.50000
v 0.36565 0.09200 0.63435
v 0.40500 0.09200 0.66454
v 0.36565 0.08600 0.63435
v 0.33546 0.08600 0.59500
v 0.50000 0.08600 0.50000
v 0.36565 0.09200 0.63435
v 0.33546 0.09200 0.59500
v 0.33546 0.08600 0.59500
v 0.36565 0.08600 0.63435
v 0.50000 0.09200 0.50000
v 0.33546 0.09200 0.59500
v 0.36565 0.09200 0.63435
v 0.33546 0.08600 0.59500
v 0.31647 0.08600 0.54918
v 0.50000 0.08600 0.50000
v 0.33546 0.09200 0.59500
v 0.31647 0.09200 0.54918
v 0.31647 0.08600 0.54918
v 0.33546 0.08600 0.59500
v 0.50000 0.09200 0.50000
v 0.31647 0.09200 0.54918
v 0.33546 0.09200 0.59500
v 0.31647 0.08600 0.54918
v 0.31000 0.08600 0.50000
v 0.50000 0.08600 0.50000
v 0.31647 0.09200 0.54918
v 0.31000 0.09200 0.50000
v 0.31000 0.08600 0.50000
v 0.31647 0.08600 0.54918
v 0.50000 0.09200 0.50000
v 0.31000 0.09200 0.50000
v 0.31647 0.09200 0.54918
v 0.31000 0.08600 0.50000
v 0.31647 0.08600 0.45082
v 0.50000 0.08600 0.50000
v 0.31000 0.09200 0.50000
v 0.31647 0.09200 0.45082
v 0.31647 0.08600 0.45082
v 0.31000 0.08600 0.50000
v 0.50000 0.09200 0.50000
v 0.31647 0.09200 0.45082
v 0.31000 0.09200 0.50000
v 0.31647 0.08600 0.45082
v 0.33546 0.08600 0.40500
v 0.50000 0.08600 0.50000
v 0.31647 0.09200 0.45082
v 0.33546 0.09200 0.40500
v 0.33546 0.08600 0.40500
v 0.31647 0.08600 0.45082
v 0.50000 0.09200 0.50000
v 0.33546 0.09200 0.40500
v 0.31647 0.09200 0.45082
v 0.33546 0.08600 0.40500
v 0.36565 0.08600 0.36565
v 0.50000 0.08600 0.50000
v 0.33546 0.09200 0.40500
v 0.36565 0.09200 0.36565
v 0.36565 0.08600 0.36565
v 0.33546 0.08600 0.40500
v 0.50000 0.09200 0.50000
v 0.36565 0.09200 0.36565
v 0.33546 0.09200 0.40500
v 0.36565 0.08600 0.36565
v 0.40500 0.08600 0.33546
v 0.50000 0.08600 0.50000
v 0.36565 0.09200 0.36565
v 0.40500 0.09200 0.33546
v 0.40500 0.08600 0.33546
v 0.36565 0.08600 0.36565
v 0.50000 0.09200 0.50000
v 0.40500 0.09200 0.33546
v 0.36565 0.09200 0.36565
v 0.40500 0.08600 0.33546
v 0.45082 0.08600 0.31647
v 0.50000 0.08600 0.50000
v 0.40500 0.09200 0.33546
v 0.45082 0.09200 0.31647
v 0.45082 0.08600 0.31647
v 0.40500 0.08600 0.33546
v 0.50000 0.09200 0.50000
v 0.45082 0.09200 0.31647
v 0.40500 0.09200 0.33546
v 0.45082 0.08600 0.31647
v 0.50000 0.08600 0.31000
v 0.50000 0.08600 0.50000
v 0.45082 0.09200 0.31647
v 0.50000 0.09200 0.31000
v 0.50000 0.08600 0.31000
v 0.45082 0.08600 0.31647
v 0.50000 0.09200 0.50000
v 0.50000 0.09200 0.31000
v 0.45082 0.09200 0.31647
v 0.50000 0.08600 0.31000
v 0.54918 0.08600 0.31647
v 0.50000 0.08600 0.50000
v 0.50000 0.09200 0.31000
v 0.54918 0.09200 0.31647
v 0.54918 0.08600 0.31647
v 0.50000 0.08600 0.31000
v 0.50000 0.09200 0.50000
v 0.54918 0.09200 0.31647
v 0.50000 0.09200 0.31000
v 0.54918 0.08600 0.31647
v 0.59500 0.08600 0.33546
v 0.50000 0.08600 0.50000
v 0.54918 0.09200 0.31647
v 0.59500 0.09200 0.33546
v 0.59500 0.08600 0.33546
v 0.54918 0.08600 0.31647
v 0.50000 0.09200 0.50000
v 0.59500 0.09200 0.33546
v 0.54918 0.09200 0.31647
v 0.59500 0.08600 0.33546
v 0.63435 0.08600 0.36565
v 0.50000 0.08600 0.50000
v 0.59500 0.09200 0.33546
v 0.63435 0.09200 0.36565
v 0.63435 0.08600 0.36565
v 0.59500 0.08600 0.33546
v 0.50000 0.09200 0.50000
v 0.63435 0.09200 0.36565
v 0.59500 0.09200 0.33546
v 0.63435 0.08600 0.36565
v 0.66454 0.08600 0.40500
v 0.50000 0.08600 0.50000
v 0.63435 0.09200 0.36565
v 0.66454 0.09200 0.40500
v 0.66454 0.08600 0.40500
v 0.63435 0.08600 0.36565
v 0.50000 0.09200 0.50000
v 0.66454 0.09200 0.40500
v 0.63435 0.09200 0.36565
v 0.66454 0.08600 0.40500
v 0.68353 0.08600 0.45082
v 0.50000 0.08600 0.50000
v 0.66454 0.09200 0.40500
v 0.68353 0.09200 0.45082
v 0.68353 0.08600 0.45082
v 0.66454 0.08600 0.40500
v 0.50000 0.09200 0.50000
v 0.68353 0.09200 0.45082
v 0.66454 0.09200 0.40500
v 0.68353 0.08600 0.45082
v 0.69000 0.08600 0.50000
v 0.50000 0.08600 0.50000
v 0.68353 0.09200 0.45082
v 0.69000 0.09200 0.50000
v 0.69000 0.08600 0.50000
v 0.68353 0.08600 0.45082
v 0.50000 0.09200 0.50000
v 0.69000 0.09200 0.50000
v 0.68353 0.09200 0.45082
v 0.73500 0.12800 0.50000
v 0.73500 0.09800 0.51800
v 0.75300 0.09800 0.50000
v 0.75300 0.09800 0.50000
v 0.73500 0.09800 0.51800
v 0.73500 0.09800 0.50000
v 0.73500 0.12800 0.50000
v 0.71700 0.09800 0.50000
v 0.73500 0.09800 0.51800
v 0.73500 0.09800 0.51800
v 0.71700 0.09800 0.50000
v 0.73500 0.09800 0.50000
v 0.73500 0.12800 0.50000
v 0.73500 0.09800 0.48200
v 0.71700 0.09800 0.50000
v 0.71700 0.09800 0.50000
v 0.73500 0.09800 0.48200
v 0.73500 0.09800 0.50000
v 0.73500 0.12800 0.50000
v 0.75300 0.09800 0.50000
v 0.73500 0.09800 0.48200
v 0.73500 0.09800 0.48200
v 0.75300 0.09800 0.50000
v 0.73500 0.09800 0.50000
v 0.57262 0.12800 0.72350
v 0.57262 0.09800 0.74150
v 0.59062 0.09800 0.72350
v 0.59062 0.09800 0.72350
v 0.57262 0.09800 0.74150
v 0.57262 0.09800 0.72350
v 0.57262 0.12800 0.72350
v 0.55462 0.09800 0.72350
v 0.57262 0.09800 0.74150
v 0.57262 0.09800 0.74150
v 0.55462 0.09800 0.72350
v 0.57262 0.09800 0.72350
v 0.57262 0.12800 0.72350
v 0.57262 0.09800 0.70550
v 0.55462 0.09800 0.72350
v 0.55462 0.09800 0.72350
v 0.57262 0.09800 0.70550
v 0.57262 0.09800 0.72350
v 0.57262 0.12800 0.72350
v 0.59062 0.09800 0.72350
v 0.57262 0.09800 0.70550
v 0.57262 0.09800 0.70550
v 0.59062 0.09800 0.72350
v 0.57262 0.09800 0.72350
v 0.30988 0.12800 0.63813
v 0.30988 0.09800 0.65613
v 0.32788 0.09800 0.63813
v 0.32788 0.09800 0.63813
v 0.30988 0.09800 0.65613
v 0.30988 0.09800 0.63813
v 0.30988 0.12800 0.63813
v 0.29188 0.09800 0.63813
v 0.30988 0.09800 0.65613
v 0.30988 0.09800 0.65613
v 0.29188 0.09800 0.63813
v 0.30988 0.09800 0.63813
v 0.30988 0.12800 0.63813
v 0.30988 0.09800 0.62013
v 0.29188 0.09800 0.63813
v 0.29188 0.09800 0.63813
v 0.30988 0.09800 0.62013
v 0.30988 0.09800 0.63813
v 0.30988 0.12800 0.63813
v 0.32788 0.09800 0.63813
v 0.30988 0.09800 0.62013
v 0.30988 0.09800 0.62013
v 0.32788 0.09800 0.63813
v 0.30988 0.09800 0.63813
v 0.30988 0.12800 0.36187
v 0.30988 0.09800 0.37987
v 0.32788 0.09800 0.36187
v 0.32788 0.09800 0.36187
v 0.30988 0.09800 0.37987
v 0.30988 0.09800 0.36187
v 0.30988 0.12800 0.36187
v 0.29188 0.09800 0.36187
v 0.30988 0.09800 0.37987
v 0.30988 0.09800 0.37987
v 0.29188 0.09800 0.36187
v 0.30988 0.09800 0.36187
v 0.30988 0.12800 0.36187
v 0.30988 0.09800 0.34387
v 0.29188 0.09800 0.36187
v 0.29188 0.09800 0.36187
v 0.30988 0.09800 0.34387
v 0.30988 0.09800 0.36187
v 0.30988 0.12800 0.36187
v 0.32788 0.09800 0.36187
v 0.30988 0.09800 0.34387
v 0.30988 0.09800 0.34387
v 0.32788 0.09800 0.36187
v 0.30988 0.09800 0.36187
v 0.57262 0.12800 0.27650
v 0.57262 0.09800 0.29450
v 0.59062 0.09800 0.27650
v 0.59062 0.09800 0.27650
v 0.57262 0.09800 0.29450
v 0.57262 0.09800 0.27650
v 0.57262 0.12800 0.27650
v 0.55462 0.09800 0.27650
v 0.57262 0.09800 0.29450
v 0.57262 0.09800 0.29450
v 0.55462 0.09800 0.27650
v 0.57262 0.09800 0.27650
v 0.57262 0.12800 0.27650
v 0.57262 0.09800 0.25850
v 0.55462 0.09800 0.27650
v 0.55462 0.09800 0.27650
v 0.57262 0.09800 0.25850
v 0.57262 0.09800 0.27650
v 0.57262 0.12800 0.27650
v 0.59062 0.09800 0.27650
v 0.57262 0.09800 0.25850
v 0.57262 0.09800 0.25850
v 0.59062 0.09800 0.27650
v 0.57262 0.09800 0.27650
v 0.50000 0.58500 0.50000
v 0.54150 0.44000 0.57188
v 0.58300 0.44000 0.50000
v 0.58300 0.44000 0.50000
v 0.54150 0.44000 0.57188
v 0.50000 0.32400 0.50000
v 0.50000 0.58500 0.50000
v 0.45850 0.44000 0.57188
v 0.54150 0.44000 0.57188
v 0.54150 0.44000 0.57188
v 0.45850 0.44000 0.57188
v 0.50000 0.32400 0.50000
v 0.50000 0.58500 0.50000
v 0.41700 0.44000 0.50000
v 0.45850 0.44000 0.57188
v 0.45850 0.44000 0.57188
v 0.41700 0.44000 0.50000
v 0.50000 0.32400 0.50000
v 0.50000 0.58500 0.50000
v 0.45850 0.44000 0.42812
v 0.41700 0.44000 0.50000
v 0.41700 0.44000 0.50000
v 0.45850 0.44000 0.42812
v 0.50000 0.32400 0.50000
v 0.50000 0.58500 0.50000
v 0.54150 0.44000 0.42812
v 0.45850 0.44000 0.42812
v 0.45850 0.44000 0.42812
v 0.54150 0.44000 0.42812
v 0.50000 0.32400 0.50000
v 0.50000 0.58500 0.50000
v 0.58300 0.44000 0.50000
v 0.54150 0.44000 0.42812
v 0.54150 0.44000 0.42812
v 0.58300 0.44000 0.50000
v 0.50000 0.32400 0.50000
v 0.50000 0.54658 0.50000
v 0.50103 0.44000 0.54356
v 0.53824 0.44000 0.52089
v 0.53824 0.44000 0.52089
v 0.50103 0.44000 0.54356
v 0.50000 0.35626 0.50000
v 0.50000 0.54658 0.50000
v 0.46279 0.44000 0.52267
v 0.50103 0.44000 0.54356
v 0.50103 0.44000 0.54356
v 0.46279 0.44000 0.52267
v 0.50000 0.35626 0.50000
v 0.50000 0.54658 0.50000
v 0.46176 0.44000 0.47911
v 0.46279 0.44000 0.52267
v 0.46279 0.44000 0.52267
v 0.46176 0.44000 0.47911
v 0.50000 0.35626 0.50000
v 0.50000 0.54658 0.50000
v 0.49897 0.44000 0.45644
v 0.46176 0.44000 0.47911
v 0.46176 0.44000 0.47911
v 0.49897 0.44000 0.45644
v 0.50000 0.35626 0.50000
v 0.50000 0.54658 0.50000
v 0.53721 0.44000 0.47733
v 0.49897 0.44000 0.45644
v 0.49897 0.44000 0.45644
v 0.53721 0.44000 0.47733
v 0.50000 0.35626 0.50000
v 0.50000 0.54658 0.50000
v 0.53824 0.44000 0.52089
v 0.53721 0.44000 0.47733
v 0.53721 0.44000 0.47733
v 0.53824 0.44000 0.52089
v 0.50000 0.35626 0.50000
v 0.66090 0.08725 0.73383
v 0.64824 0.08280 0.71156
v 0.64168 0.15158 0.70226
v 0.65363 0.15744 0.72322
v 0.64824 0.08280 0.71156
v 0.62234 0.08056 0.71156
v 0.61703 0.14863 0.70243
v 0.64168 0.15158 0.70226
v 0.62234 0.08056 0.71156
v 0.60910 0.08275 0.73383
v 0.60432 0.15153 0.72356
v 0.61703 0.14863 0.70243
v 0.60910 0.08275 0.73383
v 0.62176 0.08720 0.75610
v 0.61627 0.15738 0.74453
v 0.60432 0.15153 0.72356
v 0.62176 0.08720 0.75610
v 0.64766 0.08944 0.75610
v 0.64093 0.16033 0.74436
v 0.61627 0.15738 0.74453
v 0.64766 0.08944 0.75610
v 0.66090 0.08725 0.73383
v 0.65363 0.15744 0.72322
v 0.64093 0.16033 0.74436
v 0.65363 0.15744 0.72322
v 0.64168 0.15158 0.70226
v 0.63259 0.20184 0.68861
v 0.64362 0.21015 0.70782
v 0.64168 0.15158 0.70226
v 0.61703 0.14863 0.70243
v 0.60930 0.19766 0.68921
v 0.63259 0.20184 0.68861
v 0.61703 0.14863 0.70243
v 0.60432 0.15153 0.72356
v 0.59705 0.20180 0.70903
v 0.60930 0.19766 0.68921
v 0.60432 0.15153 0.72356
v 0.61627 0.15738 0.74453
v 0.60808 0.21012 0.72824
v 0.59705 0.20180 0.70903
v 0.61627 0.15738 0.74453
v 0.64093 0.16033 0.74436
v 0.63137 0.21429 0.72764
v 0.60808 0.21012 0.72824
v 0.64093 0.16033 0.74436
v 0.65363 0.15744 0.72322
v 0.64362 0.21015 0.70782
v 0.63137 0.21429 0.72764
v 0.64362 0.21015 0.70782
v 0.63259 0.20184 0.68861
v 0.62238 0.24779 0.67296
v 0.63263 0.25690 0.69079
v 0.63259 0.20184 0.68861
v 0.60930 0.19766 0.68921
v 0.60036 0.24322 0.67376
v 0.62238 0.24779 0.67296
v 0.60930 0.19766 0.68921
v 0.59705 0.20180 0.70903
v 0.58860 0.24776 0.69239
v 0.60036 0.24322 0.67376
v 0.59705 0.20180 0.70903
v 0.60808 0.21012 0.72824
v 0.59885 0.25687 0.71023
v 0.58860 0.24776 0.69239
v 0.60808 0.21012 0.72824
v 0.63137 0.21429 0.72764
v 0.62087 0.26144 0.70943
v 0.59885 0.25687 0.71023
v 0.63137 0.21429 0.72764
v 0.64362 0.21015 0.70782
v 0.63263 0.25690 0.69079
v 0.62087 0.26144 0.70943
v 0.63263 0.25690 0.69079
v 0.62238 0.24779 0.67296
v 0.61169 0.29104 0.65648
v 0.62129 0.30025 0.67316
v 0.62238 0.24779 0.67296
v 0.60036 0.24322 0.67376
v 0.59088 0.28643 0.65735
v 0.61169 0.29104 0.65648
v 0.60036 0.24322 0.67376
v 0.58860 0.24776 0.69239
v 0.57967 0.29102 0.67491
v 0.59088 0.28643 0.65735
v 0.58860 0.24776 0.69239
v 0.59885 0.25687 0.71023
v 0.58927 0.30022 0.69159
v 0.57967 0.29102 0.67491
v 0.59885 0.25687 0.71023
v 0.62087 0.26144 0.70943
v 0.61008 0.30484 0.69072
v 0.58927 0.30022 0.69159
v 0.62087 0.26144 0.70943
v 0.63263 0.25690 0.69079
v 0.62129 0.30025 0.67316
v 0.61008 0.30484 0.69072
v 0.62129 0.30025 0.67316
v 0.61169 0.29104 0.65648
v 0.60103 0.33239 0.64003
v 0.61007 0.34122 0.65575
v 0.61169 0.29104 0.65648
v 0.59088 0.28643 0.65735
v 0.58137 0.32797 0.64089
v 0.60103 0.33239 0.64003
v 0.59088 0.28643 0.65735
v 0.57967 0.29102 0.67491
v 0.57076 0.33237 0.65746
v 0.58137 0.32797 0.64089
v 0.57967 0.29102 0.67491
v 0.58927 0.30022 0.69159
v 0.57980 0.34120 0.67317
v 0.57076 0.33237 0.65746
v 0.58927 0.30022 0.69159
v 0.61008 0.30484 0.69072
v 0.59946 0.34563 0.67232
v 0.57980 0.34120 0.67317
v 0.61008 0.30484 0.69072
v 0.62129 0.30025 0.67316
v 0.61007 0.34122 0.65575
v 0.59946 0.34563 0.67232
v 0.61007 0.34122 0.65575
v 0.60103 0.33239 0.64003
v 0.59080 0.37230 0.62434
v 0.59938 0.38040 0.63924
v 0.60103 0.33239 0.64003
v 0.58137 0.32797 0.64089
v 0.57226 0.36824 0.62511
v 0.59080 0.37230 0.62434
v 0.58137 0.32797 0.64089
v 0.57076 0.33237 0.65746
v 0.56229 0.37228 0.64077
v 0.57226 0.36824 0.62511
v 0.57076 0.33237 0.65746
v 0.57980 0.34120 0.67317
v 0.57086 0.38038 0.65566
v 0.56229 0.37228 0.64077
v 0.57980 0.34120 0.67317
v 0.59946 0.34563 0.67232
v 0.58940 0.38444 0.65490
v 0.57086 0.38038 0.65566
v 0.59946 0.34563 0.67232
v 0.61007 0.34122 0.65575
v 0.59938 0.38040 0.63924
v 0.58940 0.38444 0.65490
v 0.59938 0.38040 0.63924
v 0.59080 0.37230 0.62434
v 0.58139 0.41104 0.61006
v 0.58955 0.41813 0.62424
v 0.59080 0.37230 0.62434
v 0.57226 0.36824 0.62511
v 0.56392 0.40749 0.61068
v 0.58139 0.41104 0.61006
v 0.57226 0.36824 0.62511
v 0.56229 0.37228 0.64077
v 0.55462 0.41102 0.62548
v 0.56392 0.40749 0.61068
v 0.56229 0.37228 0.64077
v 0.57086 0.38038 0.65566
v 0.56279 0.41811 0.63966
v 0.55462 0.41102 0.62548
v 0.57086 0.38038 0.65566
v 0.58940 0.38444 0.65490
v 0.58025 0.42167 0.63904
v 0.56279 0.41811 0.63966
v 0.58940 0.38444 0.65490
v 0.59938 0.38040 0.63924
v 0.58955 0.41813 0.62424
v 0.58025 0.42167 0.63904
v 0.58955 0.41813 0.62424
v 0.58139 0.41104 0.61006
v 0.57310 0.44881 0.59774
v 0.58090 0.45466 0.61126
v 0.58139 0.41104 0.61006
v 0.56392 0.40749 0.61068
v 0.55670 0.44587 0.59819
v 0.57310 0.44881 0.59774
v 0.56392 0.40749 0.61068
v 0.55462 0.41102 0.62548
v 0.54810 0.44880 0.61216
v 0.55670 0.44587 0.59819
v 0.55462 0.41102 0.62548
v 0.56279 0.41811 0.63966
v 0.55589 0.45466 0.62568
v 0.54810 0.44880 0.61216
v 0.56279 0.41811 0.63966
v 0.58025 0.42167 0.63904
v 0.57229 0.45759 0.62523
v 0.55589 0.45466 0.62568
v 0.58025 0.42167 0.63904
v 0.58955 0.41813 0.62424
v 0.58090 0.45466 0.61126
v 0.57229 0.45759 0.62523
v 0.58090 0.45466 0.61126
v 0.57310 0.44881 0.59774
v 0.56622 0.48574 0.58786
v 0.57365 0.49019 0.60071
v 0.57310 0.44881 0.59774
v 0.55670 0.44587 0.59819
v 0.55088 0.48351 0.58815
v 0.56622 0.48574 0.58786
v 0.55670 0.44587 0.59819
v 0.54810 0.44880 0.61216
v 0.54298 0.48574 0.60129
v 0.55088 0.48351 0.58815
v 0.54810 0.44880 0.61216
v 0.55589 0.45466 0.62568
v 0.55041 0.49020 0.61415
v 0.54298 0.48574 0.60129
v 0.55589 0.45466 0.62568
v 0.57229 0.45759 0.62523
v 0.56574 0.49242 0.61386
v 0.55041 0.49020 0.61415
v 0.57229 0.45759 0.62523
v 0.58090 0.45466 0.61126
v 0.57365 0.49019 0.60071
v 0.56574 0.49242 0.61386
v 0.57365 0.49019 0.60071
v 0.56622 0.48574 0.58786
v 0.56096 0.52193 0.58080
v 0.56800 0.52487 0.59293
v 0.56622 0.48574 0.58786
v 0.55088 0.48351 0.58815
v 0.54671 0.52046 0.58096
v 0.56096 0.52193 0.58080
v 0.55088 0.48351 0.58815
v 0.54298 0.48574 0.60129
v 0.53949 0.52194 0.59325
v 0.54671 0.52046 0.58096
v 0.54298 0.48574 0.60129
v 0.55041 0.49020 0.61415
v 0.54653 0.52488 0.60538
v 0.53949 0.52194 0.59325
v 0.55041 0.49020 0.61415
v 0.56574 0.49242 0.61386
v 0.56078 0.52635 0.60522
v 0.54653 0.52488 0.60538
v 0.56574 0.49242 0.61386
v 0.57365 0.49019 0.60071
v 0.56800 0.52487 0.59293
v 0.56078 0.52635 0.60522
v 0.56800 0.52487 0.59293
v 0.56096 0.52193 0.58080
v 0.55750 0.55742 0.57684
v 0.56409 0.55885 0.58815
v 0.56096 0.52193 0.58080
v 0.54671 0.52046 0.58096
v 0.54435 0.55672 0.57693
v 0.55750 0.55742 0.57684
v 0.54671 0.52046 0.58096
v 0.53949 0.52194 0.59325
v 0.53780 0.55743 0.58832
v 0.54435 0.55672 0.57693
v 0.53949 0.52194 0.59325
v 0.54653 0.52488 0.60538
v 0.54439 0.55886 0.59963
v 0.53780 0.55743 0.58832
v 0.54653 0.52488 0.60538
v 0.56078 0.52635 0.60522
v 0.55754 0.55957 0.59955
v 0.54439 0.55886 0.59963
v 0.56078 0.52635 0.60522
v 0.56800 0.52487 0.59293
v 0.56409 0.55885 0.58815
v 0.55754 0.55957 0.59955
v 0.56409 0.55885 0.58815
v 0.55750 0.55742 0.57684
v 0.55596 0.59192 0.57619
v 0.56200 0.59258 0.58654
v 0.55750 0.55742 0.57684
v 0.54435 0.55672 0.57693
v 0.54396 0.59159 0.57625
v 0.55596 0.59192 0.57619
v 0.54435 0.55672 0.57693
v 0.53780 0.55743 0.58832
v 0.53800 0.59192 0.58667
v 0.54396 0.59159 0.57625
v 0.53780 0.55743 0.58832
v 0.54439 0.55886 0.59963
v 0.54404 0.59258 0.59701
v 0.53800 0.59192 0.58667
v 0.54439 0.55886 0.59963
v 0.55754 0.55957 0.59955
v 0.55604 0.59291 0.59695
v 0.54404 0.59258 0.59701
v 0.55754 0.55957 0.59955
v 0.56409 0.55885 0.58815
v 0.56200 0.59258 0.58654
v 0.55604 0.59291 0.59695
v 0.64766 0.08944 0.75610
v 0.62176 0.08720 0.75610
v 0.60910 0.08275 0.73383
v 0.62234 0.08056 0.71156
v 0.64824 0.08280 0.71156
v 0.66090 0.08725 0.73383
v 0.56200 0.59258 0.58654
v 0.55596 0.59192 0.57619
v 0.54396 0.59159 0.57625
v 0.53800 0.59192 0.58667
v 0.54404 0.59258 0.59701
v 0.55604 0.59291 0.59695
v 0.56131 0.58094 0.58660
v 0.55566 0.58094 0.59640
v 0.55000 0.57625 0.58660
v 0.56600 0.59225 0.58660
v 0.55800 0.59225 0.60046
v 0.55566 0.58094 0.59640
v 0.56131 0.58094 0.58660
v 0.56131 0.60356 0.58660
v 0.55566 0.60356 0.59640
v 0.55800 0.59225 0.60046
v 0.56600 0.59225 0.58660
v 0.55000 0.60825 0.58660
v 0.55566 0.60356 0.59640
v 0.56131 0.60356 0.58660
v 0.55566 0.58094 0.59640
v 0.54434 0.58094 0.59640
v 0.55000 0.57625 0.58660
v 0.55800 0.59225 0.60046
v 0.54200 0.59225 0.60046
v 0.54434 0.58094 0.59640
v 0.55566 0.58094 0.59640
v 0.55566 0.60356 0.59640
v 0.54434 0.60356 0.59640
v 0.54200 0.59225 0.60046
v 0.55800 0.59225 0.60046
v 0.55000 0.60825 0.58660
v 0.54434 0.60356 0.59640
v 0.55566 0.60356 0.59640
v 0.54434 0.58094 0.59640
v 0.53869 0.58094 0.58660
v 0.55000 0.57625 0.58660
v 0.54200 0.59225 0.60046
v 0.53400 0.59225 0.58660
v 0.53869 0.58094 0.58660
v 0.54434 0.58094 0.59640
v 0.54434 0.60356 0.59640
v 0.53869 0.60356 0.58660
v 0.53400 0.59225 0.58660
v 0.54200 0.59225 0.60046
v 0.55000 0.60825 0.58660
v 0.53869 0.60356 0.58660
v 0.54434 0.60356 0.59640
v 0.53869 0.58094 0.58660
v 0.54434 0.58094 0.57680
v 0.55000 0.57625 0.58660
v 0.53400 0.59225 0.58660
v 0.54200 0.59225 0.57275
v 0.54434 0.58094 0.57680
v 0.53869 0.58094 0.58660
v 0.53869 0.60356 0.58660
v 0.54434 0.60356 0.57680
v 0.54200 0.59225 0.57275
v 0.53400 0.59225 0.58660
v 0.55000 0.60825 0.58660
v 0.54434 0.60356 0.57680
v 0.53869 0.60356 0.58660
v 0.54434 0.58094 0.57680
v 0.55566 0.58094 0.57680
v 0.55000 0.57625 0.58660
v 0.54200 0.59225 0.57275
v 0.55800 0.59225 0.57275
v 0.55566 0.58094 0.57680
v 0.54434 0.58094 0.57680
v 0.54434 0.60356 0.57680
v 0.55566 0.60356 0.57680
v 0.55800 0.59225 0.57275
v 0.54200 0.59225 0.57275
v 0.55000 0.60825 0.58660
v 0.55566 0.60356 0.57680
v 0.54434 0.60356 0.57680
v 0.55566 0.58094 0.57680
v 0.56131 0.58094 0.58660
v 0.55000 0.57625 0.58660
v 0.55800 0.59225 0.57275
v 0.56600 0.59225 0.58660
v 0.56131 0.58094 0.58660
v 0.55566 0.58094 0.57680
v 0.55566 0.60356 0.57680
v 0.56131 0.60356 0.58660
v 0.56600 0.59225 0.58660
v 0.55800 0.59225 0.57275
v 0.55000 0.60825 0.58660
v 0.56131 0.60356 0.58660
v 0.55566 0.60356 0.57680
v 0.25562 0.08056 0.50000
v 0.24281 0.08278 0.47748
v 0.25411 0.15156 0.47849
v 0.26618 0.14863 0.50000
v 0.24281 0.08278 0.47748
v 0.21719 0.08722 0.47748
v 0.22998 0.15741 0.47849
v 0.25411 0.15156 0.47849
v 0.21719 0.08722 0.47748
v 0.20438 0.08944 0.50000
v 0.21791 0.16033 0.50000
v 0.22998 0.15741 0.47849
v 0.20438 0.08944 0.50000
v 0.21719 0.08722 0.52252
v 0.22998 0.15741 0.52151
v 0.21791 0.16033 0.50000
v 0.21719 0.08722 0.52252
v 0.24281 0.08278 0.52252
v 0.25411 0.15156 0.52151
v 0.22998 0.15741 0.52151
v 0.24281 0.08278 0.52252
v 0.25562 0.08056 0.50000
v 0.26618 0.14863 0.50000
v 0.25411 0.15156 0.52151
v 0.26618 0.14863 0.50000
v 0.25411 0.15156 0.47849
v 0.27041 0.20182 0.47950
v 0.28149 0.19766 0.50000
v 0.25411 0.15156 0.47849
v 0.22998 0.15741 0.47849
v 0.24825 0.21013 0.47950
v 0.27041 0.20182 0.47950
v 0.22998 0.15741 0.47849
v 0.21791 0.16033 0.50000
v 0.23717 0.21429 0.50000
v 0.24825 0.21013 0.47950
v 0.21791 0.16033 0.50000
v 0.22998 0.15741 0.52151
v 0.24825 0.21013 0.52050
v 0.23717 0.21429 0.50000
v 0.22998 0.15741 0.52151
v 0.25411 0.15156 0.52151
v 0.27041 0.20182 0.52050
v 0.24825 0.21013 0.52050
v 0.25411 0.15156 0.52151
v 0.26618 0.14863 0.50000
v 0.28149 0.19766 0.50000
v 0.27041 0.20182 0.52050
v 0.28149 0.19766 0.50000
v 0.27041 0.20182 0.47950
v 0.28905 0.24777 0.48051
v 0.29934 0.24322 0.50000
v 0.27041 0.20182 0.47950
v 0.24825 0.21013 0.47950
v 0.26848 0.25689 0.48051
v 0.28905 0.24777 0.48051
v 0.24825 0.21013 0.47950
v 0.23717 0.21429 0.50000
v 0.25820 0.26144 0.50000
v 0.26848 0.25689 0.48051
v 0.23717 0.21429 0.50000
v 0.24825 0.21013 0.52050
v 0.26848 0.25689 0.51949
v 0.25820 0.26144 0.50000
v 0.24825 0.21013 0.52050
v 0.27041 0.20182 0.52050
v 0.28905 0.24777 0.51949
v 0.26848 0.25689 0.51949
v 0.27041 0.20182 0.52050
v 0.28149 0.19766 0.50000
v 0.29934 0.24322 0.50000
v 0.28905 0.24777 0.51949
v 0.29934 0.24322 0.50000
v 0.28905 0.24777 0.48051
v 0.30866 0.29103 0.48152
v 0.31829 0.28643 0.50000
v 0.28905 0.24777 0.48051
v 0.26848 0.25689 0.48051
v 0.28942 0.30024 0.48152
v 0.30866 0.29103 0.48152
v 0.26848 0.25689 0.48051
v 0.25820 0.26144 0.50000
v 0.27980 0.30484 0.50000
v 0.28942 0.30024 0.48152
v 0.25820 0.26144 0.50000
v 0.26848 0.25689 0.51949
v 0.28942 0.30024 0.51848
v 0.27980 0.30484 0.50000
v 0.26848 0.25689 0.51949
v 0.28905 0.24777 0.51949
v 0.30866 0.29103 0.51848
v 0.28942 0.30024 0.51848
v 0.28905 0.24777 0.51949
v 0.29934 0.24322 0.50000
v 0.31829 0.28643 0.50000
v 0.30866 0.29103 0.51848
v 0.31829 0.28643 0.50000
v 0.30866 0.29103 0.48152
v 0.32824 0.33238 0.48254
v 0.33730 0.32797 0.50000
v 0.30866 0.29103 0.48152
v 0.28942 0.30024 0.48152
v 0.31011 0.34121 0.48254
v 0.32824 0.33238 0.48254
v 0.28942 0.30024 0.48152
v 0.27980 0.30484 0.50000
v 0.30104 0.34563 0.50000
v 0.31011 0.34121 0.48254
v 0.27980 0.30484 0.50000
v 0.28942 0.30024 0.51848
v 0.31011 0.34121 0.51746
v 0.30104 0.34563 0.50000
v 0.28942 0.30024 0.51848
v 0.30866 0.29103 0.51848
v 0.32824 0.33238 0.51746
v 0.31011 0.34121 0.51746
v 0.30866 0.29103 0.51848
v 0.31829 0.28643 0.50000
v 0.33730 0.32797 0.50000
v 0.32824 0.33238 0.51746
v 0.33730 0.32797 0.50000
v 0.32824 0.33238 0.48254
v 0.34693 0.37229 0.48355
v 0.35553 0.36824 0.50000
v 0.32824 0.33238 0.48254
v 0.31011 0.34121 0.48254
v 0.32974 0.38039 0.48355
v 0.34693 0.37229 0.48355
v 0.31011 0.34121 0.48254
v 0.30104 0.34563 0.50000
v 0.32115 0.38444 0.50000
v 0.32974 0.38039 0.48355
v 0.30104 0.34563 0.50000
v 0.31011 0.34121 0.51746
v 0.32974 0.38039 0.51645
v 0.32115 0.38444 0.50000
v 0.31011 0.34121 0.51746
v 0.32824 0.33238 0.51746
v 0.34693 0.37229 0.51645
v 0.32974 0.38039 0.51645
v 0.32824 0.33238 0.51746
v 0.33730 0.32797 0.50000
v 0.35553 0.36824 0.50000
v 0.34693 0.37229 0.51645
v 0.35553 0.36824 0.50000
v 0.34693 0.37229 0.48355
v 0.36400 0.41103 0.48456
v 0.37218 0.40749 0.50000
v 0.34693 0.37229 0.48355
v 0.32974 0.38039 0.48355
v 0.34764 0.41812 0.48456
v 0.36400 0.41103 0.48456
v 0.32974 0.38039 0.48355
v 0.32115 0.38444 0.50000
v 0.33946 0.42167 0.50000
v 0.34764 0.41812 0.48456
v 0.32115 0.38444 0.50000
v 0.32974 0.38039 0.51645
v 0.34764 0.41812 0.51544
v 0.33946 0.42167 0.50000
v 0.32974 0.38039 0.51645
v 0.34693 0.37229 0.51645
v 0.36400 0.41103 0.51544
v 0.34764 0.41812 0.51544
v 0.34693 0.37229 0.51645
v 0.35553 0.36824 0.50000
v 0.37218 0.40749 0.50000
v 0.36400 0.41103 0.51544
v 0.37218 0.40749 0.50000
v 0.36400 0.41103 0.48456
v 0.37881 0.44880 0.48557
v 0.38661 0.44587 0.50000
v 0.36400 0.41103 0.48456
v 0.34764 0.41812 0.48456
v 0.36320 0.45466 0.48557
v 0.37881 0.44880 0.48557
v 0.34764 0.41812 0.48456
v 0.33946 0.42167 0.50000
v 0.35540 0.45759 0.50000
v 0.36320 0.45466 0.48557
v 0.33946 0.42167 0.50000
v 0.34764 0.41812 0.51544
v 0.36320 0.45466 0.51443
v 0.35540 0.45759 0.50000
v 0.34764 0.41812 0.51544
v 0.36400 0.41103 0.51544
v 0.37881 0.44880 0.51443
v 0.36320 0.45466 0.51443
v 0.36400 0.41103 0.51544
v 0.37218 0.40749 0.50000
v 0.38661 0.44587 0.50000
v 0.37881 0.44880 0.51443
v 0.38661 0.44587 0.50000
v 0.37881 0.44880 0.48557
v 0.39080 0.48574 0.48658
v 0.39822 0.48351 0.50000
v 0.37881 0.44880 0.48557
v 0.36320 0.45466 0.48557
v 0.37595 0.49020 0.48658
v 0.39080 0.48574 0.48658
v 0.36320 0.45466 0.48557
v 0.35540 0.45759 0.50000
v 0.36853 0.49242 0.50000
v 0.37595 0.49020 0.48658
v 0.35540 0.45759 0.50000
v 0.36320 0.45466 0.51443
v 0.37595 0.49020 0.51342
v 0.36853 0.49242 0.50000
v 0.36320 0.45466 0.51443
v 0.37881 0.44880 0.51443
v 0.39080 0.48574 0.51342
v 0.37595 0.49020 0.51342
v 0.37881 0.44880 0.51443
v 0.38661 0.44587 0.50000
v 0.39822 0.48351 0.50000
v 0.39080 0.48574 0.51342
v 0.39822 0.48351 0.50000
v 0.39080 0.48574 0.48658
v 0.39952 0.52193 0.48759
v 0.40654 0.52046 0.50000
v 0.39080 0.48574 0.48658
v 0.37595 0.49020 0.48658
v 0.38549 0.52488 0.48759
v 0.39952 0.52193 0.48759
v 0.37595 0.49020 0.48658
v 0.36853 0.49242 0.50000
v 0.37848 0.52635 0.50000
v 0.38549 0.52488 0.48759
v 0.36853 0.49242 0.50000
v 0.37595 0.49020 0.51342
v 0.38549 0.52488 0.51241
v 0.37848 0.52635 0.50000
v 0.37595 0.49020 0.51342
v 0.39080 0.48574 0.51342
v 0.39952 0.52193 0.51241
v 0.38549 0.52488 0.51241
v 0.39080 0.48574 0.51342
v 0.39822 0.48351 0.50000
v 0.40654 0.52046 0.50000
v 0.39952 0.52193 0.51241
v 0.40654 0.52046 0.50000
v 0.39952 0.52193 0.48759
v 0.40466 0.55743 0.48860
v 0.41120 0.55672 0.50000
v 0.39952 0.52193 0.48759
v 0.38549 0.52488 0.48759
v 0.39157 0.55885 0.48860
v 0.40466 0.55743 0.48860
v 0.38549 0.52488 0.48759
v 0.37848 0.52635 0.50000
v 0.38502 0.55957 0.50000
v 0.39157 0.55885 0.48860
v 0.37848 0.52635 0.50000
v 0.38549 0.52488 0.51241
v 0.39157 0.55885 0.51140
v 0.38502 0.55957 0.50000
v 0.38549 0.52488 0.51241
v 0.39952 0.52193 0.51241
v 0.40466 0.55743 0.51140
v 0.39157 0.55885 0.51140
v 0.39952 0.52193 0.51241
v 0.40654 0.52046 0.50000
v 0.41120 0.55672 0.50000
v 0.40466 0.55743 0.51140
v 0.41120 0.55672 0.50000
v 0.40466 0.55743 0.48860
v 0.40599 0.59192 0.48961
v 0.41198 0.59159 0.50000
v 0.40466 0.55743 0.48860
v 0.39157 0.55885 0.48860
v 0.39401 0.59258 0.48961
v 0.40599 0.59192 0.48961
v 0.39157 0.55885 0.48860
v 0.38502 0.55957 0.50000
v 0.38802 0.59291 0.50000
v 0.39401 0.59258 0.48961
v 0.38502 0.55957 0.50000
v 0.39157 0.55885 0.51140
v 0.39401 0.59258 0.51039
v 0.38802 0.59291 0.50000
v 0.39157 0.55885 0.51140
v 0.40466 0.55743 0.51140
v 0.40599 0.59192 0.51039
v 0.39401 0.59258 0.51039
v 0.40466 0.55743 0.51140
v 0.41120 0.55672 0.50000
v 0.41198 0.59159 0.50000
v 0.40599 0.59192 0.51039
v 0.24281 0.08278 0.52252
v 0.21719 0.08722 0.52252
v 0.20438 0.08944 0.50000
v 0.21719 0.08722 0.47748
v 0.24281 0.08278 0.47748
v 0.25562 0.08056 0.50000
v 0.41198 0.59159 0.50000
v 0.40599 0.59192 0.48961
v 0.39401 0.59258 0.48961
v 0.38802 0.59291 0.50000
v 0.39401 0.59258 0.51039
v 0.40599 0.59192 0.51039
v 0.41131 0.58094 0.50000
v 0.40566 0.58094 0.50980
v 0.40000 0.57625 0.50000
v 0.41600 0.59225 0.50000
v 0.40800 0.59225 0.51386
v 0.40566 0.58094 0.50980
v 0.41131 0.58094 0.50000
v 0.41131 0.60356 0.50000
v 0.40566 0.60356 0.50980
v 0.40800 0.59225 0.51386
v 0.41600 0.59225 0.50000
v 0.40000 0.60825 0.50000
v 0.40566 0.60356 0.50980
v 0.41131 0.60356 0.50000
v 0.40566 0.58094 0.50980
v 0.39434 0.58094 0.50980
v 0.40000 0.57625 0.50000
v 0.40800 0.59225 0.51386
v 0.39200 0.59225 0.51386
v 0.39434 0.58094 0.50980
v 0.40566 0.58094 0.50980
v 0.40566 0.60356 0.50980
v 0.39434 0.60356 0.50980
v 0.39200 0.59225 0.51386
v 0.40800 0.59225 0.51386
v 0.40000 0.60825 0.50000
v 0.39434 0.60356 0.50980
v 0.40566 0.60356 0.50980
v 0.39434 0.58094 0.50980
v 0.38869 0.58094 0.50000
v 0.40000 0.57625 0.50000
v 0.39200 0.59225 0.51386
v 0.38400 0.59225 0.50000
v 0.38869 0.58094 0.50000
v 0.39434 0.58094 0.50980
v 0.39434 0.60356 0.50980
v 0.38869 0.60356 0.50000
v 0.38400 0.59225 0.50000
v 0.39200 0.59225 0.51386
v 0.40000 0.60825 0.50000
v 0.38869 0.60356 0.50000
v 0.39434 0.60356 0.50980
v 0.38869 0.58094 0.50000
v 0.39434 0.58094 0.49020
v 0.40000 0.57625 0.50000
v 0.38400 0.59225 0.50000
v 0.39200 0.59225 0.48614
v 0.39434 0.58094 0.49020
v 0.38869 0.58094 0.50000
v 0.38869 0.60356 0.50000
v 0.39434 0.60356 0.49020
v 0.39200 0.59225 0.48614
v 0.38400 0.59225 0.50000
v 0.40000 0.60825 0.50000
v 0.39434 0.60356 0.49020
v 0.38869 0.60356 0.50000
v 0.39434 0.58094 0.49020
v 0.40566 0.58094 0.49020
v 0.40000 0.57625 0.50000
v 0.39200 0.59225 0.48614
v 0.40800 0.59225 0.48614
v 0.40566 0.58094 0.49020
v 0.39434 0.58094 0.49020
v 0.39434 0.60356 0.49020
v 0.40566 0.60356 0.49020
v 0.40800 0.59225 0.48614
v 0.39200 0.59225 0.48614
v 0.40000 0.60825 0.50000
v 0.40566 0.60356 0.49020
v 0.39434 0.60356 0.49020
v 0.40566 0.58094 0.49020
v 0.41131 0.58094 0.50000
v 0.40000 0.57625 0.50000
v 0.40800 0.59225 0.48614
v 0.41600 0.59225 0.50000
v 0.41131 0.58094 0.50000
v 0.40566 0.58094 0.49020
v 0.40566 0.60356 0.49020
v 0.41131 0.60356 0.50000
v 0.41600 0.59225 0.50000
v 0.40800 0.59225 0.48614
v 0.40000 0.60825 0.50000
v 0.41131 0.60356 0.50000
v 0.40566 0.60356 0.49020
v 0.66090 0.08725 0.26617
v 0.64766 0.08944 0.24390
v 0.64093 0.16033 0.25564
v 0.65363 0.15744 0.27678
v 0.64766 0.08944 0.24390
v 0.62176 0.08720 0.24390
v 0.61627 0.15738 0.25547
v 0.64093 0.16033 0.25564
v 0.62176 0.08720 0.24390
v 0.60910 0.08275 0.26617
v 0.60432 0.15153 0.27644
v 0.61627 0.15738 0.25547
v 0.60910 0.08275 0.26617
v 0.62234 0.08056 0.28844
v 0.61703 0.14863 0.29757
v 0.60432 0.15153 0.27644
v 0.62234 0.08056 0.28844
v 0.64824 0.08280 0.28844
v 0.64168 0.15158 0.29774
v 0.61703 0.14863 0.29757
v 0.64824 0.08280 0.28844
v 0.66090 0.08725 0.26617
v 0.65363 0.15744 0.27678
v 0.64168 0.15158 0.29774
v 0.65363 0.15744 0.27678
v 0.64093 0.16033 0.25564
v 0.63137 0.21429 0.27236
v 0.64362 0.21015 0.29218
v 0.64093 0.16033 0.25564
v 0.61627 0.15738 0.25547
v 0.60808 0.21012 0.27176
v 0.63137 0.21429 0.27236
v 0.61627 0.15738 0.25547
v 0.60432 0.15153 0.27644
v 0.59705 0.20180 0.29097
v 0.60808 0.21012 0.27176
v 0.60432 0.15153 0.27644
v 0.61703 0.14863 0.29757
v 0.60930 0.19766 0.31079
v 0.59705 0.20180 0.29097
v 0.61703 0.14863 0.29757
v 0.64168 0.15158 0.29774
v 0.63259 0.20184 0.31139
v 0.60930 0.19766 0.31079
v 0.64168 0.15158 0.29774
v 0.65363 0.15744 0.27678
v 0.64362 0.21015 0.29218
v 0.63259 0.20184 0.31139
v 0.64362 0.21015 0.29218
v 0.63137 0.21429 0.27236
v 0.62087 0.26144 0.29057
v 0.63263 0.25690 0.30921
v 0.63137 0.21429 0.27236
v 0.60808 0.21012 0.27176
v 0.59885 0.25687 0.28977
v 0.62087 0.26144 0.29057
v 0.60808 0.21012 0.27176
v 0.59705 0.20180 0.29097
v 0.58860 0.24776 0.30761
v 0.59885 0.25687 0.28977
v 0.59705 0.20180 0.29097
v 0.60930 0.19766 0.31079
v 0.60036 0.24322 0.32624
v 0.58860 0.24776 0.30761
v 0.60930 0.19766 0.31079
v 0.63259 0.20184 0.31139
v 0.62238 0.24779 0.32704
v 0.60036 0.24322 0.32624
v 0.63259 0.20184 0.31139
v 0.64362 0.21015 0.29218
v 0.63263 0.25690 0.30921
v 0.62238 0.24779 0.32704
v 0.63263 0.25690 0.30921
v 0.62087 0.26144 0.29057
v 0.61008 0.30484 0.30928
v 0.62129 0.30025 0.32684
v 0.62087 0.26144 0.29057
v 0.59885 0.25687 0.28977
v 0.58927 0.30022 0.30841
v 0.61008 0.30484 0.30928
v 0.59885 0.25687 0.28977
v 0.58860 0.24776 0.30761
v 0.57967 0.29102 0.32509
v 0.58927 0.30022 0.30841
v 0.58860 0.24776 0.30761
v 0.60036 0.24322 0.32624
v 0.59088 0.28643 0.34265
v 0.57967 0.29102 0.32509
v 0.60036 0.24322 0.32624
v 0.62238 0.24779 0.32704
v 0.61169 0.29104 0.34352
v 0.59088 0.28643 0.34265
v 0.62238 0.24779 0.32704
v 0.63263 0.25690 0.30921
v 0.62129 0.30025 0.32684
v 0.61169 0.29104 0.34352
v 0.62129 0.30025 0.32684
v 0.61008 0.30484 0.30928
v 0.59946 0.34563 0.32768
v 0.61007 0.34122 0.34425
v 0.61008 0.30484 0.30928
v 0.58927 0.30022 0.30841
v 0.57980 0.34120 0.32683
v 0.59946 0.34563 0.32768
v 0.58927 0.30022 0.30841
v 0.57967 0.29102 0.32509
v 0.57076 0.33237 0.34254
v 0.57980 0.34120 0.32683
v 0.57967 0.29102 0.32509
v 0.59088 0.28643 0.34265
v 0.58137 0.32797 0.35911
v 0.57076 0.33237 0.34254
v 0.59088 0.28643 0.34265
v 0.61169 0.29104 0.34352
v 0.60103 0.33239 0.35997
v 0.58137 0.32797 0.35911
v 0.61169 0.29104 0.34352
v 0.62129 0.30025 0.32684
v 0.61007 0.34122 0.34425
v 0.60103 0.33239 0.35997
v 0.61007 0.34122 0.34425
v 0.59946 0.34563 0.32768
v 0.58940 0.38444 0.34510
v 0.59938 0.38040 0.36076
v 0.59946 0.34563 0.32768
v 0.57980 0.34120 0.32683
v 0.57086 0.38038 0.34434
v 0.58940 0.38444 0.34510
v 0.57980 0.34120 0.32683
v 0.57076 0.33237 0.34254
v 0.56229 0.37228 0.35923
v 0.57086 0.38038 0.34434
v 0.57076 0.33237 0.34254
v 0.58137 0.32797 0.35911
v 0.57226 0.36824 0.37489
v 0.56229 0.37228 0.35923
v 0.58137 0.32797 0.35911
v 0.60103 0.33239 0.35997
v 0.59080 0.37230 0.37566
v 0.57226 0.36824 0.37489
v 0.60103 0.33239 0.35997
v 0.61007 0.34122 0.34425
v 0.59938 0.38040 0.36076
v 0.59080 0.37230 0.37566
v 0.59938 0.38040 0.36076
v 0.58940 0.38444 0.34510
v 0.58025 0.42167 0.36096
v 0.58955 0.41813 0.37576
v 0.58940 0.38444 0.34510
v 0.57086 0.38038 0.34434
v 0.56279 0.41811 0.36034
v 0.58025 0.42167 0.36096
v 0.57086 0.38038 0.34434
v 0.56229 0.37228 0.35923
v 0.55462 0.41102 0.37452
v 0.56279 0.41811 0.36034
v 0.56229 0.37228 0.35923
v 0.57226 0.36824 0.37489
v 0.56392 0.40749 0.38932
v 0.55462 0.41102 0.37452
v 0.57226 0.36824 0.37489
v 0.59080 0.37230 0.37566
v 0.58139 0.41104 0.38994
v 0.56392 0.40749 0.38932
v 0.59080 0.37230 0.37566
v 0.59938 0.38040 0.36076
v 0.58955 0.41813 0.37576
v 0.58139 0.41104 0.38994
v 0.58955 0.41813 0.37576
v 0.58025 0.42167 0.36096
v 0.57229 0.45759 0.37477
v 0.58090 0.45466 0.38874
v 0.58025 0.42167 0.36096
v 0.56279 0.41811 0.36034
v 0.55589 0.45466 0.37432
v 0.57229 0.45759 0.37477
v 0.56279 0.41811 0.36034
v 0.55462 0.41102 0.37452
v 0.54810 0.44880 0.38784
v 0.55589 0.45466 0.37432
v 0.55462 0.41102 0.37452
v 0.56392 0.40749 0.38932
v 0.55670 0.44587 0.40181
v 0.54810 0.44880 0.38784
v 0.56392 0.40749 0.38932
v 0.58139 0.41104 0.38994
v 0.57310 0.44881 0.40226
v 0.55670 0.44587 0.40181
v 0.58139 0.41104 0.38994
v 0.58955 0.41813 0.37576
v 0.58090 0.45466 0.38874
v 0.57310 0.44881 0.40226
v 0.58090 0.45466 0.38874
v 0.57229 0.45759 0.37477
v 0.56574 0.49242 0.38614
v 0.57365 0.49019 0.39929
v 0.57229 0.45759 0.37477
v 0.55589 0.45466 0.37432
v 0.55041 0.49020 0.38585
v 0.56574 0.49242 0.38614
v 0.55589 0.45466 0.37432
v 0.54810 0.44880 0.38784
v 0.54298 0.48574 0.39871
v 0.55041 0.49020 0.38585
v 0.54810 0.44880 0.38784
v 0.55670 0.44587 0.40181
v 0.55088 0.48351 0.41185
v 0.54298 0.48574 0.39871
v 0.55670 0.44587 0.40181
v 0.57310 0.44881 0.40226
v 0.56622 0.48574 0.41214
v 0.55088 0.48351 0.41185
v 0.57310 0.44881 0.40226
v 0.58090 0.45466 0.38874
v 0.57365 0.49019 0.39929
v 0.56622 0.48574 0.41214
v 0.57365 0.49019 0.39929
v 0.56574 0.49242 0.38614
v 0.56078 0.52635 0.39478
v 0.56800 0.52487 0.40707
v 0.56574 0.49242 0.38614
v 0.55041 0.49020 0.38585
v 0.54653 0.52488 0.39462
v 0.56078 0.52635 0.39478
v 0.55041 0.49020 0.38585
v 0.54298 0.48574 0.39871
v 0.53949 0.52194 0.40675
v 0.54653 0.52488 0.39462
v 0.54298 0.48574 0.39871
v 0.55088 0.48351 0.41185
v 0.54671 0.52046 0.41904
v 0.53949 0.52194 0.40675
v 0.55088 0.48351 0.41185
v 0.56622 0.48574 0.41214
v 0.56096 0.52193 0.41920
v 0.54671 0.52046 0.41904
v 0.56622 0.48574 0.41214
v 0.57365 0.49019 0.39929
v 0.56800 0.52487 0.40707
v 0.56096 0.52193 0.41920
v 0.56800 0.52487 0.40707
v 0.56078 0.52635 0.39478
v 0.55754 0.55957 0.40045
v 0.56409 0.55885 0.41185
v 0.56078 0.52635 0.39478
v 0.54653 0.52488 0.39462
v 0.54439 0.55886 0.40037
v 0.55754 0.55957 0.40045
v 0.54653 0.52488 0.39462
v 0.53949 0.52194 0.40675
v 0.53780 0.55743 0.41168
v 0.54439 0.55886 0.40037
v 0.53949 0.52194 0.40675
v 0.54671 0.52046 0.41904
v 0.54435 0.55672 0.42307
v 0.53780 0.55743 0.41168
v 0.54671 0.52046 0.41904
v 0.56096 0.52193 0.41920
v 0.55750 0.55742 0.42316
v 0.54435 0.55672 0.42307
v 0.56096 0.52193 0.41920
v 0.56800 0.52487 0.40707
v 0.56409 0.55885 0.41185
v 0.55750 0.55742 0.42316
v 0.56409 0.55885 0.41185
v 0.55754 0.55957 0.40045
v 0.55604 0.59291 0.40305
v 0.56200 0.59258 0.41346
v 0.55754 0.55957 0.40045
v 0.54439 0.55886 0.40037
v 0.54404 0.59258 0.40299
v 0.55604 0.59291 0.40305
v 0.54439 0.55886 0.40037
v 0.53780 0.55743 0.41168
v 0.53800 0.59192 0.41333
v 0.54404 0.59258 0.40299
v 0.53780 0.55743 0.41168
v 0.54435 0.55672 0.42307
v 0.54396 0.59159 0.42375
v 0.53800 0.59192 0.41333
v 0.54435 0.55672 0.42307
v 0.55750 0.55742 0.42316
v 0.55596 0.59192 0.42381
v 0.54396 0.59159 0.42375
v 0.55750 0.55742 0.42316
v 0.56409 0.55885 0.41185
v 0.56200 0.59258 0.41346
v 0.55596 0.59192 0.42381
v 0.64824 0.08280 0.28844
v 0.62234 0.08056 0.28844
v 0.60910 0.08275 0.26617
v 0.62176 0.08720 0.24390
v 0.64766 0.08944 0.24390
v 0.66090 0.08725 0.26617
v 0.56200 0.59258 0.41346
v 0.55604 0.59291 0.40305
v 0.54404 0.59258 0.40299
v 0.53800 0.59192 0.41333
v 0.54396 0.59159 0.42375
v 0.55596 0.59192 0.42381
v 0.56131 0.58094 0.41340
v 0.55566 0.58094 0.42320
v 0.55000 0.57625 0.41340
v 0.56600 0.59225 0.41340
v 0.55800 0.59225 0.42725
v 0.55566 0.58094 0.42320
v 0.56131 0.58094 0.41340
v 0.56131 0.60356 0.41340
v 0.55566 0.60356 0.42320
v 0.55800 0.59225 0.42725
v 0.56600 0.59225 0.41340
v 0.55000 0.60825 0.41340
v 0.55566 0.60356 0.42320
v 0.56131 0.60356 0.41340
v 0.55566 0.58094 0.42320
v 0.54434 0.58094 0.42320
v 0.55000 0.57625 0.41340
v 0.55800 0.59225 0.42725
v 0.54200 0.59225 0.42725
v 0.54434 0.58094 0.42320
v 0.55566 0.58094 0.42320
v 0.55566 0.60356 0.42320
v 0.54434 0.60356 0.42320
v 0.54200 0.59225 0.42725
v 0.55800 0.59225 0.42725
v 0.55000 0.60825 0.41340
v 0.54434 0.60356 0.42320
v 0.55566 0.60356 0.42320
v 0.54434 0.58094 0.42320
v 0.53869 0.58094 0.41340
v 0.55000 0.57625 0.41340
v 0.54200 0.59225 0.42725
v 0.53400 0.59225 0.41340
v 0.53869 0.58094 0.41340
v 0.54434 0.58094 0.42320
v 0.54434 0.60356 0.42320
v 0.53869 0.60356 0.41340
v 0.53400 0.59225 0.41340
v 0.54200 0.59225 0.42725
v 0.55000 0.60825 0.41340
v 0.53869 0.60356 0.41340
v 0.54434 0.60356 0.42320
v 0.53869 0.58094 0.41340
v 0.54434 0.58094 0.40360
v 0.55000 0.57625 0.41340
v 0.53400 0.59225 0.41340
v 0.54200 0.59225 0.39954
v 0.54434 0.58094 0.40360
v 0.53869 0.58094 0.41340
v 0.53869 0.60356 0.41340
v 0.54434 0.60356 0.40360
v 0.54200 0.59225 0.39954
v 0.53400 0.59225 0.41340
v 0.55000 0.60825 0.41340
v 0.54434 0.60356 0.40360
v 0.53869 0.60356 0.41340
v 0.54434 0.58094 0.40360
v 0.55566 0.58094 0.40360
v 0.55000 0.57625 0.41340
v 0.54200 0.59225 0.39954
v 0.55800 0.59225 0.39954
v 0.55566 0.58094 0.40360
v 0.54434 0.58094 0.40360
v 0.54434 0.60356 0.40360
v 0.55566 0.60356 0.40360
v 0.55800 0.59225 0.39954
v 0.54200 0.59225 0.39954
v 0.55000 0.60825 0.41340
v 0.55566 0.60356 0.40360
v 0.54434 0.60356 0.40360
v 0.55566 0.58094 0.40360
v 0.56131 0.58094 0.41340
v 0.55000 0.57625 0.41340
v 0.55800 0.59225 0.39954
v 0.56600 0.59225 0.41340
v 0.56131 0.58094 0.41340
v 0.55566 0.58094 0.40360
v 0.55566 0.60356 0.40360
v 0.56131 0.60356 0.41340
v 0.56600 0.59225 0.41340
v 0.55800 0.59225 0.39954
v 0.55000 0.60825 0.41340
v 0.56131 0.60356 0.41340
v 0.55566 0.60356 0.40360
v 0.67000 0.44375 0.50650
v 0.66291 0.44185 0.50161
v 0.65878 0.40977 0.52013
v 0.66574 0.41099 0.52541
v 0.66291 0.44185 0.50161
v 0.66562 0.43739 0.49450
v 0.66144 0.40506 0.51317
v 0.65878 0.40977 0.52013
v 0.66562 0.43739 0.49450
v 0.67438 0.43654 0.49499
v 0.67004 0.40336 0.51415
v 0.66144 0.40506 0.51317
v 0.67438 0.43654 0.49499
v 0.67709 0.44047 0.50241
v 0.67269 0.40702 0.52172
v 0.67004 0.40336 0.51415
v 0.67709 0.44047 0.50241
v 0.67000 0.44375 0.50650
v 0.66574 0.41099 0.52541
v 0.67269 0.40702 0.52172
v 0.66574 0.41099 0.52541
v 0.65878 0.40977 0.52013
v 0.64674 0.37996 0.53734
v 0.65316 0.37987 0.54338
v 0.65878 0.40977 0.52013
v 0.66144 0.40506 0.51317
v 0.64919 0.37474 0.53067
v 0.64674 0.37996 0.53734
v 0.66144 0.40506 0.51317
v 0.67004 0.40336 0.51415
v 0.65714 0.37143 0.53258
v 0.64919 0.37474 0.53067
v 0.67004 0.40336 0.51415
v 0.67269 0.40702 0.52172
v 0.65959 0.37460 0.54043
v 0.65714 0.37143 0.53258
v 0.67269 0.40702 0.52172
v 0.66574 0.41099 0.52541
v 0.65316 0.37987 0.54338
v 0.65959 0.37460 0.54043
v 0.65316 0.37987 0.54338
v 0.64674 0.37996 0.53734
v 0.62733 0.35322 0.55278
v 0.63291 0.35196 0.55949
v 0.64674 0.37996 0.53734
v 0.64919 0.37474 0.53067
v 0.62946 0.34755 0.54637
v 0.62733 0.35322 0.55278
v 0.64919 0.37474 0.53067
v 0.65714 0.37143 0.53258
v 0.63636 0.34279 0.54912
v 0.62946 0.34755 0.54637
v 0.65714 0.37143 0.53258
v 0.65959 0.37460 0.54043
v 0.63849 0.34551 0.55723
v 0.63636 0.34279 0.54912
v 0.65959 0.37460 0.54043
v 0.65316 0.37987 0.54338
v 0.63291 0.35196 0.55949
v 0.63849 0.34551 0.55723
v 0.63291 0.35196 0.55949
v 0.62733 0.35322 0.55278
v 0.60155 0.33088 0.56567
v 0.60599 0.32865 0.57295
v 0.62733 0.35322 0.55278
v 0.62946 0.34755 0.54637
v 0.60324 0.32485 0.55948
v 0.60155 0.33088 0.56567
v 0.62946 0.34755 0.54637
v 0.63636 0.34279 0.54912
v 0.60874 0.31888 0.56292
v 0.60324 0.32485 0.55948
v 0.63636 0.34279 0.54912
v 0.63849 0.34551 0.55723
v 0.61044 0.32122 0.57125
v 0.60874 0.31888 0.56292
v 0.63849 0.34551 0.55723
v 0.63291 0.35196 0.55949
v 0.60599 0.32865 0.57295
v 0.61044 0.32122 0.57125
v 0.60599 0.32865 0.57295
v 0.60155 0.33088 0.56567
v 0.57067 0.31408 0.57538
v 0.57376 0.31111 0.58308
v 0.60155 0.33088 0.56567
v 0.60324 0.32485 0.55948
v 0.57185 0.30776 0.56934
v 0.57067 0.31408 0.57538
v 0.60324 0.32485 0.55948
v 0.60874 0.31888 0.56292
v 0.57567 0.30088 0.57331
v 0.57185 0.30776 0.56934
v 0.60874 0.31888 0.56292
v 0.61044 0.32122 0.57125
v 0.57686 0.30295 0.58180
v 0.57567 0.30088 0.57331
v 0.61044 0.32122 0.57125
v 0.60599 0.32865 0.57295
v 0.57376 0.31111 0.58308
v 0.57686 0.30295 0.58180
v 0.57376 0.31111 0.58308
v 0.57067 0.31408 0.57538
v 0.53624 0.30365 0.58140
v 0.53783 0.30022 0.58936
v 0.57067 0.31408 0.57538
v 0.57185 0.30776 0.56934
v 0.53685 0.29716 0.57547
v 0.53624 0.30365 0.58140
v 0.57185 0.30776 0.56934
v 0.57567 0.30088 0.57331
v 0.53881 0.28971 0.57976
v 0.53685 0.29716 0.57547
v 0.57567 0.30088 0.57331
v 0.57686 0.30295 0.58180
v 0.53942 0.29160 0.58835
v 0.53881 0.28971 0.57976
v 0.57686 0.30295 0.58180
v 0.57376 0.31111 0.58308
v 0.53783 0.30022 0.58936
v 0.53942 0.29160 0.58835
v 0.53783 0.30022 0.58936
v 0.53624 0.30365 0.58140
v 0.50000 0.30011 0.58344
v 0.50000 0.29653 0.59150
v 0.53624 0.30365 0.58140
v 0.53685 0.29716 0.57547
v 0.50000 0.29356 0.57754
v 0.50000 0.30011 0.58344
v 0.53685 0.29716 0.57547
v 0.53881 0.28971 0.57976
v 0.50000 0.28592 0.58195
v 0.50000 0.29356 0.57754
v 0.53881 0.28971 0.57976
v 0.53942 0.29160 0.58835
v 0.50000 0.28776 0.59057
v 0.50000 0.28592 0.58195
v 0.53942 0.29160 0.58835
v 0.53783 0.30022 0.58936
v 0.50000 0.29653 0.59150
v 0.50000 0.28776 0.59057
v 0.50000 0.29653 0.59150
v 0.50000 0.30011 0.58344
v 0.46376 0.30365 0.58140
v 0.46217 0.30022 0.58936
v 0.50000 0.30011 0.58344
v 0.50000 0.29356 0.57754
v 0.46315 0.29716 0.57547
v 0.46376 0.30365 0.58140
v 0.50000 0.29356 0.57754
v 0.50000 0.28592 0.58195
v 0.46119 0.28971 0.57976
v 0.46315 0.29716 0.57547
v 0.50000 0.28592 0.58195
v 0.50000 0.28776 0.59057
v 0.46058 0.29160 0.58835
v 0.46119 0.28971 0.57976
v 0.50000 0.28776 0.59057
v 0.50000 0.29653 0.59150
v 0.46217 0.30022 0.58936
v 0.46058 0.29160 0.58835
v 0.46217 0.30022 0.58936
v 0.46376 0.30365 0.58140
v 0.42933 0.31408 0.57538
v 0.42624 0.31111 0.58308
v 0.46376 0.30365 0.58140
v 0.46315 0.29716 0.57547
v 0.42815 0.30776 0.56934
v 0.42933 0.31408 0.57538
v 0.46315 0.29716 0.57547
v 0.46119 0.28971 0.57976
v 0.42433 0.30088 0.57331
v 0.42815 0.30776 0.56934
v 0.46119 0.28971 0.57976
v 0.46058 0.29160 0.58835
v 0.42314 0.30295 0.58180
v 0.42433 0.30088 0.57331
v 0.46058 0.29160 0.58835
v 0.46217 0.30022 0.58936
v 0.42624 0.31111 0.58308
v 0.42314 0.30295 0.58180
v 0.42624 0.31111 0.58308
v 0.42933 0.31408 0.57538
v 0.39845 0.33088 0.56567
v 0.39401 0.32865 0.57295
v 0.42933 0.31408 0.57538
v 0.42815 0.30776 0.56934
v 0.39676 0.32485 0.55948
v 0.39845 0.33088 0.56567
v 0.42815 0.30776 0.56934
v 0.42433 0.30088 0.57331
v 0.39126 0.31888 0.56292
v 0.39676 0.32485 0.55948
v 0.42433 0.30088 0.57331
v 0.42314 0.30295 0.58180
v 0.38956 0.32122 0.57125
v 0.39126 0.31888 0.56292
v 0.42314 0.30295 0.58180
v 0.42624 0.31111 0.58308
v 0.39401 0.32865 0.57295
v 0.38956 0.32122 0.57125
v 0.39401 0.32865 0.57295
v 0.39845 0.33088 0.56567
v 0.37267 0.35322 0.55278
v 0.36709 0.35196 0.55949
v 0.39845 0.33088 0.56567
v 0.39676 0.32485 0.55948
v 0.37054 0.34755 0.54637
v 0.37267 0.35322 0.55278
v 0.39676 0.32485 0.55948
v 0.39126 0.31888 0.56292
v 0.36364 0.34279 0.54912
v 0.37054 0.34755 0.54637
v 0.39126 0.31888 0.56292
v 0.38956 0.32122 0.57125
v 0.36151 0.34551 0.55723
v 0.36364 0.34279 0.54912
v 0.38956 0.32122 0.57125
v 0.39401 0.32865 0.57295
v 0.36709 0.35196 0.55949
v 0.36151 0.34551 0.55723
v 0.36709 0.35196 0.55949
v 0.37267 0.35322 0.55278
v 0.35326 0.37996 0.53734
v 0.34684 0.37987 0.54338
v 0.37267 0.35322 0.55278
v 0.37054 0.34755 0.54637
v 0.35081 0.37474 0.53067
v 0.35326 0.37996 0.53734
v 0.37054 0.34755 0.54637
v 0.36364 0.34279 0.54912
v 0.34286 0.37143 0.53258
v 0.35081 0.37474 0.53067
v 0.36364 0.34279 0.54912
v 0.36151 0.34551 0.55723
v 0.34041 0.37460 0.54043
v 0.34286 0.37143 0.53258
v 0.36151 0.34551 0.55723
v 0.36709 0.35196 0.55949
v 0.34684 0.37987 0.54338
v 0.34041 0.37460 0.54043
v 0.34684 0.37987 0.54338
v 0.35326 0.37996 0.53734
v 0.34122 0.40977 0.52013
v 0.33426 0.41099 0.52541
v 0.35326 0.37996 0.53734
v 0.35081 0.37474 0.53067
v 0.33856 0.40506 0.51317
v 0.34122 0.40977 0.52013
v 0.35081 0.37474 0.53067
v 0.34286 0.37143 0.53258
v 0.32996 0.40336 0.51415
v 0.33856 0.40506 0.51317
v 0.34286 0.37143 0.53258
v 0.34041 0.37460 0.54043
v 0.32731 0.40702 0.52172
v 0.32996 0.40336 0.51415
v 0.34041 0.37460 0.54043
v 0.34684 0.37987 0.54338
v 0.33426 0.41099 0.52541
v 0.32731 0.40702 0.52172
v 0.33426 0.41099 0.52541
v 0.34122 0.40977 0.52013
v 0.33713 0.44116 0.50201
v 0.33000 0.44375 0.50650
v 0.34122 0.40977 0.52013
v 0.33856 0.40506 0.51317
v 0.33441 0.43697 0.49475
v 0.33713 0.44116 0.50201
v 0.33856 0.40506 0.51317
v 0.32996 0.40336 0.51415
v 0.32559 0.43697 0.49475
v 0.33441 0.43697 0.49475
v 0.32996 0.40336 0.51415
v 0.32731 0.40702 0.52172
v 0.32287 0.44116 0.50201
v 0.32559 0.43697 0.49475
v 0.32731 0.40702 0.52172
v 0.33426 0.41099 0.52541
v 0.33000 0.44375 0.50650
v 0.32287 0.44116 0.50201
v 0.33000 0.44375 0.50650
v 0.33713 0.44116 0.50201
v 0.34122 0.47254 0.48389
v 0.33426 0.47651 0.48758
v 0.33713 0.44116 0.50201
v 0.33441 0.43697 0.49475
v 0.33856 0.46888 0.47632
v 0.34122 0.47254 0.48389
v 0.33441 0.43697 0.49475
v 0.32559 0.43697 0.49475
v 0.32996 0.47058 0.47534
v 0.33856 0.46888 0.47632
v 0.32559 0.43697 0.49475
v 0.32287 0.44116 0.50201
v 0.32731 0.47529 0.48230
v 0.32996 0.47058 0.47534
v 0.32287 0.44116 0.50201
v 0.33000 0.44375 0.50650
v 0.33426 0.47651 0.48758
v 0.32731 0.47529 0.48230
v 0.33426 0.47651 0.48758
v 0.34122 0.47254 0.48389
v 0.35326 0.50236 0.46667
v 0.34684 0.50763 0.46962
v 0.34122 0.47254 0.48389
v 0.33856 0.46888 0.47632
v 0.35081 0.49919 0.45882
v 0.35326 0.50236 0.46667
v 0.33856 0.46888 0.47632
v 0.32996 0.47058 0.47534
v 0.34286 0.50250 0.45691
v 0.35081 0.49919 0.45882
v 0.32996 0.47058 0.47534
v 0.32731 0.47529 0.48230
v 0.34041 0.50772 0.46358
v 0.34286 0.50250 0.45691
v 0.32731 0.47529 0.48230
v 0.33426 0.47651 0.48758
v 0.34684 0.50763 0.46962
v 0.34041 0.50772 0.46358
v 0.34684 0.50763 0.46962
v 0.35326 0.50236 0.46667
v 0.37267 0.52910 0.45123
v 0.36709 0.53554 0.45350
v 0.35326 0.50236 0.46667
v 0.35081 0.49919 0.45882
v 0.37054 0.52638 0.44312
v 0.37267 0.52910 0.45123
v 0.35081 0.49919 0.45882
v 0.34286 0.50250 0.45691
v 0.36364 0.53114 0.44037
v 0.37054 0.52638 0.44312
v 0.34286 0.50250 0.45691
v 0.34041 0.50772 0.46358
v 0.36151 0.53680 0.44679
v 0.36364 0.53114 0.44037
v 0.34041 0.50772 0.46358
v 0.34684 0.50763 0.46962
v 0.36709 0.53554 0.45350
v 0.36151 0.53680 0.44679
v 0.36709 0.53554 0.45350
v 0.37267 0.52910 0.45123
v 0.39845 0.55143 0.43834
v 0.39401 0.55885 0.44004
v 0.37267 0.52910 0.45123
v 0.37054 0.52638 0.44312
v 0.39676 0.54909 0.43001
v 0.39845 0.55143 0.43834
v 0.37054 0.52638 0.44312
v 0.36364 0.53114 0.44037
v 0.39126 0.55506 0.42657
v 0.39676 0.54909 0.43001
v 0.36364 0.53114 0.44037
v 0.36151 0.53680 0.44679
v 0.38956 0.56109 0.43276
v 0.39126 0.55506 0.42657
v 0.36151 0.53680 0.44679
v 0.36709 0.53554 0.45350
v 0.39401 0.55885 0.44004
v 0.38956 0.56109 0.43276
v 0.39401 0.55885 0.44004
v 0.39845 0.55143 0.43834
v 0.42933 0.56824 0.42864
v 0.42624 0.57639 0.42991
v 0.39845 0.55143 0.43834
v 0.39676 0.54909 0.43001
v 0.42815 0.56617 0.42015
v 0.42933 0.56824 0.42864
v 0.39676 0.54909 0.43001
v 0.39126 0.55506 0.42657
v 0.42433 0.57305 0.41618
v 0.42815 0.56617 0.42015
v 0.39126 0.55506 0.42657
v 0.38956 0.56109 0.43276
v 0.42314 0.57937 0.42221
v 0.42433 0.57305 0.41618
v 0.38956 0.56109 0.43276
v 0.39401 0.55885 0.44004
v 0.42624 0.57639 0.42991
v 0.42314 0.57937 0.42221
v 0.42624 0.57639 0.42991
v 0.42933 0.56824 0.42864
v 0.46376 0.57867 0.42262
v 0.46217 0.58728 0.42363
v 0.42933 0.56824 0.42864
v 0.42815 0.56617 0.42015
v 0.46315 0.57678 0.41403
v 0.46376 0.57867 0.42262
v 0.42815 0.56617 0.42015
v 0.42433 0.57305 0.41618
v 0.46119 0.58422 0.40973
v 0.46315 0.57678 0.41403
v 0.42433 0.57305 0.41618
v 0.42314 0.57937 0.42221
v 0.46058 0.59071 0.41566
v 0.46119 0.58422 0.40973
v 0.42314 0.57937 0.42221
v 0.42624 0.57639 0.42991
v 0.46217 0.58728 0.42363
v 0.46058 0.59071 0.41566
v 0.46217 0.58728 0.42363
v 0.46376 0.57867 0.42262
v 0.50000 0.58221 0.42057
v 0.50000 0.59097 0.42150
v 0.46376 0.57867 0.42262
v 0.46315 0.57678 0.41403
v 0.50000 0.58037 0.41195
v 0.50000 0.58221 0.42057
v 0.46315 0.57678 0.41403
v 0.46119 0.58422 0.40973
v 0.50000 0.58801 0.40754
v 0.50000 0.58037 0.41195
v 0.46119 0.58422 0.40973
v 0.46058 0.59071 0.41566
v 0.50000 0.59456 0.41344
v 0.50000 0.58801 0.40754
v 0.46058 0.59071 0.41566
v 0.46217 0.58728 0.42363
v 0.50000 0.59097 0.42150
v 0.50000 0.59456 0.41344
v 0.50000 0.59097 0.42150
v 0.50000 0.58221 0.42057
v 0.53624 0.57867 0.42262
v 0.53783 0.58728 0.42363
v 0.50000 0.58221 0.42057
v 0.50000 0.58037 0.41195
v 0.53685 0.57678 0.41403
v 0.53624 0.57867 0.42262
v 0.50000 0.58037 0.41195
v 0.50000 0.58801 0.40754
v 0.53881 0.58422 0.40973
v 0.53685 0.57678 0.41403
v 0.50000 0.58801 0.40754
v 0.50000 0.59456 0.41344
v 0.53942 0.59071 0.41566
v 0.53881 0.58422 0.40973
v 0.50000 0.59456 0.41344
v 0.50000 0.59097 0.42150
v 0.53783 0.58728 0.42363
v 0.53942 0.59071 0.41566
v 0.53783 0.58728 0.42363
v 0.53624 0.57867 0.42262
v 0.57067 0.56824 0.42864
v 0.57376 0.57639 0.42991
v 0.53624 0.57867 0.42262
v 0.53685 0.57678 0.41403
v 0.57185 0.56617 0.42015
v 0.57067 0.56824 0.42864
v 0.53685 0.57678 0.41403
v 0.53881 0.58422 0.40973
v 0.57567 0.57305 0.41618
v 0.57185 0.56617 0.42015
v 0.53881 0.58422 0.40973
v 0.53942 0.59071 0.41566
v 0.57686 0.57937 0.42221
v 0.57567 0.57305 0.41618
v 0.53942 0.59071 0.41566
v 0.53783 0.58728 0.42363
v 0.57376 0.57639 0.42991
v 0.57686 0.57937 0.42221
v 0.57376 0.57639 0.42991
v 0.57067 0.56824 0.42864
v 0.60155 0.55143 0.43834
v 0.60599 0.55885 0.44004
v 0.57067 0.56824 0.42864
v 0.57185 0.56617 0.42015
v 0.60324 0.54909 0.43001
v 0.60155 0.55143 0.43834
v 0.57185 0.56617 0.42015
v 0.57567 0.57305 0.41618
v 0.60874 0.55506 0.42657
v 0.60324 0.54909 0.43001
v 0.57567 0.57305 0.41618
v 0.57686 0.57937 0.42221
v 0.61044 0.56109 0.43276
v 0.60874 0.55506 0.42657
v 0.57686 0.57937 0.42221
v 0.57376 0.57639 0.42991
v 0.60599 0.55885 0.44004
v 0.61044 0.56109 0.43276
v 0.60599 0.55885 0.44004
v 0.60155 0.55143 0.43834
v 0.62733 0.52910 0.45123
v 0.63291 0.53554 0.45350
v 0.60155 0.55143 0.43834
v 0.60324 0.54909 0.43001
v 0.62946 0.52638 0.44312
v 0.62733 0.52910 0.45123
v 0.60324 0.54909 0.43001
v 0.60874 0.55506 0.42657
v 0.63636 0.53114 0.44037
v 0.62946 0.52638 0.44312
v 0.60874 0.55506 0.42657
v 0.61044 0.56109 0.43276
v 0.63849 0.53680 0.44679
v 0.63636 0.53114 0.44037
v 0.61044 0.56109 0.43276
v 0.60599 0.55885 0.44004
v 0.63291 0.53554 0.45350
v 0.63849 0.53680 0.44679
v 0.63291 0.53554 0.45350
v 0.62733 0.52910 0.45123
v 0.64674 0.50236 0.46667
v 0.65316 0.50763 0.46962
v 0.62733 0.52910 0.45123
v 0.62946 0.52638 0.44312
v 0.64919 0.49919 0.45882
v 0.64674 0.50236 0.46667
v 0.62946 0.52638 0.44312
v 0.63636 0.53114 0.44037
v 0.65714 0.50250 0.45691
v 0.64919 0.49919 0.45882
v 0.63636 0.53114 0.44037
v 0.63849 0.53680 0.44679
v 0.65959 0.50772 0.46358
v 0.65714 0.50250 0.45691
v 0.63849 0.53680 0.44679
v 0.63291 0.53554 0.45350
v 0.65316 0.50763 0.46962
v 0.65959 0.50772 0.46358
v 0.65316 0.50763 0.46962
v 0.64674 0.50236 0.46667
v 0.65878 0.47254 0.48389
v 0.66574 0.47651 0.48758
v 0.64674 0.50236 0.46667
v 0.64919 0.49919 0.45882
v 0.66144 0.46888 0.47632
v 0.65878 0.47254 0.48389
v 0.64919 0.49919 0.45882
v 0.65714 0.50250 0.45691
v 0.67004 0.47058 0.47534
v 0.66144 0.46888 0.47632
v 0.65714 0.50250 0.45691
v 0.65959 0.50772 0.46358
v 0.67269 0.47529 0.48230
v 0.67004 0.47058 0.47534
v 0.65959 0.50772 0.46358
v 0.65316 0.50763 0.46962
v 0.66574 0.47651 0.48758
v 0.67269 0.47529 0.48230
v 0.66574 0.47651 0.48758
v 0.65878 0.47254 0.48389
v 0.66291 0.44047 0.50241
v 0.67000 0.44375 0.50650
v 0.65878 0.47254 0.48389
v 0.66144 0.46888 0.47632
v 0.66562 0.43654 0.49499
v 0.66291 0.44047 0.50241
v 0.66144 0.46888 0.47632
v 0.67004 0.47058 0.47534
v 0.67438 0.43739 0.49450
v 0.66562 0.43654 0.49499
v 0.67004 0.47058 0.47534
v 0.67269 0.47529 0.48230
v 0.67709 0.44185 0.50161
v 0.67438 0.43739 0.49450
v 0.67269 0.47529 0.48230
v 0.66574 0.47651 0.48758
v 0.67000 0.44375 0.50650
v 0.67709 0.44185 0.50161
vt 0.1250 0.2109
vt 0.1250 0.2109
vt 0.1250 0.2109
vt 0.1250 0.1250
vt 0.1250 0.1250
vt 0.1250 0.1250
vt 0.1250 0.1250
vt 0.1250 0.0391
vt 0.1250 0.0391
vt 0.1250 0.0391
vt 0.1250 0.0391
vt 0.1250 0.0391
vt 0.1250 0.0391
vt 0.1250 0.0391
vt 0.1250 0.0391
vt 0.1250 0.0391
vt 0.1250 0.0391
vt 0.1250 0.0391
vt 0.1250 0.2109
vt 0.1250 0.2109
vt 0.1250 0.2109
vt 0.1250 0.0391
vt 0.1250 0.0391
vt 0.1250 0.0391
vt 0.1250 0.0391
vt 0.1250 0.0391
vt 0.1250 0.0391
vt 0.1250 0.0391
vt 0.1250 0.0391
vt 0.1250 0.0391
vt 0.1250 0.0391
vt 0.1250 0.0391
vt 0.1250 0.0391
vt 0.1250 0.0391
vt 0.1250 0.0391
vt 0.1250 0.0391
vt 0.1250 0.2109
vt 0.1250 0.2109
vt 0.1250 0.2109
vt 0.1250 0.0391
vt 0.1250 0.0391
vt 0.1250 0.0391
vt 0.1250 0.0391
vt 0.1250 0.0391
vt 0.1250 0.0391
vt 0.1250 0.0391
vt 0.1250 0.0391
vt 0.1250 0.0391
vt 0.1250 0.0391
vt 0.1250 0.0391
vt 0.1250 0.0391
vt 0.1250 0.0391
vt 0.1250 0.0391
vt 0.1250 0.0391
vt 0.1250 0.2109
vt 0.1250 0.2109
vt 0.1250 0.2109
vt 0.1250 0.1250
vt 0.1250 0.1250
vt 0.1250 0.1250
vt 0.1250 0.1250
vt 0.1250 0.0391
vt 0.1250 0.0391
vt 0.1250 0.0391
vt 0.1250 0.0391
vt 0.1250 0.0391
vt 0.1250 0.0391
vt 0.1250 0.0391
vt 0.1250 0.0391
vt 0.1250 0.0391
vt 0.1250 0.0391
vt 0.1250 0.0391
vt 0.1250 0.2109
vt 0.1250 0.2109
vt 0.1250 0.2109
vt 0.1250 0.2109
vt 0.1250 0.2109
vt 0.1250 0.2109
vt 0.1250 0.2109
vt 0.1250 0.1250
vt 0.1250 0.1250
vt 0.1250 0.1250
vt 0.1250 0.1250
vt 0.1250 0.0391
vt 0.1250 0.0391
vt 0.1250 0.0391
vt 0.1250 0.0391
vt 0.1250 0.0391
vt 0.1250 0.0391
vt 0.1250 0.0391
vt 0.1250 0.2109
vt 0.1250 0.2109
vt 0.1250 0.2109
vt 0.1250 0.2109
vt 0.1250 0.2109
vt 0.1250 0.2109
vt 0.1250 0.2109
vt 0.1250 0.1250
vt 0.1250 0.1250
vt 0.1250 0.1250
vt 0.1250 0.1250
vt 0.1250 0.0391
vt 0.1250 0.0391
vt 0.1250 0.0391
vt 0.1250 0.0391
vt 0.1250 0.0391
vt 0.1250 0.0391
vt 0.1250 0.0391
vt 0.1250 0.2109
vt 0.1250 0.2109
vt 0.1250 0.2109
vt 0.1250 0.2109
vt 0.1250 0.2109
vt 0.1250 0.2109
vt 0.1250 0.2109
vt 0.1250 0.2109
vt 0.1250 0.2109
vt 0.1250 0.2109
vt 0.1250 0.2109
vt 0.1250 0.0391
vt 0.1250 0.0391
vt 0.1250 0.0391
vt 0.1250 0.0391
vt 0.1250 0.0391
vt 0.1250 0.0391
vt 0.1250 0.0391
vt 0.1250 0.2109
vt 0.1250 0.2109
vt 0.1250 0.2109
vt 0.1250 0.2109
vt 0.1250 0.2109
vt 0.1250 0.2109
vt 0.1250 0.2109
vt 0.1250 0.1250
vt 0.1250 0.1250
vt 0.1250 0.1250
vt 0.1250 0.1250
vt 0.1250 0.0391
vt 0.1250 0.0391
vt 0.1250 0.0391
vt 0.1250 0.0391
vt 0.1250 0.0391
vt 0.1250 0.0391
vt 0.1250 0.0391
vt 0.3750 0.7109
vt 0.3750 0.7109
vt 0.3750 0.7109
vt 0.3750 0.7109
vt 0.3750 0.5391
vt 0.3750 0.5391
vt 0.3750 0.5391
vt 0.3750 0.5391
vt 0.3750 0.7109
vt 0.3750 0.7109
vt 0.3750 0.7109
vt 0.3750 0.7109
vt 0.3750 0.5391
vt 0.3750 0.5391
vt 0.3750 0.5391
vt 0.3750 0.5391
vt 0.3750 0.7109
vt 0.3750 0.7109
vt 0.3750 0.7109
vt 0.3750 0.7109
vt 0.3750 0.5391
vt 0.3750 0.5391
vt 0.3750 0.5391
vt 0.3750 0.5391
vt 0.3750 0.7109
vt 0.3750 0.7109
vt 0.3750 0.7109
vt 0.3750 0.7109
vt 0.3750 0.5391
vt 0.3750 0.5391
vt 0.3750 0.5391
vt 0.3750 0.5391
vt 0.3750 0.7109
vt 0.3750 0.7109
vt 0.3750 0.7109
vt 0.3750 0.7109
vt 0.3750 0.5391
vt 0.3750 0.5391
vt 0.3750 0.5391
vt 0.3750 0.5391
vt 0.3750 0.7109
vt 0.3750 0.7109
vt 0.3750 0.7109
vt 0.3750 0.7109
vt 0.3750 0.6250
vt 0.3750 0.6250
vt 0.3750 0.6250
vt 0.3750 0.6250
vt 0.3750 0.7109
vt 0.3750 0.7109
vt 0.3750 0.7109
vt 0.3750 0.7109
vt 0.3750 0.6250
vt 0.3750 0.6250
vt 0.3750 0.6250
vt 0.3750 0.6250
vt 0.3750 0.7109
vt 0.3750 0.7109
vt 0.3750 0.7109
vt 0.3750 0.7109
vt 0.3750 0.5391
vt 0.3750 0.5391
vt 0.3750 0.5391
vt 0.3750 0.5391
vt 0.6250 0.2109
vt 0.6250 0.2109
vt 0.6250 0.2109
vt 0.6250 0.2109
vt 0.6250 0.0391
vt 0.6250 0.0391
vt 0.6250 0.0391
vt 0.6250 0.0391
vt 0.6250 0.2109
vt 0.6250 0.2109
vt 0.6250 0.2109
vt 0.6250 0.2109
vt 0.6250 0.0391
vt 0.6250 0.0391
vt 0.6250 0.0391
vt 0.6250 0.0391
vt 0.6250 0.2109
vt 0.6250 0.2109
vt 0.6250 0.2109
vt 0.6250 0.2109
vt 0.6250 0.0391
vt 0.6250 0.0391
vt 0.6250 0.0391
vt 0.6250 0.0391
vt 0.6250 0.2109
vt 0.6250 0.2109
vt 0.6250 0.2109
vt 0.6250 0.2109
vt 0.6250 0.0391
vt 0.6250 0.0391
vt 0.6250 0.0391
vt 0.6250 0.0391
vt 0.6250 0.2109
vt 0.6250 0.2109
vt 0.6250 0.2109
vt 0.6250 0.2109
vt 0.6250 0.0391
vt 0.6250 0.0391
vt 0.6250 0.0391
vt 0.6250 0.0391
vt 0.6250 0.2109
vt 0.6250 0.2109
vt 0.6250 0.2109
vt 0.6250 0.2109
vt 0.6250 0.0391
vt 0.6250 0.0391
vt 0.6250 0.0391
vt 0.6250 0.0391
vt 0.6250 0.2109
vt 0.6250 0.2109
vt 0.6250 0.2109
vt 0.6250 0.2109
vt 0.6250 0.0391
vt 0.6250 0.0391
vt 0.6250 0.0391
vt 0.6250 0.0391
vt 0.6250 0.2109
vt 0.6250 0.2109
vt 0.6250 0.2109
vt 0.6250 0.2109
vt 0.6250 0.0391
vt 0.6250 0.0391
vt 0.6250 0.0391
vt 0.6250 0.0391
vt 0.6250 0.2109
vt 0.6250 0.2109
vt 0.6250 0.2109
vt 0.6250 0.2109
vt 0.6250 0.0391
vt 0.6250 0.0391
vt 0.6250 0.0391
vt 0.6250 0.0391
vt 0.6250 0.2109
vt 0.6250 0.2109
vt 0.6250 0.2109
vt 0.6250 0.2109
vt 0.6250 0.0391
vt 0.6250 0.0391
vt 0.6250 0.0391
vt 0.6250 0.0391
vt 0.6250 0.2109
vt 0.6250 0.2109
vt 0.6250 0.2109
vt 0.6250 0.2109
vt 0.6250 0.0391
vt 0.6250 0.0391
vt 0.6250 0.0391
vt 0.6250 0.0391
vt 0.6250 0.2109
vt 0.6250 0.2109
vt 0.6250 0.2109
vt 0.6250 0.2109
vt 0.6250 0.0391
vt 0.6250 0.0391
vt 0.6250 0.0391
vt 0.6250 0.0391
vt 0.6250 0.2109
vt 0.6250 0.2109
vt 0.6250 0.2109
vt 0.6250 0.2109
vt 0.6250 0.0391
vt 0.6250 0.0391
vt 0.6250 0.0391
vt 0.6250 0.0391
vt 0.6250 0.2109
vt 0.6250 0.2109
vt 0.6250 0.2109
vt 0.6250 0.2109
vt 0.6250 0.0391
vt 0.6250 0.0391
vt 0.6250 0.0391
vt 0.6250 0.0391
vt 0.6250 0.2109
vt 0.6250 0.2109
vt 0.6250 0.2109
vt 0.6250 0.2109
vt 0.6250 0.0391
vt 0.6250 0.0391
vt 0.6250 0.0391
vt 0.6250 0.0391
vt 0.6250 0.2109
vt 0.6250 0.2109
vt 0.6250 0.2109
vt 0.6250 0.2109
vt 0.6250 0.0391
vt 0.6250 0.0391
vt 0.6250 0.0391
vt 0.6250 0.0391
vt 0.6250 0.2109
vt 0.6250 0.2109
vt 0.6250 0.2109
vt 0.6250 0.2109
vt 0.6250 0.0391
vt 0.6250 0.0391
vt 0.6250 0.0391
vt 0.6250 0.0391
vt 0.6250 0.2109
vt 0.6250 0.2109
vt 0.6250 0.2109
vt 0.6250 0.2109
vt 0.6250 0.0391
vt 0.6250 0.0391
vt 0.6250 0.0391
vt 0.6250 0.0391
vt 0.6250 0.2109
vt 0.6250 0.2109
vt 0.6250 0.2109
vt 0.6250 0.2109
vt 0.6250 0.0391
vt 0.6250 0.0391
vt 0.6250 0.0391
vt 0.6250 0.0391
vt 0.6250 0.2109
vt 0.6250 0.2109
vt 0.6250 0.2109
vt 0.6250 0.2109
vt 0.6250 0.0391
vt 0.6250 0.0391
vt 0.6250 0.0391
vt 0.6250 0.0391
vt 0.6250 0.2109
vt 0.6250 0.2109
vt 0.6250 0.2109
vt 0.6250 0.2109
vt 0.6250 0.0391
vt 0.6250 0.0391
vt 0.6250 0.0391
vt 0.6250 0.0391
vt 0.6250 0.2109
vt 0.6250 0.2109
vt 0.6250 0.2109
vt 0.6250 0.2109
vt 0.6250 0.0391
vt 0.6250 0.0391
vt 0.6250 0.0391
vt 0.6250 0.0391
vt 0.6250 0.2109
vt 0.6250 0.2109
vt 0.6250 0.2109
vt 0.6250 0.2109
vt 0.6250 0.0391
vt 0.6250 0.0391
vt 0.6250 0.0391
vt 0.6250 0.0391
vt 0.6250 0.2109
vt 0.6250 0.2109
vt 0.6250 0.2109
vt 0.6250 0.2109
vt 0.6250 0.0391
vt 0.6250 0.0391
vt 0.6250 0.0391
vt 0.6250 0.0391
vt 0.6250 0.7109
vt 0.6250 0.7109
vt 0.6250 0.7109
vt 0.6250 0.7109
vt 0.6250 0.7109
vt 0.6250 0.7109
vt 0.6250 0.7109
vt 0.6250 0.5391
vt 0.6250 0.5391
vt 0.6250 0.5391
vt 0.6250 0.7109
vt 0.6250 0.7109
vt 0.6250 0.7109
vt 0.6250 0.7109
vt 0.6250 0.7109
vt 0.6250 0.7109
vt 0.6250 0.7109
vt 0.6250 0.5391
vt 0.6250 0.5391
vt 0.6250 0.5391
vt 0.6250 0.7109
vt 0.6250 0.7109
vt 0.6250 0.7109
vt 0.6250 0.6250
vt 0.6250 0.6250
vt 0.6250 0.6250
vt 0.6250 0.6250
vt 0.6250 0.5391
vt 0.6250 0.5391
vt 0.6250 0.5391
vt 0.6250 0.7109
vt 0.6250 0.7109
vt 0.6250 0.7109
vt 0.6250 0.6250
vt 0.6250 0.6250
vt 0.6250 0.6250
vt 0.6250 0.6250
vt 0.6250 0.5391
vt 0.6250 0.5391
vt 0.6250 0.5391
vt 0.6250 0.7109
vt 0.6250 0.7109
vt 0.6250 0.7109
vt 0.6250 0.6250
vt 0.6250 0.6250
vt 0.6250 0.6250
vt 0.6250 0.6250
vt 0.6250 0.5391
vt 0.6250 0.5391
vt 0.6250 0.5391
vt 0.6250 0.7109
vt 0.6250 0.7109
vt 0.6250 0.7109
vt 0.6250 0.6250
vt 0.6250 0.6250
vt 0.6250 0.6250
vt 0.6250 0.6250
vt 0.6250 0.5391
vt 0.6250 0.5391
vt 0.6250 0.5391
vt 0.6250 0.7109
vt 0.6250 0.7109
vt 0.6250 0.7109
vt 0.6250 0.5391
vt 0.6250 0.5391
vt 0.6250 0.5391
vt 0.6250 0.5391
vt 0.6250 0.5391
vt 0.6250 0.5391
vt 0.6250 0.5391
vt 0.6250 0.7109
vt 0.6250 0.7109
vt 0.6250 0.7109
vt 0.6250 0.5391
vt 0.6250 0.5391
vt 0.6250 0.5391
vt 0.6250 0.5391
vt 0.6250 0.5391
vt 0.6250 0.5391
vt 0.6250 0.5391
vt 0.6250 0.7109
vt 0.6250 0.7109
vt 0.6250 0.7109
vt 0.6250 0.5391
vt 0.6250 0.5391
vt 0.6250 0.5391
vt 0.6250 0.5391
vt 0.6250 0.5391
vt 0.6250 0.5391
vt 0.6250 0.5391
vt 0.6250 0.7109
vt 0.6250 0.7109
vt 0.6250 0.7109
vt 0.6250 0.5391
vt 0.6250 0.5391
vt 0.6250 0.5391
vt 0.6250 0.5391
vt 0.6250 0.5391
vt 0.6250 0.5391
vt 0.6250 0.5391
vt 0.6250 0.7109
vt 0.6250 0.7109
vt 0.6250 0.7109
vt 0.6250 0.5391
vt 0.6250 0.5391
vt 0.6250 0.5391
vt 0.6250 0.5391
vt 0.6250 0.5391
vt 0.6250 0.5391
vt 0.6250 0.5391
vt 0.6250 0.7109
vt 0.6250 0.7109
vt 0.6250 0.7109
vt 0.6250 0.6250
vt 0.6250 0.6250
vt 0.6250 0.6250
vt 0.6250 0.6250
vt 0.6250 0.5391
vt 0.6250 0.5391
vt 0.6250 0.5391
vt 0.6250 0.7109
vt 0.6250 0.7109
vt 0.6250 0.7109
vt 0.6250 0.6250
vt 0.6250 0.6250
vt 0.6250 0.6250
vt 0.6250 0.6250
vt 0.6250 0.5391
vt 0.6250 0.5391
vt 0.6250 0.5391
vt 0.6250 0.7109
vt 0.6250 0.7109
vt 0.6250 0.7109
vt 0.6250 0.6250
vt 0.6250 0.6250
vt 0.6250 0.6250
vt 0.6250 0.6250
vt 0.6250 0.5391
vt 0.6250 0.5391
vt 0.6250 0.5391
vt 0.6250 0.7109
vt 0.6250 0.7109
vt 0.6250 0.7109
vt 0.6250 0.6250
vt 0.6250 0.6250
vt 0.6250 0.6250
vt 0.6250 0.6250
vt 0.6250 0.5391
vt 0.6250 0.5391
vt 0.6250 0.5391
vt 0.6250 0.7109
vt 0.6250 0.7109
vt 0.6250 0.7109
vt 0.6250 0.7109
vt 0.6250 0.7109
vt 0.6250 0.7109
vt 0.6250 0.7109
vt 0.6250 0.5391
vt 0.6250 0.5391
vt 0.6250 0.5391
vt 0.6250 0.7109
vt 0.6250 0.7109
vt 0.6250 0.7109
vt 0.6250 0.7109
vt 0.6250 0.7109
vt 0.6250 0.7109
vt 0.6250 0.7109
vt 0.6250 0.5391
vt 0.6250 0.5391
vt 0.6250 0.5391
vt 0.6250 0.7109
vt 0.6250 0.7109
vt 0.6250 0.7109
vt 0.6250 0.7109
vt 0.6250 0.7109
vt 0.6250 0.7109
vt 0.6250 0.7109
vt 0.6250 0.5391
vt 0.6250 0.5391
vt 0.6250 0.5391
vt 0.6250 0.7109
vt 0.6250 0.7109
vt 0.6250 0.7109
vt 0.6250 0.7109
vt 0.6250 0.7109
vt 0.6250 0.7109
vt 0.6250 0.7109
vt 0.6250 0.5391
vt 0.6250 0.5391
vt 0.6250 0.5391
vt 0.6250 0.7109
vt 0.6250 0.7109
vt 0.6250 0.7109
vt 0.6250 0.7109
vt 0.6250 0.7109
vt 0.6250 0.7109
vt 0.6250 0.7109
vt 0.6250 0.5391
vt 0.6250 0.5391
vt 0.6250 0.5391
vt 0.6250 0.7109
vt 0.6250 0.7109
vt 0.6250 0.7109
vt 0.6250 0.7109
vt 0.6250 0.7109
vt 0.6250 0.7109
vt 0.6250 0.7109
vt 0.6250 0.5391
vt 0.6250 0.5391
vt 0.6250 0.5391
vt 0.6250 0.7109
vt 0.6250 0.7109
vt 0.6250 0.7109
vt 0.6250 0.7109
vt 0.6250 0.7109
vt 0.6250 0.7109
vt 0.6250 0.7109
vt 0.6250 0.5391
vt 0.6250 0.5391
vt 0.6250 0.5391
vt 0.6250 0.7109
vt 0.6250 0.7109
vt 0.6250 0.7109
vt 0.6250 0.7109
vt 0.6250 0.7109
vt 0.6250 0.7109
vt 0.6250 0.7109
vt 0.6250 0.5391
vt 0.6250 0.5391
vt 0.6250 0.5391
vt 0.6250 0.7109
vt 0.6250 0.7109
vt 0.6250 0.7109
vt 0.6250 0.7109
vt 0.6250 0.7109
vt 0.6250 0.7109
vt 0.6250 0.7109
vt 0.6250 0.5391
vt 0.6250 0.5391
vt 0.6250 0.5391
vt 0.6250 0.3750
vt 0.6250 0.3750
vt 0.6250 0.3750
vt 0.6250 0.4609
vt 0.6250 0.4609
vt 0.6250 0.4609
vt 0.6250 0.2891
vt 0.6250 0.2891
vt 0.6250 0.2891
vt 0.6250 0.4609
vt 0.6250 0.4609
vt 0.6250 0.4609
vt 0.6250 0.3750
vt 0.6250 0.3750
vt 0.6250 0.3750
vt 0.6250 0.4609
vt 0.6250 0.4609
vt 0.6250 0.4609
vt 0.6250 0.4609
vt 0.6250 0.4609
vt 0.6250 0.4609
vt 0.6250 0.4609
vt 0.6250 0.4609
vt 0.6250 0.4609
vt 0.6250 0.3750
vt 0.6250 0.3750
vt 0.6250 0.3750
vt 0.6250 0.4609
vt 0.6250 0.4609
vt 0.6250 0.4609
vt 0.6250 0.2891
vt 0.6250 0.2891
vt 0.6250 0.2891
vt 0.6250 0.4609
vt 0.6250 0.4609
vt 0.6250 0.4609
vt 0.6250 0.3750
vt 0.6250 0.3750
vt 0.6250 0.3750
vt 0.6250 0.4609
vt 0.6250 0.4609
vt 0.6250 0.4609
vt 0.6250 0.4609
vt 0.6250 0.4609
vt 0.6250 0.4609
vt 0.6250 0.4609
vt 0.6250 0.4609
vt 0.6250 0.4609
vt 0.6250 0.3750
vt 0.6250 0.3750
vt 0.6250 0.3750
vt 0.6250 0.4609
vt 0.6250 0.4609
vt 0.6250 0.4609
vt 0.6250 0.2891
vt 0.6250 0.2891
vt 0.6250 0.2891
vt 0.6250 0.4609
vt 0.6250 0.4609
vt 0.6250 0.4609
vt 0.6250 0.3750
vt 0.6250 0.3750
vt 0.6250 0.3750
vt 0.6250 0.4609
vt 0.6250 0.4609
vt 0.6250 0.4609
vt 0.6250 0.4609
vt 0.6250 0.4609
vt 0.6250 0.4609
vt 0.6250 0.4609
vt 0.6250 0.4609
vt 0.6250 0.4609
vt 0.6250 0.3750
vt 0.6250 0.3750
vt 0.6250 0.3750
vt 0.6250 0.4609
vt 0.6250 0.4609
vt 0.6250 0.4609
vt 0.6250 0.2891
vt 0.6250 0.2891
vt 0.6250 0.2891
vt 0.6250 0.4609
vt 0.6250 0.4609
vt 0.6250 0.4609
vt 0.6250 0.3750
vt 0.6250 0.3750
vt 0.6250 0.3750
vt 0.6250 0.4609
vt 0.6250 0.4609
vt 0.6250 0.4609
vt 0.6250 0.4609
vt 0.6250 0.4609
vt 0.6250 0.4609
vt 0.6250 0.4609
vt 0.6250 0.4609
vt 0.6250 0.4609
vt 0.6250 0.3750
vt 0.6250 0.3750
vt 0.6250 0.3750
vt 0.6250 0.4609
vt 0.6250 0.4609
vt 0.6250 0.4609
vt 0.6250 0.2891
vt 0.6250 0.2891
vt 0.6250 0.2891
vt 0.6250 0.4609
vt 0.6250 0.4609
vt 0.6250 0.4609
vt 0.6250 0.3750
vt 0.6250 0.3750
vt 0.6250 0.3750
vt 0.6250 0.4609
vt 0.6250 0.4609
vt 0.6250 0.4609
vt 0.6250 0.4609
vt 0.6250 0.4609
vt 0.6250 0.4609
vt 0.6250 0.4609
vt 0.6250 0.4609
vt 0.6250 0.4609
vt 0.8750 0.3750
vt 0.8750 0.3750
vt 0.8750 0.3750
vt 0.8750 0.4609
vt 0.8750 0.4609
vt 0.8750 0.4609
vt 0.8750 0.2891
vt 0.8750 0.2891
vt 0.8750 0.2891
vt 0.8750 0.3750
vt 0.8750 0.3750
vt 0.8750 0.3750
vt 0.8750 0.2891
vt 0.8750 0.2891
vt 0.8750 0.2891
vt 0.8750 0.3750
vt 0.8750 0.3750
vt 0.8750 0.3750
vt 0.8750 0.3750
vt 0.8750 0.3750
vt 0.8750 0.3750
vt 0.8750 0.4609
vt 0.8750 0.4609
vt 0.8750 0.4609
vt 0.8750 0.3750
vt 0.8750 0.3750
vt 0.8750 0.3750
vt 0.8750 0.4609
vt 0.8750 0.4609
vt 0.8750 0.4609
vt 0.8750 0.4609
vt 0.8750 0.4609
vt 0.8750 0.4609
vt 0.8750 0.4609
vt 0.8750 0.4609
vt 0.8750 0.4609
vt 0.6250 0.0391
vt 0.6250 0.0391
vt 0.6250 0.0391
vt 0.6250 0.2109
vt 0.6250 0.2109
vt 0.6250 0.2109
vt 0.6250 0.0391
vt 0.6250 0.0391
vt 0.6250 0.0391
vt 0.6250 0.1250
vt 0.6250 0.1250
vt 0.6250 0.1250
vt 0.6250 0.0391
vt 0.6250 0.0391
vt 0.6250 0.0391
vt 0.6250 0.1250
vt 0.6250 0.1250
vt 0.6250 0.1250
vt 0.6250 0.1250
vt 0.6250 0.1250
vt 0.6250 0.1250
vt 0.6250 0.2109
vt 0.6250 0.2109
vt 0.6250 0.2109
vt 0.6250 0.2109
vt 0.6250 0.2109
vt 0.6250 0.2109
vt 0.6250 0.2109
vt 0.6250 0.2109
vt 0.6250 0.2109
vt 0.6250 0.1250
vt 0.6250 0.1250
vt 0.6250 0.1250
vt 0.6250 0.2109
vt 0.6250 0.2109
vt 0.6250 0.2109
vt 0.3750 0.7109
vt 0.3750 0.7109
vt 0.3750 0.7109
vt 0.3750 0.7109
vt 0.3750 0.7109
vt 0.3750 0.7109
vt 0.3750 0.7109
vt 0.3750 0.7109
vt 0.3750 0.6250
vt 0.3750 0.6250
vt 0.3750 0.6250
vt 0.3750 0.6250
vt 0.3750 0.5391
vt 0.3750 0.5391
vt 0.3750 0.5391
vt 0.3750 0.5391
vt 0.3750 0.5391
vt 0.3750 0.5391
vt 0.3750 0.5391
vt 0.3750 0.5391
vt 0.3750 0.6250
vt 0.3750 0.6250
vt 0.3750 0.6250
vt 0.3750 0.6250
vt 0.3750 0.7109
vt 0.3750 0.7109
vt 0.3750 0.7109
vt 0.3750 0.7109
vt 0.3750 0.7109
vt 0.3750 0.7109
vt 0.3750 0.7109
vt 0.3750 0.7109
vt 0.3750 0.7109
vt 0.3750 0.7109
vt 0.3750 0.7109
vt 0.3750 0.7109
vt 0.3750 0.5391
vt 0.3750 0.5391
vt 0.3750 0.5391
vt 0.3750 0.5391
vt 0.3750 0.5391
vt 0.3750 0.5391
vt 0.3750 0.5391
vt 0.3750 0.5391
vt 0.3750 0.6250
vt 0.3750 0.6250
vt 0.3750 0.6250
vt 0.3750 0.6250
vt 0.3750 0.7109
vt 0.3750 0.7109
vt 0.3750 0.7109
vt 0.3750 0.7109
vt 0.3750 0.7109
vt 0.3750 0.7109
vt 0.3750 0.7109
vt 0.3750 0.7109
vt 0.3750 0.7109
vt 0.3750 0.7109
vt 0.3750 0.7109
vt 0.3750 0.7109
vt 0.3750 0.5391
vt 0.3750 0.5391
vt 0.3750 0.5391
vt 0.3750 0.5391
vt 0.3750 0.5391
vt 0.3750 0.5391
vt 0.3750 0.5391
vt 0.3750 0.5391
vt 0.3750 0.6250
vt 0.3750 0.6250
vt 0.3750 0.6250
vt 0.3750 0.6250
vt 0.3750 0.7109
vt 0.3750 0.7109
vt 0.3750 0.7109
vt 0.3750 0.7109
vt 0.3750 0.7109
vt 0.3750 0.7109
vt 0.3750 0.7109
vt 0.3750 0.7109
vt 0.3750 0.7109
vt 0.3750 0.7109
vt 0.3750 0.7109
vt 0.3750 0.7109
vt 0.3750 0.5391
vt 0.3750 0.5391
vt 0.3750 0.5391
vt 0.3750 0.5391
vt 0.3750 0.5391
vt 0.3750 0.5391
vt 0.3750 0.5391
vt 0.3750 0.5391
vt 0.3750 0.6250
vt 0.3750 0.6250
vt 0.3750 0.6250
vt 0.3750 0.6250
vt 0.3750 0.7109
vt 0.3750 0.7109
vt 0.3750 0.7109
vt 0.3750 0.7109
vt 0.3750 0.7109
vt 0.3750 0.7109
vt 0.3750 0.7109
vt 0.3750 0.7109
vt 0.3750 0.7109
vt 0.3750 0.7109
vt 0.3750 0.7109
vt 0.3750 0.7109
vt 0.3750 0.5391
vt 0.3750 0.5391
vt 0.3750 0.5391
vt 0.3750 0.5391
vt 0.3750 0.5391
vt 0.3750 0.5391
vt 0.3750 0.5391
vt 0.3750 0.5391
vt 0.3750 0.6250
vt 0.3750 0.6250
vt 0.3750 0.6250
vt 0.3750 0.6250
vt 0.3750 0.7109
vt 0.3750 0.7109
vt 0.3750 0.7109
vt 0.3750 0.7109
vt 0.3750 0.7109
vt 0.3750 0.7109
vt 0.3750 0.7109
vt 0.3750 0.7109
vt 0.3750 0.7109
vt 0.3750 0.7109
vt 0.3750 0.7109
vt 0.3750 0.7109
vt 0.3750 0.5391
vt 0.3750 0.5391
vt 0.3750 0.5391
vt 0.3750 0.5391
vt 0.3750 0.5391
vt 0.3750 0.5391
vt 0.3750 0.5391
vt 0.3750 0.5391
vt 0.3750 0.6250
vt 0.3750 0.6250
vt 0.3750 0.6250
vt 0.3750 0.6250
vt 0.3750 0.7109
vt 0.3750 0.7109
vt 0.3750 0.7109
vt 0.3750 0.7109
vt 0.3750 0.7109
vt 0.3750 0.7109
vt 0.3750 0.7109
vt 0.3750 0.7109
vt 0.3750 0.7109
vt 0.3750 0.7109
vt 0.3750 0.7109
vt 0.3750 0.7109
vt 0.3750 0.5391
vt 0.3750 0.5391
vt 0.3750 0.5391
vt 0.3750 0.5391
vt 0.3750 0.5391
vt 0.3750 0.5391
vt 0.3750 0.5391
vt 0.3750 0.5391
vt 0.3750 0.6250
vt 0.3750 0.6250
vt 0.3750 0.6250
vt 0.3750 0.6250
vt 0.3750 0.7109
vt 0.3750 0.7109
vt 0.3750 0.7109
vt 0.3750 0.7109
vt 0.3750 0.7109
vt 0.3750 0.7109
vt 0.3750 0.7109
vt 0.3750 0.7109
vt 0.3750 0.7109
vt 0.3750 0.7109
vt 0.3750 0.7109
vt 0.3750 0.7109
vt 0.3750 0.5391
vt 0.3750 0.5391
vt 0.3750 0.5391
vt 0.3750 0.5391
vt 0.3750 0.5391
vt 0.3750 0.5391
vt 0.3750 0.5391
vt 0.3750 0.5391
vt 0.3750 0.6250
vt 0.3750 0.6250
vt 0.3750 0.6250
vt 0.3750 0.6250
vt 0.3750 0.7109
vt 0.3750 0.7109
vt 0.3750 0.7109
vt 0.3750 0.7109
vt 0.3750 0.7109
vt 0.3750 0.7109
vt 0.3750 0.7109
vt 0.3750 0.7109
vt 0.3750 0.7109
vt 0.3750 0.7109
vt 0.3750 0.7109
vt 0.3750 0.7109
vt 0.3750 0.5391
vt 0.3750 0.5391
vt 0.3750 0.5391
vt 0.3750 0.5391
vt 0.3750 0.5391
vt 0.3750 0.5391
vt 0.3750 0.5391
vt 0.3750 0.5391
vt 0.3750 0.6250
vt 0.3750 0.6250
vt 0.3750 0.6250
vt 0.3750 0.6250
vt 0.3750 0.7109
vt 0.3750 0.7109
vt 0.3750 0.7109
vt 0.3750 0.7109
vt 0.3750 0.7109
vt 0.3750 0.7109
vt 0.3750 0.7109
vt 0.3750 0.7109
vt 0.3750 0.6250
vt 0.3750 0.6250
vt 0.3750 0.6250
vt 0.3750 0.6250
vt 0.3750 0.5391
vt 0.3750 0.5391
vt 0.3750 0.5391
vt 0.3750 0.5391
vt 0.3750 0.5391
vt 0.3750 0.5391
vt 0.3750 0.5391
vt 0.3750 0.5391
vt 0.3750 0.6250
vt 0.3750 0.6250
vt 0.3750 0.6250
vt 0.3750 0.6250
vt 0.3750 0.7109
vt 0.3750 0.7109
vt 0.3750 0.7109
vt 0.3750 0.7109
vt 0.3750 0.7109
vt 0.3750 0.7109
vt 0.3750 0.7109
vt 0.3750 0.7109
vt 0.3750 0.6250
vt 0.3750 0.6250
vt 0.3750 0.6250
vt 0.3750 0.6250
vt 0.3750 0.5391
vt 0.3750 0.5391
vt 0.3750 0.5391
vt 0.3750 0.5391
vt 0.3750 0.5391
vt 0.3750 0.5391
vt 0.3750 0.5391
vt 0.3750 0.5391
vt 0.3750 0.6250
vt 0.3750 0.6250
vt 0.3750 0.6250
vt 0.3750 0.6250
vt 0.3750 0.7109
vt 0.3750 0.7109
vt 0.3750 0.7109
vt 0.3750 0.7109
vt 0.3750 0.7109
vt 0.3750 0.7109
vt 0.3750 0.7109
vt 0.3750 0.7109
vt 0.3750 0.6250
vt 0.3750 0.6250
vt 0.3750 0.6250
vt 0.3750 0.6250
vt 0.3750 0.5391
vt 0.3750 0.5391
vt 0.3750 0.5391
vt 0.3750 0.5391
vt 0.3750 0.5391
vt 0.3750 0.5391
vt 0.3750 0.5391
vt 0.3750 0.5391
vt 0.3750 0.6250
vt 0.3750 0.6250
vt 0.3750 0.6250
vt 0.3750 0.6250
vt 0.3750 0.7109
vt 0.3750 0.7109
vt 0.3750 0.7109
vt 0.3750 0.7109
vt 0.3750 0.7109
vt 0.3750 0.7109
vt 0.3750 0.5391
vt 0.3750 0.5391
vt 0.3750 0.5391
vt 0.3750 0.5391
vt 0.3750 0.5391
vt 0.3750 0.5391
vt 0.3750 0.7109
vt 0.3750 0.7109
vt 0.3750 0.7109
vt 0.3750 0.7109
vt 0.3750 0.7109
vt 0.3750 0.7109
vt 0.3750 0.7109
vt 0.3750 0.6250
vt 0.3750 0.6250
vt 0.3750 0.6250
vt 0.3750 0.6250
vt 0.3750 0.5391
vt 0.3750 0.5391
vt 0.3750 0.5391
vt 0.3750 0.7109
vt 0.3750 0.7109
vt 0.3750 0.7109
vt 0.3750 0.6250
vt 0.3750 0.6250
vt 0.3750 0.6250
vt 0.3750 0.6250
vt 0.3750 0.5391
vt 0.3750 0.5391
vt 0.3750 0.5391
vt 0.3750 0.5391
vt 0.3750 0.5391
vt 0.3750 0.5391
vt 0.3750 0.5391
vt 0.3750 0.7109
vt 0.3750 0.7109
vt 0.3750 0.7109
vt 0.3750 0.6250
vt 0.3750 0.6250
vt 0.3750 0.6250
vt 0.3750 0.6250
vt 0.3750 0.5391
vt 0.3750 0.5391
vt 0.3750 0.5391
vt 0.3750 0.5391
vt 0.3750 0.5391
vt 0.3750 0.5391
vt 0.3750 0.5391
vt 0.3750 0.7109
vt 0.3750 0.7109
vt 0.3750 0.7109
vt 0.3750 0.7109
vt 0.3750 0.7109
vt 0.3750 0.7109
vt 0.3750 0.7109
vt 0.3750 0.6250
vt 0.3750 0.6250
vt 0.3750 0.6250
vt 0.3750 0.6250
vt 0.3750 0.5391
vt 0.3750 0.5391
vt 0.3750 0.5391
vt 0.3750 0.7109
vt 0.3750 0.7109
vt 0.3750 0.7109
vt 0.3750 0.7109
vt 0.3750 0.7109
vt 0.3750 0.7109
vt 0.3750 0.7109
vt 0.3750 0.7109
vt 0.3750 0.7109
vt 0.3750 0.7109
vt 0.3750 0.7109
vt 0.3750 0.5391
vt 0.3750 0.5391
vt 0.3750 0.5391
vt 0.3750 0.7109
vt 0.3750 0.7109
vt 0.3750 0.7109
vt 0.3750 0.7109
vt 0.3750 0.7109
vt 0.3750 0.7109
vt 0.3750 0.7109
vt 0.3750 0.7109
vt 0.3750 0.7109
vt 0.3750 0.7109
vt 0.3750 0.7109
vt 0.3750 0.5391
vt 0.3750 0.5391
vt 0.3750 0.5391
vt 0.1250 0.2109
vt 0.1250 0.2109
vt 0.1250 0.2109
vt 0.1250 0.2109
vt 0.1250 0.2109
vt 0.1250 0.2109
vt 0.1250 0.2109
vt 0.1250 0.2109
vt 0.1250 0.1250
vt 0.1250 0.1250
vt 0.1250 0.1250
vt 0.1250 0.1250
vt 0.1250 0.0391
vt 0.1250 0.0391
vt 0.1250 0.0391
vt 0.1250 0.0391
vt 0.1250 0.0391
vt 0.1250 0.0391
vt 0.1250 0.0391
vt 0.1250 0.0391
vt 0.1250 0.2109
vt 0.1250 0.2109
vt 0.1250 0.2109
vt 0.1250 0.2109
vt 0.1250 0.2109
vt 0.1250 0.2109
vt 0.1250 0.2109
vt 0.1250 0.2109
vt 0.1250 0.2109
vt 0.1250 0.2109
vt 0.1250 0.2109
vt 0.1250 0.2109
vt 0.1250 0.1250
vt 0.1250 0.1250
vt 0.1250 0.1250
vt 0.1250 0.1250
vt 0.1250 0.0391
vt 0.1250 0.0391
vt 0.1250 0.0391
vt 0.1250 0.0391
vt 0.1250 0.0391
vt 0.1250 0.0391
vt 0.1250 0.0391
vt 0.1250 0.0391
vt 0.1250 0.2109
vt 0.1250 0.2109
vt 0.1250 0.2109
vt 0.1250 0.2109
vt 0.1250 0.2109
vt 0.1250 0.2109
vt 0.1250 0.2109
vt 0.1250 0.2109
vt 0.1250 0.2109
vt 0.1250 0.2109
vt 0.1250 0.2109
vt 0.1250 0.2109
vt 0.1250 0.1250
vt 0.1250 0.1250
vt 0.1250 0.1250
vt 0.1250 0.1250
vt 0.1250 0.0391
vt 0.1250 0.0391
vt 0.1250 0.0391
vt 0.1250 0.0391
vt 0.1250 0.0391
vt 0.1250 0.0391
vt 0.1250 0.0391
vt 0.1250 0.0391
vt 0.1250 0.2109
vt 0.1250 0.2109
vt 0.1250 0.2109
vt 0.1250 0.2109
vt 0.1250 0.2109
vt 0.1250 0.2109
vt 0.1250 0.2109
vt 0.1250 0.2109
vt 0.1250 0.2109
vt 0.1250 0.2109
vt 0.1250 0.2109
vt 0.1250 0.2109
vt 0.1250 0.1250
vt 0.1250 0.1250
vt 0.1250 0.1250
vt 0.1250 0.1250
vt 0.1250 0.0391
vt 0.1250 0.0391
vt 0.1250 0.0391
vt 0.1250 0.0391
vt 0.1250 0.0391
vt 0.1250 0.0391
vt 0.1250 0.0391
vt 0.1250 0.0391
vt 0.1250 0.2109
vt 0.1250 0.2109
vt 0.1250 0.2109
vt 0.1250 0.2109
vt 0.1250 0.2109
vt 0.1250 0.2109
vt 0.1250 0.2109
vt 0.1250 0.2109
vt 0.1250 0.2109
vt 0.1250 0.2109
vt 0.1250 0.2109
vt 0.1250 0.2109
vt 0.1250 0.1250
vt 0.1250 0.1250
vt 0.1250 0.1250
vt 0.1250 0.1250
vt 0.1250 0.0391
vt 0.1250 0.0391
vt 0.1250 0.0391
vt 0.1250 0.0391
vt 0.1250 0.0391
vt 0.1250 0.0391
vt 0.1250 0.0391
vt 0.1250 0.0391
vt 0.1250 0.2109
vt 0.1250 0.2109
vt 0.1250 0.2109
vt 0.1250 0.2109
vt 0.1250 0.2109
vt 0.1250 0.2109
vt 0.1250 0.2109
vt 0.1250 0.2109
vt 0.1250 0.2109
vt 0.1250 0.2109
vt 0.1250 0.2109
vt 0.1250 0.2109
vt 0.1250 0.1250
vt 0.1250 0.1250
vt 0.1250 0.1250
vt 0.1250 0.1250
vt 0.1250 0.0391
vt 0.1250 0.0391
vt 0.1250 0.0391
vt 0.1250 0.0391
vt 0.1250 0.0391
vt 0.1250 0.0391
vt 0.1250 0.0391
vt 0.1250 0.0391
vt 0.1250 0.2109
vt 0.1250 0.2109
vt 0.1250 0.2109
vt 0.1250 0.2109
vt 0.1250 0.2109
vt 0.1250 0.2109
vt 0.1250 0.2109
vt 0.1250 0.2109
vt 0.1250 0.2109
vt 0.1250 0.2109
vt 0.1250 0.2109
vt 0.1250 0.2109
vt 0.1250 0.1250
vt 0.1250 0.1250
vt 0.1250 0.1250
vt 0.1250 0.1250
vt 0.1250 0.0391
vt 0.1250 0.0391
vt 0.1250 0.0391
vt 0.1250 0.0391
vt 0.1250 0.0391
vt 0.1250 0.0391
vt 0.1250 0.0391
vt 0.1250 0.0391
vt 0.1250 0.2109
vt 0.1250 0.2109
vt 0.1250 0.2109
vt 0.1250 0.2109
vt 0.1250 0.2109
vt 0.1250 0.2109
vt 0.1250 0.2109
vt 0.1250 0.2109
vt 0.1250 0.2109
vt 0.1250 0.2109
vt 0.1250 0.2109
vt 0.1250 0.2109
vt 0.1250 0.1250
vt 0.1250 0.1250
vt 0.1250 0.1250
vt 0.1250 0.1250
vt 0.1250 0.0391
vt 0.1250 0.0391
vt 0.1250 0.0391
vt 0.1250 0.0391
vt 0.1250 0.0391
vt 0.1250 0.0391
vt 0.1250 0.0391
vt 0.1250 0.0391
vt 0.1250 0.2109
vt 0.1250 0.2109
vt 0.1250 0.2109
vt 0.1250 0.2109
vt 0.1250 0.2109
vt 0.1250 0.2109
vt 0.1250 0.2109
vt 0.1250 0.2109
vt 0.1250 0.2109
vt 0.1250 0.2109
vt 0.1250 0.2109
vt 0.1250 0.2109
vt 0.1250 0.1250
vt 0.1250 0.1250
vt 0.1250 0.1250
vt 0.1250 0.1250
vt 0.1250 0.0391
vt 0.1250 0.0391
vt 0.1250 0.0391
vt 0.1250 0.0391
vt 0.1250 0.0391
vt 0.1250 0.0391
vt 0.1250 0.0391
vt 0.1250 0.0391
vt 0.1250 0.2109
vt 0.1250 0.2109
vt 0.1250 0.2109
vt 0.1250 0.2109
vt 0.1250 0.2109
vt 0.1250 0.2109
vt 0.1250 0.2109
vt 0.1250 0.2109
vt 0.1250 0.2109
vt 0.1250 0.2109
vt 0.1250 0.2109
vt 0.1250 0.2109
vt 0.1250 0.1250
vt 0.1250 0.1250
vt 0.1250 0.1250
vt 0.1250 0.1250
vt 0.1250 0.0391
vt 0.1250 0.0391
vt 0.1250 0.0391
vt 0.1250 0.0391
vt 0.1250 0.0391
vt 0.1250 0.0391
vt 0.1250 0.0391
vt 0.1250 0.0391
vt 0.1250 0.2109
vt 0.1250 0.2109
vt 0.1250 0.2109
vt 0.1250 0.2109
vt 0.1250 0.2109
vt 0.1250 0.2109
vt 0.1250 0.2109
vt 0.1250 0.2109
vt 0.1250 0.2109
vt 0.1250 0.2109
vt 0.1250 0.2109
vt 0.1250 0.2109
vt 0.1250 0.1250
vt 0.1250 0.1250
vt 0.1250 0.1250
vt 0.1250 0.1250
vt 0.1250 0.0391
vt 0.1250 0.0391
vt 0.1250 0.0391
vt 0.1250 0.0391
vt 0.1250 0.0391
vt 0.1250 0.0391
vt 0.1250 0.0391
vt 0.1250 0.0391
vt 0.1250 0.2109
vt 0.1250 0.2109
vt 0.1250 0.2109
vt 0.1250 0.2109
vt 0.1250 0.2109
vt 0.1250 0.2109
vt 0.1250 0.2109
vt 0.1250 0.2109
vt 0.1250 0.2109
vt 0.1250 0.2109
vt 0.1250 0.2109
vt 0.1250 0.2109
vt 0.1250 0.1250
vt 0.1250 0.1250
vt 0.1250 0.1250
vt 0.1250 0.1250
vt 0.1250 0.0391
vt 0.1250 0.0391
vt 0.1250 0.0391
vt 0.1250 0.0391
vt 0.1250 0.0391
vt 0.1250 0.0391
vt 0.1250 0.0391
vt 0.1250 0.0391
vt 0.1250 0.1250
vt 0.1250 0.1250
vt 0.1250 0.1250
vt 0.1250 0.1250
vt 0.1250 0.2109
vt 0.1250 0.2109
vt 0.1250 0.2109
vt 0.1250 0.2109
vt 0.1250 0.2109
vt 0.1250 0.2109
vt 0.1250 0.0391
vt 0.1250 0.0391
vt 0.1250 0.0391
vt 0.1250 0.0391
vt 0.1250 0.0391
vt 0.1250 0.0391
vt 0.3750 0.7109
vt 0.3750 0.7109
vt 0.3750 0.7109
vt 0.3750 0.7109
vt 0.3750 0.7109
vt 0.3750 0.7109
vt 0.3750 0.7109
vt 0.3750 0.6250
vt 0.3750 0.6250
vt 0.3750 0.6250
vt 0.3750 0.6250
vt 0.3750 0.5391
vt 0.3750 0.5391
vt 0.3750 0.5391
vt 0.3750 0.7109
vt 0.3750 0.7109
vt 0.3750 0.7109
vt 0.3750 0.6250
vt 0.3750 0.6250
vt 0.3750 0.6250
vt 0.3750 0.6250
vt 0.3750 0.5391
vt 0.3750 0.5391
vt 0.3750 0.5391
vt 0.3750 0.5391
vt 0.3750 0.5391
vt 0.3750 0.5391
vt 0.3750 0.5391
vt 0.3750 0.7109
vt 0.3750 0.7109
vt 0.3750 0.7109
vt 0.3750 0.6250
vt 0.3750 0.6250
vt 0.3750 0.6250
vt 0.3750 0.6250
vt 0.3750 0.5391
vt 0.3750 0.5391
vt 0.3750 0.5391
vt 0.3750 0.5391
vt 0.3750 0.5391
vt 0.3750 0.5391
vt 0.3750 0.5391
vt 0.3750 0.7109
vt 0.3750 0.7109
vt 0.3750 0.7109
vt 0.3750 0.7109
vt 0.3750 0.7109
vt 0.3750 0.7109
vt 0.3750 0.7109
vt 0.3750 0.6250
vt 0.3750 0.6250
vt 0.3750 0.6250
vt 0.3750 0.6250
vt 0.3750 0.5391
vt 0.3750 0.5391
vt 0.3750 0.5391
vt 0.3750 0.7109
vt 0.3750 0.7109
vt 0.3750 0.7109
vt 0.3750 0.7109
vt 0.3750 0.7109
vt 0.3750 0.7109
vt 0.3750 0.7109
vt 0.3750 0.7109
vt 0.3750 0.7109
vt 0.3750 0.7109
vt 0.3750 0.7109
vt 0.3750 0.5391
vt 0.3750 0.5391
vt 0.3750 0.5391
vt 0.3750 0.7109
vt 0.3750 0.7109
vt 0.3750 0.7109
vt 0.3750 0.7109
vt 0.3750 0.7109
vt 0.3750 0.7109
vt 0.3750 0.7109
vt 0.3750 0.7109
vt 0.3750 0.7109
vt 0.3750 0.7109
vt 0.3750 0.7109
vt 0.3750 0.5391
vt 0.3750 0.5391
vt 0.3750 0.5391
vt 0.3750 0.7109
vt 0.3750 0.7109
vt 0.3750 0.7109
vt 0.3750 0.7109
vt 0.3750 0.7109
vt 0.3750 0.7109
vt 0.3750 0.7109
vt 0.3750 0.7109
vt 0.3750 0.6250
vt 0.3750 0.6250
vt 0.3750 0.6250
vt 0.3750 0.6250
vt 0.3750 0.6250
vt 0.3750 0.6250
vt 0.3750 0.6250
vt 0.3750 0.6250
vt 0.3750 0.6250
vt 0.3750 0.6250
vt 0.3750 0.6250
vt 0.3750 0.6250
vt 0.3750 0.6250
vt 0.3750 0.6250
vt 0.3750 0.6250
vt 0.3750 0.6250
vt 0.3750 0.7109
vt 0.3750 0.7109
vt 0.3750 0.7109
vt 0.3750 0.7109
vt 0.3750 0.7109
vt 0.3750 0.7109
vt 0.3750 0.7109
vt 0.3750 0.7109
vt 0.3750 0.6250
vt 0.3750 0.6250
vt 0.3750 0.6250
vt 0.3750 0.6250
vt 0.3750 0.6250
vt 0.3750 0.6250
vt 0.3750 0.6250
vt 0.3750 0.6250
vt 0.3750 0.6250
vt 0.3750 0.6250
vt 0.3750 0.6250
vt 0.3750 0.6250
vt 0.3750 0.6250
vt 0.3750 0.6250
vt 0.3750 0.6250
vt 0.3750 0.6250
vt 0.3750 0.7109
vt 0.3750 0.7109
vt 0.3750 0.7109
vt 0.3750 0.7109
vt 0.3750 0.7109
vt 0.3750 0.7109
vt 0.3750 0.7109
vt 0.3750 0.7109
vt 0.3750 0.6250
vt 0.3750 0.6250
vt 0.3750 0.6250
vt 0.3750 0.6250
vt 0.3750 0.6250
vt 0.3750 0.6250
vt 0.3750 0.6250
vt 0.3750 0.6250
vt 0.3750 0.6250
vt 0.3750 0.6250
vt 0.3750 0.6250
vt 0.3750 0.6250
vt 0.3750 0.6250
vt 0.3750 0.6250
vt 0.3750 0.6250
vt 0.3750 0.6250
vt 0.3750 0.7109
vt 0.3750 0.7109
vt 0.3750 0.7109
vt 0.3750 0.7109
vt 0.3750 0.7109
vt 0.3750 0.7109
vt 0.3750 0.7109
vt 0.3750 0.7109
vt 0.3750 0.6250
vt 0.3750 0.6250
vt 0.3750 0.6250
vt 0.3750 0.6250
vt 0.3750 0.6250
vt 0.3750 0.6250
vt 0.3750 0.6250
vt 0.3750 0.6250
vt 0.3750 0.6250
vt 0.3750 0.6250
vt 0.3750 0.6250
vt 0.3750 0.6250
vt 0.3750 0.6250
vt 0.3750 0.6250
vt 0.3750 0.6250
vt 0.3750 0.6250
vt 0.3750 0.7109
vt 0.3750 0.7109
vt 0.3750 0.7109
vt 0.3750 0.7109
vt 0.3750 0.7109
vt 0.3750 0.7109
vt 0.3750 0.7109
vt 0.3750 0.7109
vt 0.3750 0.6250
vt 0.3750 0.6250
vt 0.3750 0.6250
vt 0.3750 0.6250
vt 0.3750 0.6250
vt 0.3750 0.6250
vt 0.3750 0.6250
vt 0.3750 0.6250
vt 0.3750 0.6250
vt 0.3750 0.6250
vt 0.3750 0.6250
vt 0.3750 0.6250
vt 0.3750 0.6250
vt 0.3750 0.6250
vt 0.3750 0.6250
vt 0.3750 0.6250
vt 0.3750 0.7109
vt 0.3750 0.7109
vt 0.3750 0.7109
vt 0.3750 0.7109
vt 0.3750 0.7109
vt 0.3750 0.7109
vt 0.3750 0.7109
vt 0.3750 0.7109
vt 0.3750 0.6250
vt 0.3750 0.6250
vt 0.3750 0.6250
vt 0.3750 0.6250
vt 0.3750 0.6250
vt 0.3750 0.6250
vt 0.3750 0.6250
vt 0.3750 0.6250
vt 0.3750 0.6250
vt 0.3750 0.6250
vt 0.3750 0.6250
vt 0.3750 0.6250
vt 0.3750 0.6250
vt 0.3750 0.6250
vt 0.3750 0.6250
vt 0.3750 0.6250
vt 0.3750 0.7109
vt 0.3750 0.7109
vt 0.3750 0.7109
vt 0.3750 0.7109
vt 0.3750 0.7109
vt 0.3750 0.7109
vt 0.3750 0.7109
vt 0.3750 0.7109
vt 0.3750 0.6250
vt 0.3750 0.6250
vt 0.3750 0.6250
vt 0.3750 0.6250
vt 0.3750 0.6250
vt 0.3750 0.6250
vt 0.3750 0.6250
vt 0.3750 0.6250
vt 0.3750 0.6250
vt 0.3750 0.6250
vt 0.3750 0.6250
vt 0.3750 0.6250
vt 0.3750 0.6250
vt 0.3750 0.6250
vt 0.3750 0.6250
vt 0.3750 0.6250
vt 0.3750 0.7109
vt 0.3750 0.7109
vt 0.3750 0.7109
vt 0.3750 0.7109
vt 0.3750 0.7109
vt 0.3750 0.7109
vt 0.3750 0.7109
vt 0.3750 0.7109
vt 0.3750 0.6250
vt 0.3750 0.6250
vt 0.3750 0.6250
vt 0.3750 0.6250
vt 0.3750 0.6250
vt 0.3750 0.6250
vt 0.3750 0.6250
vt 0.3750 0.6250
vt 0.3750 0.6250
vt 0.3750 0.6250
vt 0.3750 0.6250
vt 0.3750 0.6250
vt 0.3750 0.6250
vt 0.3750 0.6250
vt 0.3750 0.6250
vt 0.3750 0.6250
vt 0.3750 0.7109
vt 0.3750 0.7109
vt 0.3750 0.7109
vt 0.3750 0.7109
vt 0.3750 0.7109
vt 0.3750 0.7109
vt 0.3750 0.7109
vt 0.3750 0.7109
vt 0.3750 0.6250
vt 0.3750 0.6250
vt 0.3750 0.6250
vt 0.3750 0.6250
vt 0.3750 0.6250
vt 0.3750 0.6250
vt 0.3750 0.6250
vt 0.3750 0.6250
vt 0.3750 0.6250
vt 0.3750 0.6250
vt 0.3750 0.6250
vt 0.3750 0.6250
vt 0.3750 0.6250
vt 0.3750 0.6250
vt 0.3750 0.6250
vt 0.3750 0.6250
vt 0.3750 0.7109
vt 0.3750 0.7109
vt 0.3750 0.7109
vt 0.3750 0.7109
vt 0.3750 0.7109
vt 0.3750 0.7109
vt 0.3750 0.7109
vt 0.3750 0.7109
vt 0.3750 0.6250
vt 0.3750 0.6250
vt 0.3750 0.6250
vt 0.3750 0.6250
vt 0.3750 0.6250
vt 0.3750 0.6250
vt 0.3750 0.6250
vt 0.3750 0.6250
vt 0.3750 0.6250
vt 0.3750 0.6250
vt 0.3750 0.6250
vt 0.3750 0.6250
vt 0.3750 0.6250
vt 0.3750 0.6250
vt 0.3750 0.6250
vt 0.3750 0.6250
vt 0.3750 0.7109
vt 0.3750 0.7109
vt 0.3750 0.7109
vt 0.3750 0.7109
vt 0.3750 0.7109
vt 0.3750 0.7109
vt 0.3750 0.7109
vt 0.3750 0.7109
vt 0.3750 0.6250
vt 0.3750 0.6250
vt 0.3750 0.6250
vt 0.3750 0.6250
vt 0.3750 0.5391
vt 0.3750 0.5391
vt 0.3750 0.5391
vt 0.3750 0.5391
vt 0.3750 0.6250
vt 0.3750 0.6250
vt 0.3750 0.6250
vt 0.3750 0.6250
vt 0.3750 0.6250
vt 0.3750 0.6250
vt 0.3750 0.6250
vt 0.3750 0.6250
vt 0.3750 0.7109
vt 0.3750 0.7109
vt 0.3750 0.7109
vt 0.3750 0.7109
vt 0.3750 0.7109
vt 0.3750 0.7109
vt 0.3750 0.7109
vt 0.3750 0.7109
vt 0.3750 0.6250
vt 0.3750 0.6250
vt 0.3750 0.6250
vt 0.3750 0.6250
vt 0.3750 0.5391
vt 0.3750 0.5391
vt 0.3750 0.5391
vt 0.3750 0.5391
vt 0.3750 0.5391
vt 0.3750 0.5391
vt 0.3750 0.5391
vt 0.3750 0.5391
vt 0.3750 0.6250
vt 0.3750 0.6250
vt 0.3750 0.6250
vt 0.3750 0.6250
vt 0.3750 0.7109
vt 0.3750 0.7109
vt 0.3750 0.7109
vt 0.3750 0.7109
vt 0.3750 0.7109
vt 0.3750 0.7109
vt 0.3750 0.5391
vt 0.3750 0.5391
vt 0.3750 0.5391
vt 0.3750 0.5391
vt 0.3750 0.5391
vt 0.3750 0.5391
vt 0.3750 0.7109
vt 0.3750 0.7109
vt 0.3750 0.7109
vt 0.3750 0.7109
vt 0.3750 0.7109
vt 0.3750 0.7109
vt 0.3750 0.7109
vt 0.3750 0.6250
vt 0.3750 0.6250
vt 0.3750 0.6250
vt 0.3750 0.6250
vt 0.3750 0.5391
vt 0.3750 0.5391
vt 0.3750 0.5391
vt 0.3750 0.7109
vt 0.3750 0.7109
vt 0.3750 0.7109
vt 0.3750 0.6250
vt 0.3750 0.6250
vt 0.3750 0.6250
vt 0.3750 0.6250
vt 0.3750 0.5391
vt 0.3750 0.5391
vt 0.3750 0.5391
vt 0.3750 0.5391
vt 0.3750 0.5391
vt 0.3750 0.5391
vt 0.3750 0.5391
vt 0.3750 0.7109
vt 0.3750 0.7109
vt 0.3750 0.7109
vt 0.3750 0.6250
vt 0.3750 0.6250
vt 0.3750 0.6250
vt 0.3750 0.6250
vt 0.3750 0.5391
vt 0.3750 0.5391
vt 0.3750 0.5391
vt 0.3750 0.5391
vt 0.3750 0.5391
vt 0.3750 0.5391
vt 0.3750 0.5391
vt 0.3750 0.7109
vt 0.3750 0.7109
vt 0.3750 0.7109
vt 0.3750 0.7109
vt 0.3750 0.7109
vt 0.3750 0.7109
vt 0.3750 0.7109
vt 0.3750 0.6250
vt 0.3750 0.6250
vt 0.3750 0.6250
vt 0.3750 0.6250
vt 0.3750 0.5391
vt 0.3750 0.5391
vt 0.3750 0.5391
vt 0.3750 0.7109
vt 0.3750 0.7109
vt 0.3750 0.7109
vt 0.3750 0.7109
vt 0.3750 0.7109
vt 0.3750 0.7109
vt 0.3750 0.7109
vt 0.3750 0.7109
vt 0.3750 0.7109
vt 0.3750 0.7109
vt 0.3750 0.7109
vt 0.3750 0.5391
vt 0.3750 0.5391
vt 0.3750 0.5391
vt 0.3750 0.7109
vt 0.3750 0.7109
vt 0.3750 0.7109
vt 0.3750 0.7109
vt 0.3750 0.7109
vt 0.3750 0.7109
vt 0.3750 0.7109
vt 0.3750 0.7109
vt 0.3750 0.7109
vt 0.3750 0.7109
vt 0.3750 0.7109
vt 0.3750 0.5391
vt 0.3750 0.5391
vt 0.3750 0.5391
vt 0.3750 0.5391
vt 0.3750 0.5391
vt 0.3750 0.5391
vt 0.3750 0.5391
vt 0.3750 0.6250
vt 0.3750 0.6250
vt 0.3750 0.6250
vt 0.3750 0.6250
vt 0.3750 0.7109
vt 0.3750 0.7109
vt 0.3750 0.7109
vt 0.3750 0.7109
vt 0.3750 0.7109
vt 0.3750 0.7109
vt 0.3750 0.7109
vt 0.3750 0.7109
vt 0.3750 0.6250
vt 0.3750 0.6250
vt 0.3750 0.6250
vt 0.3750 0.6250
vt 0.3750 0.5391
vt 0.3750 0.5391
vt 0.3750 0.5391
vt 0.3750 0.5391
vt 0.3750 0.6250
vt 0.3750 0.6250
vt 0.3750 0.6250
vt 0.3750 0.6250
vt 0.3750 0.7109
vt 0.3750 0.7109
vt 0.3750 0.7109
vt 0.3750 0.7109
vt 0.3750 0.7109
vt 0.3750 0.7109
vt 0.3750 0.7109
vt 0.3750 0.7109
vt 0.3750 0.6250
vt 0.3750 0.6250
vt 0.3750 0.6250
vt 0.3750 0.6250
vt 0.3750 0.5391
vt 0.3750 0.5391
vt 0.3750 0.5391
vt 0.3750 0.5391
vt 0.3750 0.6250
vt 0.3750 0.6250
vt 0.3750 0.6250
vt 0.3750 0.6250
vt 0.3750 0.7109
vt 0.3750 0.7109
vt 0.3750 0.7109
vt 0.3750 0.7109
vt 0.3750 0.7109
vt 0.3750 0.7109
vt 0.3750 0.7109
vt 0.3750 0.7109
vt 0.3750 0.6250
vt 0.3750 0.6250
vt 0.3750 0.6250
vt 0.3750 0.6250
vt 0.3750 0.5391
vt 0.3750 0.5391
vt 0.3750 0.5391
vt 0.3750 0.5391
vt 0.3750 0.6250
vt 0.3750 0.6250
vt 0.3750 0.6250
vt 0.3750 0.6250
vt 0.3750 0.7109
vt 0.3750 0.7109
vt 0.3750 0.7109
vt 0.3750 0.7109
vt 0.3750 0.7109
vt 0.3750 0.7109
vt 0.3750 0.7109
vt 0.3750 0.7109
vt 0.3750 0.6250
vt 0.3750 0.6250
vt 0.3750 0.6250
vt 0.3750 0.6250
vt 0.3750 0.5391
vt 0.3750 0.5391
vt 0.3750 0.5391
vt 0.3750 0.5391
vt 0.3750 0.6250
vt 0.3750 0.6250
vt 0.3750 0.6250
vt 0.3750 0.6250
vt 0.3750 0.7109
vt 0.3750 0.7109
vt 0.3750 0.7109
vt 0.3750 0.7109
vt 0.3750 0.7109
vt 0.3750 0.7109
vt 0.3750 0.7109
vt 0.3750 0.7109
vt 0.3750 0.6250
vt 0.3750 0.6250
vt 0.3750 0.6250
vt 0.3750 0.6250
vt 0.3750 0.5391
vt 0.3750 0.5391
vt 0.3750 0.5391
vt 0.3750 0.5391
vt 0.3750 0.6250
vt 0.3750 0.6250
vt 0.3750 0.6250
vt 0.3750 0.6250
vt 0.3750 0.7109
vt 0.3750 0.7109
vt 0.3750 0.7109
vt 0.3750 0.7109
vt 0.3750 0.7109
vt 0.3750 0.7109
vt 0.3750 0.7109
vt 0.3750 0.7109
vt 0.3750 0.6250
vt 0.3750 0.6250
vt 0.3750 0.6250
vt 0.3750 0.6250
vt 0.3750 0.5391
vt 0.3750 0.5391
vt 0.3750 0.5391
vt 0.3750 0.5391
vt 0.3750 0.6250
vt 0.3750 0.6250
vt 0.3750 0.6250
vt 0.3750 0.6250
vt 0.3750 0.7109
vt 0.3750 0.7109
vt 0.3750 0.7109
vt 0.3750 0.7109
vt 0.3750 0.7109
vt 0.3750 0.7109
vt 0.3750 0.7109
vt 0.3750 0.7109
vt 0.3750 0.6250
vt 0.3750 0.6250
vt 0.3750 0.6250
vt 0.3750 0.6250
vt 0.3750 0.5391
vt 0.3750 0.5391
vt 0.3750 0.5391
vt 0.3750 0.5391
vt 0.3750 0.6250
vt 0.3750 0.6250
vt 0.3750 0.6250
vt 0.3750 0.6250
vt 0.3750 0.7109
vt 0.3750 0.7109
vt 0.3750 0.7109
vt 0.3750 0.7109
vt 0.3750 0.7109
vt 0.3750 0.7109
vt 0.3750 0.7109
vt 0.3750 0.7109
vt 0.3750 0.6250
vt 0.3750 0.6250
vt 0.3750 0.6250
vt 0.3750 0.6250
vt 0.3750 0.5391
vt 0.3750 0.5391
vt 0.3750 0.5391
vt 0.3750 0.5391
vt 0.3750 0.6250
vt 0.3750 0.6250
vt 0.3750 0.6250
vt 0.3750 0.6250
vt 0.3750 0.7109
vt 0.3750 0.7109
vt 0.3750 0.7109
vt 0.3750 0.7109
vt 0.3750 0.7109
vt 0.3750 0.7109
vt 0.3750 0.7109
vt 0.3750 0.7109
vt 0.3750 0.5391
vt 0.3750 0.5391
vt 0.3750 0.5391
vt 0.3750 0.5391
vt 0.3750 0.5391
vt 0.3750 0.5391
vt 0.3750 0.5391
vt 0.3750 0.5391
vt 0.3750 0.6250
vt 0.3750 0.6250
vt 0.3750 0.6250
vt 0.3750 0.6250
vt 0.3750 0.7109
vt 0.3750 0.7109
vt 0.3750 0.7109
vt 0.3750 0.7109
vt 0.3750 0.7109
vt 0.3750 0.7109
vt 0.3750 0.7109
vt 0.3750 0.7109
vt 0.3750 0.5391
vt 0.3750 0.5391
vt 0.3750 0.5391
vt 0.3750 0.5391
vt 0.3750 0.5391
vt 0.3750 0.5391
vt 0.3750 0.5391
vt 0.3750 0.5391
vt 0.3750 0.7109
vt 0.3750 0.7109
vt 0.3750 0.7109
vt 0.3750 0.7109
vt 0.3750 0.7109
vt 0.3750 0.7109
vt 0.3750 0.7109
vt 0.3750 0.7109
vt 0.3750 0.7109
vt 0.3750 0.7109
vt 0.3750 0.7109
vt 0.3750 0.7109
vt 0.3750 0.5391
vt 0.3750 0.5391
vt 0.3750 0.5391
vt 0.3750 0.5391
vt 0.3750 0.5391
vt 0.3750 0.5391
vt 0.3750 0.5391
vt 0.3750 0.5391
vt 0.3750 0.7109
vt 0.3750 0.7109
vt 0.3750 0.7109
vt 0.3750 0.7109
vt 0.3750 0.7109
vt 0.3750 0.7109
vt 0.3750 0.7109
vt 0.3750 0.7109
vt 0.3750 0.7109
vt 0.3750 0.7109
vt 0.3750 0.7109
vt 0.3750 0.7109
vt 0.3750 0.5391
vt 0.3750 0.5391
vt 0.3750 0.5391
vt 0.3750 0.5391
vt 0.3750 0.5391
vt 0.3750 0.5391
vt 0.3750 0.5391
vt 0.3750 0.5391
vt 0.3750 0.7109
vt 0.3750 0.7109
vt 0.3750 0.7109
vt 0.3750 0.7109
vt 0.3750 0.7109
vt 0.3750 0.7109
vt 0.3750 0.7109
vt 0.3750 0.7109
vt 0.3750 0.6250
vt 0.3750 0.6250
vt 0.3750 0.6250
vt 0.3750 0.6250
vt 0.3750 0.5391
vt 0.3750 0.5391
vt 0.3750 0.5391
vt 0.3750 0.5391
vt 0.3750 0.5391
vt 0.3750 0.5391
vt 0.3750 0.5391
vt 0.3750 0.5391
vt 0.3750 0.7109
vt 0.3750 0.7109
vt 0.3750 0.7109
vt 0.3750 0.7109
vt 0.3750 0.7109
vt 0.3750 0.7109
vt 0.3750 0.7109
vt 0.3750 0.7109
vt 0.3750 0.6250
vt 0.3750 0.6250
vt 0.3750 0.6250
vt 0.3750 0.6250
vt 0.3750 0.5391
vt 0.3750 0.5391
vt 0.3750 0.5391
vt 0.3750 0.5391
vt 0.3750 0.6250
vt 0.3750 0.6250
vt 0.3750 0.6250
vt 0.3750 0.6250
vt 0.3750 0.7109
vt 0.3750 0.7109
vt 0.3750 0.7109
vt 0.3750 0.7109
vt 0.3750 0.7109
vt 0.3750 0.7109
vt 0.3750 0.7109
vt 0.3750 0.7109
vt 0.3750 0.6250
vt 0.3750 0.6250
vt 0.3750 0.6250
vt 0.3750 0.6250
vt 0.3750 0.5391
vt 0.3750 0.5391
vt 0.3750 0.5391
vt 0.3750 0.5391
vt 0.3750 0.6250
vt 0.3750 0.6250
vt 0.3750 0.6250
vt 0.3750 0.6250
vt 0.3750 0.7109
vt 0.3750 0.7109
vt 0.3750 0.7109
vt 0.3750 0.7109
vt 0.3750 0.7109
vt 0.3750 0.7109
vt 0.3750 0.7109
vt 0.3750 0.7109
vt 0.3750 0.6250
vt 0.3750 0.6250
vt 0.3750 0.6250
vt 0.3750 0.6250
vt 0.3750 0.5391
vt 0.3750 0.5391
vt 0.3750 0.5391
vt 0.3750 0.5391
vt 0.3750 0.6250
vt 0.3750 0.6250
vt 0.3750 0.6250
vt 0.3750 0.6250
vt 0.3750 0.7109
vt 0.3750 0.7109
vt 0.3750 0.7109
vt 0.3750 0.7109
vt 0.3750 0.7109
vt 0.3750 0.7109
vt 0.3750 0.7109
vt 0.3750 0.7109
vt 0.3750 0.6250
vt 0.3750 0.6250
vt 0.3750 0.6250
vt 0.3750 0.6250
vt 0.3750 0.5391
vt 0.3750 0.5391
vt 0.3750 0.5391
vt 0.3750 0.5391
vt 0.3750 0.6250
vt 0.3750 0.6250
vt 0.3750 0.6250
vt 0.3750 0.6250
vt 0.3750 0.7109
vt 0.3750 0.7109
vt 0.3750 0.7109
vt 0.3750 0.7109
vt 0.3750 0.7109
vt 0.3750 0.7109
vt 0.3750 0.7109
vt 0.3750 0.7109
vt 0.3750 0.6250
vt 0.3750 0.6250
vt 0.3750 0.6250
vt 0.3750 0.6250
vt 0.3750 0.5391
vt 0.3750 0.5391
vt 0.3750 0.5391
vt 0.3750 0.5391
vt 0.3750 0.6250
vt 0.3750 0.6250
vt 0.3750 0.6250
vt 0.3750 0.6250
vt 0.3750 0.7109
vt 0.3750 0.7109
vt 0.3750 0.7109
vt 0.3750 0.7109
vt 0.3750 0.7109
vt 0.3750 0.7109
vt 0.3750 0.7109
vt 0.3750 0.7109
vt 0.3750 0.6250
vt 0.3750 0.6250
vt 0.3750 0.6250
vt 0.3750 0.6250
vt 0.3750 0.5391
vt 0.3750 0.5391
vt 0.3750 0.5391
vt 0.3750 0.5391
vt 0.3750 0.6250
vt 0.3750 0.6250
vt 0.3750 0.6250
vt 0.3750 0.6250
vt 0.3750 0.7109
vt 0.3750 0.7109
vt 0.3750 0.7109
vt 0.3750 0.7109
vt 0.3750 0.7109
vt 0.3750 0.7109
vt 0.3750 0.7109
vt 0.3750 0.7109
vt 0.3750 0.6250
vt 0.3750 0.6250
vt 0.3750 0.6250
vt 0.3750 0.6250
vt 0.3750 0.5391
vt 0.3750 0.5391
vt 0.3750 0.5391
vt 0.3750 0.5391
vt 0.3750 0.6250
vt 0.3750 0.6250
vt 0.3750 0.6250
vt 0.3750 0.6250
vt 0.3750 0.7109
vt 0.3750 0.7109
vt 0.3750 0.7109
vt 0.3750 0.7109
vt 0.3750 0.7109
vt 0.3750 0.7109
vt 0.3750 0.7109
vt 0.3750 0.7109
vt 0.3750 0.6250
vt 0.3750 0.6250
vt 0.3750 0.6250
vt 0.3750 0.6250
vt 0.3750 0.5391
vt 0.3750 0.5391
vt 0.3750 0.5391
vt 0.3750 0.5391
vt 0.3750 0.6250
vt 0.3750 0.6250
vt 0.3750 0.6250
vt 0.3750 0.6250
vt 0.3750 0.7109
vt 0.3750 0.7109
vt 0.3750 0.7109
vt 0.3750 0.7109
vt 0.3750 0.7109
vt 0.3750 0.7109
vt 0.3750 0.7109
vt 0.3750 0.7109
vt 0.3750 0.6250
vt 0.3750 0.6250
vt 0.3750 0.6250
vt 0.3750 0.6250
vt 0.3750 0.5391
vt 0.3750 0.5391
vt 0.3750 0.5391
vt 0.3750 0.5391
vt 0.3750 0.5391
vt 0.3750 0.5391
vt 0.3750 0.5391
vt 0.3750 0.5391
vt 0.3750 0.7109
vt 0.3750 0.7109
vt 0.3750 0.7109
vt 0.3750 0.7109
vt 0.3750 0.7109
vt 0.3750 0.7109
vt 0.3750 0.7109
vt 0.3750 0.7109
vt 0.3750 0.6250
vt 0.3750 0.6250
vt 0.3750 0.6250
vt 0.3750 0.6250
vt 0.3750 0.5391
vt 0.3750 0.5391
vt 0.3750 0.5391
vt 0.3750 0.5391
vt 0.3750 0.5391
vt 0.3750 0.5391
vt 0.3750 0.5391
vt 0.3750 0.5391
vt 0.3750 0.7109
vt 0.3750 0.7109
vt 0.3750 0.7109
vt 0.3750 0.7109
vt 0.3750 0.7109
vt 0.3750 0.7109
vt 0.3750 0.7109
vt 0.3750 0.7109
vt 0.3750 0.6250
vt 0.3750 0.6250
vt 0.3750 0.6250
vt 0.3750 0.6250
vt 0.3750 0.5391
vt 0.3750 0.5391
vt 0.3750 0.5391
vt 0.3750 0.5391
vt 0.3750 0.5391
vt 0.3750 0.5391
vt 0.3750 0.5391
vt 0.3750 0.5391
vt 0.3750 0.7109
vt 0.3750 0.7109
vt 0.3750 0.7109
vt 0.3750 0.7109
vt 0.3750 0.7109
vt 0.3750 0.7109
vt 0.3750 0.7109
vt 0.3750 0.7109
vt 0.3750 0.7109
vt 0.3750 0.7109
vt 0.3750 0.7109
vt 0.3750 0.7109
vt 0.3750 0.5391
vt 0.3750 0.5391
vt 0.3750 0.5391
vt 0.3750 0.5391
vt 0.3750 0.5391
vt 0.3750 0.5391
vt 0.3750 0.5391
vt 0.3750 0.5391
vt 0.3750 0.7109
vt 0.3750 0.7109
vt 0.3750 0.7109
vt 0.3750 0.7109
vt 0.3750 0.7109
vt 0.3750 0.7109
vt 0.3750 0.7109
vt 0.3750 0.7109
vt 0.3750 0.7109
vt 0.3750 0.7109
vt 0.3750 0.7109
vt 0.3750 0.7109
vt 0.3750 0.5391
vt 0.3750 0.5391
vt 0.3750 0.5391
vt 0.3750 0.5391
vt 0.3750 0.5391
vt 0.3750 0.5391
vt 0.3750 0.5391
vt 0.3750 0.5391
vt 0.3750 0.6250
vt 0.3750 0.6250
vt 0.3750 0.6250
vt 0.3750 0.6250
vt 0.3750 0.7109
vt 0.3750 0.7109
vt 0.3750 0.7109
vt 0.3750 0.7109
vt 0.3750 0.7109
vt 0.3750 0.7109
vt 0.3750 0.7109
vt 0.3750 0.7109
vt 0.3750 0.5391
vt 0.3750 0.5391
vt 0.3750 0.5391
vt 0.3750 0.5391
vt 0.3750 0.5391
vt 0.3750 0.5391
vt 0.3750 0.5391
vt 0.3750 0.5391
vt 0.3750 0.6250
vt 0.3750 0.6250
vt 0.3750 0.6250
vt 0.3750 0.6250
vt 0.3750 0.7109
vt 0.3750 0.7109
vt 0.3750 0.7109
vt 0.3750 0.7109
vt 0.3750 0.7109
vt 0.3750 0.7109
vt 0.3750 0.7109
vt 0.3750 0.7109
vt 0.3750 0.5391
vt 0.3750 0.5391
vt 0.3750 0.5391
vt 0.3750 0.5391
vn 0.0000 -1.0000 0.0000
vn 0.0000 -1.0000 0.0000
vn 0.0000 -1.0000 0.0000
vn 0.7071 0.0000 0.7071
vn 0.7071 0.0000 0.7071
vn 0.7071 0.0000 0.7071
vn 0.7071 0.0000 0.7071
vn 0.5996 0.5300 0.5996
vn 0.5996 0.5300 0.5996
vn 0.5996 0.5300 0.5996
vn 0.5996 0.5300 0.5996
vn 0.2785 0.9191 0.2785
vn 0.2785 0.9191 0.2785
vn 0.2785 0.9191 0.2785
vn 0.2785 0.9191 0.2785
vn 0.0000 1.0000 0.0000
vn 0.0000 1.0000 0.0000
vn 0.0000 1.0000 0.0000
vn 0.0000 -1.0000 0.0000
vn 0.0000 -1.0000 0.0000
vn 0.0000 -1.0000 0.0000
vn 0.0000 0.0000 1.0000
vn 0.0000 0.0000 1.0000
vn 0.0000 0.0000 1.0000
vn 0.0000 0.0000 1.0000
vn 0.0000 0.5300 0.8480
vn 0.0000 0.5300 0.8480
vn 0.0000 0.5300 0.8480
vn 0.0000 0.5300 0.8480
vn 0.0000 0.9191 0.3939
vn 0.0000 0.9191 0.3939
vn 0.0000 0.9191 0.3939
vn 0.0000 0.9191 0.3939
vn 0.0000 1.0000 0.0000
vn 0.0000 1.0000 0.0000
vn 0.0000 1.0000 0.0000
vn 0.0000 -1.0000 0.0000
vn 0.0000 -1.0000 0.0000
vn 0.0000 -1.0000 0.0000
vn -0.7071 0.0000 0.7071
vn -0.7071 0.0000 0.7071
vn -0.7071 0.0000 0.7071
vn -0.7071 0.0000 0.7071
vn -0.5996 0.5300 0.5996
vn -0.5996 0.5300 0.5996
vn -0.5996 0.5300 0.5996
vn -0.5996 0.5300 0.5996
vn -0.2785 0.9191 0.2785
vn -0.2785 0.9191 0.2785
vn -0.2785 0.9191 0.2785
vn -0.2785 0.9191 0.2785
vn 0.0000 1.0000 0.0000
vn 0.0000 1.0000 0.0000
vn 0.0000 1.0000 0.0000
vn 0.0000 -1.0000 0.0000
vn 0.0000 -1.0000 0.0000
vn 0.0000 -1.0000 0.0000
vn -1.0000 0.0000 0.0000
vn -1.0000 0.0000 0.0000
vn -1.0000 0.0000 0.0000
vn -1.0000 0.0000 0.0000
vn -0.8480 0.5300 0.0000
vn -0.8480 0.5300 0.0000
vn -0.8480 0.5300 0.0000
vn -0.8480 0.5300 0.0000
vn -0.3939 0.9191 0.0000
vn -0.3939 0.9191 0.0000
vn -0.3939 0.9191 0.0000
vn -0.3939 0.9191 0.0000
vn 0.0000 1.0000 0.0000
vn 0.0000 1.0000 0.0000
vn 0.0000 1.0000 0.0000
vn 0.0000 -1.0000 0.0000
vn 0.0000 -1.0000 0.0000
vn 0.0000 -1.0000 0.0000
vn -0.7071 0.0000 -0.7071
vn -0.7071 0.0000 -0.7071
vn -0.7071 0.0000 -0.7071
vn -0.7071 0.0000 -0.7071
vn -0.5996 0.5300 -0.5996
vn -0.5996 0.5300 -0.5996
vn -0.5996 0.5300 -0.5996
vn -0.5996 0.5300 -0.5996
vn -0.2785 0.9191 -0.2785
vn -0.2785 0.9191 -0.2785
vn -0.2785 0.9191 -0.2785
vn -0.2785 0.9191 -0.2785
vn 0.0000 1.0000 0.0000
vn 0.0000 1.0000 0.0000
vn 0.0000 1.0000 0.0000
vn 0.0000 -1.0000 0.0000
vn 0.0000 -1.0000 0.0000
vn 0.0000 -1.0000 0.0000
vn -0.0000 0.0000 -1.0000
vn -0.0000 0.0000 -1.0000
vn -0.0000 0.0000 -1.0000
vn -0.0000 0.0000 -1.0000
vn -0.0000 0.5300 -0.8480
vn -0.0000 0.5300 -0.8480
vn -0.0000 0.5300 -0.8480
vn -0.0000 0.5300 -0.8480
vn -0.0000 0.9191 -0.3939
vn -0.0000 0.9191 -0.3939
vn -0.0000 0.9191 -0.3939
vn -0.0000 0.9191 -0.3939
vn 0.0000 1.0000 0.0000
vn 0.0000 1.0000 0.0000
vn 0.0000 1.0000 0.0000
vn 0.0000 -1.0000 0.0000
vn 0.0000 -1.0000 0.0000
vn 0.0000 -1.0000 0.0000
vn 0.7071 0.0000 -0.7071
vn 0.7071 0.0000 -0.7071
vn 0.7071 0.0000 -0.7071
vn 0.7071 0.0000 -0.7071
vn 0.5996 0.5300 -0.5996
vn 0.5996 0.5300 -0.5996
vn 0.5996 0.5300 -0.5996
vn 0.5996 0.5300 -0.5996
vn 0.2785 0.9191 -0.2785
vn 0.2785 0.9191 -0.2785
vn 0.2785 0.9191 -0.2785
vn 0.2785 0.9191 -0.2785
vn 0.0000 1.0000 0.0000
vn 0.0000 1.0000 0.0000
vn 0.0000 1.0000 0.0000
vn 0.0000 -1.0000 0.0000
vn 0.0000 -1.0000 0.0000
vn 0.0000 -1.0000 0.0000
vn 1.0000 0.0000 -0.0000
vn 1.0000 0.0000 -0.0000
vn 1.0000 0.0000 -0.0000
vn 1.0000 0.0000 -0.0000
vn 0.8480 0.5300 -0.0000
vn 0.8480 0.5300 -0.0000
vn 0.8480 0.5300 -0.0000
vn 0.8480 0.5300 -0.0000
vn 0.3939 0.9191 -0.0000
vn 0.3939 0.9191 -0.0000
vn 0.3939 0.9191 -0.0000
vn 0.3939 0.9191 -0.0000
vn 0.0000 1.0000 0.0000
vn 0.0000 1.0000 0.0000
vn 0.0000 1.0000 0.0000
vn 0.9239 0.0000 0.3827
vn 0.3827 0.0000 0.9239
vn 0.1969 -0.8575 0.4753
vn 0.4753 -0.8575 0.1969
vn 0.4753 0.8575 0.1969
vn 0.1969 0.8575 0.4753
vn 0.3827 0.0000 0.9239
vn 0.9239 0.0000 0.3827
vn 0.3827 0.0000 0.9239
vn -0.3827 0.0000 0.9239
vn -0.1969 -0.8575 0.4753
vn 0.1969 -0.8575 0.4753
vn 0.1969 0.8575 0.4753
vn -0.1969 0.8575 0.4753
vn -0.3827 0.0000 0.9239
vn 0.3827 0.0000 0.9239
vn -0.3827 0.0000 0.9239
vn -0.9239 0.0000 0.3827
vn -0.4753 -0.8575 0.1969
vn -0.1969 -0.8575 0.4753
vn -0.1969 0.8575 0.4753
vn -0.4753 0.8575 0.1969
vn -0.9239 0.0000 0.3827
vn -0.3827 0.0000 0.9239
vn -0.9239 0.0000 0.3827
vn -0.9239 0.0000 -0.3827
vn -0.4753 -0.8575 -0.1969
vn -0.4753 -0.8575 0.1969
vn -0.4753 0.8575 0.1969
vn -0.4753 0.8575 -0.1969
vn -0.9239 0.0000 -0.3827
vn -0.9239 0.0000 0.3827
vn -0.9239 0.0000 -0.3827
vn -0.3827 0.0000 -0.9239
vn -0.1969 -0.8575 -0.4753
vn -0.4753 -0.8575 -0.1969
vn -0.4753 0.8575 -0.1969
vn -0.1969 0.8575 -0.4753
vn -0.3827 0.0000 -0.9239
vn -0.9239 0.0000 -0.3827
vn -0.3827 0.0000 -0.9239
vn 0.3827 0.0000 -0.9239
vn 0.1969 -0.8575 -0.4753
vn -0.1969 -0.8575 -0.4753
vn -0.1969 0.8575 -0.4753
vn 0.1969 0.8575 -0.4753
vn 0.3827 0.0000 -0.9239
vn -0.3827 0.0000 -0.9239
vn 0.3827 0.0000 -0.9239
vn 0.9239 0.0000 -0.3827
vn 0.4753 -0.8575 -0.1969
vn 0.1969 -0.8575 -0.4753
vn 0.1969 0.8575 -0.4753
vn 0.4753 0.8575 -0.1969
vn 0.9239 0.0000 -0.3827
vn 0.3827 0.0000 -0.9239
vn 0.9239 0.0000 -0.3827
vn 0.9239 0.0000 0.3827
vn 0.4753 -0.8575 0.1969
vn 0.4753 -0.8575 -0.1969
vn 0.4753 0.8575 -0.1969
vn 0.4753 0.8575 0.1969
vn 0.9239 0.0000 0.3827
vn 0.9239 0.0000 -0.3827
vn 1.0000 0.0000 0.0000
vn 0.9659 0.0000 0.2588
vn 0.3587 -0.9285 0.0961
vn 0.3714 -0.9285 0.0000
vn 0.3714 0.9285 0.0000
vn 0.3587 0.9285 0.0961
vn 0.9659 0.0000 0.2588
vn 1.0000 0.0000 0.0000
vn 0.9659 0.0000 0.2588
vn 0.8660 0.0000 0.5000
vn 0.3216 -0.9285 0.1857
vn 0.3587 -0.9285 0.0961
vn 0.3587 0.9285 0.0961
vn 0.3216 0.9285 0.1857
vn 0.8660 0.0000 0.5000
vn 0.9659 0.0000 0.2588
vn 0.8660 0.0000 0.5000
vn 0.7071 0.0000 0.7071
vn 0.2626 -0.9285 0.2626
vn 0.3216 -0.9285 0.1857
vn 0.3216 0.9285 0.1857
vn 0.2626 0.9285 0.2626
vn 0.7071 0.0000 0.7071
vn 0.8660 0.0000 0.5000
vn 0.7071 0.0000 0.7071
vn 0.5000 0.0000 0.8660
vn 0.1857 -0.9285 0.3216
vn 0.2626 -0.9285 0.2626
vn 0.2626 0.9285 0.2626
vn 0.1857 0.9285 0.3216
vn 0.5000 0.0000 0.8660
vn 0.7071 0.0000 0.7071
vn 0.5000 0.0000 0.8660
vn 0.2588 0.0000 0.9659
vn 0.0961 -0.9285 0.3587
vn 0.1857 -0.9285 0.3216
vn 0.1857 0.9285 0.3216
vn 0.0961 0.9285 0.3587
vn 0.2588 0.0000 0.9659
vn 0.5000 0.0000 0.8660
vn 0.2588 0.0000 0.9659
vn 0.0000 0.0000 1.0000
vn 0.0000 -0.9285 0.3714
vn 0.0961 -0.9285 0.3587
vn 0.0961 0.9285 0.3587
vn 0.0000 0.9285 0.3714
vn 0.0000 0.0000 1.0000
vn 0.2588 0.0000 0.9659
vn 0.0000 0.0000 1.0000
vn -0.2588 0.0000 0.9659
vn -0.0961 -0.9285 0.3587
vn 0.0000 -0.9285 0.3714
vn 0.0000 0.9285 0.3714
vn -0.0961 0.9285 0.3587
vn -0.2588 0.0000 0.9659
vn 0.0000 0.0000 1.0000
vn -0.2588 0.0000 0.9659
vn -0.5000 0.0000 0.8660
vn -0.1857 -0.9285 0.3216
vn -0.0961 -0.9285 0.3587
vn -0.0961 0.9285 0.3587
vn -0.1857 0.9285 0.3216
vn -0.5000 0.0000 0.8660
vn -0.2588 0.0000 0.9659
vn -0.5000 0.0000 0.8660
vn -0.7071 0.0000 0.7071
vn -0.2626 -0.9285 0.2626
vn -0.1857 -0.9285 0.3216
vn -0.1857 0.9285 0.3216
vn -0.2626 0.9285 0.2626
vn -0.7071 0.0000 0.7071
vn -0.5000 0.0000 0.8660
vn -0.7071 0.0000 0.7071
vn -0.8660 0.0000 0.5000
vn -0.3216 -0.9285 0.1857
vn -0.2626 -0.9285 0.2626
vn -0.2626 0.9285 0.2626
vn -0.3216 0.9285 0.1857
vn -0.8660 0.0000 0.5000
vn -0.7071 0.0000 0.7071
vn -0.8660 0.0000 0.5000
vn -0.9659 0.0000 0.2588
vn -0.3587 -0.9285 0.0961
vn -0.3216 -0.9285 0.1857
vn -0.3216 0.9285 0.1857
vn -0.3587 0.9285 0.0961
vn -0.9659 0.0000 0.2588
vn -0.8660 0.0000 0.5000
vn -0.9659 0.0000 0.2588
vn -1.0000 0.0000 0.0000
vn -0.3714 -0.9285 0.0000
vn -0.3587 -0.9285 0.0961
vn -0.3587 0.9285 0.0961
vn -0.3714 0.9285 0.0000
vn -1.0000 0.0000 0.0000
vn -0.9659 0.0000 0.2588
vn -1.0000 0.0000 0.0000
vn -0.9659 0.0000 -0.2588
vn -0.3587 -0.9285 -0.0961
vn -0.3714 -0.9285 0.0000
vn -0.3714 0.9285 0.0000
vn -0.3587 0.9285 -0.0961
vn -0.9659 0.0000 -0.2588
vn -1.0000 0.0000 0.0000
vn -0.9659 0.0000 -0.2588
vn -0.8660 0.0000 -0.5000
vn -0.3216 -0.9285 -0.1857
vn -0.3587 -0.9285 -0.0961
vn -0.3587 0.9285 -0.0961
vn -0.3216 0.9285 -0.1857
vn -0.8660 0.0000 -0.5000
vn -0.9659 0.0000 -0.2588
vn -0.8660 0.0000 -0.5000
vn -0.7071 0.0000 -0.7071
vn -0.2626 -0.9285 -0.2626
vn -0.3216 -0.9285 -0.1857
vn -0.3216 0.9285 -0.1857
vn -0.2626 0.9285 -0.2626
vn -0.7071 0.0000 -0.7071
vn -0.8660 0.0000 -0.5000
vn -0.7071 0.0000 -0.7071
vn -0.5000 0.0000 -0.8660
vn -0.1857 -0.9285 -0.3216
vn -0.2626 -0.9285 -0.2626
vn -0.2626 0.9285 -0.2626
vn -0.1857 0.9285 -0.3216
vn -0.5000 0.0000 -0.8660
vn -0.7071 0.0000 -0.7071
vn -0.5000 0.0000 -0.8660
vn -0.2588 0.0000 -0.9659
vn -0.0961 -0.9285 -0.3587
vn -0.1857 -0.9285 -0.3216
vn -0.1857 0.9285 -0.3216
vn -0.0961 0.9285 -0.3587
vn -0.2588 0.0000 -0.9659
vn -0.5000 0.0000 -0.8660
vn -0.2588 0.0000 -0.9659
vn -0.0000 0.0000 -1.0000
vn -0.0000 -0.9285 -0.3714
vn -0.0961 -0.9285 -0.3587
vn -0.0961 0.9285 -0.3587
vn -0.0000 0.9285 -0.3714
vn -0.0000 0.0000 -1.0000
vn -0.2588 0.0000 -0.9659
vn -0.0000 0.0000 -1.0000
vn 0.2588 0.0000 -0.9659
vn 0.0961 -0.9285 -0.3587
vn -0.0000 -0.9285 -0.3714
vn -0.0000 0.9285 -0.3714
vn 0.0961 0.9285 -0.3587
vn 0.2588 0.0000 -0.9659
vn -0.0000 0.0000 -1.0000
vn 0.2588 0.0000 -0.9659
vn 0.5000 0.0000 -0.8660
vn 0.1857 -0.9285 -0.3216
vn 0.0961 -0.9285 -0.3587
vn 0.0961 0.9285 -0.3587
vn 0.1857 0.9285 -0.3216
vn 0.5000 0.0000 -0.8660
vn 0.2588 0.0000 -0.9659
vn 0.5000 0.0000 -0.8660
vn 0.7071 0.0000 -0.7071
vn 0.2626 -0.9285 -0.2626
vn 0.1857 -0.9285 -0.3216
vn 0.1857 0.9285 -0.3216
vn 0.2626 0.9285 -0.2626
vn 0.7071 0.0000 -0.7071
vn 0.5000 0.0000 -0.8660
vn 0.7071 0.0000 -0.7071
vn 0.8660 0.0000 -0.5000
vn 0.3216 -0.9285 -0.1857
vn 0.2626 -0.9285 -0.2626
vn 0.2626 0.9285 -0.2626
vn 0.3216 0.9285 -0.1857
vn 0.8660 0.0000 -0.5000
vn 0.7071 0.0000 -0.7071
vn 0.8660 0.0000 -0.5000
vn 0.9659 0.0000 -0.2588
vn 0.3587 -0.9285 -0.0961
vn 0.3216 -0.9285 -0.1857
vn 0.3216 0.9285 -0.1857
vn 0.3587 0.9285 -0.0961
vn 0.9659 0.0000 -0.2588
vn 0.8660 0.0000 -0.5000
vn 0.9659 0.0000 -0.2588
vn 1.0000 0.0000 -0.0000
vn 0.3714 -0.9285 -0.0000
vn 0.3587 -0.9285 -0.0961
vn 0.3587 0.9285 -0.0961
vn 0.3714 0.9285 -0.0000
vn 1.0000 0.0000 -0.0000
vn 0.9659 0.0000 -0.2588
vn 0.0000 -1.0000 0.0000
vn 0.0000 -1.0000 0.0000
vn 0.0000 -1.0000 0.0000
vn 0.9914 0.0000 0.1305
vn 0.9914 0.0000 0.1305
vn 0.9914 0.0000 0.1305
vn 0.9914 0.0000 0.1305
vn 0.0000 1.0000 0.0000
vn 0.0000 1.0000 0.0000
vn 0.0000 1.0000 0.0000
vn 0.0000 -1.0000 0.0000
vn 0.0000 -1.0000 0.0000
vn 0.0000 -1.0000 0.0000
vn 0.9239 0.0000 0.3827
vn 0.9239 0.0000 0.3827
vn 0.9239 0.0000 0.3827
vn 0.9239 0.0000 0.3827
vn 0.0000 1.0000 0.0000
vn 0.0000 1.0000 0.0000
vn 0.0000 1.0000 0.0000
vn 0.0000 -1.0000 0.0000
vn 0.0000 -1.0000 0.0000
vn 0.0000 -1.0000 0.0000
vn 0.7934 0.0000 0.6088
vn 0.7934 0.0000 0.6088
vn 0.7934 0.0000 0.6088
vn 0.7934 0.0000 0.6088
vn 0.0000 1.0000 0.0000
vn 0.0000 1.0000 0.0000
vn 0.0000 1.0000 0.0000
vn 0.0000 -1.0000 0.0000
vn 0.0000 -1.0000 0.0000
vn 0.0000 -1.0000 0.0000
vn 0.6088 0.0000 0.7934
vn 0.6088 0.0000 0.7934
vn 0.6088 0.0000 0.7934
vn 0.6088 0.0000 0.7934
vn 0.0000 1.0000 0.0000
vn 0.0000 1.0000 0.0000
vn 0.0000 1.0000 0.0000
vn 0.0000 -1.0000 0.0000
vn 0.0000 -1.0000 0.0000
vn 0.0000 -1.0000 0.0000
vn 0.3827 0.0000 0.9239
vn 0.3827 0.0000 0.9239
vn 0.3827 0.0000 0.9239
vn 0.3827 0.0000 0.9239
vn 0.0000 1.0000 0.0000
vn 0.0000 1.0000 0.0000
vn 0.0000 1.0000 0.0000
vn 0.0000 -1.0000 0.0000
vn 0.0000 -1.0000 0.0000
vn 0.0000 -1.0000 0.0000
vn 0.1305 0.0000 0.9914
vn 0.1305 0.0000 0.9914
vn 0.1305 0.0000 0.9914
vn 0.1305 0.0000 0.9914
vn 0.0000 1.0000 0.0000
vn 0.0000 1.0000 0.0000
vn 0.0000 1.0000 0.0000
vn 0.0000 -1.0000 0.0000
vn 0.0000 -1.0000 0.0000
vn 0.0000 -1.0000 0.0000
vn -0.1305 0.0000 0.9914
vn -0.1305 0.0000 0.9914
vn -0.1305 0.0000 0.9914
vn -0.1305 0.0000 0.9914
vn 0.0000 1.0000 0.0000
vn 0.0000 1.0000 0.0000
vn 0.0000 1.0000 0.0000
vn 0.0000 -1.0000 0.0000
vn 0.0000 -1.0000 0.0000
vn 0.0000 -1.0000 0.0000
vn -0.3827 0.0000 0.9239
vn -0.3827 0.0000 0.9239
vn -0.3827 0.0000 0.9239
vn -0.3827 0.0000 0.9239
vn 0.0000 1.0000 0.0000
vn 0.0000 1.0000 0.0000
vn 0.0000 1.0000 0.0000
vn 0.0000 -1.0000 0.0000
vn 0.0000 -1.0000 0.0000
vn 0.0000 -1.0000 0.0000
vn -0.6088 0.0000 0.7934
vn -0.6088 0.0000 0.7934
vn -0.6088 0.0000 0.7934
vn -0.6088 0.0000 0.7934
vn 0.0000 1.0000 0.0000
vn 0.0000 1.0000 0.0000
vn 0.0000 1.0000 0.0000
vn 0.0000 -1.0000 0.0000
vn 0.0000 -1.0000 0.0000
vn 0.0000 -1.0000 0.0000
vn -0.7934 0.0000 0.6088
vn -0.7934 0.0000 0.6088
vn -0.7934 0.0000 0.6088
vn -0.7934 0.0000 0.6088
vn 0.0000 1.0000 0.0000
vn 0.0000 1.0000 0.0000
vn 0.0000 1.0000 0.0000
vn 0.0000 -1.0000 0.0000
vn 0.0000 -1.0000 0.0000
vn 0.0000 -1.0000 0.0000
vn -0.9239 0.0000 0.3827
vn -0.9239 0.0000 0.3827
vn -0.9239 0.0000 0.3827
vn -0.9239 0.0000 0.3827
vn 0.0000 1.0000 0.0000
vn 0.0000 1.0000 0.0000
vn 0.0000 1.0000 0.0000
vn 0.0000 -1.0000 0.0000
vn 0.0000 -1.0000 0.0000
vn 0.0000 -1.0000 0.0000
vn -0.9914 0.0000 0.1305
vn -0.9914 0.0000 0.1305
vn -0.9914 0.0000 0.1305
vn -0.9914 0.0000 0.1305
vn 0.0000 1.0000 0.0000
vn 0.0000 1.0000 0.0000
vn 0.0000 1.0000 0.0000
vn 0.0000 -1.0000 0.0000
vn 0.0000 -1.0000 0.0000
vn 0.0000 -1.0000 0.0000
vn -0.9914 0.0000 -0.1305
vn -0.9914 0.0000 -0.1305
vn -0.9914 0.0000 -0.1305
vn -0.9914 0.0000 -0.1305
vn 0.0000 1.0000 0.0000
vn 0.0000 1.0000 0.0000
vn 0.0000 1.0000 0.0000
vn 0.0000 -1.0000 0.0000
vn 0.0000 -1.0000 0.0000
vn 0.0000 -1.0000 0.0000
vn -0.9239 0.0000 -0.3827
vn -0.9239 0.0000 -0.3827
vn -0.9239 0.0000 -0.3827
vn -0.9239 0.0000 -0.3827
vn 0.0000 1.0000 0.0000
vn 0.0000 1.0000 0.0000
vn 0.0000 1.0000 0.0000
vn 0.0000 -1.0000 0.0000
vn 0.0000 -1.0000 0.0000
vn 0.0000 -1.0000 0.0000
vn -0.7934 0.0000 -0.6088
vn -0.7934 0.0000 -0.6088
vn -0.7934 0.0000 -0.6088
vn -0.7934 0.0000 -0.6088
vn 0.0000 1.0000 0.0000
vn 0.0000 1.0000 0.0000
vn 0.0000 1.0000 0.0000
vn 0.0000 -1.0000 0.0000
vn 0.0000 -1.0000 0.0000
vn 0.0000 -1.0000 0.0000
vn -0.6088 0.0000 -0.7934
vn -0.6088 0.0000 -0.7934
vn -0.6088 0.0000 -0.7934
vn -0.6088 0.0000 -0.7934
vn 0.0000 1.0000 0.0000
vn 0.0000 1.0000 0.0000
vn 0.0000 1.0000 0.0000
vn 0.0000 -1.0000 0.0000
vn 0.0000 -1.0000 0.0000
vn 0.0000 -1.0000 0.0000
vn -0.3827 0.0000 -0.9239
vn -0.3827 0.0000 -0.9239
vn -0.3827 0.0000 -0.9239
vn -0.3827 0.0000 -0.9239
vn 0.0000 1.0000 0.0000
vn 0.0000 1.0000 0.0000
vn 0.0000 1.0000 0.0000
vn 0.0000 -1.0000 0.0000
vn 0.0000 -1.0000 0.0000
vn 0.0000 -1.0000 0.0000
vn -0.1305 0.0000 -0.9914
vn -0.1305 0.0000 -0.9914
vn -0.1305 0.0000 -0.9914
vn -0.1305 0.0000 -0.9914
vn 0.0000 1.0000 0.0000
vn 0.0000 1.0000 0.0000
vn 0.0000 1.0000 0.0000
vn 0.0000 -1.0000 0.0000
vn 0.0000 -1.0000 0.0000
vn 0.0000 -1.0000 0.0000
vn 0.1305 0.0000 -0.9914
vn 0.1305 0.0000 -0.9914
vn 0.1305 0.0000 -0.9914
vn 0.1305 0.0000 -0.9914
vn 0.0000 1.0000 0.0000
vn 0.0000 1.0000 0.0000
vn 0.0000 1.0000 0.0000
vn 0.0000 -1.0000 0.0000
vn 0.0000 -1.0000 0.0000
vn 0.0000 -1.0000 0.0000
vn 0.3827 0.0000 -0.9239
vn 0.3827 0.0000 -0.9239
vn 0.3827 0.0000 -0.9239
vn 0.3827 0.0000 -0.9239
vn 0.0000 1.0000 0.0000
vn 0.0000 1.0000 0.0000
vn 0.0000 1.0000 0.0000
vn 0.0000 -1.0000 0.0000
vn 0.0000 -1.0000 0.0000
vn 0.0000 -1.0000 0.0000
vn 0.6088 0.0000 -0.7934
vn 0.6088 0.0000 -0.7934
vn 0.6088 0.0000 -0.7934
vn 0.6088 0.0000 -0.7934
vn 0.0000 1.0000 0.0000
vn 0.0000 1.0000 0.0000
vn 0.0000 1.0000 0.0000
vn 0.0000 -1.0000 0.0000
vn 0.0000 -1.0000 0.0000
vn 0.0000 -1.0000 0.0000
vn 0.7934 0.0000 -0.6088
vn 0.7934 0.0000 -0.6088
vn 0.7934 0.0000 -0.6088
vn 0.7934 0.0000 -0.6088
vn 0.0000 1.0000 0.0000
vn 0.0000 1.0000 0.0000
vn 0.0000 1.0000 0.0000
vn 0.0000 -1.0000 0.0000
vn 0.0000 -1.0000 0.0000
vn 0.0000 -1.0000 0.0000
vn 0.9239 0.0000 -0.3827
vn 0.9239 0.0000 -0.3827
vn 0.9239 0.0000 -0.3827
vn 0.9239 0.0000 -0.3827
vn 0.0000 1.0000 0.0000
vn 0.0000 1.0000 0.0000
vn 0.0000 1.0000 0.0000
vn 0.0000 -1.0000 0.0000
vn 0.0000 -1.0000 0.0000
vn 0.0000 -1.0000 0.0000
vn 0.9914 0.0000 -0.1305
vn 0.9914 0.0000 -0.1305
vn 0.9914 0.0000 -0.1305
vn 0.9914 0.0000 -0.1305
vn 0.0000 1.0000 0.0000
vn 0.0000 1.0000 0.0000
vn 0.0000 1.0000 0.0000
vn 0.6509 0.3906 0.6509
vn 0.6509 0.3906 0.6509
vn 0.6509 0.3906 0.6509
vn 0.0000 -1.0000 0.0000
vn 0.0000 -1.0000 0.0000
vn 0.0000 -1.0000 0.0000
vn -0.6509 0.3906 0.6509
vn -0.6509 0.3906 0.6509
vn -0.6509 0.3906 0.6509
vn 0.0000 -1.0000 0.0000
vn 0.0000 -1.0000 0.0000
vn 0.0000 -1.0000 0.0000
vn -0.6509 0.3906 -0.6509
vn -0.6509 0.3906 -0.6509
vn -0.6509 0.3906 -0.6509
vn 0.0000 -1.0000 0.0000
vn 0.0000 -1.0000 0.0000
vn 0.0000 -1.0000 0.0000
vn 0.6509 0.3906 -0.6509
vn 0.6509 0.3906 -0.6509
vn 0.6509 0.3906 -0.6509
vn 0.0000 -1.0000 0.0000
vn 0.0000 -1.0000 0.0000
vn 0.0000 -1.0000 0.0000
vn 0.6509 0.3906 0.6509
vn 0.6509 0.3906 0.6509
vn 0.6509 0.3906 0.6509
vn 0.0000 -1.0000 0.0000
vn 0.0000 -1.0000 0.0000
vn 0.0000 -1.0000 0.0000
vn -0.6509 0.3906 0.6509
vn -0.6509 0.3906 0.6509
vn -0.6509 0.3906 0.6509
vn 0.0000 -1.0000 0.0000
vn 0.0000 -1.0000 0.0000
vn 0.0000 -1.0000 0.0000
vn -0.6509 0.3906 -0.6509
vn -0.6509 0.3906 -0.6509
vn -0.6509 0.3906 -0.6509
vn 0.0000 -1.0000 0.0000
vn 0.0000 -1.0000 0.0000
vn 0.0000 -1.0000 0.0000
vn 0.6509 0.3906 -0.6509
vn 0.6509 0.3906 -0.6509
vn 0.6509 0.3906 -0.6509
vn 0.0000 -1.0000 0.0000
vn 0.0000 -1.0000 0.0000
vn 0.0000 -1.0000 0.0000
vn 0.6509 0.3906 0.6509
vn 0.6509 0.3906 0.6509
vn 0.6509 0.3906 0.6509
vn 0.0000 -1.0000 0.0000
vn 0.0000 -1.0000 0.0000
vn 0.0000 -1.0000 0.0000
vn -0.6509 0.3906 0.6509
vn -0.6509 0.3906 0.6509
vn -0.6509 0.3906 0.6509
vn 0.0000 -1.0000 0.0000
vn 0.0000 -1.0000 0.0000
vn 0.0000 -1.0000 0.0000
vn -0.6509 0.3906 -0.6509
vn -0.6509 0.3906 -0.6509
vn -0.6509 0.3906 -0.6509
vn 0.0000 -1.0000 0.0000
vn 0.0000 -1.0000 0.0000
vn 0.0000 -1.0000 0.0000
vn 0.6509 0.3906 -0.6509
vn 0.6509 0.3906 -0.6509
vn 0.6509 0.3906 -0.6509
vn 0.0000 -1.0000 0.0000
vn 0.0000 -1.0000 0.0000
vn 0.0000 -1.0000 0.0000
vn 0.6509 0.3906 0.6509
vn 0.6509 0.3906 0.6509
vn 0.6509 0.3906 0.6509
vn 0.0000 -1.0000 0.0000
vn 0.0000 -1.0000 0.0000
vn 0.0000 -1.0000 0.0000
vn -0.6509 0.3906 0.6509
vn -0.6509 0.3906 0.6509
vn -0.6509 0.3906 0.6509
vn 0.0000 -1.0000 0.0000
vn 0.0000 -1.0000 0.0000
vn 0.0000 -1.0000 0.0000
vn -0.6509 0.3906 -0.6509
vn -0.6509 0.3906 -0.6509
vn -0.6509 0.3906 -0.6509
vn 0.0000 -1.0000 0.0000
vn 0.0000 -1.0000 0.0000
vn 0.0000 -1.0000 0.0000
vn 0.6509 0.3906 -0.6509
vn 0.6509 0.3906 -0.6509
vn 0.6509 0.3906 -0.6509
vn 0.0000 -1.0000 0.0000
vn 0.0000 -1.0000 0.0000
vn 0.0000 -1.0000 0.0000
vn 0.6509 0.3906 0.6509
vn 0.6509 0.3906 0.6509
vn 0.6509 0.3906 0.6509
vn 0.0000 -1.0000 0.0000
vn 0.0000 -1.0000 0.0000
vn 0.0000 -1.0000 0.0000
vn -0.6509 0.3906 0.6509
vn -0.6509 0.3906 0.6509
vn -0.6509 0.3906 0.6509
vn 0.0000 -1.0000 0.0000
vn 0.0000 -1.0000 0.0000
vn 0.0000 -1.0000 0.0000
vn -0.6509 0.3906 -0.6509
vn -0.6509 0.3906 -0.6509
vn -0.6509 0.3906 -0.6509
vn 0.0000 -1.0000 0.0000
vn 0.0000 -1.0000 0.0000
vn 0.0000 -1.0000 0.0000
vn 0.6509 0.3906 -0.6509
vn 0.6509 0.3906 -0.6509
vn 0.6509 0.3906 -0.6509
vn 0.0000 -1.0000 0.0000
vn 0.0000 -1.0000 0.0000
vn 0.0000 -1.0000 0.0000
vn 0.7759 0.4441 0.4480
vn 0.7759 0.4441 0.4480
vn 0.7759 0.4441 0.4480
vn 0.7362 -0.5267 0.4250
vn 0.7362 -0.5267 0.4250
vn 0.7362 -0.5267 0.4250
vn 0.0000 0.4441 0.8960
vn 0.0000 0.4441 0.8960
vn 0.0000 0.4441 0.8960
vn 0.0000 -0.5267 0.8500
vn 0.0000 -0.5267 0.8500
vn 0.0000 -0.5267 0.8500
vn -0.7759 0.4441 0.4480
vn -0.7759 0.4441 0.4480
vn -0.7759 0.4441 0.4480
vn -0.7362 -0.5267 0.4250
vn -0.7362 -0.5267 0.4250
vn -0.7362 -0.5267 0.4250
vn -0.7759 0.4441 -0.4480
vn -0.7759 0.4441 -0.4480
vn -0.7759 0.4441 -0.4480
vn -0.7362 -0.5267 -0.4250
vn -0.7362 -0.5267 -0.4250
vn -0.7362 -0.5267 -0.4250
vn -0.0000 0.4441 -0.8960
vn -0.0000 0.4441 -0.8960
vn -0.0000 0.4441 -0.8960
vn -0.0000 -0.5267 -0.8500
vn -0.0000 -0.5267 -0.8500
vn -0.0000 -0.5267 -0.8500
vn 0.7759 0.4441 -0.4480
vn 0.7759 0.4441 -0.4480
vn 0.7759 0.4441 -0.4480
vn 0.7362 -0.5267 -0.4250
vn 0.7362 -0.5267 -0.4250
vn 0.7362 -0.5267 -0.4250
vn 0.4905 0.3338 0.8050
vn 0.4905 0.3338 0.8050
vn 0.4905 0.3338 0.8050
vn 0.4744 -0.4109 0.7786
vn 0.4744 -0.4109 0.7786
vn 0.4744 -0.4109 0.7786
vn -0.4519 0.3338 0.8273
vn -0.4519 0.3338 0.8273
vn -0.4519 0.3338 0.8273
vn -0.4371 -0.4109 0.8001
vn -0.4371 -0.4109 0.8001
vn -0.4371 -0.4109 0.8001
vn -0.9424 0.3338 0.0222
vn -0.9424 0.3338 0.0222
vn -0.9424 0.3338 0.0222
vn -0.9114 -0.4109 0.0215
vn -0.9114 -0.4109 0.0215
vn -0.9114 -0.4109 0.0215
vn -0.4905 0.3338 -0.8050
vn -0.4905 0.3338 -0.8050
vn -0.4905 0.3338 -0.8050
vn -0.4744 -0.4109 -0.7786
vn -0.4744 -0.4109 -0.7786
vn -0.4744 -0.4109 -0.7786
vn 0.4519 0.3338 -0.8273
vn 0.4519 0.3338 -0.8273
vn 0.4519 0.3338 -0.8273
vn 0.4371 -0.4109 -0.8001
vn 0.4371 -0.4109 -0.8001
vn 0.4371 -0.4109 -0.8001
vn 0.9424 0.3338 -0.0222
vn 0.9424 0.3338 -0.0222
vn 0.9424 0.3338 -0.0222
vn 0.9114 -0.4109 -0.0215
vn 0.9114 -0.4109 -0.0215
vn 0.9114 -0.4109 -0.0215
vn 0.9963 0.0864 0.0000
vn 0.5092 -0.0845 -0.8565
vn 0.5117 -0.1167 -0.8512
vn 0.9929 0.1189 -0.0068
vn 0.5092 -0.0845 -0.8565
vn -0.4871 -0.1708 -0.8565
vn -0.4812 -0.2356 -0.8444
vn 0.5117 -0.1167 -0.8512
vn -0.4871 -0.1708 -0.8565
vn -0.9963 -0.0864 -0.0000
vn -0.9929 -0.1189 0.0068
vn -0.4812 -0.2356 -0.8444
vn -0.9963 -0.0864 -0.0000
vn -0.5092 0.0845 0.8565
vn -0.5117 0.1167 0.8512
vn -0.9929 -0.1189 0.0068
vn -0.5092 0.0845 0.8565
vn 0.4871 0.1708 0.8565
vn 0.4812 0.2356 0.8444
vn -0.5117 0.1167 0.8512
vn 0.4871 0.1708 0.8565
vn 0.9963 0.0864 0.0000
vn 0.9929 0.1189 -0.0068
vn 0.4812 0.2356 0.8444
vn 0.9929 0.1189 -0.0068
vn 0.5117 -0.1167 -0.8512
vn 0.5179 -0.1750 -0.8374
vn 0.9840 0.1764 -0.0254
vn 0.5117 -0.1167 -0.8512
vn -0.4812 -0.2356 -0.8444
vn -0.4661 -0.3514 -0.8119
vn 0.5179 -0.1750 -0.8374
vn -0.4812 -0.2356 -0.8444
vn -0.9929 -0.1189 0.0068
vn -0.9840 -0.1764 0.0254
vn -0.4661 -0.3514 -0.8119
vn -0.9929 -0.1189 0.0068
vn -0.5117 0.1167 0.8512
vn -0.5179 0.1750 0.8374
vn -0.9840 -0.1764 0.0254
vn -0.5117 0.1167 0.8512
vn 0.4812 0.2356 0.8444
vn 0.4661 0.3514 0.8119
vn -0.5179 0.1750 0.8374
vn 0.4812 0.2356 0.8444
vn 0.9929 0.1189 -0.0068
vn 0.9840 0.1764 -0.0254
vn 0.4661 0.3514 0.8119
vn 0.9840 0.1764 -0.0254
vn 0.5179 -0.1750 -0.8374
vn 0.5227 -0.2019 -0.8283
vn 0.9785 0.2030 -0.0356
vn 0.5179 -0.1750 -0.8374
vn -0.4661 -0.3514 -0.8119
vn -0.4558 -0.4050 -0.7926
vn 0.5227 -0.2019 -0.8283
vn -0.4661 -0.3514 -0.8119
vn -0.9840 -0.1764 0.0254
vn -0.9785 -0.2030 0.0356
vn -0.4558 -0.4050 -0.7926
vn -0.9840 -0.1764 0.0254
vn -0.5179 0.1750 0.8374
vn -0.5227 0.2019 0.8283
vn -0.9785 -0.2030 0.0356
vn -0.5179 0.1750 0.8374
vn 0.4661 0.3514 0.8119
vn 0.4558 0.4050 0.7926
vn -0.5227 0.2019 0.8283
vn 0.4661 0.3514 0.8119
vn 0.9840 0.1764 -0.0254
vn 0.9785 0.2030 -0.0356
vn 0.4558 0.4050 0.7926
vn 0.9785 0.2030 -0.0356
vn 0.5227 -0.2019 -0.8283
vn 0.5256 -0.2152 -0.8231
vn 0.9755 0.2163 -0.0411
vn 0.5227 -0.2019 -0.8283
vn -0.4558 -0.4050 -0.7926
vn -0.4499 -0.4315 -0.7819
vn 0.5256 -0.2152 -0.8231
vn -0.4558 -0.4050 -0.7926
vn -0.9785 -0.2030 0.0356
vn -0.9755 -0.2163 0.0411
vn -0.4499 -0.4315 -0.7819
vn -0.9785 -0.2030 0.0356
vn -0.5227 0.2019 0.8283
vn -0.5256 0.2152 0.8231
vn -0.9755 -0.2163 0.0411
vn -0.5227 0.2019 0.8283
vn 0.4558 0.4050 0.7926
vn 0.4499 0.4315 0.7819
vn -0.5256 0.2152 0.8231
vn 0.4558 0.4050 0.7926
vn 0.9785 0.2030 -0.0356
vn 0.9755 0.2163 -0.0411
vn 0.4499 0.4315 0.7819
vn 0.9755 0.2163 -0.0411
vn 0.5256 -0.2152 -0.8231
vn 0.5263 -0.2184 -0.8218
vn 0.9747 0.2194 -0.0424
vn 0.5256 -0.2152 -0.8231
vn -0.4499 -0.4315 -0.7819
vn -0.4484 -0.4378 -0.7793
vn 0.5263 -0.2184 -0.8218
vn -0.4499 -0.4315 -0.7819
vn -0.9755 -0.2163 0.0411
vn -0.9747 -0.2194 0.0424
vn -0.4484 -0.4378 -0.7793
vn -0.9755 -0.2163 0.0411
vn -0.5256 0.2152 0.8231
vn -0.5263 0.2184 0.8218
vn -0.9747 -0.2194 0.0424
vn -0.5256 0.2152 0.8231
vn 0.4499 0.4315 0.7819
vn 0.4484 0.4378 0.7793
vn -0.5263 0.2184 0.8218
vn 0.4499 0.4315 0.7819
vn 0.9755 0.2163 -0.0411
vn 0.9747 0.2194 -0.0424
vn 0.4484 0.4378 0.7793
vn 0.9747 0.2194 -0.0424
vn 0.5263 -0.2184 -0.8218
vn 0.5249 -0.2126 -0.8242
vn 0.9761 0.2136 -0.0401
vn 0.5263 -0.2184 -0.8218
vn -0.4484 -0.4378 -0.7793
vn -0.4512 -0.4263 -0.7841
vn 0.5249 -0.2126 -0.8242
vn -0.4484 -0.4378 -0.7793
vn -0.9747 -0.2194 0.0424
vn -0.9761 -0.2136 0.0401
vn -0.4512 -0.4263 -0.7841
vn -0.9747 -0.2194 0.0424
vn -0.5263 0.2184 0.8218
vn -0.5249 0.2126 0.8242
vn -0.9761 -0.2136 0.0401
vn -0.5263 0.2184 0.8218
vn 0.4484 0.4378 0.7793
vn 0.4512 0.4263 0.7841
vn -0.5249 0.2126 0.8242
vn 0.4484 0.4378 0.7793
vn 0.9747 0.2194 -0.0424
vn 0.9761 0.2136 -0.0401
vn 0.4512 0.4263 0.7841
vn 0.9761 0.2136 -0.0401
vn 0.5249 -0.2126 -0.8242
vn 0.5215 -0.1984 -0.8298
vn 0.9794 0.1992 -0.0347
vn 0.5249 -0.2126 -0.8242
vn -0.4512 -0.4263 -0.7841
vn -0.4578 -0.3976 -0.7952
vn 0.5215 -0.1984 -0.8298
vn -0.4512 -0.4263 -0.7841
vn -0.9761 -0.2136 0.0401
vn -0.9794 -0.1992 0.0347
vn -0.4578 -0.3976 -0.7952
vn -0.9761 -0.2136 0.0401
vn -0.5249 0.2126 0.8242
vn -0.5215 0.1984 0.8298
vn -0.9794 -0.1992 0.0347
vn -0.5249 0.2126 0.8242
vn 0.4512 0.4263 0.7841
vn 0.4578 0.3976 0.7952
vn -0.5215 0.1984 0.8298
vn 0.4512 0.4263 0.7841
vn 0.9761 0.2136 -0.0401
vn 0.9794 0.1992 -0.0347
vn 0.4578 0.3976 0.7952
vn 0.9794 0.1992 -0.0347
vn 0.5215 -0.1984 -0.8298
vn 0.5164 -0.1756 -0.8381
vn 0.9840 0.1759 -0.0271
vn 0.5215 -0.1984 -0.8298
vn -0.4578 -0.3976 -0.7952
vn -0.4676 -0.3514 -0.8111
vn 0.5164 -0.1756 -0.8381
vn -0.4578 -0.3976 -0.7952
vn -0.9794 -0.1992 0.0347
vn -0.9840 -0.1759 0.0271
vn -0.4676 -0.3514 -0.8111
vn -0.9794 -0.1992 0.0347
vn -0.5215 0.1984 0.8298
vn -0.5164 0.1756 0.8381
vn -0.9840 -0.1759 0.0271
vn -0.5215 0.1984 0.8298
vn 0.4578 0.3976 0.7952
vn 0.4676 0.3514 0.8111
vn -0.5164 0.1756 0.8381
vn 0.4578 0.3976 0.7952
vn 0.9794 0.1992 -0.0347
vn 0.9840 0.1759 -0.0271
vn 0.4676 0.3514 0.8111
vn 0.9840 0.1759 -0.0271
vn 0.5164 -0.1756 -0.8381
vn 0.5102 -0.1438 -0.8480
vn 0.9895 0.1436 -0.0187
vn 0.5164 -0.1756 -0.8381
vn -0.4676 -0.3514 -0.8111
vn -0.4793 -0.2873 -0.8293
vn 0.5102 -0.1438 -0.8480
vn -0.4676 -0.3514 -0.8111
vn -0.9840 -0.1759 0.0271
vn -0.9895 -0.1436 0.0187
vn -0.4793 -0.2873 -0.8293
vn -0.9840 -0.1759 0.0271
vn -0.5164 0.1756 0.8381
vn -0.5102 0.1438 0.8480
vn -0.9895 -0.1436 0.0187
vn -0.5164 0.1756 0.8381
vn 0.4676 0.3514 0.8111
vn 0.4793 0.2873 0.8293
vn -0.5102 0.1438 0.8480
vn 0.4676 0.3514 0.8111
vn 0.9840 0.1759 -0.0271
vn 0.9895 0.1436 -0.0187
vn 0.4793 0.2873 0.8293
vn 0.9895 0.1436 -0.0187
vn 0.5102 -0.1438 -0.8480
vn 0.5037 -0.1031 -0.8577
vn 0.9947 0.1024 -0.0112
vn 0.5102 -0.1438 -0.8480
vn -0.4793 -0.2873 -0.8293
vn -0.4910 -0.2055 -0.8465
vn 0.5037 -0.1031 -0.8577
vn -0.4793 -0.2873 -0.8293
vn -0.9895 -0.1436 0.0187
vn -0.9947 -0.1024 0.0112
vn -0.4910 -0.2055 -0.8465
vn -0.9895 -0.1436 0.0187
vn -0.5102 0.1438 0.8480
vn -0.5037 0.1031 0.8577
vn -0.9947 -0.1024 0.0112
vn -0.5102 0.1438 0.8480
vn 0.4793 0.2873 0.8293
vn 0.4910 0.2055 0.8465
vn -0.5037 0.1031 0.8577
vn 0.4793 0.2873 0.8293
vn 0.9895 0.1436 -0.0187
vn 0.9947 0.1024 -0.0112
vn 0.4910 0.2055 0.8465
vn 0.9947 0.1024 -0.0112
vn 0.5037 -0.1031 -0.8577
vn 0.4979 -0.0545 -0.8655
vn 0.9985 0.0537 -0.0066
vn 0.5037 -0.1031 -0.8577
vn -0.4910 -0.2055 -0.8465
vn -0.5006 -0.1082 -0.8589
vn 0.4979 -0.0545 -0.8655
vn -0.4910 -0.2055 -0.8465
vn -0.9947 -0.1024 0.0112
vn -0.9985 -0.0537 0.0066
vn -0.5006 -0.1082 -0.8589
vn -0.9947 -0.1024 0.0112
vn -0.5037 0.1031 0.8577
vn -0.4979 0.0545 0.8655
vn -0.9985 -0.0537 0.0066
vn -0.5037 0.1031 0.8577
vn 0.4910 0.2055 0.8465
vn 0.5006 0.1082 0.8589
vn -0.4979 0.0545 0.8655
vn 0.4910 0.2055 0.8465
vn 0.9947 0.1024 -0.0112
vn 0.9985 0.0537 -0.0066
vn 0.5006 0.1082 0.8589
vn 0.9985 0.0537 -0.0066
vn 0.4979 -0.0545 -0.8655
vn 0.4963 -0.0279 -0.8677
vn 0.9996 0.0274 -0.0053
vn 0.4979 -0.0545 -0.8655
vn -0.5006 -0.1082 -0.8589
vn -0.5033 -0.0553 -0.8624
vn 0.4963 -0.0279 -0.8677
vn -0.5006 -0.1082 -0.8589
vn -0.9985 -0.0537 0.0066
vn -0.9996 -0.0274 0.0053
vn -0.5033 -0.0553 -0.8624
vn -0.9985 -0.0537 0.0066
vn -0.4979 0.0545 0.8655
vn -0.4963 0.0279 0.8677
vn -0.9996 -0.0274 0.0053
vn -0.4979 0.0545 0.8655
vn 0.5006 0.1082 0.8589
vn 0.5033 0.0553 0.8624
vn -0.4963 0.0279 0.8677
vn 0.5006 0.1082 0.8589
vn 0.9985 0.0537 -0.0066
vn 0.9996 0.0274 -0.0053
vn 0.5033 0.0553 0.8624
vn 0.0854 -0.9853 0.1479
vn 0.0854 -0.9853 0.1479
vn 0.0854 -0.9853 0.1479
vn 0.0854 -0.9853 0.1479
vn 0.0854 -0.9853 0.1479
vn 0.0854 -0.9853 0.1479
vn -0.0276 0.9985 -0.0479
vn -0.0276 0.9985 -0.0479
vn -0.0276 0.9985 -0.0479
vn -0.0276 0.9985 -0.0479
vn -0.0276 0.9985 -0.0479
vn -0.0276 0.9985 -0.0479
vn 0.7071 -0.7071 0.0000
vn 0.3536 -0.7071 0.6124
vn 0.3827 -0.9239 0.0000
vn 1.0000 -0.0000 0.0000
vn 0.5000 -0.0000 0.8660
vn 0.3536 -0.7071 0.6124
vn 0.7071 -0.7071 0.0000
vn 0.7071 0.7071 0.0000
vn 0.3536 0.7071 0.6124
vn 0.5000 -0.0000 0.8660
vn 1.0000 -0.0000 0.0000
vn 0.1913 0.9239 0.3314
vn 0.3536 0.7071 0.6124
vn 0.7071 0.7071 0.0000
vn 0.3536 -0.7071 0.6124
vn -0.3536 -0.7071 0.6124
vn 0.1913 -0.9239 0.3314
vn 0.5000 -0.0000 0.8660
vn -0.5000 -0.0000 0.8660
vn -0.3536 -0.7071 0.6124
vn 0.3536 -0.7071 0.6124
vn 0.3536 0.7071 0.6124
vn -0.3536 0.7071 0.6124
vn -0.5000 -0.0000 0.8660
vn 0.5000 -0.0000 0.8660
vn -0.1913 0.9239 0.3314
vn -0.3536 0.7071 0.6124
vn 0.3536 0.7071 0.6124
vn -0.3536 -0.7071 0.6124
vn -0.7071 -0.7071 0.0000
vn -0.1913 -0.9239 0.3314
vn -0.5000 -0.0000 0.8660
vn -1.0000 -0.0000 0.0000
vn -0.7071 -0.7071 0.0000
vn -0.3536 -0.7071 0.6124
vn -0.3536 0.7071 0.6124
vn -0.7071 0.7071 0.0000
vn -1.0000 -0.0000 0.0000
vn -0.5000 -0.0000 0.8660
vn -0.3827 0.9239 0.0000
vn -0.7071 0.7071 0.0000
vn -0.3536 0.7071 0.6124
vn -0.7071 -0.7071 0.0000
vn -0.3536 -0.7071 -0.6124
vn -0.3827 -0.9239 0.0000
vn -1.0000 -0.0000 0.0000
vn -0.5000 -0.0000 -0.8660
vn -0.3536 -0.7071 -0.6124
vn -0.7071 -0.7071 0.0000
vn -0.7071 0.7071 0.0000
vn -0.3536 0.7071 -0.6124
vn -0.5000 -0.0000 -0.8660
vn -1.0000 -0.0000 0.0000
vn -0.1913 0.9239 -0.3314
vn -0.3536 0.7071 -0.6124
vn -0.7071 0.7071 0.0000
vn -0.3536 -0.7071 -0.6124
vn 0.3536 -0.7071 -0.6124
vn -0.1913 -0.9239 -0.3314
vn -0.5000 -0.0000 -0.8660
vn 0.5000 -0.0000 -0.8660
vn 0.3536 -0.7071 -0.6124
vn -0.3536 -0.7071 -0.6124
vn -0.3536 0.7071 -0.6124
vn 0.3536 0.7071 -0.6124
vn 0.5000 -0.0000 -0.8660
vn -0.5000 -0.0000 -0.8660
vn 0.1913 0.9239 -0.3314
vn 0.3536 0.7071 -0.6124
vn -0.3536 0.7071 -0.6124
vn 0.3536 -0.7071 -0.6124
vn 0.7071 -0.7071 -0.0000
vn 0.1913 -0.9239 -0.3314
vn 0.5000 -0.0000 -0.8660
vn 1.0000 -0.0000 -0.0000
vn 0.7071 -0.7071 -0.0000
vn 0.3536 -0.7071 -0.6124
vn 0.3536 0.7071 -0.6124
vn 0.7071 0.7071 -0.0000
vn 1.0000 -0.0000 -0.0000
vn 0.5000 -0.0000 -0.8660
vn 0.3827 0.9239 -0.0000
vn 0.7071 0.7071 -0.0000
vn 0.3536 0.7071 -0.6124
vn 0.9853 -0.1708 -0.0000
vn 0.4927 -0.0854 -0.8660
vn 0.4859 -0.1178 -0.8660
vn 0.9718 -0.2356 0.0000
vn 0.4927 -0.0854 -0.8660
vn -0.4927 0.0854 -0.8660
vn -0.4859 0.1178 -0.8660
vn 0.4859 -0.1178 -0.8660
vn -0.4927 0.0854 -0.8660
vn -0.9853 0.1708 -0.0000
vn -0.9718 0.2356 -0.0000
vn -0.4859 0.1178 -0.8660
vn -0.9853 0.1708 -0.0000
vn -0.4927 0.0854 0.8660
vn -0.4859 0.1178 0.8660
vn -0.9718 0.2356 -0.0000
vn -0.4927 0.0854 0.8660
vn 0.4927 -0.0854 0.8660
vn 0.4859 -0.1178 0.8660
vn -0.4859 0.1178 0.8660
vn 0.4927 -0.0854 0.8660
vn 0.9853 -0.1708 -0.0000
vn 0.9718 -0.2356 0.0000
vn 0.4859 -0.1178 0.8660
vn 0.9718 -0.2356 0.0000
vn 0.4859 -0.1178 -0.8660
vn 0.4681 -0.1757 -0.8660
vn 0.9362 -0.3514 0.0000
vn 0.4859 -0.1178 -0.8660
vn -0.4859 0.1178 -0.8660
vn -0.4681 0.1757 -0.8660
vn 0.4681 -0.1757 -0.8660
vn -0.4859 0.1178 -0.8660
vn -0.9718 0.2356 -0.0000
vn -0.9362 0.3514 -0.0000
vn -0.4681 0.1757 -0.8660
vn -0.9718 0.2356 -0.0000
vn -0.4859 0.1178 0.8660
vn -0.4681 0.1757 0.8660
vn -0.9362 0.3514 -0.0000
vn -0.4859 0.1178 0.8660
vn 0.4859 -0.1178 0.8660
vn 0.4681 -0.1757 0.8660
vn -0.4681 0.1757 0.8660
vn 0.4859 -0.1178 0.8660
vn 0.9718 -0.2356 0.0000
vn 0.9362 -0.3514 0.0000
vn 0.4681 -0.1757 0.8660
vn 0.9362 -0.3514 0.0000
vn 0.4681 -0.1757 -0.8660
vn 0.4572 -0.2025 -0.8660
vn 0.9143 -0.4050 0.0000
vn 0.4681 -0.1757 -0.8660
vn -0.4681 0.1757 -0.8660
vn -0.4572 0.2025 -0.8660
vn 0.4572 -0.2025 -0.8660
vn -0.4681 0.1757 -0.8660
vn -0.9362 0.3514 -0.0000
vn -0.9143 0.4050 -0.0000
vn -0.4572 0.2025 -0.8660
vn -0.9362 0.3514 -0.0000
vn -0.4681 0.1757 0.8660
vn -0.4572 0.2025 0.8660
vn -0.9143 0.4050 -0.0000
vn -0.4681 0.1757 0.8660
vn 0.4681 -0.1757 0.8660
vn 0.4572 -0.2025 0.8660
vn -0.4572 0.2025 0.8660
vn 0.4681 -0.1757 0.8660
vn 0.9362 -0.3514 0.0000
vn 0.9143 -0.4050 0.0000
vn 0.4572 -0.2025 0.8660
vn 0.9143 -0.4050 0.0000
vn 0.4572 -0.2025 -0.8660
vn 0.4511 -0.2158 -0.8660
vn 0.9021 -0.4315 0.0000
vn 0.4572 -0.2025 -0.8660
vn -0.4572 0.2025 -0.8660
vn -0.4511 0.2158 -0.8660
vn 0.4511 -0.2158 -0.8660
vn -0.4572 0.2025 -0.8660
vn -0.9143 0.4050 -0.0000
vn -0.9021 0.4315 -0.0000
vn -0.4511 0.2158 -0.8660
vn -0.9143 0.4050 -0.0000
vn -0.4572 0.2025 0.8660
vn -0.4511 0.2158 0.8660
vn -0.9021 0.4315 -0.0000
vn -0.4572 0.2025 0.8660
vn 0.4572 -0.2025 0.8660
vn 0.4511 -0.2158 0.8660
vn -0.4511 0.2158 0.8660
vn 0.4572 -0.2025 0.8660
vn 0.9143 -0.4050 0.0000
vn 0.9021 -0.4315 0.0000
vn 0.4511 -0.2158 0.8660
vn 0.9021 -0.4315 0.0000
vn 0.4511 -0.2158 -0.8660
vn 0.4495 -0.2189 -0.8660
vn 0.8991 -0.4378 0.0000
vn 0.4511 -0.2158 -0.8660
vn -0.4511 0.2158 -0.8660
vn -0.4495 0.2189 -0.8660
vn 0.4495 -0.2189 -0.8660
vn -0.4511 0.2158 -0.8660
vn -0.9021 0.4315 -0.0000
vn -0.8991 0.4378 -0.0000
vn -0.4495 0.2189 -0.8660
vn -0.9021 0.4315 -0.0000
vn -0.4511 0.2158 0.8660
vn -0.4495 0.2189 0.8660
vn -0.8991 0.4378 -0.0000
vn -0.4511 0.2158 0.8660
vn 0.4511 -0.2158 0.8660
vn 0.4495 -0.2189 0.8660
vn -0.4495 0.2189 0.8660
vn 0.4511 -0.2158 0.8660
vn 0.9021 -0.4315 0.0000
vn 0.8991 -0.4378 0.0000
vn 0.4495 -0.2189 0.8660
vn 0.8991 -0.4378 0.0000
vn 0.4495 -0.2189 -0.8660
vn 0.4523 -0.2131 -0.8660
vn 0.9046 -0.4263 0.0000
vn 0.4495 -0.2189 -0.8660
vn -0.4495 0.2189 -0.8660
vn -0.4523 0.2131 -0.8660
vn 0.4523 -0.2131 -0.8660
vn -0.4495 0.2189 -0.8660
vn -0.8991 0.4378 -0.0000
vn -0.9046 0.4263 -0.0000
vn -0.4523 0.2131 -0.8660
vn -0.8991 0.4378 -0.0000
vn -0.4495 0.2189 0.8660
vn -0.4523 0.2131 0.8660
vn -0.9046 0.4263 -0.0000
vn -0.4495 0.2189 0.8660
vn 0.4495 -0.2189 0.8660
vn 0.4523 -0.2131 0.8660
vn -0.4523 0.2131 0.8660
vn 0.4495 -0.2189 0.8660
vn 0.8991 -0.4378 0.0000
vn 0.9046 -0.4263 0.0000
vn 0.4523 -0.2131 0.8660
vn 0.9046 -0.4263 0.0000
vn 0.4523 -0.2131 -0.8660
vn 0.4588 -0.1988 -0.8660
vn 0.9176 -0.3976 0.0000
vn 0.4523 -0.2131 -0.8660
vn -0.4523 0.2131 -0.8660
vn -0.4588 0.1988 -0.8660
vn 0.4588 -0.1988 -0.8660
vn -0.4523 0.2131 -0.8660
vn -0.9046 0.4263 -0.0000
vn -0.9176 0.3976 -0.0000
vn -0.4588 0.1988 -0.8660
vn -0.9046 0.4263 -0.0000
vn -0.4523 0.2131 0.8660
vn -0.4588 0.1988 0.8660
vn -0.9176 0.3976 -0.0000
vn -0.4523 0.2131 0.8660
vn 0.4523 -0.2131 0.8660
vn 0.4588 -0.1988 0.8660
vn -0.4588 0.1988 0.8660
vn 0.4523 -0.2131 0.8660
vn 0.9046 -0.4263 0.0000
vn 0.9176 -0.3976 0.0000
vn 0.4588 -0.1988 0.8660
vn 0.9176 -0.3976 0.0000
vn 0.4588 -0.1988 -0.8660
vn 0.4681 -0.1757 -0.8660
vn 0.9362 -0.3514 0.0000
vn 0.4588 -0.1988 -0.8660
vn -0.4588 0.1988 -0.8660
vn -0.4681 0.1757 -0.8660
vn 0.4681 -0.1757 -0.8660
vn -0.4588 0.1988 -0.8660
vn -0.9176 0.3976 -0.0000
vn -0.9362 0.3514 -0.0000
vn -0.4681 0.1757 -0.8660
vn -0.9176 0.3976 -0.0000
vn -0.4588 0.1988 0.8660
vn -0.4681 0.1757 0.8660
vn -0.9362 0.3514 -0.0000
vn -0.4588 0.1988 0.8660
vn 0.4588 -0.1988 0.8660
vn 0.4681 -0.1757 0.8660
vn -0.4681 0.1757 0.8660
vn 0.4588 -0.1988 0.8660
vn 0.9176 -0.3976 0.0000
vn 0.9362 -0.3514 0.0000
vn 0.4681 -0.1757 0.8660
vn 0.9362 -0.3514 0.0000
vn 0.4681 -0.1757 -0.8660
vn 0.4789 -0.1437 -0.8660
vn 0.9578 -0.2873 0.0000
vn 0.4681 -0.1757 -0.8660
vn -0.4681 0.1757 -0.8660
vn -0.4789 0.1437 -0.8660
vn 0.4789 -0.1437 -0.8660
vn -0.4681 0.1757 -0.8660
vn -0.9362 0.3514 -0.0000
vn -0.9578 0.2873 -0.0000
vn -0.4789 0.1437 -0.8660
vn -0.9362 0.3514 -0.0000
vn -0.4681 0.1757 0.8660
vn -0.4789 0.1437 0.8660
vn -0.9578 0.2873 -0.0000
vn -0.4681 0.1757 0.8660
vn 0.4681 -0.1757 0.8660
vn 0.4789 -0.1437 0.8660
vn -0.4789 0.1437 0.8660
vn 0.4681 -0.1757 0.8660
vn 0.9362 -0.3514 0.0000
vn 0.9578 -0.2873 0.0000
vn 0.4789 -0.1437 0.8660
vn 0.9578 -0.2873 0.0000
vn 0.4789 -0.1437 -0.8660
vn 0.4893 -0.1028 -0.8660
vn 0.9786 -0.2055 0.0000
vn 0.4789 -0.1437 -0.8660
vn -0.4789 0.1437 -0.8660
vn -0.4893 0.1028 -0.8660
vn 0.4893 -0.1028 -0.8660
vn -0.4789 0.1437 -0.8660
vn -0.9578 0.2873 -0.0000
vn -0.9786 0.2055 -0.0000
vn -0.4893 0.1028 -0.8660
vn -0.9578 0.2873 -0.0000
vn -0.4789 0.1437 0.8660
vn -0.4893 0.1028 0.8660
vn -0.9786 0.2055 -0.0000
vn -0.4789 0.1437 0.8660
vn 0.4789 -0.1437 0.8660
vn 0.4893 -0.1028 0.8660
vn -0.4893 0.1028 0.8660
vn 0.4789 -0.1437 0.8660
vn 0.9578 -0.2873 0.0000
vn 0.9786 -0.2055 0.0000
vn 0.4893 -0.1028 0.8660
vn 0.9786 -0.2055 0.0000
vn 0.4893 -0.1028 -0.8660
vn 0.4971 -0.0541 -0.8660
vn 0.9941 -0.1082 0.0000
vn 0.4893 -0.1028 -0.8660
vn -0.4893 0.1028 -0.8660
vn -0.4971 0.0541 -0.8660
vn 0.4971 -0.0541 -0.8660
vn -0.4893 0.1028 -0.8660
vn -0.9786 0.2055 -0.0000
vn -0.9941 0.1082 -0.0000
vn -0.4971 0.0541 -0.8660
vn -0.9786 0.2055 -0.0000
vn -0.4893 0.1028 0.8660
vn -0.4971 0.0541 0.8660
vn -0.9941 0.1082 -0.0000
vn -0.4893 0.1028 0.8660
vn 0.4893 -0.1028 0.8660
vn 0.4971 -0.0541 0.8660
vn -0.4971 0.0541 0.8660
vn 0.4893 -0.1028 0.8660
vn 0.9786 -0.2055 0.0000
vn 0.9941 -0.1082 0.0000
vn 0.4971 -0.0541 0.8660
vn 0.9941 -0.1082 0.0000
vn 0.4971 -0.0541 -0.8660
vn 0.4992 -0.0276 -0.8660
vn 0.9985 -0.0553 0.0000
vn 0.4971 -0.0541 -0.8660
vn -0.4971 0.0541 -0.8660
vn -0.4992 0.0276 -0.8660
vn 0.4992 -0.0276 -0.8660
vn -0.4971 0.0541 -0.8660
vn -0.9941 0.1082 -0.0000
vn -0.9985 0.0553 -0.0000
vn -0.4992 0.0276 -0.8660
vn -0.9941 0.1082 -0.0000
vn -0.4971 0.0541 0.8660
vn -0.4992 0.0276 0.8660
vn -0.9985 0.0553 -0.0000
vn -0.4971 0.0541 0.8660
vn 0.4971 -0.0541 0.8660
vn 0.4992 -0.0276 0.8660
vn -0.4992 0.0276 0.8660
vn 0.4971 -0.0541 0.8660
vn 0.9941 -0.1082 0.0000
vn 0.9985 -0.0553 0.0000
vn 0.4992 -0.0276 0.8660
vn -0.1708 -0.9853 0.0000
vn -0.1708 -0.9853 0.0000
vn -0.1708 -0.9853 0.0000
vn -0.1708 -0.9853 0.0000
vn -0.1708 -0.9853 0.0000
vn -0.1708 -0.9853 0.0000
vn 0.0553 0.9985 -0.0000
vn 0.0553 0.9985 -0.0000
vn 0.0553 0.9985 -0.0000
vn 0.0553 0.9985 -0.0000
vn 0.0553 0.9985 -0.0000
vn 0.0553 0.9985 -0.0000
vn 0.7071 -0.7071 0.0000
vn 0.3536 -0.7071 0.6124
vn 0.3827 -0.9239 0.0000
vn 1.0000 -0.0000 0.0000
vn 0.5000 -0.0000 0.8660
vn 0.3536 -0.7071 0.6124
vn 0.7071 -0.7071 0.0000
vn 0.7071 0.7071 0.0000
vn 0.3536 0.7071 0.6124
vn 0.5000 -0.0000 0.8660
vn 1.0000 -0.0000 0.0000
vn 0.1913 0.9239 0.3314
vn 0.3536 0.7071 0.6124
vn 0.7071 0.7071 0.0000
vn 0.3536 -0.7071 0.6124
vn -0.3536 -0.7071 0.6124
vn 0.1913 -0.9239 0.3314
vn 0.5000 -0.0000 0.8660
vn -0.5000 -0.0000 0.8660
vn -0.3536 -0.7071 0.6124
vn 0.3536 -0.7071 0.6124
vn 0.3536 0.7071 0.6124
vn -0.3536 0.7071 0.6124
vn -0.5000 -0.0000 0.8660
vn 0.5000 -0.0000 0.8660
vn -0.1913 0.9239 0.3314
vn -0.3536 0.7071 0.6124
vn 0.3536 0.7071 0.6124
vn -0.3536 -0.7071 0.6124
vn -0.7071 -0.7071 0.0000
vn -0.1913 -0.9239 0.3314
vn -0.5000 -0.0000 0.8660
vn -1.0000 -0.0000 0.0000
vn -0.7071 -0.7071 0.0000
vn -0.3536 -0.7071 0.6124
vn -0.3536 0.7071 0.6124
vn -0.7071 0.7071 0.0000
vn -1.0000 -0.0000 0.0000
vn -0.5000 -0.0000 0.8660
vn -0.3827 0.9239 0.0000
vn -0.7071 0.7071 0.0000
vn -0.3536 0.7071 0.6124
vn -0.7071 -0.7071 0.0000
vn -0.3536 -0.7071 -0.6124
vn -0.3827 -0.9239 0.0000
vn -1.0000 -0.0000 0.0000
vn -0.5000 -0.0000 -0.8660
vn -0.3536 -0.7071 -0.6124
vn -0.7071 -0.7071 0.0000
vn -0.7071 0.7071 0.0000
vn -0.3536 0.7071 -0.6124
vn -0.5000 -0.0000 -0.8660
vn -1.0000 -0.0000 0.0000
vn -0.1913 0.9239 -0.3314
vn -0.3536 0.7071 -0.6124
vn -0.7071 0.7071 0.0000
vn -0.3536 -0.7071 -0.6124
vn 0.3536 -0.7071 -0.6124
vn -0.1913 -0.9239 -0.3314
vn -0.5000 -0.0000 -0.8660
vn 0.5000 -0.0000 -0.8660
vn 0.3536 -0.7071 -0.6124
vn -0.3536 -0.7071 -0.6124
vn -0.3536 0.7071 -0.6124
vn 0.3536 0.7071 -0.6124
vn 0.5000 -0.0000 -0.8660
vn -0.5000 -0.0000 -0.8660
vn 0.1913 0.9239 -0.3314
vn 0.3536 0.7071 -0.6124
vn -0.3536 0.7071 -0.6124
vn 0.3536 -0.7071 -0.6124
vn 0.7071 -0.7071 -0.0000
vn 0.1913 -0.9239 -0.3314
vn 0.5000 -0.0000 -0.8660
vn 1.0000 -0.0000 -0.0000
vn 0.7071 -0.7071 -0.0000
vn 0.3536 -0.7071 -0.6124
vn 0.3536 0.7071 -0.6124
vn 0.7071 0.7071 -0.0000
vn 1.0000 -0.0000 -0.0000
vn 0.5000 -0.0000 -0.8660
vn 0.3827 0.9239 -0.0000
vn 0.7071 0.7071 -0.0000
vn 0.3536 0.7071 -0.6124
vn 0.9963 0.0864 -0.0000
vn 0.4871 0.1708 -0.8565
vn 0.4812 0.2356 -0.8444
vn 0.9929 0.1189 0.0068
vn 0.4871 0.1708 -0.8565
vn -0.5092 0.0845 -0.8565
vn -0.5117 0.1167 -0.8512
vn 0.4812 0.2356 -0.8444
vn -0.5092 0.0845 -0.8565
vn -0.9963 -0.0864 -0.0000
vn -0.9929 -0.1189 -0.0068
vn -0.5117 0.1167 -0.8512
vn -0.9963 -0.0864 -0.0000
vn -0.4871 -0.1708 0.8565
vn -0.4812 -0.2356 0.8444
vn -0.9929 -0.1189 -0.0068
vn -0.4871 -0.1708 0.8565
vn 0.5092 -0.0845 0.8565
vn 0.5117 -0.1167 0.8512
vn -0.4812 -0.2356 0.8444
vn 0.5092 -0.0845 0.8565
vn 0.9963 0.0864 -0.0000
vn 0.9929 0.1189 0.0068
vn 0.5117 -0.1167 0.8512
vn 0.9929 0.1189 0.0068
vn 0.4812 0.2356 -0.8444
vn 0.4661 0.3514 -0.8119
vn 0.9840 0.1764 0.0254
vn 0.4812 0.2356 -0.8444
vn -0.5117 0.1167 -0.8512
vn -0.5179 0.1750 -0.8374
vn 0.4661 0.3514 -0.8119
vn -0.5117 0.1167 -0.8512
vn -0.9929 -0.1189 -0.0068
vn -0.9840 -0.1764 -0.0254
vn -0.5179 0.1750 -0.8374
vn -0.9929 -0.1189 -0.0068
vn -0.4812 -0.2356 0.8444
vn -0.4661 -0.3514 0.8119
vn -0.9840 -0.1764 -0.0254
vn -0.4812 -0.2356 0.8444
vn 0.5117 -0.1167 0.8512
vn 0.5179 -0.1750 0.8374
vn -0.4661 -0.3514 0.8119
vn 0.5117 -0.1167 0.8512
vn 0.9929 0.1189 0.0068
vn 0.9840 0.1764 0.0254
vn 0.5179 -0.1750 0.8374
vn 0.9840 0.1764 0.0254
vn 0.4661 0.3514 -0.8119
vn 0.4558 0.4050 -0.7926
vn 0.9785 0.2030 0.0356
vn 0.4661 0.3514 -0.8119
vn -0.5179 0.1750 -0.8374
vn -0.5227 0.2019 -0.8283
vn 0.4558 0.4050 -0.7926
vn -0.5179 0.1750 -0.8374
vn -0.9840 -0.1764 -0.0254
vn -0.9785 -0.2030 -0.0356
vn -0.5227 0.2019 -0.8283
vn -0.9840 -0.1764 -0.0254
vn -0.4661 -0.3514 0.8119
vn -0.4558 -0.4050 0.7926
vn -0.9785 -0.2030 -0.0356
vn -0.4661 -0.3514 0.8119
vn 0.5179 -0.1750 0.8374
vn 0.5227 -0.2019 0.8283
vn -0.4558 -0.4050 0.7926
vn 0.5179 -0.1750 0.8374
vn 0.9840 0.1764 0.0254
vn 0.9785 0.2030 0.0356
vn 0.5227 -0.2019 0.8283
vn 0.9785 0.2030 0.0356
vn 0.4558 0.4050 -0.7926
vn 0.4499 0.4315 -0.7819
vn 0.9755 0.2163 0.0411
vn 0.4558 0.4050 -0.7926
vn -0.5227 0.2019 -0.8283
vn -0.5256 0.2152 -0.8231
vn 0.4499 0.4315 -0.7819
vn -0.5227 0.2019 -0.8283
vn -0.9785 -0.2030 -0.0356
vn -0.9755 -0.2163 -0.0411
vn -0.5256 0.2152 -0.8231
vn -0.9785 -0.2030 -0.0356
vn -0.4558 -0.4050 0.7926
vn -0.4499 -0.4315 0.7819
vn -0.9755 -0.2163 -0.0411
vn -0.4558 -0.4050 0.7926
vn 0.5227 -0.2019 0.8283
vn 0.5256 -0.2152 0.8231
vn -0.4499 -0.4315 0.7819
vn 0.5227 -0.2019 0.8283
vn 0.9785 0.2030 0.0356
vn 0.9755 0.2163 0.0411
vn 0.5256 -0.2152 0.8231
vn 0.9755 0.2163 0.0411
vn 0.4499 0.4315 -0.7819
vn 0.4484 0.4378 -0.7793
vn 0.9747 0.2194 0.0424
vn 0.4499 0.4315 -0.7819
vn -0.5256 0.2152 -0.8231
vn -0.5263 0.2184 -0.8218
vn 0.4484 0.4378 -0.7793
vn -0.5256 0.2152 -0.8231
vn -0.9755 -0.2163 -0.0411
vn -0.9747 -0.2194 -0.0424
vn -0.5263 0.2184 -0.8218
vn -0.9755 -0.2163 -0.0411
vn -0.4499 -0.4315 0.7819
vn -0.4484 -0.4378 0.7793
vn -0.9747 -0.2194 -0.0424
vn -0.4499 -0.4315 0.7819
vn 0.5256 -0.2152 0.8231
vn 0.5263 -0.2184 0.8218
vn -0.4484 -0.4378 0.7793
vn 0.5256 -0.2152 0.8231
vn 0.9755 0.2163 0.0411
vn 0.9747 0.2194 0.0424
vn 0.5263 -0.2184 0.8218
vn 0.9747 0.2194 0.0424
vn 0.4484 0.4378 -0.7793
vn 0.4512 0.4263 -0.7841
vn 0.9761 0.2136 0.0401
vn 0.4484 0.4378 -0.7793
vn -0.5263 0.2184 -0.8218
vn -0.5249 0.2126 -0.8242
vn 0.4512 0.4263 -0.7841
vn -0.5263 0.2184 -0.8218
vn -0.9747 -0.2194 -0.0424
vn -0.9761 -0.2136 -0.0401
vn -0.5249 0.2126 -0.8242
vn -0.9747 -0.2194 -0.0424
vn -0.4484 -0.4378 0.7793
vn -0.4512 -0.4263 0.7841
vn -0.9761 -0.2136 -0.0401
vn -0.4484 -0.4378 0.7793
vn 0.5263 -0.2184 0.8218
vn 0.5249 -0.2126 0.8242
vn -0.4512 -0.4263 0.7841
vn 0.5263 -0.2184 0.8218
vn 0.9747 0.2194 0.0424
vn 0.9761 0.2136 0.0401
vn 0.5249 -0.2126 0.8242
vn 0.9761 0.2136 0.0401
vn 0.4512 0.4263 -0.7841
vn 0.4578 0.3976 -0.7952
vn 0.9794 0.1992 0.0347
vn 0.4512 0.4263 -0.7841
vn -0.5249 0.2126 -0.8242
vn -0.5215 0.1984 -0.8298
vn 0.4578 0.3976 -0.7952
vn -0.5249 0.2126 -0.8242
vn -0.9761 -0.2136 -0.0401
vn -0.9794 -0.1992 -0.0347
vn -0.5215 0.1984 -0.8298
vn -0.9761 -0.2136 -0.0401
vn -0.4512 -0.4263 0.7841
vn -0.4578 -0.3976 0.7952
vn -0.9794 -0.1992 -0.0347
vn -0.4512 -0.4263 0.7841
vn 0.5249 -0.2126 0.8242
vn 0.5215 -0.1984 0.8298
vn -0.4578 -0.3976 0.7952
vn 0.5249 -0.2126 0.8242
vn 0.9761 0.2136 0.0401
vn 0.9794 0.1992 0.0347
vn 0.5215 -0.1984 0.8298
vn 0.9794 0.1992 0.0347
vn 0.4578 0.3976 -0.7952
vn 0.4676 0.3514 -0.8111
vn 0.9840 0.1759 0.0271
vn 0.4578 0.3976 -0.7952
vn -0.5215 0.1984 -0.8298
vn -0.5164 0.1756 -0.8381
vn 0.4676 0.3514 -0.8111
vn -0.5215 0.1984 -0.8298
vn -0.9794 -0.1992 -0.0347
vn -0.9840 -0.1759 -0.0271
vn -0.5164 0.1756 -0.8381
vn -0.9794 -0.1992 -0.0347
vn -0.4578 -0.3976 0.7952
vn -0.4676 -0.3514 0.8111
vn -0.9840 -0.1759 -0.0271
vn -0.4578 -0.3976 0.7952
vn 0.5215 -0.1984 0.8298
vn 0.5164 -0.1756 0.8381
vn -0.4676 -0.3514 0.8111
vn 0.5215 -0.1984 0.8298
vn 0.9794 0.1992 0.0347
vn 0.9840 0.1759 0.0271
vn 0.5164 -0.1756 0.8381
vn 0.9840 0.1759 0.0271
vn 0.4676 0.3514 -0.8111
vn 0.4793 0.2873 -0.8293
vn 0.9895 0.1436 0.0187
vn 0.4676 0.3514 -0.8111
vn -0.5164 0.1756 -0.8381
vn -0.5102 0.1438 -0.8480
vn 0.4793 0.2873 -0.8293
vn -0.5164 0.1756 -0.8381
vn -0.9840 -0.1759 -0.0271
vn -0.9895 -0.1436 -0.0187
vn -0.5102 0.1438 -0.8480
vn -0.9840 -0.1759 -0.0271
vn -0.4676 -0.3514 0.8111
vn -0.4793 -0.2873 0.8293
vn -0.9895 -0.1436 -0.0187
vn -0.4676 -0.3514 0.8111
vn 0.5164 -0.1756 0.8381
vn 0.5102 -0.1438 0.8480
vn -0.4793 -0.2873 0.8293
vn 0.5164 -0.1756 0.8381
vn 0.9840 0.1759 0.0271
vn 0.9895 0.1436 0.0187
vn 0.5102 -0.1438 0.8480
vn 0.9895 0.1436 0.0187
vn 0.4793 0.2873 -0.8293
vn 0.4910 0.2055 -0.8465
vn 0.9947 0.1024 0.0112
vn 0.4793 0.2873 -0.8293
vn -0.5102 0.1438 -0.8480
vn -0.5037 0.1031 -0.8577
vn 0.4910 0.2055 -0.8465
vn -0.5102 0.1438 -0.8480
vn -0.9895 -0.1436 -0.0187
vn -0.9947 -0.1024 -0.0112
vn -0.5037 0.1031 -0.8577
vn -0.9895 -0.1436 -0.0187
vn -0.4793 -0.2873 0.8293
vn -0.4910 -0.2055 0.8465
vn -0.9947 -0.1024 -0.0112
vn -0.4793 -0.2873 0.8293
vn 0.5102 -0.1438 0.8480
vn 0.5037 -0.1031 0.8577
vn -0.4910 -0.2055 0.8465
vn 0.5102 -0.1438 0.8480
vn 0.9895 0.1436 0.0187
vn 0.9947 0.1024 0.0112
vn 0.5037 -0.1031 0.8577
vn 0.9947 0.1024 0.0112
vn 0.4910 0.2055 -0.8465
vn 0.5006 0.1082 -0.8589
vn 0.9985 0.0537 0.0066
vn 0.4910 0.2055 -0.8465
vn -0.5037 0.1031 -0.8577
vn -0.4979 0.0545 -0.8655
vn 0.5006 0.1082 -0.8589
vn -0.5037 0.1031 -0.8577
vn -0.9947 -0.1024 -0.0112
vn -0.9985 -0.0537 -0.0066
vn -0.4979 0.0545 -0.8655
vn -0.9947 -0.1024 -0.0112
vn -0.4910 -0.2055 0.8465
vn -0.5006 -0.1082 0.8589
vn -0.9985 -0.0537 -0.0066
vn -0.4910 -0.2055 0.8465
vn 0.5037 -0.1031 0.8577
vn 0.4979 -0.0545 0.8655
vn -0.5006 -0.1082 0.8589
vn 0.5037 -0.1031 0.8577
vn 0.9947 0.1024 0.0112
vn 0.9985 0.0537 0.0066
vn 0.4979 -0.0545 0.8655
vn 0.9985 0.0537 0.0066
vn 0.5006 0.1082 -0.8589
vn 0.5033 0.0553 -0.8624
vn 0.9996 0.0274 0.0053
vn 0.5006 0.1082 -0.8589
vn -0.4979 0.0545 -0.8655
vn -0.4963 0.0279 -0.8677
vn 0.5033 0.0553 -0.8624
vn -0.4979 0.0545 -0.8655
vn -0.9985 -0.0537 -0.0066
vn -0.9996 -0.0274 -0.0053
vn -0.4963 0.0279 -0.8677
vn -0.9985 -0.0537 -0.0066
vn -0.5006 -0.1082 0.8589
vn -0.5033 -0.0553 0.8624
vn -0.9996 -0.0274 -0.0053
vn -0.5006 -0.1082 0.8589
vn 0.4979 -0.0545 0.8655
vn 0.4963 -0.0279 0.8677
vn -0.5033 -0.0553 0.8624
vn 0.4979 -0.0545 0.8655
vn 0.9985 0.0537 0.0066
vn 0.9996 0.0274 0.0053
vn 0.4963 -0.0279 0.8677
vn 0.0854 -0.9853 -0.1479
vn 0.0854 -0.9853 -0.1479
vn 0.0854 -0.9853 -0.1479
vn 0.0854 -0.9853 -0.1479
vn 0.0854 -0.9853 -0.1479
vn 0.0854 -0.9853 -0.1479
vn -0.0276 0.9985 0.0479
vn -0.0276 0.9985 0.0479
vn -0.0276 0.9985 0.0479
vn -0.0276 0.9985 0.0479
vn -0.0276 0.9985 0.0479
vn -0.0276 0.9985 0.0479
vn 0.7071 -0.7071 0.0000
vn 0.3536 -0.7071 0.6124
vn 0.3827 -0.9239 0.0000
vn 1.0000 -0.0000 0.0000
vn 0.5000 -0.0000 0.8660
vn 0.3536 -0.7071 0.6124
vn 0.7071 -0.7071 0.0000
vn 0.7071 0.7071 0.0000
vn 0.3536 0.7071 0.6124
vn 0.5000 -0.0000 0.8660
vn 1.0000 -0.0000 0.0000
vn 0.1913 0.9239 0.3314
vn 0.3536 0.7071 0.6124
vn 0.7071 0.7071 0.0000
vn 0.3536 -0.7071 0.6124
vn -0.3536 -0.7071 0.6124
vn 0.1913 -0.9239 0.3314
vn 0.5000 -0.0000 0.8660
vn -0.5000 -0.0000 0.8660
vn -0.3536 -0.7071 0.6124
vn 0.3536 -0.7071 0.6124
vn 0.3536 0.7071 0.6124
vn -0.3536 0.7071 0.6124
vn -0.5000 -0.0000 0.8660
vn 0.5000 -0.0000 0.8660
vn -0.1913 0.9239 0.3314
vn -0.3536 0.7071 0.6124
vn 0.3536 0.7071 0.6124
vn -0.3536 -0.7071 0.6124
vn -0.7071 -0.7071 0.0000
vn -0.1913 -0.9239 0.3314
vn -0.5000 -0.0000 0.8660
vn -1.0000 -0.0000 0.0000
vn -0.7071 -0.7071 0.0000
vn -0.3536 -0.7071 0.6124
vn -0.3536 0.7071 0.6124
vn -0.7071 0.7071 0.0000
vn -1.0000 -0.0000 0.0000
vn -0.5000 -0.0000 0.8660
vn -0.3827 0.9239 0.0000
vn -0.7071 0.7071 0.0000
vn -0.3536 0.7071 0.6124
vn -0.7071 -0.7071 0.0000
vn -0.3536 -0.7071 -0.6124
vn -0.3827 -0.9239 0.0000
vn -1.0000 -0.0000 0.0000
vn -0.5000 -0.0000 -0.8660
vn -0.3536 -0.7071 -0.6124
vn -0.7071 -0.7071 0.0000
vn -0.7071 0.7071 0.0000
vn -0.3536 0.7071 -0.6124
vn -0.5000 -0.0000 -0.8660
vn -1.0000 -0.0000 0.0000
vn -0.1913 0.9239 -0.3314
vn -0.3536 0.7071 -0.6124
vn -0.7071 0.7071 0.0000
vn -0.3536 -0.7071 -0.6124
vn 0.3536 -0.7071 -0.6124
vn -0.1913 -0.9239 -0.3314
vn -0.5000 -0.0000 -0.8660
vn 0.5000 -0.0000 -0.8660
vn 0.3536 -0.7071 -0.6124
vn -0.3536 -0.7071 -0.6124
vn -0.3536 0.7071 -0.6124
vn 0.3536 0.7071 -0.6124
vn 0.5000 -0.0000 -0.8660
vn -0.5000 -0.0000 -0.8660
vn 0.1913 0.9239 -0.3314
vn 0.3536 0.7071 -0.6124
vn -0.3536 0.7071 -0.6124
vn 0.3536 -0.7071 -0.6124
vn 0.7071 -0.7071 -0.0000
vn 0.1913 -0.9239 -0.3314
vn 0.5000 -0.0000 -0.8660
vn 1.0000 -0.0000 -0.0000
vn 0.7071 -0.7071 -0.0000
vn 0.3536 -0.7071 -0.6124
vn 0.3536 0.7071 -0.6124
vn 0.7071 0.7071 -0.0000
vn 1.0000 -0.0000 -0.0000
vn 0.5000 -0.0000 -0.8660
vn 0.3827 0.9239 -0.0000
vn 0.7071 0.7071 -0.0000
vn 0.3536 0.7071 -0.6124
vn 0.0000 0.5000 0.8660
vn -0.9451 0.2467 0.2144
vn -0.9272 0.3378 0.1618
vn 0.0000 0.5000 0.8660
vn -0.9451 0.2467 0.2144
vn -0.5841 -0.3475 -0.7335
vn -0.5730 -0.2912 -0.7660
vn -0.9272 0.3378 0.1618
vn -0.5841 -0.3475 -0.7335
vn 0.5841 -0.4615 -0.6677
vn 0.5730 -0.5178 -0.6352
vn -0.5730 -0.2912 -0.7660
vn 0.5841 -0.4615 -0.6677
vn 0.9451 0.0623 0.3209
vn 0.9272 -0.0288 0.3734
vn 0.5730 -0.5178 -0.6352
vn 0.9451 0.0623 0.3209
vn 0.0000 0.5000 0.8660
vn 0.0000 0.5000 0.8660
vn 0.9272 -0.0288 0.3734
vn 0.0000 0.5000 0.8660
vn -0.9272 0.3378 0.1618
vn -0.8569 0.5119 0.0613
vn 0.0000 0.5000 0.8660
vn -0.9272 0.3378 0.1618
vn -0.5730 -0.2912 -0.7660
vn -0.5296 -0.1836 -0.8281
vn -0.8569 0.5119 0.0613
vn -0.5730 -0.2912 -0.7660
vn 0.5730 -0.5178 -0.6352
vn 0.5296 -0.6254 -0.5731
vn -0.5296 -0.1836 -0.8281
vn 0.5730 -0.5178 -0.6352
vn 0.9272 -0.0288 0.3734
vn 0.8569 -0.2029 0.4739
vn 0.5296 -0.6254 -0.5731
vn 0.9272 -0.0288 0.3734
vn 0.0000 0.5000 0.8660
vn 0.0000 0.5000 0.8660
vn 0.8569 -0.2029 0.4739
vn 0.0000 0.5000 0.8660
vn -0.8569 0.5119 0.0613
vn -0.7436 0.6680 -0.0289
vn 0.0000 0.5000 0.8660
vn -0.8569 0.5119 0.0613
vn -0.5296 -0.1836 -0.8281
vn -0.4595 -0.0871 -0.8839
vn -0.7436 0.6680 -0.0289
vn -0.5296 -0.1836 -0.8281
vn 0.5296 -0.6254 -0.5731
vn 0.4595 -0.7219 -0.5174
vn -0.4595 -0.0871 -0.8839
vn 0.5296 -0.6254 -0.5731
vn 0.8569 -0.2029 0.4739
vn 0.7436 -0.3590 0.5641
vn 0.4595 -0.7219 -0.5174
vn 0.8569 -0.2029 0.4739
vn 0.0000 0.5000 0.8660
vn 0.0000 0.5000 0.8660
vn 0.7436 -0.3590 0.5641
vn 0.0000 0.5000 0.8660
vn -0.7436 0.6680 -0.0289
vn -0.5930 0.7985 -0.1042
vn 0.0000 0.5000 0.8660
vn -0.7436 0.6680 -0.0289
vn -0.4595 -0.0871 -0.8839
vn -0.3665 -0.0065 -0.9304
vn -0.5930 0.7985 -0.1042
vn -0.4595 -0.0871 -0.8839
vn 0.4595 -0.7219 -0.5174
vn 0.3665 -0.8025 -0.4709
vn -0.3665 -0.0065 -0.9304
vn 0.4595 -0.7219 -0.5174
vn 0.7436 -0.3590 0.5641
vn 0.5930 -0.4894 0.6394
vn 0.3665 -0.8025 -0.4709
vn 0.7436 -0.3590 0.5641
vn 0.0000 0.5000 0.8660
vn 0.0000 0.5000 0.8660
vn 0.5930 -0.4894 0.6394
vn 0.0000 0.5000 0.8660
vn -0.5930 0.7985 -0.1042
vn -0.4126 0.8966 -0.1608
vn 0.0000 0.5000 0.8660
vn -0.5930 0.7985 -0.1042
vn -0.3665 -0.0065 -0.9304
vn -0.2550 0.0541 -0.9654
vn -0.4126 0.8966 -0.1608
vn -0.3665 -0.0065 -0.9304
vn 0.3665 -0.8025 -0.4709
vn 0.2550 -0.8631 -0.4358
vn -0.2550 0.0541 -0.9654
vn 0.3665 -0.8025 -0.4709
vn 0.5930 -0.4894 0.6394
vn 0.4126 -0.5876 0.6961
vn 0.2550 -0.8631 -0.4358
vn 0.5930 -0.4894 0.6394
vn 0.0000 0.5000 0.8660
vn 0.0000 0.5000 0.8660
vn 0.4126 -0.5876 0.6961
vn 0.0000 0.5000 0.8660
vn -0.4126 0.8966 -0.1608
vn -0.2116 0.9575 -0.1960
vn 0.0000 0.5000 0.8660
vn -0.4126 0.8966 -0.1608
vn -0.2550 0.0541 -0.9654
vn -0.1308 0.0918 -0.9872
vn -0.2116 0.9575 -0.1960
vn -0.2550 0.0541 -0.9654
vn 0.2550 -0.8631 -0.4358
vn 0.1308 -0.9008 -0.4141
vn -0.1308 0.0918 -0.9872
vn 0.2550 -0.8631 -0.4358
vn 0.4126 -0.5876 0.6961
vn 0.2116 -0.6485 0.7312
vn 0.1308 -0.9008 -0.4141
vn 0.4126 -0.5876 0.6961
vn 0.0000 0.5000 0.8660
vn 0.0000 0.5000 0.8660
vn 0.2116 -0.6485 0.7312
vn 0.0000 0.5000 0.8660
vn -0.2116 0.9575 -0.1960
vn 0.0000 0.9781 -0.2079
vn 0.0000 0.5000 0.8660
vn -0.2116 0.9575 -0.1960
vn -0.1308 0.0918 -0.9872
vn 0.0000 0.1045 -0.9945
vn 0.0000 0.9781 -0.2079
vn -0.1308 0.0918 -0.9872
vn 0.1308 -0.9008 -0.4141
vn 0.0000 -0.9135 -0.4067
vn 0.0000 0.1045 -0.9945
vn 0.1308 -0.9008 -0.4141
vn 0.2116 -0.6485 0.7312
vn 0.0000 -0.6691 0.7431
vn 0.0000 -0.9135 -0.4067
vn 0.2116 -0.6485 0.7312
vn 0.0000 0.5000 0.8660
vn 0.0000 0.5000 0.8660
vn 0.0000 -0.6691 0.7431
vn 0.0000 0.5000 0.8660
vn 0.0000 0.9781 -0.2079
vn 0.2116 0.9575 -0.1960
vn 0.0000 0.5000 0.8660
vn 0.0000 0.9781 -0.2079
vn 0.0000 0.1045 -0.9945
vn 0.1308 0.0918 -0.9872
vn 0.2116 0.9575 -0.1960
vn 0.0000 0.1045 -0.9945
vn 0.0000 -0.9135 -0.4067
vn -0.1308 -0.9008 -0.4141
vn 0.1308 0.0918 -0.9872
vn 0.0000 -0.9135 -0.4067
vn 0.0000 -0.6691 0.7431
vn -0.2116 -0.6485 0.7312
vn -0.1308 -0.9008 -0.4141
vn 0.0000 -0.6691 0.7431
vn 0.0000 0.5000 0.8660
vn 0.0000 0.5000 0.8660
vn -0.2116 -0.6485 0.7312
vn 0.0000 0.5000 0.8660
vn 0.2116 0.9575 -0.1960
vn 0.4126 0.8966 -0.1608
vn 0.0000 0.5000 0.8660
vn 0.2116 0.9575 -0.1960
vn 0.1308 0.0918 -0.9872
vn 0.2550 0.0541 -0.9654
vn 0.4126 0.8966 -0.1608
vn 0.1308 0.0918 -0.9872
vn -0.1308 -0.9008 -0.4141
vn -0.2550 -0.8631 -0.4358
vn 0.2550 0.0541 -0.9654
vn -0.1308 -0.9008 -0.4141
vn -0.2116 -0.6485 0.7312
vn -0.4126 -0.5876 0.6961
vn -0.2550 -0.8631 -0.4358
vn -0.2116 -0.6485 0.7312
vn 0.0000 0.5000 0.8660
vn 0.0000 0.5000 0.8660
vn -0.4126 -0.5876 0.6961
vn 0.0000 0.5000 0.8660
vn 0.4126 0.8966 -0.1608
vn 0.5930 0.7985 -0.1042
vn 0.0000 0.5000 0.8660
vn 0.4126 0.8966 -0.1608
vn 0.2550 0.0541 -0.9654
vn 0.3665 -0.0065 -0.9304
vn 0.5930 0.7985 -0.1042
vn 0.2550 0.0541 -0.9654
vn -0.2550 -0.8631 -0.4358
vn -0.3665 -0.8025 -0.4709
vn 0.3665 -0.0065 -0.9304
vn -0.2550 -0.8631 -0.4358
vn -0.4126 -0.5876 0.6961
vn -0.5930 -0.4894 0.6394
vn -0.3665 -0.8025 -0.4709
vn -0.4126 -0.5876 0.6961
vn 0.0000 0.5000 0.8660
vn 0.0000 0.5000 0.8660
vn -0.5930 -0.4894 0.6394
vn 0.0000 0.5000 0.8660
vn 0.5930 0.7985 -0.1042
vn 0.7436 0.6680 -0.0289
vn 0.0000 0.5000 0.8660
vn 0.5930 0.7985 -0.1042
vn 0.3665 -0.0065 -0.9304
vn 0.4595 -0.0871 -0.8839
vn 0.7436 0.6680 -0.0289
vn 0.3665 -0.0065 -0.9304
vn -0.3665 -0.8025 -0.4709
vn -0.4595 -0.7219 -0.5174
vn 0.4595 -0.0871 -0.8839
vn -0.3665 -0.8025 -0.4709
vn -0.5930 -0.4894 0.6394
vn -0.7436 -0.3590 0.5641
vn -0.4595 -0.7219 -0.5174
vn -0.5930 -0.4894 0.6394
vn 0.0000 0.5000 0.8660
vn 0.0000 0.5000 0.8660
vn -0.7436 -0.3590 0.5641
vn 0.0000 0.5000 0.8660
vn 0.7436 0.6680 -0.0289
vn 0.8569 0.5119 0.0613
vn 0.0000 0.5000 0.8660
vn 0.7436 0.6680 -0.0289
vn 0.4595 -0.0871 -0.8839
vn 0.5296 -0.1836 -0.8281
vn 0.8569 0.5119 0.0613
vn 0.4595 -0.0871 -0.8839
vn -0.4595 -0.7219 -0.5174
vn -0.5296 -0.6254 -0.5731
vn 0.5296 -0.1836 -0.8281
vn -0.4595 -0.7219 -0.5174
vn -0.7436 -0.3590 0.5641
vn -0.8569 -0.2029 0.4739
vn -0.5296 -0.6254 -0.5731
vn -0.7436 -0.3590 0.5641
vn 0.0000 0.5000 0.8660
vn 0.0000 0.5000 0.8660
vn -0.8569 -0.2029 0.4739
vn 0.0000 0.5000 0.8660
vn 0.8569 0.5119 0.0613
vn 0.9272 0.3378 0.1618
vn 0.0000 0.5000 0.8660
vn 0.8569 0.5119 0.0613
vn 0.5296 -0.1836 -0.8281
vn 0.5730 -0.2912 -0.7660
vn 0.9272 0.3378 0.1618
vn 0.5296 -0.1836 -0.8281
vn -0.5296 -0.6254 -0.5731
vn -0.5730 -0.5178 -0.6352
vn 0.5730 -0.2912 -0.7660
vn -0.5296 -0.6254 -0.5731
vn -0.8569 -0.2029 0.4739
vn -0.9272 -0.0288 0.3734
vn -0.5730 -0.5178 -0.6352
vn -0.8569 -0.2029 0.4739
vn 0.0000 0.5000 0.8660
vn 0.0000 0.5000 0.8660
vn -0.9272 -0.0288 0.3734
vn 0.0000 0.5000 0.8660
vn 0.9272 0.3378 0.1618
vn 0.9511 0.1545 0.2676
vn 0.0000 0.5000 0.8660
vn 0.9272 0.3378 0.1618
vn 0.5730 -0.2912 -0.7660
vn 0.5878 -0.4045 -0.7006
vn 0.9511 0.1545 0.2676
vn 0.5730 -0.2912 -0.7660
vn -0.5730 -0.5178 -0.6352
vn -0.5878 -0.4045 -0.7006
vn 0.5878 -0.4045 -0.7006
vn -0.5730 -0.5178 -0.6352
vn -0.9272 -0.0288 0.3734
vn -0.9511 0.1545 0.2676
vn -0.5878 -0.4045 -0.7006
vn -0.9272 -0.0288 0.3734
vn 0.0000 0.5000 0.8660
vn 0.0000 0.5000 0.8660
vn -0.9511 0.1545 0.2676
vn 0.0000 0.5000 0.8660
vn 0.9511 0.1545 0.2676
vn 0.9272 -0.0288 0.3734
vn 0.0000 0.5000 0.8660
vn 0.9511 0.1545 0.2676
vn 0.5878 -0.4045 -0.7006
vn 0.5730 -0.5178 -0.6352
vn 0.9272 -0.0288 0.3734
vn 0.5878 -0.4045 -0.7006
vn -0.5878 -0.4045 -0.7006
vn -0.5730 -0.2912 -0.7660
vn 0.5730 -0.5178 -0.6352
vn -0.5878 -0.4045 -0.7006
vn -0.9511 0.1545 0.2676
vn -0.9272 0.3378 0.1618
vn -0.5730 -0.2912 -0.7660
vn -0.9511 0.1545 0.2676
vn 0.0000 0.5000 0.8660
vn 0.0000 0.5000 0.8660
vn -0.9272 0.3378 0.1618
vn 0.0000 0.5000 0.8660
vn 0.9272 -0.0288 0.3734
vn 0.8569 -0.2029 0.4739
vn 0.0000 0.5000 0.8660
vn 0.9272 -0.0288 0.3734
vn 0.5730 -0.5178 -0.6352
vn 0.5296 -0.6254 -0.5731
vn 0.8569 -0.2029 0.4739
vn 0.5730 -0.5178 -0.6352
vn -0.5730 -0.2912 -0.7660
vn -0.5296 -0.1836 -0.8281
vn 0.5296 -0.6254 -0.5731
vn -0.5730 -0.2912 -0.7660
vn -0.9272 0.3378 0.1618
vn -0.8569 0.5119 0.0613
vn -0.5296 -0.1836 -0.8281
vn -0.9272 0.3378 0.1618
vn 0.0000 0.5000 0.8660
vn 0.0000 0.5000 0.8660
vn -0.8569 0.5119 0.0613
vn 0.0000 0.5000 0.8660
vn 0.8569 -0.2029 0.4739
vn 0.7436 -0.3590 0.5641
vn 0.0000 0.5000 0.8660
vn 0.8569 -0.2029 0.4739
vn 0.5296 -0.6254 -0.5731
vn 0.4595 -0.7219 -0.5174
vn 0.7436 -0.3590 0.5641
vn 0.5296 -0.6254 -0.5731
vn -0.5296 -0.1836 -0.8281
vn -0.4595 -0.0871 -0.8839
vn 0.4595 -0.7219 -0.5174
vn -0.5296 -0.1836 -0.8281
vn -0.8569 0.5119 0.0613
vn -0.7436 0.6680 -0.0289
vn -0.4595 -0.0871 -0.8839
vn -0.8569 0.5119 0.0613
vn 0.0000 0.5000 0.8660
vn 0.0000 0.5000 0.8660
vn -0.7436 0.6680 -0.0289
vn 0.0000 0.5000 0.8660
vn 0.7436 -0.3590 0.5641
vn 0.5930 -0.4894 0.6394
vn 0.0000 0.5000 0.8660
vn 0.7436 -0.3590 0.5641
vn 0.4595 -0.7219 -0.5174
vn 0.3665 -0.8025 -0.4709
vn 0.5930 -0.4894 0.6394
vn 0.4595 -0.7219 -0.5174
vn -0.4595 -0.0871 -0.8839
vn -0.3665 -0.0065 -0.9304
vn 0.3665 -0.8025 -0.4709
vn -0.4595 -0.0871 -0.8839
vn -0.7436 0.6680 -0.0289
vn -0.5930 0.7985 -0.1042
vn -0.3665 -0.0065 -0.9304
vn -0.7436 0.6680 -0.0289
vn 0.0000 0.5000 0.8660
vn 0.0000 0.5000 0.8660
vn -0.5930 0.7985 -0.1042
vn 0.0000 0.5000 0.8660
vn 0.5930 -0.4894 0.6394
vn 0.4126 -0.5876 0.6961
vn 0.0000 0.5000 0.8660
vn 0.5930 -0.4894 0.6394
vn 0.3665 -0.8025 -0.4709
vn 0.2550 -0.8631 -0.4358
vn 0.4126 -0.5876 0.6961
vn 0.3665 -0.8025 -0.4709
vn -0.3665 -0.0065 -0.9304
vn -0.2550 0.0541 -0.9654
vn 0.2550 -0.8631 -0.4358
vn -0.3665 -0.0065 -0.9304
vn -0.5930 0.7985 -0.1042
vn -0.4126 0.8966 -0.1608
vn -0.2550 0.0541 -0.9654
vn -0.5930 0.7985 -0.1042
vn 0.0000 0.5000 0.8660
vn 0.0000 0.5000 0.8660
vn -0.4126 0.8966 -0.1608
vn 0.0000 0.5000 0.8660
vn 0.4126 -0.5876 0.6961
vn 0.2116 -0.6485 0.7312
vn 0.0000 0.5000 0.8660
vn 0.4126 -0.5876 0.6961
vn 0.2550 -0.8631 -0.4358
vn 0.1308 -0.9008 -0.4141
vn 0.2116 -0.6485 0.7312
vn 0.2550 -0.8631 -0.4358
vn -0.2550 0.0541 -0.9654
vn -0.1308 0.0918 -0.9872
vn 0.1308 -0.9008 -0.4141
vn -0.2550 0.0541 -0.9654
vn -0.4126 0.8966 -0.1608
vn -0.2116 0.9575 -0.1960
vn -0.1308 0.0918 -0.9872
vn -0.4126 0.8966 -0.1608
vn 0.0000 0.5000 0.8660
vn 0.0000 0.5000 0.8660
vn -0.2116 0.9575 -0.1960
vn 0.0000 0.5000 0.8660
vn 0.2116 -0.6485 0.7312
vn 0.0000 -0.6691 0.7431
vn 0.0000 0.5000 0.8660
vn 0.2116 -0.6485 0.7312
vn 0.1308 -0.9008 -0.4141
vn 0.0000 -0.9135 -0.4067
vn 0.0000 -0.6691 0.7431
vn 0.1308 -0.9008 -0.4141
vn -0.1308 0.0918 -0.9872
vn -0.0000 0.1045 -0.9945
vn 0.0000 -0.9135 -0.4067
vn -0.1308 0.0918 -0.9872
vn -0.2116 0.9575 -0.1960
vn -0.0000 0.9781 -0.2079
vn -0.0000 0.1045 -0.9945
vn -0.2116 0.9575 -0.1960
vn 0.0000 0.5000 0.8660
vn 0.0000 0.5000 0.8660
vn -0.0000 0.9781 -0.2079
vn 0.0000 0.5000 0.8660
vn 0.0000 -0.6691 0.7431
vn -0.2116 -0.6485 0.7312
vn 0.0000 0.5000 0.8660
vn 0.0000 -0.6691 0.7431
vn 0.0000 -0.9135 -0.4067
vn -0.1308 -0.9008 -0.4141
vn -0.2116 -0.6485 0.7312
vn 0.0000 -0.9135 -0.4067
vn -0.0000 0.1045 -0.9945
vn 0.1308 0.0918 -0.9872
vn -0.1308 -0.9008 -0.4141
vn -0.0000 0.1045 -0.9945
vn -0.0000 0.9781 -0.2079
vn 0.2116 0.9575 -0.1960
vn 0.1308 0.0918 -0.9872
vn -0.0000 0.9781 -0.2079
vn 0.0000 0.5000 0.8660
vn 0.0000 0.5000 0.8660
vn 0.2116 0.9575 -0.1960
vn 0.0000 0.5000 0.8660
vn -0.2116 -0.6485 0.7312
vn -0.4126 -0.5876 0.6961
vn 0.0000 0.5000 0.8660
vn -0.2116 -0.6485 0.7312
vn -0.1308 -0.9008 -0.4141
vn -0.2550 -0.8631 -0.4358
vn -0.4126 -0.5876 0.6961
vn -0.1308 -0.9008 -0.4141
vn 0.1308 0.0918 -0.9872
vn 0.2550 0.0541 -0.9654
vn -0.2550 -0.8631 -0.4358
vn 0.1308 0.0918 -0.9872
vn 0.2116 0.9575 -0.1960
vn 0.4126 0.8966 -0.1608
vn 0.2550 0.0541 -0.9654
vn 0.2116 0.9575 -0.1960
vn 0.0000 0.5000 0.8660
vn 0.0000 0.5000 0.8660
vn 0.4126 0.8966 -0.1608
vn 0.0000 0.5000 0.8660
vn -0.4126 -0.5876 0.6961
vn -0.5930 -0.4894 0.6394
vn 0.0000 0.5000 0.8660
vn -0.4126 -0.5876 0.6961
vn -0.2550 -0.8631 -0.4358
vn -0.3665 -0.8025 -0.4709
vn -0.5930 -0.4894 0.6394
vn -0.2550 -0.8631 -0.4358
vn 0.2550 0.0541 -0.9654
vn 0.3665 -0.0065 -0.9304
vn -0.3665 -0.8025 -0.4709
vn 0.2550 0.0541 -0.9654
vn 0.4126 0.8966 -0.1608
vn 0.5930 0.7985 -0.1042
vn 0.3665 -0.0065 -0.9304
vn 0.4126 0.8966 -0.1608
vn 0.0000 0.5000 0.8660
vn 0.0000 0.5000 0.8660
vn 0.5930 0.7985 -0.1042
vn 0.0000 0.5000 0.8660
vn -0.5930 -0.4894 0.6394
vn -0.7436 -0.3590 0.5641
vn 0.0000 0.5000 0.8660
vn -0.5930 -0.4894 0.6394
vn -0.3665 -0.8025 -0.4709
vn -0.4595 -0.7219 -0.5174
vn -0.7436 -0.3590 0.5641
vn -0.3665 -0.8025 -0.4709
vn 0.3665 -0.0065 -0.9304
vn 0.4595 -0.0871 -0.8839
vn -0.4595 -0.7219 -0.5174
vn 0.3665 -0.0065 -0.9304
vn 0.5930 0.7985 -0.1042
vn 0.7436 0.6680 -0.0289
vn 0.4595 -0.0871 -0.8839
vn 0.5930 0.7985 -0.1042
vn 0.0000 0.5000 0.8660
vn 0.0000 0.5000 0.8660
vn 0.7436 0.6680 -0.0289
vn 0.0000 0.5000 0.8660
vn -0.7436 -0.3590 0.5641
vn -0.8569 -0.2029 0.4739
vn 0.0000 0.5000 0.8660
vn -0.7436 -0.3590 0.5641
vn -0.4595 -0.7219 -0.5174
vn -0.5296 -0.6254 -0.5731
vn -0.8569 -0.2029 0.4739
vn -0.4595 -0.7219 -0.5174
vn 0.4595 -0.0871 -0.8839
vn 0.5296 -0.1836 -0.8281
vn -0.5296 -0.6254 -0.5731
vn 0.4595 -0.0871 -0.8839
vn 0.7436 0.6680 -0.0289
vn 0.8569 0.5119 0.0613
vn 0.5296 -0.1836 -0.8281
vn 0.7436 0.6680 -0.0289
vn 0.0000 0.5000 0.8660
vn 0.0000 0.5000 0.8660
vn 0.8569 0.5119 0.0613
vn 0.0000 0.5000 0.8660
vn -0.8569 -0.2029 0.4739
vn -0.9272 -0.0288 0.3734
vn 0.0000 0.5000 0.8660
vn -0.8569 -0.2029 0.4739
vn -0.5296 -0.6254 -0.5731
vn -0.5730 -0.5178 -0.6352
vn -0.9272 -0.0288 0.3734
vn -0.5296 -0.6254 -0.5731
vn 0.5296 -0.1836 -0.8281
vn 0.5730 -0.2912 -0.7660
vn -0.5730 -0.5178 -0.6352
vn 0.5296 -0.1836 -0.8281
vn 0.8569 0.5119 0.0613
vn 0.9272 0.3378 0.1618
vn 0.5730 -0.2912 -0.7660
vn 0.8569 0.5119 0.0613
vn 0.0000 0.5000 0.8660
vn 0.0000 0.5000 0.8660
vn 0.9272 0.3378 0.1618
vn 0.0000 0.5000 0.8660
vn -0.9272 -0.0288 0.3734
vn -0.9451 0.0623 0.3209
vn 0.0000 0.5000 0.8660
vn -0.9272 -0.0288 0.3734
vn -0.5730 -0.5178 -0.6352
vn -0.5841 -0.4615 -0.6677
vn -0.9451 0.0623 0.3209
vn -0.5730 -0.5178 -0.6352
vn 0.5730 -0.2912 -0.7660
vn 0.5841 -0.3475 -0.7335
vn -0.5841 -0.4615 -0.6677
vn 0.5730 -0.2912 -0.7660
vn 0.9272 0.3378 0.1618
vn 0.9451 0.2467 0.2144
vn 0.5841 -0.3475 -0.7335
vn 0.9272 0.3378 0.1618
vn 0.0000 0.5000 0.8660
vn 0.0000 0.5000 0.8660
vn 0.9451 0.2467 0.2144
usemtl ivory
f 1/1/1 2/2/2 3/3/3
f 4/4/4 5/5/5 6/6/6 7/7/7
f 8/8/8 9/9/9 10/10/10 11/11/11
f 12/12/12 13/13/13 14/14/14 15/15/15
f 16/16/16 17/17/17 18/18/18
f 19/19/19 20/20/20 21/21/21
f 22/22/22 23/23/23 24/24/24 25/25/25
f 26/26/26 27/27/27 28/28/28 29/29/29
f 30/30/30 31/31/31 32/32/32 33/33/33
f 34/34/34 35/35/35 36/36/36
f 37/37/37 38/38/38 39/39/39
f 40/40/40 41/41/41 42/42/42 43/43/43
f 44/44/44 45/45/45 46/46/46 47/47/47
f 48/48/48 49/49/49 50/50/50 51/51/51
f 52/52/52 53/53/53 54/54/54
f 55/55/55 56/56/56 57/57/57
f 58/58/58 59/59/59 60/60/60 61/61/61
f 62/62/62 63/63/63 64/64/64 65/65/65
f 66/66/66 67/67/67 68/68/68 69/69/69
f 70/70/70 71/71/71 72/72/72
f 73/73/73 74/74/74 75/75/75
f 76/76/76 77/77/77 78/78/78 79/79/79
f 80/80/80 81/81/81 82/82/82 83/83/83
f 84/84/84 85/85/85 86/86/86 87/87/87
f 88/88/88 89/89/89 90/90/90
f 91/91/91 92/92/92 93/93/93
f 94/94/94 95/95/95 96/96/96 97/97/97
f 98/98/98 99/99/99 100/100/100 101/101/101
f 102/102/102 103/103/103 104/104/104 105/105/105
f 106/106/106 107/107/107 108/108/108
f 109/109/109 110/110/110 111/111/111
f 112/112/112 113/113/113 114/114/114 115/115/115
f 116/116/116 117/117/117 118/118/118 119/119/119
f 120/120/120 121/121/121 122/122/122 123/123/123
f 124/124/124 125/125/125 126/126/126
f 127/127/127 128/128/128 129/129/129
f 130/130/130 131/131/131 132/132/132 133/133/133
f 134/134/134 135/135/135 136/136/136 137/137/137
f 138/138/138 139/139/139 140/140/140 141/141/141
f 142/142/142 143/143/143 144/144/144
usemtl gold
f 145/145/145 146/146/146 147/147/147 148/148/148
f 149/149/149 150/150/150 151/151/151 152/152/152
f 153/153/153 154/154/154 155/155/155 156/156/156
f 157/157/157 158/158/158 159/159/159 160/160/160
f 161/161/161 162/162/162 163/163/163 164/164/164
f 165/165/165 166/166/166 167/167/167 168/168/168
f 169/169/169 170/170/170 171/171/171 172/172/172
f 173/173/173 174/174/174 175/175/175 176/176/176
f 177/177/177 178/178/178 179/179/179 180/180/180
f 181/181/181 182/182/182 183/183/183 184/184/184
f 185/185/185 186/186/186 187/187/187 188/188/188
f 189/189/189 190/190/190 191/191/191 192/192/192
f 193/193/193 194/194/194 195/195/195 196/196/196
f 197/197/197 198/198/198 199/199/199 200/200/200
f 201/201/201 202/202/202 203/203/203 204/204/204
f 205/205/205 206/206/206 207/207/207 208/208/208
usemtl silver
f 209/209/209 210/210/210 211/211/211 212/212/212
f 213/213/213 214/214/214 215/215/215 216/216/216
f 217/217/217 218/218/218 219/219/219 220/220/220
f 221/221/221 222/222/222 223/223/223 224/224/224
f 225/225/225 226/226/226 227/227/227 228/228/228
f 229/229/229 230/230/230 231/231/231 232/232/232
f 233/233/233 234/234/234 235/235/235 236/236/236
f 237/237/237 238/238/238 239/239/239 240/240/240
f 241/241/241 242/242/242 243/243/243 244/244/244
f 245/245/245 246/246/246 247/247/247 248/248/248
f 249/249/249 250/250/250 251/251/251 252/252/252
f 253/253/253 254/254/254 255/255/255 256/256/256
f 257/257/257 258/258/258 259/259/259 260/260/260
f 261/261/261 262/262/262 263/263/263 264/264/264
f 265/265/265 266/266/266 267/267/267 268/268/268
f 269/269/269 270/270/270 271/271/271 272/272/272
f 273/273/273 274/274/274 275/275/275 276/276/276
f 277/277/277 278/278/278 279/279/279 280/280/280
f 281/281/281 282/282/282 283/283/283 284/284/284
f 285/285/285 286/286/286 287/287/287 288/288/288
f 289/289/289 290/290/290 291/291/291 292/292/292
f 293/293/293 294/294/294 295/295/295 296/296/296
f 297/297/297 298/298/298 299/299/299 300/300/300
f 301/301/301 302/302/302 303/303/303 304/304/304
f 305/305/305 306/306/306 307/307/307 308/308/308
f 309/309/309 310/310/310 311/311/311 312/312/312
f 313/313/313 314/314/314 315/315/315 316/316/316
f 317/317/317 318/318/318 319/319/319 320/320/320
f 321/321/321 322/322/322 323/323/323 324/324/324
f 325/325/325 326/326/326 327/327/327 328/328/328
f 329/329/329 330/330/330 331/331/331 332/332/332
f 333/333/333 334/334/334 335/335/335 336/336/336
f 337/337/337 338/338/338 339/339/339 340/340/340
f 341/341/341 342/342/342 343/343/343 344/344/344
f 345/345/345 346/346/346 347/347/347 348/348/348
f 349/349/349 350/350/350 351/351/351 352/352/352
f 353/353/353 354/354/354 355/355/355 356/356/356
f 357/357/357 358/358/358 359/359/359 360/360/360
f 361/361/361 362/362/362 363/363/363 364/364/364
f 365/365/365 366/366/366 367/367/367 368/368/368
f 369/369/369 370/370/370 371/371/371 372/372/372
f 373/373/373 374/374/374 375/375/375 376/376/376
f 377/377/377 378/378/378 379/379/379 380/380/380
f 381/381/381 382/382/382 383/383/383 384/384/384
f 385/385/385 386/386/386 387/387/387 388/388/388
f 389/389/389 390/390/390 391/391/391 392/392/392
f 393/393/393 394/394/394 395/395/395 396/396/396
f 397/397/397 398/398/398 399/399/399 400/400/400
usemtl obsidian
f 401/401/401 402/402/402 403/403/403
f 404/404/404 405/405/405 406/406/406 407/407/407
f 408/408/408 409/409/409 410/410/410
f 411/411/411 412/412/412 413/413/413
f 414/414/414 415/415/415 416/416/416 417/417/417
f 418/418/418 419/419/419 420/420/420
f 421/421/421 422/422/422 423/423/423
f 424/424/424 425/425/425 426/426/426 427/427/427
f 428/428/428 429/429/429 430/430/430
f 431/431/431 432/432/432 433/433/433
f 434/434/434 435/435/435 436/436/436 437/437/437
f 438/438/438 439/439/439 440/440/440
f 441/441/441 442/442/442 443/443/443
f 444/444/444 445/445/445 446/446/446 447/447/447
f 448/448/448 449/449/449 450/450/450
f 451/451/451 452/452/452 453/453/453
f 454/454/454 455/455/455 456/456/456 457/457/457
f 458/458/458 459/459/459 460/460/460
f 461/461/461 462/462/462 463/463/463
f 464/464/464 465/465/465 466/466/466 467/467/467
f 468/468/468 469/469/469 470/470/470
f 471/471/471 472/472/472 473/473/473
f 474/474/474 475/475/475 476/476/476 477/477/477
f 478/478/478 479/479/479 480/480/480
f 481/481/481 482/482/482 483/483/483
f 484/484/484 485/485/485 486/486/486 487/487/487
f 488/488/488 489/489/489 490/490/490
f 491/491/491 492/492/492 493/493/493
f 494/494/494 495/495/495 496/496/496 497/497/497
f 498/498/498 499/499/499 500/500/500
f 501/501/501 502/502/502 503/503/503
f 504/504/504 505/505/505 506/506/506 507/507/507
f 508/508/508 509/509/509 510/510/510
f 511/511/511 512/512/512 513/513/513
f 514/514/514 515/515/515 516/516/516 517/517/517
f 518/518/518 519/519/519 520/520/520
f 521/521/521 522/522/522 523/523/523
f 524/524/524 525/525/525 526/526/526 527/527/527
f 528/528/528 529/529/529 530/530/530
f 531/531/531 532/532/532 533/533/533
f 534/534/534 535/535/535 536/536/536 537/537/537
f 538/538/538 539/539/539 540/540/540
f 541/541/541 542/542/542 543/543/543
f 544/544/544 545/545/545 546/546/546 547/547/547
f 548/548/548 549/549/549 550/550/550
f 551/551/551 552/552/552 553/553/553
f 554/554/554 555/555/555 556/556/556 557/557/557
f 558/558/558 559/559/559 560/560/560
f 561/561/561 562/562/562 563/563/563
f 564/564/564 565/565/565 566/566/566 567/567/567
f 568/568/568 569/569/569 570/570/570
f 571/571/571 572/572/572 573/573/573
f 574/574/574 575/575/575 576/576/576 577/577/577
f 578/578/578 579/579/579 580/580/580
f 581/581/581 582/582/582 583/583/583
f 584/584/584 585/585/585 586/586/586 587/587/587
f 588/588/588 589/589/589 590/590/590
f 591/591/591 592/592/592 593/593/593
f 594/594/594 595/595/595 596/596/596 597/597/597
f 598/598/598 599/599/599 600/600/600
f 601/601/601 602/602/602 603/603/603
f 604/604/604 605/605/605 606/606/606 607/607/607
f 608/608/608 609/609/609 610/610/610
f 611/611/611 612/612/612 613/613/613
f 614/614/614 615/615/615 616/616/616 617/617/617
f 618/618/618 619/619/619 620/620/620
f 621/621/621 622/622/622 623/623/623
f 624/624/624 625/625/625 626/626/626 627/627/627
f 628/628/628 629/629/629 630/630/630
f 631/631/631 632/632/632 633/633/633
f 634/634/634 635/635/635 636/636/636 637/637/637
f 638/638/638 639/639/639 640/640/640
usemtl cyan
f 641/641/641 642/642/642 643/643/643
f 644/644/644 645/645/645 646/646/646
f 647/647/647 648/648/648 649/649/649
f 650/650/650 651/651/651 652/652/652
f 653/653/653 654/654/654 655/655/655
f 656/656/656 657/657/657 658/658/658
f 659/659/659 660/660/660 661/661/661
f 662/662/662 663/663/663 664/664/664
f 665/665/665 666/666/666 667/667/667
f 668/668/668 669/669/669 670/670/670
f 671/671/671 672/672/672 673/673/673
f 674/674/674 675/675/675 676/676/676
f 677/677/677 678/678/678 679/679/679
f 680/680/680 681/681/681 682/682/682
f 683/683/683 684/684/684 685/685/685
f 686/686/686 687/687/687 688/688/688
f 689/689/689 690/690/690 691/691/691
f 692/692/692 693/693/693 694/694/694
f 695/695/695 696/696/696 697/697/697
f 698/698/698 699/699/699 700/700/700
f 701/701/701 702/702/702 703/703/703
f 704/704/704 705/705/705 706/706/706
f 707/707/707 708/708/708 709/709/709
f 710/710/710 711/711/711 712/712/712
f 713/713/713 714/714/714 715/715/715
f 716/716/716 717/717/717 718/718/718
f 719/719/719 720/720/720 721/721/721
f 722/722/722 723/723/723 724/724/724
f 725/725/725 726/726/726 727/727/727
f 728/728/728 729/729/729 730/730/730
f 731/731/731 732/732/732 733/733/733
f 734/734/734 735/735/735 736/736/736
f 737/737/737 738/738/738 739/739/739
f 740/740/740 741/741/741 742/742/742
f 743/743/743 744/744/744 745/745/745
f 746/746/746 747/747/747 748/748/748
f 749/749/749 750/750/750 751/751/751
f 752/752/752 753/753/753 754/754/754
f 755/755/755 756/756/756 757/757/757
f 758/758/758 759/759/759 760/760/760
usemtl azure
f 761/761/761 762/762/762 763/763/763
f 764/764/764 765/765/765 766/766/766
f 767/767/767 768/768/768 769/769/769
f 770/770/770 771/771/771 772/772/772
f 773/773/773 774/774/774 775/775/775
f 776/776/776 777/777/777 778/778/778
f 779/779/779 780/780/780 781/781/781
f 782/782/782 783/783/783 784/784/784
f 785/785/785 786/786/786 787/787/787
f 788/788/788 789/789/789 790/790/790
f 791/791/791 792/792/792 793/793/793
f 794/794/794 795/795/795 796/796/796
usemtl silver
f 797/797/797 798/798/798 799/799/799
f 800/800/800 801/801/801 802/802/802
f 803/803/803 804/804/804 805/805/805
f 806/806/806 807/807/807 808/808/808
f 809/809/809 810/810/810 811/811/811
f 812/812/812 813/813/813 814/814/814
f 815/815/815 816/816/816 817/817/817
f 818/818/818 819/819/819 820/820/820
f 821/821/821 822/822/822 823/823/823
f 824/824/824 825/825/825 826/826/826
f 827/827/827 828/828/828 829/829/829
f 830/830/830 831/831/831 832/832/832
usemtl gold
f 833/833/833 834/834/834 835/835/835 836/836/836
f 837/837/837 838/838/838 839/839/839 840/840/840
f 841/841/841 842/842/842 843/843/843 844/844/844
f 845/845/845 846/846/846 847/847/847 848/848/848
f 849/849/849 850/850/850 851/851/851 852/852/852
f 853/853/853 854/854/854 855/855/855 856/856/856
f 857/857/857 858/858/858 859/859/859 860/860/860
f 861/861/861 862/862/862 863/863/863 864/864/864
f 865/865/865 866/866/866 867/867/867 868/868/868
f 869/869/869 870/870/870 871/871/871 872/872/872
f 873/873/873 874/874/874 875/875/875 876/876/876
f 877/877/877 878/878/878 879/879/879 880/880/880
f 881/881/881 882/882/882 883/883/883 884/884/884
f 885/885/885 886/886/886 887/887/887 888/888/888
f 889/889/889 890/890/890 891/891/891 892/892/892
f 893/893/893 894/894/894 895/895/895 896/896/896
f 897/897/897 898/898/898 899/899/899 900/900/900
f 901/901/901 902/902/902 903/903/903 904/904/904
f 905/905/905 906/906/906 907/907/907 908/908/908
f 909/909/909 910/910/910 911/911/911 912/912/912
f 913/913/913 914/914/914 915/915/915 916/916/916
f 917/917/917 918/918/918 919/919/919 920/920/920
f 921/921/921 922/922/922 923/923/923 924/924/924
f 925/925/925 926/926/926 927/927/927 928/928/928
f 929/929/929 930/930/930 931/931/931 932/932/932
f 933/933/933 934/934/934 935/935/935 936/936/936
f 937/937/937 938/938/938 939/939/939 940/940/940
f 941/941/941 942/942/942 943/943/943 944/944/944
f 945/945/945 946/946/946 947/947/947 948/948/948
f 949/949/949 950/950/950 951/951/951 952/952/952
f 953/953/953 954/954/954 955/955/955 956/956/956
f 957/957/957 958/958/958 959/959/959 960/960/960
f 961/961/961 962/962/962 963/963/963 964/964/964
f 965/965/965 966/966/966 967/967/967 968/968/968
f 969/969/969 970/970/970 971/971/971 972/972/972
f 973/973/973 974/974/974 975/975/975 976/976/976
f 977/977/977 978/978/978 979/979/979 980/980/980
f 981/981/981 982/982/982 983/983/983 984/984/984
f 985/985/985 986/986/986 987/987/987 988/988/988
f 989/989/989 990/990/990 991/991/991 992/992/992
f 993/993/993 994/994/994 995/995/995 996/996/996
f 997/997/997 998/998/998 999/999/999 1000/1000/1000
f 1001/1001/1001 1002/1002/1002 1003/1003/1003 1004/1004/1004
f 1005/1005/1005 1006/1006/1006 1007/1007/1007 1008/1008/1008
f 1009/1009/1009 1010/1010/1010 1011/1011/1011 1012/1012/1012
f 1013/1013/1013 1014/1014/1014 1015/1015/1015 1016/1016/1016
f 1017/1017/1017 1018/1018/1018 1019/1019/1019 1020/1020/1020
f 1021/1021/1021 1022/1022/1022 1023/1023/1023 1024/1024/1024
f 1025/1025/1025 1026/1026/1026 1027/1027/1027 1028/1028/1028
f 1029/1029/1029 1030/1030/1030 1031/1031/1031 1032/1032/1032
f 1033/1033/1033 1034/1034/1034 1035/1035/1035 1036/1036/1036
f 1037/1037/1037 1038/1038/1038 1039/1039/1039 1040/1040/1040
f 1041/1041/1041 1042/1042/1042 1043/1043/1043 1044/1044/1044
f 1045/1045/1045 1046/1046/1046 1047/1047/1047 1048/1048/1048
f 1049/1049/1049 1050/1050/1050 1051/1051/1051 1052/1052/1052
f 1053/1053/1053 1054/1054/1054 1055/1055/1055 1056/1056/1056
f 1057/1057/1057 1058/1058/1058 1059/1059/1059 1060/1060/1060
f 1061/1061/1061 1062/1062/1062 1063/1063/1063 1064/1064/1064
f 1065/1065/1065 1066/1066/1066 1067/1067/1067 1068/1068/1068
f 1069/1069/1069 1070/1070/1070 1071/1071/1071 1072/1072/1072
f 1073/1073/1073 1074/1074/1074 1075/1075/1075 1076/1076/1076
f 1077/1077/1077 1078/1078/1078 1079/1079/1079 1080/1080/1080
f 1081/1081/1081 1082/1082/1082 1083/1083/1083 1084/1084/1084
f 1085/1085/1085 1086/1086/1086 1087/1087/1087 1088/1088/1088
f 1089/1089/1089 1090/1090/1090 1091/1091/1091 1092/1092/1092
f 1093/1093/1093 1094/1094/1094 1095/1095/1095 1096/1096/1096
f 1097/1097/1097 1098/1098/1098 1099/1099/1099 1100/1100/1100
f 1101/1101/1101 1102/1102/1102 1103/1103/1103 1104/1104/1104
f 1105/1105/1105 1106/1106/1106 1107/1107/1107 1108/1108/1108
f 1109/1109/1109 1110/1110/1110 1111/1111/1111 1112/1112/1112
f 1113/1113/1113 1114/1114/1114 1115/1115/1115 1116/1116/1116
f 1117/1117/1117 1118/1118/1118 1119/1119/1119 1120/1120/1120
f 1121/1121/1121 1122/1122/1122 1123/1123/1123 1124/1124/1124 1125/1125/1125 1126/1126/1126
f 1127/1127/1127 1128/1128/1128 1129/1129/1129 1130/1130/1130 1131/1131/1131 1132/1132/1132
f 1133/1133/1133 1134/1134/1134 1135/1135/1135
f 1136/1136/1136 1137/1137/1137 1138/1138/1138 1139/1139/1139
f 1140/1140/1140 1141/1141/1141 1142/1142/1142 1143/1143/1143
f 1144/1144/1144 1145/1145/1145 1146/1146/1146
f 1147/1147/1147 1148/1148/1148 1149/1149/1149
f 1150/1150/1150 1151/1151/1151 1152/1152/1152 1153/1153/1153
f 1154/1154/1154 1155/1155/1155 1156/1156/1156 1157/1157/1157
f 1158/1158/1158 1159/1159/1159 1160/1160/1160
f 1161/1161/1161 1162/1162/1162 1163/1163/1163
f 1164/1164/1164 1165/1165/1165 1166/1166/1166 1167/1167/1167
f 1168/1168/1168 1169/1169/1169 1170/1170/1170 1171/1171/1171
f 1172/1172/1172 1173/1173/1173 1174/1174/1174
f 1175/1175/1175 1176/1176/1176 1177/1177/1177
f 1178/1178/1178 1179/1179/1179 1180/1180/1180 1181/1181/1181
f 1182/1182/1182 1183/1183/1183 1184/1184/1184 1185/1185/1185
f 1186/1186/1186 1187/1187/1187 1188/1188/1188
f 1189/1189/1189 1190/1190/1190 1191/1191/1191
f 1192/1192/1192 1193/1193/1193 1194/1194/1194 1195/1195/1195
f 1196/1196/1196 1197/1197/1197 1198/1198/1198 1199/1199/1199
f 1200/1200/1200 1201/1201/1201 1202/1202/1202
f 1203/1203/1203 1204/1204/1204 1205/1205/1205
f 1206/1206/1206 1207/1207/1207 1208/1208/1208 1209/1209/1209
f 1210/1210/1210 1211/1211/1211 1212/1212/1212 1213/1213/1213
f 1214/1214/1214 1215/1215/1215 1216/1216/1216
usemtl ivory
f 1217/1217/1217 1218/1218/1218 1219/1219/1219 1220/1220/1220
f 1221/1221/1221 1222/1222/1222 1223/1223/1223 1224/1224/1224
f 1225/1225/1225 1226/1226/1226 1227/1227/1227 1228/1228/1228
f 1229/1229/1229 1230/1230/1230 1231/1231/1231 1232/1232/1232
f 1233/1233/1233 1234/1234/1234 1235/1235/1235 1236/1236/1236
f 1237/1237/1237 1238/1238/1238 1239/1239/1239 1240/1240/1240
f 1241/1241/1241 1242/1242/1242 1243/1243/1243 1244/1244/1244
f 1245/1245/1245 1246/1246/1246 1247/1247/1247 1248/1248/1248
f 1249/1249/1249 1250/1250/1250 1251/1251/1251 1252/1252/1252
f 1253/1253/1253 1254/1254/1254 1255/1255/1255 1256/1256/1256
f 1257/1257/1257 1258/1258/1258 1259/1259/1259 1260/1260/1260
f 1261/1261/1261 1262/1262/1262 1263/1263/1263 1264/1264/1264
f 1265/1265/1265 1266/1266/1266 1267/1267/1267 1268/1268/1268
f 1269/1269/1269 1270/1270/1270 1271/1271/1271 1272/1272/1272
f 1273/1273/1273 1274/1274/1274 1275/1275/1275 1276/1276/1276
f 1277/1277/1277 1278/1278/1278 1279/1279/1279 1280/1280/1280
f 1281/1281/1281 1282/1282/1282 1283/1283/1283 1284/1284/1284
f 1285/1285/1285 1286/1286/1286 1287/1287/1287 1288/1288/1288
f 1289/1289/1289 1290/1290/1290 1291/1291/1291 1292/1292/1292
f 1293/1293/1293 1294/1294/1294 1295/1295/1295 1296/1296/1296
f 1297/1297/1297 1298/1298/1298 1299/1299/1299 1300/1300/1300
f 1301/1301/1301 1302/1302/1302 1303/1303/1303 1304/1304/1304
f 1305/1305/1305 1306/1306/1306 1307/1307/1307 1308/1308/1308
f 1309/1309/1309 1310/1310/1310 1311/1311/1311 1312/1312/1312
f 1313/1313/1313 1314/1314/1314 1315/1315/1315 1316/1316/1316
f 1317/1317/1317 1318/1318/1318 1319/1319/1319 1320/1320/1320
f 1321/1321/1321 1322/1322/1322 1323/1323/1323 1324/1324/1324
f 1325/1325/1325 1326/1326/1326 1327/1327/1327 1328/1328/1328
f 1329/1329/1329 1330/1330/1330 1331/1331/1331 1332/1332/1332
f 1333/1333/1333 1334/1334/1334 1335/1335/1335 1336/1336/1336
f 1337/1337/1337 1338/1338/1338 1339/1339/1339 1340/1340/1340
f 1341/1341/1341 1342/1342/1342 1343/1343/1343 1344/1344/1344
f 1345/1345/1345 1346/1346/1346 1347/1347/1347 1348/1348/1348
f 1349/1349/1349 1350/1350/1350 1351/1351/1351 1352/1352/1352
f 1353/1353/1353 1354/1354/1354 1355/1355/1355 1356/1356/1356
f 1357/1357/1357 1358/1358/1358 1359/1359/1359 1360/1360/1360
f 1361/1361/1361 1362/1362/1362 1363/1363/1363 1364/1364/1364
f 1365/1365/1365 1366/1366/1366 1367/1367/1367 1368/1368/1368
f 1369/1369/1369 1370/1370/1370 1371/1371/1371 1372/1372/1372
f 1373/1373/1373 1374/1374/1374 1375/1375/1375 1376/1376/1376
f 1377/1377/1377 1378/1378/1378 1379/1379/1379 1380/1380/1380
f 1381/1381/1381 1382/1382/1382 1383/1383/1383 1384/1384/1384
f 1385/1385/1385 1386/1386/1386 1387/1387/1387 1388/1388/1388
f 1389/1389/1389 1390/1390/1390 1391/1391/1391 1392/1392/1392
f 1393/1393/1393 1394/1394/1394 1395/1395/1395 1396/1396/1396
f 1397/1397/1397 1398/1398/1398 1399/1399/1399 1400/1400/1400
f 1401/1401/1401 1402/1402/1402 1403/1403/1403 1404/1404/1404
f 1405/1405/1405 1406/1406/1406 1407/1407/1407 1408/1408/1408
f 1409/1409/1409 1410/1410/1410 1411/1411/1411 1412/1412/1412
f 1413/1413/1413 1414/1414/1414 1415/1415/1415 1416/1416/1416
f 1417/1417/1417 1418/1418/1418 1419/1419/1419 1420/1420/1420
f 1421/1421/1421 1422/1422/1422 1423/1423/1423 1424/1424/1424
f 1425/1425/1425 1426/1426/1426 1427/1427/1427 1428/1428/1428
f 1429/1429/1429 1430/1430/1430 1431/1431/1431 1432/1432/1432
f 1433/1433/1433 1434/1434/1434 1435/1435/1435 1436/1436/1436
f 1437/1437/1437 1438/1438/1438 1439/1439/1439 1440/1440/1440
f 1441/1441/1441 1442/1442/1442 1443/1443/1443 1444/1444/1444
f 1445/1445/1445 1446/1446/1446 1447/1447/1447 1448/1448/1448
f 1449/1449/1449 1450/1450/1450 1451/1451/1451 1452/1452/1452
f 1453/1453/1453 1454/1454/1454 1455/1455/1455 1456/1456/1456
f 1457/1457/1457 1458/1458/1458 1459/1459/1459 1460/1460/1460
f 1461/1461/1461 1462/1462/1462 1463/1463/1463 1464/1464/1464
f 1465/1465/1465 1466/1466/1466 1467/1467/1467 1468/1468/1468
f 1469/1469/1469 1470/1470/1470 1471/1471/1471 1472/1472/1472
f 1473/1473/1473 1474/1474/1474 1475/1475/1475 1476/1476/1476
f 1477/1477/1477 1478/1478/1478 1479/1479/1479 1480/1480/1480
f 1481/1481/1481 1482/1482/1482 1483/1483/1483 1484/1484/1484
f 1485/1485/1485 1486/1486/1486 1487/1487/1487 1488/1488/1488
f 1489/1489/1489 1490/1490/1490 1491/1491/1491 1492/1492/1492
f 1493/1493/1493 1494/1494/1494 1495/1495/1495 1496/1496/1496
f 1497/1497/1497 1498/1498/1498 1499/1499/1499 1500/1500/1500
f 1501/1501/1501 1502/1502/1502 1503/1503/1503 1504/1504/1504
f 1505/1505/1505 1506/1506/1506 1507/1507/1507 1508/1508/1508 1509/1509/1509 1510/1510/1510
f 1511/1511/1511 1512/1512/1512 1513/1513/1513 1514/1514/1514 1515/1515/1515 1516/1516/1516
usemtl gold
f 1517/1517/1517 1518/1518/1518 1519/1519/1519
f 1520/1520/1520 1521/1521/1521 1522/1522/1522 1523/1523/1523
f 1524/1524/1524 1525/1525/1525 1526/1526/1526 1527/1527/1527
f 1528/1528/1528 1529/1529/1529 1530/1530/1530
f 1531/1531/1531 1532/1532/1532 1533/1533/1533
f 1534/1534/1534 1535/1535/1535 1536/1536/1536 1537/1537/1537
f 1538/1538/1538 1539/1539/1539 1540/1540/1540 1541/1541/1541
f 1542/1542/1542 1543/1543/1543 1544/1544/1544
f 1545/1545/1545 1546/1546/1546 1547/1547/1547
f 1548/1548/1548 1549/1549/1549 1550/1550/1550 1551/1551/1551
f 1552/1552/1552 1553/1553/1553 1554/1554/1554 1555/1555/1555
f 1556/1556/1556 1557/1557/1557 1558/1558/1558
f 1559/1559/1559 1560/1560/1560 1561/1561/1561
f 1562/1562/1562 1563/1563/1563 1564/1564/1564 1565/1565/1565
f 1566/1566/1566 1567/1567/1567 1568/1568/1568 1569/1569/1569
f 1570/1570/1570 1571/1571/1571 1572/1572/1572
f 1573/1573/1573 1574/1574/1574 1575/1575/1575
f 1576/1576/1576 1577/1577/1577 1578/1578/1578 1579/1579/1579
f 1580/1580/1580 1581/1581/1581 1582/1582/1582 1583/1583/1583
f 1584/1584/1584 1585/1585/1585 1586/1586/1586
f 1587/1587/1587 1588/1588/1588 1589/1589/1589
f 1590/1590/1590 1591/1591/1591 1592/1592/1592 1593/1593/1593
f 1594/1594/1594 1595/1595/1595 1596/1596/1596 1597/1597/1597
f 1598/1598/1598 1599/1599/1599 1600/1600/1600
f 1601/1601/1601 1602/1602/1602 1603/1603/1603 1604/1604/1604
f 1605/1605/1605 1606/1606/1606 1607/1607/1607 1608/1608/1608
f 1609/1609/1609 1610/1610/1610 1611/1611/1611 1612/1612/1612
f 1613/1613/1613 1614/1614/1614 1615/1615/1615 1616/1616/1616
f 1617/1617/1617 1618/1618/1618 1619/1619/1619 1620/1620/1620
f 1621/1621/1621 1622/1622/1622 1623/1623/1623 1624/1624/1624
f 1625/1625/1625 1626/1626/1626 1627/1627/1627 1628/1628/1628
f 1629/1629/1629 1630/1630/1630 1631/1631/1631 1632/1632/1632
f 1633/1633/1633 1634/1634/1634 1635/1635/1635 1636/1636/1636
f 1637/1637/1637 1638/1638/1638 1639/1639/1639 1640/1640/1640
f 1641/1641/1641 1642/1642/1642 1643/1643/1643 1644/1644/1644
f 1645/1645/1645 1646/1646/1646 1647/1647/1647 1648/1648/1648
f 1649/1649/1649 1650/1650/1650 1651/1651/1651 1652/1652/1652
f 1653/1653/1653 1654/1654/1654 1655/1655/1655 1656/1656/1656
f 1657/1657/1657 1658/1658/1658 1659/1659/1659 1660/1660/1660
f 1661/1661/1661 1662/1662/1662 1663/1663/1663 1664/1664/1664
f 1665/1665/1665 1666/1666/1666 1667/1667/1667 1668/1668/1668
f 1669/1669/1669 1670/1670/1670 1671/1671/1671 1672/1672/1672
f 1673/1673/1673 1674/1674/1674 1675/1675/1675 1676/1676/1676
f 1677/1677/1677 1678/1678/1678 1679/1679/1679 1680/1680/1680
f 1681/1681/1681 1682/1682/1682 1683/1683/1683 1684/1684/1684
f 1685/1685/1685 1686/1686/1686 1687/1687/1687 1688/1688/1688
f 1689/1689/1689 1690/1690/1690 1691/1691/1691 1692/1692/1692
f 1693/1693/1693 1694/1694/1694 1695/1695/1695 1696/1696/1696
f 1697/1697/1697 1698/1698/1698 1699/1699/1699 1700/1700/1700
f 1701/1701/1701 1702/1702/1702 1703/1703/1703 1704/1704/1704
f 1705/1705/1705 1706/1706/1706 1707/1707/1707 1708/1708/1708
f 1709/1709/1709 1710/1710/1710 1711/1711/1711 1712/1712/1712
f 1713/1713/1713 1714/1714/1714 1715/1715/1715 1716/1716/1716
f 1717/1717/1717 1718/1718/1718 1719/1719/1719 1720/1720/1720
f 1721/1721/1721 1722/1722/1722 1723/1723/1723 1724/1724/1724
f 1725/1725/1725 1726/1726/1726 1727/1727/1727 1728/1728/1728
f 1729/1729/1729 1730/1730/1730 1731/1731/1731 1732/1732/1732
f 1733/1733/1733 1734/1734/1734 1735/1735/1735 1736/1736/1736
f 1737/1737/1737 1738/1738/1738 1739/1739/1739 1740/1740/1740
f 1741/1741/1741 1742/1742/1742 1743/1743/1743 1744/1744/1744
f 1745/1745/1745 1746/1746/1746 1747/1747/1747 1748/1748/1748
f 1749/1749/1749 1750/1750/1750 1751/1751/1751 1752/1752/1752
f 1753/1753/1753 1754/1754/1754 1755/1755/1755 1756/1756/1756
f 1757/1757/1757 1758/1758/1758 1759/1759/1759 1760/1760/1760
f 1761/1761/1761 1762/1762/1762 1763/1763/1763 1764/1764/1764
f 1765/1765/1765 1766/1766/1766 1767/1767/1767 1768/1768/1768
f 1769/1769/1769 1770/1770/1770 1771/1771/1771 1772/1772/1772
f 1773/1773/1773 1774/1774/1774 1775/1775/1775 1776/1776/1776
f 1777/1777/1777 1778/1778/1778 1779/1779/1779 1780/1780/1780
f 1781/1781/1781 1782/1782/1782 1783/1783/1783 1784/1784/1784
f 1785/1785/1785 1786/1786/1786 1787/1787/1787 1788/1788/1788
f 1789/1789/1789 1790/1790/1790 1791/1791/1791 1792/1792/1792
f 1793/1793/1793 1794/1794/1794 1795/1795/1795 1796/1796/1796
f 1797/1797/1797 1798/1798/1798 1799/1799/1799 1800/1800/1800
f 1801/1801/1801 1802/1802/1802 1803/1803/1803 1804/1804/1804
f 1805/1805/1805 1806/1806/1806 1807/1807/1807 1808/1808/1808
f 1809/1809/1809 1810/1810/1810 1811/1811/1811 1812/1812/1812
f 1813/1813/1813 1814/1814/1814 1815/1815/1815 1816/1816/1816
f 1817/1817/1817 1818/1818/1818 1819/1819/1819 1820/1820/1820
f 1821/1821/1821 1822/1822/1822 1823/1823/1823 1824/1824/1824
f 1825/1825/1825 1826/1826/1826 1827/1827/1827 1828/1828/1828
f 1829/1829/1829 1830/1830/1830 1831/1831/1831 1832/1832/1832
f 1833/1833/1833 1834/1834/1834 1835/1835/1835 1836/1836/1836
f 1837/1837/1837 1838/1838/1838 1839/1839/1839 1840/1840/1840
f 1841/1841/1841 1842/1842/1842 1843/1843/1843 1844/1844/1844
f 1845/1845/1845 1846/1846/1846 1847/1847/1847 1848/1848/1848
f 1849/1849/1849 1850/1850/1850 1851/1851/1851 1852/1852/1852
f 1853/1853/1853 1854/1854/1854 1855/1855/1855 1856/1856/1856
f 1857/1857/1857 1858/1858/1858 1859/1859/1859 1860/1860/1860
f 1861/1861/1861 1862/1862/1862 1863/1863/1863 1864/1864/1864
f 1865/1865/1865 1866/1866/1866 1867/1867/1867 1868/1868/1868
f 1869/1869/1869 1870/1870/1870 1871/1871/1871 1872/1872/1872
f 1873/1873/1873 1874/1874/1874 1875/1875/1875 1876/1876/1876
f 1877/1877/1877 1878/1878/1878 1879/1879/1879 1880/1880/1880
f 1881/1881/1881 1882/1882/1882 1883/1883/1883 1884/1884/1884
f 1885/1885/1885 1886/1886/1886 1887/1887/1887 1888/1888/1888
f 1889/1889/1889 1890/1890/1890 1891/1891/1891 1892/1892/1892 1893/1893/1893 1894/1894/1894
f 1895/1895/1895 1896/1896/1896 1897/1897/1897 1898/1898/1898 1899/1899/1899 1900/1900/1900
f 1901/1901/1901 1902/1902/1902 1903/1903/1903
f 1904/1904/1904 1905/1905/1905 1906/1906/1906 1907/1907/1907
f 1908/1908/1908 1909/1909/1909 1910/1910/1910 1911/1911/1911
f 1912/1912/1912 1913/1913/1913 1914/1914/1914
f 1915/1915/1915 1916/1916/1916 1917/1917/1917
f 1918/1918/1918 1919/1919/1919 1920/1920/1920 1921/1921/1921
f 1922/1922/1922 1923/1923/1923 1924/1924/1924 1925/1925/1925
f 1926/1926/1926 1927/1927/1927 1928/1928/1928
f 1929/1929/1929 1930/1930/1930 1931/1931/1931
f 1932/1932/1932 1933/1933/1933 1934/1934/1934 1935/1935/1935
f 1936/1936/1936 1937/1937/1937 1938/1938/1938 1939/1939/1939
f 1940/1940/1940 1941/1941/1941 1942/1942/1942
f 1943/1943/1943 1944/1944/1944 1945/1945/1945
f 1946/1946/1946 1947/1947/1947 1948/1948/1948 1949/1949/1949
f 1950/1950/1950 1951/1951/1951 1952/1952/1952 1953/1953/1953
f 1954/1954/1954 1955/1955/1955 1956/1956/1956
f 1957/1957/1957 1958/1958/1958 1959/1959/1959
f 1960/1960/1960 1961/1961/1961 1962/1962/1962 1963/1963/1963
f 1964/1964/1964 1965/1965/1965 1966/1966/1966 1967/1967/1967
f 1968/1968/1968 1969/1969/1969 1970/1970/1970
f 1971/1971/1971 1972/1972/1972 1973/1973/1973
f 1974/1974/1974 1975/1975/1975 1976/1976/1976 1977/1977/1977
f 1978/1978/1978 1979/1979/1979 1980/1980/1980 1981/1981/1981
f 1982/1982/1982 1983/1983/1983 1984/1984/1984
f 1985/1985/1985 1986/1986/1986 1987/1987/1987 1988/1988/1988
f 1989/1989/1989 1990/1990/1990 1991/1991/1991 1992/1992/1992
f 1993/1993/1993 1994/1994/1994 1995/1995/1995 1996/1996/1996
f 1997/1997/1997 1998/1998/1998 1999/1999/1999 2000/2000/2000
f 2001/2001/2001 2002/2002/2002 2003/2003/2003 2004/2004/2004
f 2005/2005/2005 2006/2006/2006 2007/2007/2007 2008/2008/2008
f 2009/2009/2009 2010/2010/2010 2011/2011/2011 2012/2012/2012
f 2013/2013/2013 2014/2014/2014 2015/2015/2015 2016/2016/2016
f 2017/2017/2017 2018/2018/2018 2019/2019/2019 2020/2020/2020
f 2021/2021/2021 2022/2022/2022 2023/2023/2023 2024/2024/2024
f 2025/2025/2025 2026/2026/2026 2027/2027/2027 2028/2028/2028
f 2029/2029/2029 2030/2030/2030 2031/2031/2031 2032/2032/2032
f 2033/2033/2033 2034/2034/2034 2035/2035/2035 2036/2036/2036
f 2037/2037/2037 2038/2038/2038 2039/2039/2039 2040/2040/2040
f 2041/2041/2041 2042/2042/2042 2043/2043/2043 2044/2044/2044
f 2045/2045/2045 2046/2046/2046 2047/2047/2047 2048/2048/2048
f 2049/2049/2049 2050/2050/2050 2051/2051/2051 2052/2052/2052
f 2053/2053/2053 2054/2054/2054 2055/2055/2055 2056/2056/2056
f 2057/2057/2057 2058/2058/2058 2059/2059/2059 2060/2060/2060
f 2061/2061/2061 2062/2062/2062 2063/2063/2063 2064/2064/2064
f 2065/2065/2065 2066/2066/2066 2067/2067/2067 2068/2068/2068
f 2069/2069/2069 2070/2070/2070 2071/2071/2071 2072/2072/2072
f 2073/2073/2073 2074/2074/2074 2075/2075/2075 2076/2076/2076
f 2077/2077/2077 2078/2078/2078 2079/2079/2079 2080/2080/2080
f 2081/2081/2081 2082/2082/2082 2083/2083/2083 2084/2084/2084
f 2085/2085/2085 2086/2086/2086 2087/2087/2087 2088/2088/2088
f 2089/2089/2089 2090/2090/2090 2091/2091/2091 2092/2092/2092
f 2093/2093/2093 2094/2094/2094 2095/2095/2095 2096/2096/2096
f 2097/2097/2097 2098/2098/2098 2099/2099/2099 2100/2100/2100
f 2101/2101/2101 2102/2102/2102 2103/2103/2103 2104/2104/2104
f 2105/2105/2105 2106/2106/2106 2107/2107/2107 2108/2108/2108
f 2109/2109/2109 2110/2110/2110 2111/2111/2111 2112/2112/2112
f 2113/2113/2113 2114/2114/2114 2115/2115/2115 2116/2116/2116
f 2117/2117/2117 2118/2118/2118 2119/2119/2119 2120/2120/2120
f 2121/2121/2121 2122/2122/2122 2123/2123/2123 2124/2124/2124
f 2125/2125/2125 2126/2126/2126 2127/2127/2127 2128/2128/2128
f 2129/2129/2129 2130/2130/2130 2131/2131/2131 2132/2132/2132
f 2133/2133/2133 2134/2134/2134 2135/2135/2135 2136/2136/2136
f 2137/2137/2137 2138/2138/2138 2139/2139/2139 2140/2140/2140
f 2141/2141/2141 2142/2142/2142 2143/2143/2143 2144/2144/2144
f 2145/2145/2145 2146/2146/2146 2147/2147/2147 2148/2148/2148
f 2149/2149/2149 2150/2150/2150 2151/2151/2151 2152/2152/2152
f 2153/2153/2153 2154/2154/2154 2155/2155/2155 2156/2156/2156
f 2157/2157/2157 2158/2158/2158 2159/2159/2159 2160/2160/2160
f 2161/2161/2161 2162/2162/2162 2163/2163/2163 2164/2164/2164
f 2165/2165/2165 2166/2166/2166 2167/2167/2167 2168/2168/2168
f 2169/2169/2169 2170/2170/2170 2171/2171/2171 2172/2172/2172
f 2173/2173/2173 2174/2174/2174 2175/2175/2175 2176/2176/2176
f 2177/2177/2177 2178/2178/2178 2179/2179/2179 2180/2180/2180
f 2181/2181/2181 2182/2182/2182 2183/2183/2183 2184/2184/2184
f 2185/2185/2185 2186/2186/2186 2187/2187/2187 2188/2188/2188
f 2189/2189/2189 2190/2190/2190 2191/2191/2191 2192/2192/2192
f 2193/2193/2193 2194/2194/2194 2195/2195/2195 2196/2196/2196
f 2197/2197/2197 2198/2198/2198 2199/2199/2199 2200/2200/2200
f 2201/2201/2201 2202/2202/2202 2203/2203/2203 2204/2204/2204
f 2205/2205/2205 2206/2206/2206 2207/2207/2207 2208/2208/2208
f 2209/2209/2209 2210/2210/2210 2211/2211/2211 2212/2212/2212
f 2213/2213/2213 2214/2214/2214 2215/2215/2215 2216/2216/2216
f 2217/2217/2217 2218/2218/2218 2219/2219/2219 2220/2220/2220
f 2221/2221/2221 2222/2222/2222 2223/2223/2223 2224/2224/2224
f 2225/2225/2225 2226/2226/2226 2227/2227/2227 2228/2228/2228
f 2229/2229/2229 2230/2230/2230 2231/2231/2231 2232/2232/2232
f 2233/2233/2233 2234/2234/2234 2235/2235/2235 2236/2236/2236
f 2237/2237/2237 2238/2238/2238 2239/2239/2239 2240/2240/2240
f 2241/2241/2241 2242/2242/2242 2243/2243/2243 2244/2244/2244
f 2245/2245/2245 2246/2246/2246 2247/2247/2247 2248/2248/2248
f 2249/2249/2249 2250/2250/2250 2251/2251/2251 2252/2252/2252
f 2253/2253/2253 2254/2254/2254 2255/2255/2255 2256/2256/2256
f 2257/2257/2257 2258/2258/2258 2259/2259/2259 2260/2260/2260
f 2261/2261/2261 2262/2262/2262 2263/2263/2263 2264/2264/2264
f 2265/2265/2265 2266/2266/2266 2267/2267/2267 2268/2268/2268
f 2269/2269/2269 2270/2270/2270 2271/2271/2271 2272/2272/2272
f 2273/2273/2273 2274/2274/2274 2275/2275/2275 2276/2276/2276
f 2277/2277/2277 2278/2278/2278 2279/2279/2279 2280/2280/2280
f 2281/2281/2281 2282/2282/2282 2283/2283/2283 2284/2284/2284
f 2285/2285/2285 2286/2286/2286 2287/2287/2287 2288/2288/2288
f 2289/2289/2289 2290/2290/2290 2291/2291/2291 2292/2292/2292
f 2293/2293/2293 2294/2294/2294 2295/2295/2295 2296/2296/2296
f 2297/2297/2297 2298/2298/2298 2299/2299/2299 2300/2300/2300
f 2301/2301/2301 2302/2302/2302 2303/2303/2303 2304/2304/2304
f 2305/2305/2305 2306/2306/2306 2307/2307/2307 2308/2308/2308
f 2309/2309/2309 2310/2310/2310 2311/2311/2311 2312/2312/2312
f 2313/2313/2313 2314/2314/2314 2315/2315/2315 2316/2316/2316
f 2317/2317/2317 2318/2318/2318 2319/2319/2319 2320/2320/2320
f 2321/2321/2321 2322/2322/2322 2323/2323/2323 2324/2324/2324
f 2325/2325/2325 2326/2326/2326 2327/2327/2327 2328/2328/2328
f 2329/2329/2329 2330/2330/2330 2331/2331/2331 2332/2332/2332
f 2333/2333/2333 2334/2334/2334 2335/2335/2335 2336/2336/2336
f 2337/2337/2337 2338/2338/2338 2339/2339/2339 2340/2340/2340
f 2341/2341/2341 2342/2342/2342 2343/2343/2343 2344/2344/2344
f 2345/2345/2345 2346/2346/2346 2347/2347/2347 2348/2348/2348
f 2349/2349/2349 2350/2350/2350 2351/2351/2351 2352/2352/2352
f 2353/2353/2353 2354/2354/2354 2355/2355/2355 2356/2356/2356
f 2357/2357/2357 2358/2358/2358 2359/2359/2359 2360/2360/2360
f 2361/2361/2361 2362/2362/2362 2363/2363/2363 2364/2364/2364
f 2365/2365/2365 2366/2366/2366 2367/2367/2367 2368/2368/2368
f 2369/2369/2369 2370/2370/2370 2371/2371/2371 2372/2372/2372
f 2373/2373/2373 2374/2374/2374 2375/2375/2375 2376/2376/2376
f 2377/2377/2377 2378/2378/2378 2379/2379/2379 2380/2380/2380
f 2381/2381/2381 2382/2382/2382 2383/2383/2383 2384/2384/2384
f 2385/2385/2385 2386/2386/2386 2387/2387/2387 2388/2388/2388
f 2389/2389/2389 2390/2390/2390 2391/2391/2391 2392/2392/2392
f 2393/2393/2393 2394/2394/2394 2395/2395/2395 2396/2396/2396
f 2397/2397/2397 2398/2398/2398 2399/2399/2399 2400/2400/2400
f 2401/2401/2401 2402/2402/2402 2403/2403/2403 2404/2404/2404
f 2405/2405/2405 2406/2406/2406 2407/2407/2407 2408/2408/2408
f 2409/2409/2409 2410/2410/2410 2411/2411/2411 2412/2412/2412
f 2413/2413/2413 2414/2414/2414 2415/2415/2415 2416/2416/2416
f 2417/2417/2417 2418/2418/2418 2419/2419/2419 2420/2420/2420
f 2421/2421/2421 2422/2422/2422 2423/2423/2423 2424/2424/2424
f 2425/2425/2425 2426/2426/2426 2427/2427/2427 2428/2428/2428
f 2429/2429/2429 2430/2430/2430 2431/2431/2431 2432/2432/2432
f 2433/2433/2433 2434/2434/2434 2435/2435/2435 2436/2436/2436
f 2437/2437/2437 2438/2438/2438 2439/2439/2439 2440/2440/2440
f 2441/2441/2441 2442/2442/2442 2443/2443/2443 2444/2444/2444
f 2445/2445/2445 2446/2446/2446 2447/2447/2447 2448/2448/2448
f 2449/2449/2449 2450/2450/2450 2451/2451/2451 2452/2452/2452
f 2453/2453/2453 2454/2454/2454 2455/2455/2455 2456/2456/2456
f 2457/2457/2457 2458/2458/2458 2459/2459/2459 2460/2460/2460
f 2461/2461/2461 2462/2462/2462 2463/2463/2463 2464/2464/2464
f 2465/2465/2465 2466/2466/2466 2467/2467/2467 2468/2468/2468
f 2469/2469/2469 2470/2470/2470 2471/2471/2471 2472/2472/2472
f 2473/2473/2473 2474/2474/2474 2475/2475/2475 2476/2476/2476
f 2477/2477/2477 2478/2478/2478 2479/2479/2479 2480/2480/2480
f 2481/2481/2481 2482/2482/2482 2483/2483/2483 2484/2484/2484
f 2485/2485/2485 2486/2486/2486 2487/2487/2487 2488/2488/2488
f 2489/2489/2489 2490/2490/2490 2491/2491/2491 2492/2492/2492
f 2493/2493/2493 2494/2494/2494 2495/2495/2495 2496/2496/2496
f 2497/2497/2497 2498/2498/2498 2499/2499/2499 2500/2500/2500
f 2501/2501/2501 2502/2502/2502 2503/2503/2503 2504/2504/2504
f 2505/2505/2505 2506/2506/2506 2507/2507/2507 2508/2508/2508
f 2509/2509/2509 2510/2510/2510 2511/2511/2511 2512/2512/2512
f 2513/2513/2513 2514/2514/2514 2515/2515/2515 2516/2516/2516
f 2517/2517/2517 2518/2518/2518 2519/2519/2519 2520/2520/2520
f 2521/2521/2521 2522/2522/2522 2523/2523/2523 2524/2524/2524
f 2525/2525/2525 2526/2526/2526 2527/2527/2527 2528/2528/2528
f 2529/2529/2529 2530/2530/2530 2531/2531/2531 2532/2532/2532
f 2533/2533/2533 2534/2534/2534 2535/2535/2535 2536/2536/2536
f 2537/2537/2537 2538/2538/2538 2539/2539/2539 2540/2540/2540
f 2541/2541/2541 2542/2542/2542 2543/2543/2543 2544/2544/2544
