# Frieren Arcana anime-style mesh
mtllib arcana_materials.mtl
v 0.51400 -0.90000 0.50000
v 0.51212 -0.90000 0.50700
v 0.50000 -0.93000 0.50000
v 0.53400 -0.82000 0.50000
v 0.52944 -0.82000 0.51700
v 0.51212 -0.90000 0.50700
v 0.51400 -0.90000 0.50000
v 0.54000 -0.74000 0.50000
v 0.53464 -0.74000 0.52000
v 0.52944 -0.82000 0.51700
v 0.53400 -0.82000 0.50000
v 0.53200 -0.72000 0.50000
v 0.52771 -0.72000 0.51600
v 0.53464 -0.74000 0.52000
v 0.54000 -0.74000 0.50000
v 0.51212 -0.90000 0.50700
v 0.50700 -0.90000 0.51212
v 0.50000 -0.93000 0.50000
v 0.52944 -0.82000 0.51700
v 0.51700 -0.82000 0.52944
v 0.50700 -0.90000 0.51212
v 0.51212 -0.90000 0.50700
v 0.53464 -0.74000 0.52000
v 0.52000 -0.74000 0.53464
v 0.51700 -0.82000 0.52944
v 0.52944 -0.82000 0.51700
v 0.52771 -0.72000 0.51600
v 0.51600 -0.72000 0.52771
v 0.52000 -0.74000 0.53464
v 0.53464 -0.74000 0.52000
v 0.50700 -0.90000 0.51212
v 0.50000 -0.90000 0.51400
v 0.50000 -0.93000 0.50000
v 0.51700 -0.82000 0.52944
v 0.50000 -0.82000 0.53400
v 0.50000 -0.90000 0.51400
v 0.50700 -0.90000 0.51212
v 0.52000 -0.74000 0.53464
v 0.50000 -0.74000 0.54000
v 0.50000 -0.82000 0.53400
v 0.51700 -0.82000 0.52944
v 0.51600 -0.72000 0.52771
v 0.50000 -0.72000 0.53200
v 0.50000 -0.74000 0.54000
v 0.52000 -0.74000 0.53464
v 0.50000 -0.90000 0.51400
v 0.49300 -0.90000 0.51212
v 0.50000 -0.93000 0.50000
v 0.50000 -0.82000 0.53400
v 0.48300 -0.82000 0.52944
v 0.49300 -0.90000 0.51212
v 0.50000 -0.90000 0.51400
v 0.50000 -0.74000 0.54000
v 0.48000 -0.74000 0.53464
v 0.48300 -0.82000 0.52944
v 0.50000 -0.82000 0.53400
v 0.50000 -0.72000 0.53200
v 0.48400 -0.72000 0.52771
v 0.48000 -0.74000 0.53464
v 0.50000 -0.74000 0.54000
v 0.49300 -0.90000 0.51212
v 0.48788 -0.90000 0.50700
v 0.50000 -0.93000 0.50000
v 0.48300 -0.82000 0.52944
v 0.47056 -0.82000 0.51700
v 0.48788 -0.90000 0.50700
v 0.49300 -0.90000 0.51212
v 0.48000 -0.74000 0.53464
v 0.46536 -0.74000 0.52000
v 0.47056 -0.82000 0.51700
v 0.48300 -0.82000 0.52944
v 0.48400 -0.72000 0.52771
v 0.47229 -0.72000 0.51600
v 0.46536 -0.74000 0.52000
v 0.48000 -0.74000 0.53464
v 0.48788 -0.90000 0.50700
v 0.48600 -0.90000 0.50000
v 0.50000 -0.93000 0.50000
v 0.47056 -0.82000 0.51700
v 0.46600 -0.82000 0.50000
v 0.48600 -0.90000 0.50000
v 0.48788 -0.90000 0.50700
v 0.46536 -0.74000 0.52000
v 0.46000 -0.74000 0.50000
v 0.46600 -0.82000 0.50000
v 0.47056 -0.82000 0.51700
v 0.47229 -0.72000 0.51600
v 0.46800 -0.72000 0.50000
v 0.46000 -0.74000 0.50000
v 0.46536 -0.74000 0.52000
v 0.48600 -0.90000 0.50000
v 0.48788 -0.90000 0.49300
v 0.50000 -0.93000 0.50000
v 0.46600 -0.82000 0.50000
v 0.47056 -0.82000 0.48300
v 0.48788 -0.90000 0.49300
v 0.48600 -0.90000 0.50000
v 0.46000 -0.74000 0.50000
v 0.46536 -0.74000 0.48000
v 0.47056 -0.82000 0.48300
v 0.46600 -0.82000 0.50000
v 0.46800 -0.72000 0.50000
v 0.47229 -0.72000 0.48400
v 0.46536 -0.74000 0.48000
v 0.46000 -0.74000 0.50000
v 0.48788 -0.90000 0.49300
v 0.49300 -0.90000 0.48788
v 0.50000 -0.93000 0.50000
v 0.47056 -0.82000 0.48300
v 0.48300 -0.82000 0.47056
v 0.49300 -0.90000 0.48788
v 0.48788 -0.90000 0.49300
v 0.46536 -0.74000 0.48000
v 0.48000 -0.74000 0.46536
v 0.48300 -0.82000 0.47056
v 0.47056 -0.82000 0.48300
v 0.47229 -0.72000 0.48400
v 0.48400 -0.72000 0.47229
v 0.48000 -0.74000 0.46536
v 0.46536 -0.74000 0.48000
v 0.49300 -0.90000 0.48788
v 0.50000 -0.90000 0.48600
v 0.50000 -0.93000 0.50000
v 0.48300 -0.82000 0.47056
v 0.50000 -0.82000 0.46600
v 0.50000 -0.90000 0.48600
v 0.49300 -0.90000 0.48788
v 0.48000 -0.74000 0.46536
v 0.50000 -0.74000 0.46000
v 0.50000 -0.82000 0.46600
v 0.48300 -0.82000 0.47056
v 0.48400 -0.72000 0.47229
v 0.50000 -0.72000 0.46800
v 0.50000 -0.74000 0.46000
v 0.48000 -0.74000 0.46536
v 0.50000 -0.90000 0.48600
v 0.50700 -0.90000 0.48788
v 0.50000 -0.93000 0.50000
v 0.50000 -0.82000 0.46600
v 0.51700 -0.82000 0.47056
v 0.50700 -0.90000 0.48788
v 0.50000 -0.90000 0.48600
v 0.50000 -0.74000 0.46000
v 0.52000 -0.74000 0.46536
v 0.51700 -0.82000 0.47056
v 0.50000 -0.82000 0.46600
v 0.50000 -0.72000 0.46800
v 0.51600 -0.72000 0.47229
v 0.52000 -0.74000 0.46536
v 0.50000 -0.74000 0.46000
v 0.50700 -0.90000 0.48788
v 0.51212 -0.90000 0.49300
v 0.50000 -0.93000 0.50000
v 0.51700 -0.82000 0.47056
v 0.52944 -0.82000 0.48300
v 0.51212 -0.90000 0.49300
v 0.50700 -0.90000 0.48788
v 0.52000 -0.74000 0.46536
v 0.53464 -0.74000 0.48000
v 0.52944 -0.82000 0.48300
v 0.51700 -0.82000 0.47056
v 0.51600 -0.72000 0.47229
v 0.52771 -0.72000 0.48400
v 0.53464 -0.74000 0.48000
v 0.52000 -0.74000 0.46536
v 0.51212 -0.90000 0.49300
v 0.51400 -0.90000 0.50000
v 0.50000 -0.93000 0.50000
v 0.52944 -0.82000 0.48300
v 0.53400 -0.82000 0.50000
v 0.51400 -0.90000 0.50000
v 0.51212 -0.90000 0.49300
v 0.53464 -0.74000 0.48000
v 0.54000 -0.74000 0.50000
v 0.53400 -0.82000 0.50000
v 0.52944 -0.82000 0.48300
v 0.52771 -0.72000 0.48400
v 0.53200 -0.72000 0.50000
v 0.54000 -0.74000 0.50000
v 0.53464 -0.74000 0.48000
v 0.52800 -0.40000 0.50000
v 0.52523 -0.40000 0.51215
v 0.52343 -0.74000 0.51128
v 0.52600 -0.74000 0.50000
v 0.53000 0.10000 0.50000
v 0.52703 0.10000 0.51302
v 0.52523 -0.40000 0.51215
v 0.52800 -0.40000 0.50000
v 0.53200 0.55000 0.50000
v 0.52883 0.55000 0.51388
v 0.52703 0.10000 0.51302
v 0.53000 0.10000 0.50000
v 0.53000 1.02000 0.50000
v 0.52703 1.02000 0.51302
v 0.52883 0.55000 0.51388
v 0.53200 0.55000 0.50000
v 0.52523 -0.40000 0.51215
v 0.51746 -0.40000 0.52189
v 0.51621 -0.74000 0.52033
v 0.52343 -0.74000 0.51128
v 0.52703 0.10000 0.51302
v 0.51870 0.10000 0.52345
v 0.51746 -0.40000 0.52189
v 0.52523 -0.40000 0.51215
v 0.52883 0.55000 0.51388
v 0.51995 0.55000 0.52502
v 0.51870 0.10000 0.52345
v 0.52703 0.10000 0.51302
v 0.52703 1.02000 0.51302
v 0.51870 1.02000 0.52345
v 0.51995 0.55000 0.52502
v 0.52883 0.55000 0.51388
v 0.51746 -0.40000 0.52189
v 0.50623 -0.40000 0.52730
v 0.50579 -0.74000 0.52535
v 0.51621 -0.74000 0.52033
v 0.51870 0.10000 0.52345
v 0.50668 0.10000 0.52925
v 0.50623 -0.40000 0.52730
v 0.51746 -0.40000 0.52189
v 0.51995 0.55000 0.52502
v 0.50712 0.55000 0.53120
v 0.50668 0.10000 0.52925
v 0.51870 0.10000 0.52345
v 0.51870 1.02000 0.52345
v 0.50668 1.02000 0.52925
v 0.50712 0.55000 0.53120
v 0.51995 0.55000 0.52502
v 0.50623 -0.40000 0.52730
v 0.49377 -0.40000 0.52730
v 0.49421 -0.74000 0.52535
v 0.50579 -0.74000 0.52535
v 0.50668 0.10000 0.52925
v 0.49332 0.10000 0.52925
v 0.49377 -0.40000 0.52730
v 0.50623 -0.40000 0.52730
v 0.50712 0.55000 0.53120
v 0.49288 0.55000 0.53120
v 0.49332 0.10000 0.52925
v 0.50668 0.10000 0.52925
v 0.50668 1.02000 0.52925
v 0.49332 1.02000 0.52925
v 0.49288 0.55000 0.53120
v 0.50712 0.55000 0.53120
v 0.49377 -0.40000 0.52730
v 0.48254 -0.40000 0.52189
v 0.48379 -0.74000 0.52033
v 0.49421 -0.74000 0.52535
v 0.49332 0.10000 0.52925
v 0.48130 0.10000 0.52345
v 0.48254 -0.40000 0.52189
v 0.49377 -0.40000 0.52730
v 0.49288 0.55000 0.53120
v 0.48005 0.55000 0.52502
v 0.48130 0.10000 0.52345
v 0.49332 0.10000 0.52925
v 0.49332 1.02000 0.52925
v 0.48130 1.02000 0.52345
v 0.48005 0.55000 0.52502
v 0.49288 0.55000 0.53120
v 0.48254 -0.40000 0.52189
v 0.47477 -0.40000 0.51215
v 0.47657 -0.74000 0.51128
v 0.48379 -0.74000 0.52033
v 0.48130 0.10000 0.52345
v 0.47297 0.10000 0.51302
v 0.47477 -0.40000 0.51215
v 0.48254 -0.40000 0.52189
v 0.48005 0.55000 0.52502
v 0.47117 0.55000 0.51388
v 0.47297 0.10000 0.51302
v 0.48130 0.10000 0.52345
v 0.48130 1.02000 0.52345
v 0.47297 1.02000 0.51302
v 0.47117 0.55000 0.51388
v 0.48005 0.55000 0.52502
v 0.47477 -0.40000 0.51215
v 0.47200 -0.40000 0.50000
v 0.47400 -0.74000 0.50000
v 0.47657 -0.74000 0.51128
v 0.47297 0.10000 0.51302
v 0.47000 0.10000 0.50000
v 0.47200 -0.40000 0.50000
v 0.47477 -0.40000 0.51215
v 0.47117 0.55000 0.51388
v 0.46800 0.55000 0.50000
v 0.47000 0.10000 0.50000
v 0.47297 0.10000 0.51302
v 0.47297 1.02000 0.51302
v 0.47000 1.02000 0.50000
v 0.46800 0.55000 0.50000
v 0.47117 0.55000 0.51388
v 0.47200 -0.40000 0.50000
v 0.47477 -0.40000 0.48785
v 0.47657 -0.74000 0.48872
v 0.47400 -0.74000 0.50000
v 0.47000 0.10000 0.50000
v 0.47297 0.10000 0.48698
v 0.47477 -0.40000 0.48785
v 0.47200 -0.40000 0.50000
v 0.46800 0.55000 0.50000
v 0.47117 0.55000 0.48612
v 0.47297 0.10000 0.48698
v 0.47000 0.10000 0.50000
v 0.47000 1.02000 0.50000
v 0.47297 1.02000 0.48698
v 0.47117 0.55000 0.48612
v 0.46800 0.55000 0.50000
v 0.47477 -0.40000 0.48785
v 0.48254 -0.40000 0.47811
v 0.48379 -0.74000 0.47967
v 0.47657 -0.74000 0.48872
v 0.47297 0.10000 0.48698
v 0.48130 0.10000 0.47655
v 0.48254 -0.40000 0.47811
v 0.47477 -0.40000 0.48785
v 0.47117 0.55000 0.48612
v 0.48005 0.55000 0.47498
v 0.48130 0.10000 0.47655
v 0.47297 0.10000 0.48698
v 0.47297 1.02000 0.48698
v 0.48130 1.02000 0.47655
v 0.48005 0.55000 0.47498
v 0.47117 0.55000 0.48612
v 0.48254 -0.40000 0.47811
v 0.49377 -0.40000 0.47270
v 0.49421 -0.74000 0.47465
v 0.48379 -0.74000 0.47967
v 0.48130 0.10000 0.47655
v 0.49332 0.10000 0.47075
v 0.49377 -0.40000 0.47270
v 0.48254 -0.40000 0.47811
v 0.48005 0.55000 0.47498
v 0.49288 0.55000 0.46880
v 0.49332 0.10000 0.47075
v 0.48130 0.10000 0.47655
v 0.48130 1.02000 0.47655
v 0.49332 1.02000 0.47075
v 0.49288 0.55000 0.46880
v 0.48005 0.55000 0.47498
v 0.49377 -0.40000 0.47270
v 0.50623 -0.40000 0.47270
v 0.50579 -0.74000 0.47465
v 0.49421 -0.74000 0.47465
v 0.49332 0.10000 0.47075
v 0.50668 0.10000 0.47075
v 0.50623 -0.40000 0.47270
v 0.49377 -0.40000 0.47270
v 0.49288 0.55000 0.46880
v 0.50712 0.55000 0.46880
v 0.50668 0.10000 0.47075
v 0.49332 0.10000 0.47075
v 0.49332 1.02000 0.47075
v 0.50668 1.02000 0.47075
v 0.50712 0.55000 0.46880
v 0.49288 0.55000 0.46880
v 0.50623 -0.40000 0.47270
v 0.51746 -0.40000 0.47811
v 0.51621 -0.74000 0.47967
v 0.50579 -0.74000 0.47465
v 0.50668 0.10000 0.47075
v 0.51870 0.10000 0.47655
v 0.51746 -0.40000 0.47811
v 0.50623 -0.40000 0.47270
v 0.50712 0.55000 0.46880
v 0.51995 0.55000 0.47498
v 0.51870 0.10000 0.47655
v 0.50668 0.10000 0.47075
v 0.50668 1.02000 0.47075
v 0.51870 1.02000 0.47655
v 0.51995 0.55000 0.47498
v 0.50712 0.55000 0.46880
v 0.51746 -0.40000 0.47811
v 0.52523 -0.40000 0.48785
v 0.52343 -0.74000 0.48872
v 0.51621 -0.74000 0.47967
v 0.51870 0.10000 0.47655
v 0.52703 0.10000 0.48698
v 0.52523 -0.40000 0.48785
v 0.51746 -0.40000 0.47811
v 0.51995 0.55000 0.47498
v 0.52883 0.55000 0.48612
v 0.52703 0.10000 0.48698
v 0.51870 0.10000 0.47655
v 0.51870 1.02000 0.47655
v 0.52703 1.02000 0.48698
v 0.52883 0.55000 0.48612
v 0.51995 0.55000 0.47498
v 0.52523 -0.40000 0.48785
v 0.52800 -0.40000 0.50000
v 0.52600 -0.74000 0.50000
v 0.52343 -0.74000 0.48872
v 0.52703 0.10000 0.48698
v 0.53000 0.10000 0.50000
v 0.52800 -0.40000 0.50000
v 0.52523 -0.40000 0.48785
v 0.52883 0.55000 0.48612
v 0.53200 0.55000 0.50000
v 0.53000 0.10000 0.50000
v 0.52703 0.10000 0.48698
v 0.52703 1.02000 0.48698
v 0.53000 1.02000 0.50000
v 0.53200 0.55000 0.50000
v 0.52883 0.55000 0.48612
v 0.53700 0.04000 0.50000
v 0.53334 0.04000 0.51605
v 0.52883 0.02000 0.51388
v 0.53200 0.02000 0.50000
v 0.53700 0.46000 0.50000
v 0.53334 0.46000 0.51605
v 0.53334 0.04000 0.51605
v 0.53700 0.04000 0.50000
v 0.53300 0.48000 0.50000
v 0.52973 0.48000 0.51432
v 0.53334 0.46000 0.51605
v 0.53700 0.46000 0.50000
v 0.53334 0.04000 0.51605
v 0.52307 0.04000 0.52893
v 0.51995 0.02000 0.52502
v 0.52883 0.02000 0.51388
v 0.53334 0.46000 0.51605
v 0.52307 0.46000 0.52893
v 0.52307 0.04000 0.52893
v 0.53334 0.04000 0.51605
v 0.52973 0.48000 0.51432
v 0.52058 0.48000 0.52580
v 0.52307 0.46000 0.52893
v 0.53334 0.46000 0.51605
v 0.52307 0.04000 0.52893
v 0.50823 0.04000 0.53607
v 0.50712 0.02000 0.53120
v 0.51995 0.02000 0.52502
v 0.52307 0.46000 0.52893
v 0.50823 0.46000 0.53607
v 0.50823 0.04000 0.53607
v 0.52307 0.04000 0.52893
v 0.52058 0.48000 0.52580
v 0.50734 0.48000 0.53217
v 0.50823 0.46000 0.53607
v 0.52307 0.46000 0.52893
v 0.50823 0.04000 0.53607
v 0.49177 0.04000 0.53607
v 0.49288 0.02000 0.53120
v 0.50712 0.02000 0.53120
v 0.50823 0.46000 0.53607
v 0.49177 0.46000 0.53607
v 0.49177 0.04000 0.53607
v 0.50823 0.04000 0.53607
v 0.50734 0.48000 0.53217
v 0.49266 0.48000 0.53217
v 0.49177 0.46000 0.53607
v 0.50823 0.46000 0.53607
v 0.49177 0.04000 0.53607
v 0.47693 0.04000 0.52893
v 0.48005 0.02000 0.52502
v 0.49288 0.02000 0.53120
v 0.49177 0.46000 0.53607
v 0.47693 0.46000 0.52893
v 0.47693 0.04000 0.52893
v 0.49177 0.04000 0.53607
v 0.49266 0.48000 0.53217
v 0.47942 0.48000 0.52580
v 0.47693 0.46000 0.52893
v 0.49177 0.46000 0.53607
v 0.47693 0.04000 0.52893
v 0.46666 0.04000 0.51605
v 0.47117 0.02000 0.51388
v 0.48005 0.02000 0.52502
v 0.47693 0.46000 0.52893
v 0.46666 0.46000 0.51605
v 0.46666 0.04000 0.51605
v 0.47693 0.04000 0.52893
v 0.47942 0.48000 0.52580
v 0.47027 0.48000 0.51432
v 0.46666 0.46000 0.51605
v 0.47693 0.46000 0.52893
v 0.46666 0.04000 0.51605
v 0.46300 0.04000 0.50000
v 0.46800 0.02000 0.50000
v 0.47117 0.02000 0.51388
v 0.46666 0.46000 0.51605
v 0.46300 0.46000 0.50000
v 0.46300 0.04000 0.50000
v 0.46666 0.04000 0.51605
v 0.47027 0.48000 0.51432
v 0.46700 0.48000 0.50000
v 0.46300 0.46000 0.50000
v 0.46666 0.46000 0.51605
v 0.46300 0.04000 0.50000
v 0.46666 0.04000 0.48395
v 0.47117 0.02000 0.48612
v 0.46800 0.02000 0.50000
v 0.46300 0.46000 0.50000
v 0.46666 0.46000 0.48395
v 0.46666 0.04000 0.48395
v 0.46300 0.04000 0.50000
v 0.46700 0.48000 0.50000
v 0.47027 0.48000 0.48568
v 0.46666 0.46000 0.48395
v 0.46300 0.46000 0.50000
v 0.46666 0.04000 0.48395
v 0.47693 0.04000 0.47107
v 0.48005 0.02000 0.47498
v 0.47117 0.02000 0.48612
v 0.46666 0.46000 0.48395
v 0.47693 0.46000 0.47107
v 0.47693 0.04000 0.47107
v 0.46666 0.04000 0.48395
v 0.47027 0.48000 0.48568
v 0.47942 0.48000 0.47420
v 0.47693 0.46000 0.47107
v 0.46666 0.46000 0.48395
v 0.47693 0.04000 0.47107
v 0.49177 0.04000 0.46393
v 0.49288 0.02000 0.46880
v 0.48005 0.02000 0.47498
v 0.47693 0.46000 0.47107
v 0.49177 0.46000 0.46393
v 0.49177 0.04000 0.46393
v 0.47693 0.04000 0.47107
v 0.47942 0.48000 0.47420
v 0.49266 0.48000 0.46783
v 0.49177 0.46000 0.46393
v 0.47693 0.46000 0.47107
v 0.49177 0.04000 0.46393
v 0.50823 0.04000 0.46393
v 0.50712 0.02000 0.46880
v 0.49288 0.02000 0.46880
v 0.49177 0.46000 0.46393
v 0.50823 0.46000 0.46393
v 0.50823 0.04000 0.46393
v 0.49177 0.04000 0.46393
v 0.49266 0.48000 0.46783
v 0.50734 0.48000 0.46783
v 0.50823 0.46000 0.46393
v 0.49177 0.46000 0.46393
v 0.50823 0.04000 0.46393
v 0.52307 0.04000 0.47107
v 0.51995 0.02000 0.47498
v 0.50712 0.02000 0.46880
v 0.50823 0.46000 0.46393
v 0.52307 0.46000 0.47107
v 0.52307 0.04000 0.47107
v 0.50823 0.04000 0.46393
v 0.50734 0.48000 0.46783
v 0.52058 0.48000 0.47420
v 0.52307 0.46000 0.47107
v 0.50823 0.46000 0.46393
v 0.52307 0.04000 0.47107
v 0.53334 0.04000 0.48395
v 0.52883 0.02000 0.48612
v 0.51995 0.02000 0.47498
v 0.52307 0.46000 0.47107
v 0.53334 0.46000 0.48395
v 0.53334 0.04000 0.48395
v 0.52307 0.04000 0.47107
v 0.52058 0.48000 0.47420
v 0.52973 0.48000 0.48568
v 0.53334 0.46000 0.48395
v 0.52307 0.46000 0.47107
v 0.53334 0.04000 0.48395
v 0.53700 0.04000 0.50000
v 0.53200 0.02000 0.50000
v 0.52883 0.02000 0.48612
v 0.53334 0.46000 0.48395
v 0.53700 0.46000 0.50000
v 0.53700 0.04000 0.50000
v 0.53334 0.04000 0.48395
v 0.52973 0.48000 0.48568
v 0.53300 0.48000 0.50000
v 0.53700 0.46000 0.50000
v 0.53334 0.46000 0.48395
v 0.54400 -0.01000 0.50000
v 0.53964 -0.01000 0.51909
v 0.52973 -0.02000 0.51432
v 0.53300 -0.02000 0.50000
v 0.54400 0.01000 0.50000
v 0.53964 0.01000 0.51909
v 0.53964 -0.01000 0.51909
v 0.54400 -0.01000 0.50000
v 0.53300 0.02000 0.50000
v 0.52973 0.02000 0.51432
v 0.53964 0.01000 0.51909
v 0.54400 0.01000 0.50000
v 0.53964 -0.01000 0.51909
v 0.52743 -0.01000 0.53440
v 0.52058 -0.02000 0.52580
v 0.52973 -0.02000 0.51432
v 0.53964 0.01000 0.51909
v 0.52743 0.01000 0.53440
v 0.52743 -0.01000 0.53440
v 0.53964 -0.01000 0.51909
v 0.52973 0.02000 0.51432
v 0.52058 0.02000 0.52580
v 0.52743 0.01000 0.53440
v 0.53964 0.01000 0.51909
v 0.52743 -0.01000 0.53440
v 0.50979 -0.01000 0.54290
v 0.50734 -0.02000 0.53217
v 0.52058 -0.02000 0.52580
v 0.52743 0.01000 0.53440
v 0.50979 0.01000 0.54290
v 0.50979 -0.01000 0.54290
v 0.52743 -0.01000 0.53440
v 0.52058 0.02000 0.52580
v 0.50734 0.02000 0.53217
v 0.50979 0.01000 0.54290
v 0.52743 0.01000 0.53440
v 0.50979 -0.01000 0.54290
v 0.49021 -0.01000 0.54290
v 0.49266 -0.02000 0.53217
v 0.50734 -0.02000 0.53217
v 0.50979 0.01000 0.54290
v 0.49021 0.01000 0.54290
v 0.49021 -0.01000 0.54290
v 0.50979 -0.01000 0.54290
v 0.50734 0.02000 0.53217
v 0.49266 0.02000 0.53217
v 0.49021 0.01000 0.54290
v 0.50979 0.01000 0.54290
v 0.49021 -0.01000 0.54290
v 0.47257 -0.01000 0.53440
v 0.47942 -0.02000 0.52580
v 0.49266 -0.02000 0.53217
v 0.49021 0.01000 0.54290
v 0.47257 0.01000 0.53440
v 0.47257 -0.01000 0.53440
v 0.49021 -0.01000 0.54290
v 0.49266 0.02000 0.53217
v 0.47942 0.02000 0.52580
v 0.47257 0.01000 0.53440
v 0.49021 0.01000 0.54290
v 0.47257 -0.01000 0.53440
v 0.46036 -0.01000 0.51909
v 0.47027 -0.02000 0.51432
v 0.47942 -0.02000 0.52580
v 0.47257 0.01000 0.53440
v 0.46036 0.01000 0.51909
v 0.46036 -0.01000 0.51909
v 0.47257 -0.01000 0.53440
v 0.47942 0.02000 0.52580
v 0.47027 0.02000 0.51432
v 0.46036 0.01000 0.51909
v 0.47257 0.01000 0.53440
v 0.46036 -0.01000 0.51909
v 0.45600 -0.01000 0.50000
v 0.46700 -0.02000 0.50000
v 0.47027 -0.02000 0.51432
v 0.46036 0.01000 0.51909
v 0.45600 0.01000 0.50000
v 0.45600 -0.01000 0.50000
v 0.46036 -0.01000 0.51909
v 0.47027 0.02000 0.51432
v 0.46700 0.02000 0.50000
v 0.45600 0.01000 0.50000
v 0.46036 0.01000 0.51909
v 0.45600 -0.01000 0.50000
v 0.46036 -0.01000 0.48091
v 0.47027 -0.02000 0.48568
v 0.46700 -0.02000 0.50000
v 0.45600 0.01000 0.50000
v 0.46036 0.01000 0.48091
v 0.46036 -0.01000 0.48091
v 0.45600 -0.01000 0.50000
v 0.46700 0.02000 0.50000
v 0.47027 0.02000 0.48568
v 0.46036 0.01000 0.48091
v 0.45600 0.01000 0.50000
v 0.46036 -0.01000 0.48091
v 0.47257 -0.01000 0.46560
v 0.47942 -0.02000 0.47420
v 0.47027 -0.02000 0.48568
v 0.46036 0.01000 0.48091
v 0.47257 0.01000 0.46560
v 0.47257 -0.01000 0.46560
v 0.46036 -0.01000 0.48091
v 0.47027 0.02000 0.48568
v 0.47942 0.02000 0.47420
v 0.47257 0.01000 0.46560
v 0.46036 0.01000 0.48091
v 0.47257 -0.01000 0.46560
v 0.49021 -0.01000 0.45710
v 0.49266 -0.02000 0.46783
v 0.47942 -0.02000 0.47420
v 0.47257 0.01000 0.46560
v 0.49021 0.01000 0.45710
v 0.49021 -0.01000 0.45710
v 0.47257 -0.01000 0.46560
v 0.47942 0.02000 0.47420
v 0.49266 0.02000 0.46783
v 0.49021 0.01000 0.45710
v 0.47257 0.01000 0.46560
v 0.49021 -0.01000 0.45710
v 0.50979 -0.01000 0.45710
v 0.50734 -0.02000 0.46783
v 0.49266 -0.02000 0.46783
v 0.49021 0.01000 0.45710
v 0.50979 0.01000 0.45710
v 0.50979 -0.01000 0.45710
v 0.49021 -0.01000 0.45710
v 0.49266 0.02000 0.46783
v 0.50734 0.02000 0.46783
v 0.50979 0.01000 0.45710
v 0.49021 0.01000 0.45710
v 0.50979 -0.01000 0.45710
v 0.52743 -0.01000 0.46560
v 0.52058 -0.02000 0.47420
v 0.50734 -0.02000 0.46783
v 0.50979 0.01000 0.45710
v 0.52743 0.01000 0.46560
v 0.52743 -0.01000 0.46560
v 0.50979 -0.01000 0.45710
v 0.50734 0.02000 0.46783
v 0.52058 0.02000 0.47420
v 0.52743 0.01000 0.46560
v 0.50979 0.01000 0.45710
v 0.52743 -0.01000 0.46560
v 0.53964 -0.01000 0.48091
v 0.52973 -0.02000 0.48568
v 0.52058 -0.02000 0.47420
v 0.52743 0.01000 0.46560
v 0.53964 0.01000 0.48091
v 0.53964 -0.01000 0.48091
v 0.52743 -0.01000 0.46560
v 0.52058 0.02000 0.47420
v 0.52973 0.02000 0.48568
v 0.53964 0.01000 0.48091
v 0.52743 0.01000 0.46560
v 0.53964 -0.01000 0.48091
v 0.54400 -0.01000 0.50000
v 0.53300 -0.02000 0.50000
v 0.52973 -0.02000 0.48568
v 0.53964 0.01000 0.48091
v 0.54400 0.01000 0.50000
v 0.54400 -0.01000 0.50000
v 0.53964 -0.01000 0.48091
v 0.52973 0.02000 0.48568
v 0.53300 0.02000 0.50000
v 0.54400 0.01000 0.50000
v 0.53964 0.01000 0.48091
v 0.54400 0.49000 0.50000
v 0.53964 0.49000 0.51909
v 0.52973 0.48000 0.51432
v 0.53300 0.48000 0.50000
v 0.54400 0.51000 0.50000
v 0.53964 0.51000 0.51909
v 0.53964 0.49000 0.51909
v 0.54400 0.49000 0.50000
v 0.53300 0.52000 0.50000
v 0.52973 0.52000 0.51432
v 0.53964 0.51000 0.51909
v 0.54400 0.51000 0.50000
v 0.53964 0.49000 0.51909
v 0.52743 0.49000 0.53440
v 0.52058 0.48000 0.52580
v 0.52973 0.48000 0.51432
v 0.53964 0.51000 0.51909
v 0.52743 0.51000 0.53440
v 0.52743 0.49000 0.53440
v 0.53964 0.49000 0.51909
v 0.52973 0.52000 0.51432
v 0.52058 0.52000 0.52580
v 0.52743 0.51000 0.53440
v 0.53964 0.51000 0.51909
v 0.52743 0.49000 0.53440
v 0.50979 0.49000 0.54290
v 0.50734 0.48000 0.53217
v 0.52058 0.48000 0.52580
v 0.52743 0.51000 0.53440
v 0.50979 0.51000 0.54290
v 0.50979 0.49000 0.54290
v 0.52743 0.49000 0.53440
v 0.52058 0.52000 0.52580
v 0.50734 0.52000 0.53217
v 0.50979 0.51000 0.54290
v 0.52743 0.51000 0.53440
v 0.50979 0.49000 0.54290
v 0.49021 0.49000 0.54290
v 0.49266 0.48000 0.53217
v 0.50734 0.48000 0.53217
v 0.50979 0.51000 0.54290
v 0.49021 0.51000 0.54290
v 0.49021 0.49000 0.54290
v 0.50979 0.49000 0.54290
v 0.50734 0.52000 0.53217
v 0.49266 0.52000 0.53217
v 0.49021 0.51000 0.54290
v 0.50979 0.51000 0.54290
v 0.49021 0.49000 0.54290
v 0.47257 0.49000 0.53440
v 0.47942 0.48000 0.52580
v 0.49266 0.48000 0.53217
v 0.49021 0.51000 0.54290
v 0.47257 0.51000 0.53440
v 0.47257 0.49000 0.53440
v 0.49021 0.49000 0.54290
v 0.49266 0.52000 0.53217
v 0.47942 0.52000 0.52580
v 0.47257 0.51000 0.53440
v 0.49021 0.51000 0.54290
v 0.47257 0.49000 0.53440
v 0.46036 0.49000 0.51909
v 0.47027 0.48000 0.51432
v 0.47942 0.48000 0.52580
v 0.47257 0.51000 0.53440
v 0.46036 0.51000 0.51909
v 0.46036 0.49000 0.51909
v 0.47257 0.49000 0.53440
v 0.47942 0.52000 0.52580
v 0.47027 0.52000 0.51432
v 0.46036 0.51000 0.51909
v 0.47257 0.51000 0.53440
v 0.46036 0.49000 0.51909
v 0.45600 0.49000 0.50000
v 0.46700 0.48000 0.50000
v 0.47027 0.48000 0.51432
v 0.46036 0.51000 0.51909
v 0.45600 0.51000 0.50000
v 0.45600 0.49000 0.50000
v 0.46036 0.49000 0.51909
v 0.47027 0.52000 0.51432
v 0.46700 0.52000 0.50000
v 0.45600 0.51000 0.50000
v 0.46036 0.51000 0.51909
v 0.45600 0.49000 0.50000
v 0.46036 0.49000 0.48091
v 0.47027 0.48000 0.48568
v 0.46700 0.48000 0.50000
v 0.45600 0.51000 0.50000
v 0.46036 0.51000 0.48091
v 0.46036 0.49000 0.48091
v 0.45600 0.49000 0.50000
v 0.46700 0.52000 0.50000
v 0.47027 0.52000 0.48568
v 0.46036 0.51000 0.48091
v 0.45600 0.51000 0.50000
v 0.46036 0.49000 0.48091
v 0.47257 0.49000 0.46560
v 0.47942 0.48000 0.47420
v 0.47027 0.48000 0.48568
v 0.46036 0.51000 0.48091
v 0.47257 0.51000 0.46560
v 0.47257 0.49000 0.46560
v 0.46036 0.49000 0.48091
v 0.47027 0.52000 0.48568
v 0.47942 0.52000 0.47420
v 0.47257 0.51000 0.46560
v 0.46036 0.51000 0.48091
v 0.47257 0.49000 0.46560
v 0.49021 0.49000 0.45710
v 0.49266 0.48000 0.46783
v 0.47942 0.48000 0.47420
v 0.47257 0.51000 0.46560
v 0.49021 0.51000 0.45710
v 0.49021 0.49000 0.45710
v 0.47257 0.49000 0.46560
v 0.47942 0.52000 0.47420
v 0.49266 0.52000 0.46783
v 0.49021 0.51000 0.45710
v 0.47257 0.51000 0.46560
v 0.49021 0.49000 0.45710
v 0.50979 0.49000 0.45710
v 0.50734 0.48000 0.46783
v 0.49266 0.48000 0.46783
v 0.49021 0.51000 0.45710
v 0.50979 0.51000 0.45710
v 0.50979 0.49000 0.45710
v 0.49021 0.49000 0.45710
v 0.49266 0.52000 0.46783
v 0.50734 0.52000 0.46783
v 0.50979 0.51000 0.45710
v 0.49021 0.51000 0.45710
v 0.50979 0.49000 0.45710
v 0.52743 0.49000 0.46560
v 0.52058 0.48000 0.47420
v 0.50734 0.48000 0.46783
v 0.50979 0.51000 0.45710
v 0.52743 0.51000 0.46560
v 0.52743 0.49000 0.46560
v 0.50979 0.49000 0.45710
v 0.50734 0.52000 0.46783
v 0.52058 0.52000 0.47420
v 0.52743 0.51000 0.46560
v 0.50979 0.51000 0.45710
v 0.52743 0.49000 0.46560
v 0.53964 0.49000 0.48091
v 0.52973 0.48000 0.48568
v 0.52058 0.48000 0.47420
v 0.52743 0.51000 0.46560
v 0.53964 0.51000 0.48091
v 0.53964 0.49000 0.48091
v 0.52743 0.49000 0.46560
v 0.52058 0.52000 0.47420
v 0.52973 0.52000 0.48568
v 0.53964 0.51000 0.48091
v 0.52743 0.51000 0.46560
v 0.53964 0.49000 0.48091
v 0.54400 0.49000 0.50000
v 0.53300 0.48000 0.50000
v 0.52973 0.48000 0.48568
v 0.53964 0.51000 0.48091
v 0.54400 0.51000 0.50000
v 0.54400 0.49000 0.50000
v 0.53964 0.49000 0.48091
v 0.52973 0.52000 0.48568
v 0.53300 0.52000 0.50000
v 0.54400 0.51000 0.50000
v 0.53964 0.51000 0.48091
v 0.54100 0.14000 0.50000
v 0.53551 0.14000 0.52050
v 0.53118 0.13200 0.51800
v 0.53600 0.13200 0.50000
v 0.53600 0.14800 0.50000
v 0.53118 0.14800 0.51800
v 0.53551 0.14000 0.52050
v 0.54100 0.14000 0.50000
v 0.53551 0.14000 0.52050
v 0.52050 0.14000 0.53551
v 0.51800 0.13200 0.53118
v 0.53118 0.13200 0.51800
v 0.53118 0.14800 0.51800
v 0.51800 0.14800 0.53118
v 0.52050 0.14000 0.53551
v 0.53551 0.14000 0.52050
v 0.52050 0.14000 0.53551
v 0.50000 0.14000 0.54100
v 0.50000 0.13200 0.53600
v 0.51800 0.13200 0.53118
v 0.51800 0.14800 0.53118
v 0.50000 0.14800 0.53600
v 0.50000 0.14000 0.54100
v 0.52050 0.14000 0.53551
v 0.50000 0.14000 0.54100
v 0.47950 0.14000 0.53551
v 0.48200 0.13200 0.53118
v 0.50000 0.13200 0.53600
v 0.50000 0.14800 0.53600
v 0.48200 0.14800 0.53118
v 0.47950 0.14000 0.53551
v 0.50000 0.14000 0.54100
v 0.47950 0.14000 0.53551
v 0.46449 0.14000 0.52050
v 0.46882 0.13200 0.51800
v 0.48200 0.13200 0.53118
v 0.48200 0.14800 0.53118
v 0.46882 0.14800 0.51800
v 0.46449 0.14000 0.52050
v 0.47950 0.14000 0.53551
v 0.46449 0.14000 0.52050
v 0.45900 0.14000 0.50000
v 0.46400 0.13200 0.50000
v 0.46882 0.13200 0.51800
v 0.46882 0.14800 0.51800
v 0.46400 0.14800 0.50000
v 0.45900 0.14000 0.50000
v 0.46449 0.14000 0.52050
v 0.45900 0.14000 0.50000
v 0.46449 0.14000 0.47950
v 0.46882 0.13200 0.48200
v 0.46400 0.13200 0.50000
v 0.46400 0.14800 0.50000
v 0.46882 0.14800 0.48200
v 0.46449 0.14000 0.47950
v 0.45900 0.14000 0.50000
v 0.46449 0.14000 0.47950
v 0.47950 0.14000 0.46449
v 0.48200 0.13200 0.46882
v 0.46882 0.13200 0.48200
v 0.46882 0.14800 0.48200
v 0.48200 0.14800 0.46882
v 0.47950 0.14000 0.46449
v 0.46449 0.14000 0.47950
v 0.47950 0.14000 0.46449
v 0.50000 0.14000 0.45900
v 0.50000 0.13200 0.46400
v 0.48200 0.13200 0.46882
v 0.48200 0.14800 0.46882
v 0.50000 0.14800 0.46400
v 0.50000 0.14000 0.45900
v 0.47950 0.14000 0.46449
v 0.50000 0.14000 0.45900
v 0.52050 0.14000 0.46449
v 0.51800 0.13200 0.46882
v 0.50000 0.13200 0.46400
v 0.50000 0.14800 0.46400
v 0.51800 0.14800 0.46882
v 0.52050 0.14000 0.46449
v 0.50000 0.14000 0.45900
v 0.52050 0.14000 0.46449
v 0.53551 0.14000 0.47950
v 0.53118 0.13200 0.48200
v 0.51800 0.13200 0.46882
v 0.51800 0.14800 0.46882
v 0.53118 0.14800 0.48200
v 0.53551 0.14000 0.47950
v 0.52050 0.14000 0.46449
v 0.53551 0.14000 0.47950
v 0.54100 0.14000 0.50000
v 0.53600 0.13200 0.50000
v 0.53118 0.13200 0.48200
v 0.53118 0.14800 0.48200
v 0.53600 0.14800 0.50000
v 0.54100 0.14000 0.50000
v 0.53551 0.14000 0.47950
v 0.54100 0.26000 0.50000
v 0.53551 0.26000 0.52050
v 0.53118 0.25200 0.51800
v 0.53600 0.25200 0.50000
v 0.53600 0.26800 0.50000
v 0.53118 0.26800 0.51800
v 0.53551 0.26000 0.52050
v 0.54100 0.26000 0.50000
v 0.53551 0.26000 0.52050
v 0.52050 0.26000 0.53551
v 0.51800 0.25200 0.53118
v 0.53118 0.25200 0.51800
v 0.53118 0.26800 0.51800
v 0.51800 0.26800 0.53118
v 0.52050 0.26000 0.53551
v 0.53551 0.26000 0.52050
v 0.52050 0.26000 0.53551
v 0.50000 0.26000 0.54100
v 0.50000 0.25200 0.53600
v 0.51800 0.25200 0.53118
v 0.51800 0.26800 0.53118
v 0.50000 0.26800 0.53600
v 0.50000 0.26000 0.54100
v 0.52050 0.26000 0.53551
v 0.50000 0.26000 0.54100
v 0.47950 0.26000 0.53551
v 0.48200 0.25200 0.53118
v 0.50000 0.25200 0.53600
v 0.50000 0.26800 0.53600
v 0.48200 0.26800 0.53118
v 0.47950 0.26000 0.53551
v 0.50000 0.26000 0.54100
v 0.47950 0.26000 0.53551
v 0.46449 0.26000 0.52050
v 0.46882 0.25200 0.51800
v 0.48200 0.25200 0.53118
v 0.48200 0.26800 0.53118
v 0.46882 0.26800 0.51800
v 0.46449 0.26000 0.52050
v 0.47950 0.26000 0.53551
v 0.46449 0.26000 0.52050
v 0.45900 0.26000 0.50000
v 0.46400 0.25200 0.50000
v 0.46882 0.25200 0.51800
v 0.46882 0.26800 0.51800
v 0.46400 0.26800 0.50000
v 0.45900 0.26000 0.50000
v 0.46449 0.26000 0.52050
v 0.45900 0.26000 0.50000
v 0.46449 0.26000 0.47950
v 0.46882 0.25200 0.48200
v 0.46400 0.25200 0.50000
v 0.46400 0.26800 0.50000
v 0.46882 0.26800 0.48200
v 0.46449 0.26000 0.47950
v 0.45900 0.26000 0.50000
v 0.46449 0.26000 0.47950
v 0.47950 0.26000 0.46449
v 0.48200 0.25200 0.46882
v 0.46882 0.25200 0.48200
v 0.46882 0.26800 0.48200
v 0.48200 0.26800 0.46882
v 0.47950 0.26000 0.46449
v 0.46449 0.26000 0.47950
v 0.47950 0.26000 0.46449
v 0.50000 0.26000 0.45900
v 0.50000 0.25200 0.46400
v 0.48200 0.25200 0.46882
v 0.48200 0.26800 0.46882
v 0.50000 0.26800 0.46400
v 0.50000 0.26000 0.45900
v 0.47950 0.26000 0.46449
v 0.50000 0.26000 0.45900
v 0.52050 0.26000 0.46449
v 0.51800 0.25200 0.46882
v 0.50000 0.25200 0.46400
v 0.50000 0.26800 0.46400
v 0.51800 0.26800 0.46882
v 0.52050 0.26000 0.46449
v 0.50000 0.26000 0.45900
v 0.52050 0.26000 0.46449
v 0.53551 0.26000 0.47950
v 0.53118 0.25200 0.48200
v 0.51800 0.25200 0.46882
v 0.51800 0.26800 0.46882
v 0.53118 0.26800 0.48200
v 0.53551 0.26000 0.47950
v 0.52050 0.26000 0.46449
v 0.53551 0.26000 0.47950
v 0.54100 0.26000 0.50000
v 0.53600 0.25200 0.50000
v 0.53118 0.25200 0.48200
v 0.53118 0.26800 0.48200
v 0.53600 0.26800 0.50000
v 0.54100 0.26000 0.50000
v 0.53551 0.26000 0.47950
v 0.54100 0.38000 0.50000
v 0.53551 0.38000 0.52050
v 0.53118 0.37200 0.51800
v 0.53600 0.37200 0.50000
v 0.53600 0.38800 0.50000
v 0.53118 0.38800 0.51800
v 0.53551 0.38000 0.52050
v 0.54100 0.38000 0.50000
v 0.53551 0.38000 0.52050
v 0.52050 0.38000 0.53551
v 0.51800 0.37200 0.53118
v 0.53118 0.37200 0.51800
v 0.53118 0.38800 0.51800
v 0.51800 0.38800 0.53118
v 0.52050 0.38000 0.53551
v 0.53551 0.38000 0.52050
v 0.52050 0.38000 0.53551
v 0.50000 0.38000 0.54100
v 0.50000 0.37200 0.53600
v 0.51800 0.37200 0.53118
v 0.51800 0.38800 0.53118
v 0.50000 0.38800 0.53600
v 0.50000 0.38000 0.54100
v 0.52050 0.38000 0.53551
v 0.50000 0.38000 0.54100
v 0.47950 0.38000 0.53551
v 0.48200 0.37200 0.53118
v 0.50000 0.37200 0.53600
v 0.50000 0.38800 0.53600
v 0.48200 0.38800 0.53118
v 0.47950 0.38000 0.53551
v 0.50000 0.38000 0.54100
v 0.47950 0.38000 0.53551
v 0.46449 0.38000 0.52050
v 0.46882 0.37200 0.51800
v 0.48200 0.37200 0.53118
v 0.48200 0.38800 0.53118
v 0.46882 0.38800 0.51800
v 0.46449 0.38000 0.52050
v 0.47950 0.38000 0.53551
v 0.46449 0.38000 0.52050
v 0.45900 0.38000 0.50000
v 0.46400 0.37200 0.50000
v 0.46882 0.37200 0.51800
v 0.46882 0.38800 0.51800
v 0.46400 0.38800 0.50000
v 0.45900 0.38000 0.50000
v 0.46449 0.38000 0.52050
v 0.45900 0.38000 0.50000
v 0.46449 0.38000 0.47950
v 0.46882 0.37200 0.48200
v 0.46400 0.37200 0.50000
v 0.46400 0.38800 0.50000
v 0.46882 0.38800 0.48200
v 0.46449 0.38000 0.47950
v 0.45900 0.38000 0.50000
v 0.46449 0.38000 0.47950
v 0.47950 0.38000 0.46449
v 0.48200 0.37200 0.46882
v 0.46882 0.37200 0.48200
v 0.46882 0.38800 0.48200
v 0.48200 0.38800 0.46882
v 0.47950 0.38000 0.46449
v 0.46449 0.38000 0.47950
v 0.47950 0.38000 0.46449
v 0.50000 0.38000 0.45900
v 0.50000 0.37200 0.46400
v 0.48200 0.37200 0.46882
v 0.48200 0.38800 0.46882
v 0.50000 0.38800 0.46400
v 0.50000 0.38000 0.45900
v 0.47950 0.38000 0.46449
v 0.50000 0.38000 0.45900
v 0.52050 0.38000 0.46449
v 0.51800 0.37200 0.46882
v 0.50000 0.37200 0.46400
v 0.50000 0.38800 0.46400
v 0.51800 0.38800 0.46882
v 0.52050 0.38000 0.46449
v 0.50000 0.38000 0.45900
v 0.52050 0.38000 0.46449
v 0.53551 0.38000 0.47950
v 0.53118 0.37200 0.48200
v 0.51800 0.37200 0.46882
v 0.51800 0.38800 0.46882
v 0.53118 0.38800 0.48200
v 0.53551 0.38000 0.47950
v 0.52050 0.38000 0.46449
v 0.53551 0.38000 0.47950
v 0.54100 0.38000 0.50000
v 0.53600 0.37200 0.50000
v 0.53118 0.37200 0.48200
v 0.53118 0.38800 0.48200
v 0.53600 0.38800 0.50000
v 0.54100 0.38000 0.50000
v 0.53551 0.38000 0.47950
v 0.55000 1.04000 0.50000
v 0.54505 1.04000 0.52169
v 0.52703 1.00000 0.51302
v 0.53000 1.00000 0.50000
v 0.56200 1.10000 0.50000
v 0.55586 1.10000 0.52690
v 0.54505 1.04000 0.52169
v 0.55000 1.04000 0.50000
v 0.54600 1.16000 0.50000
v 0.54144 1.16000 0.51996
v 0.55586 1.10000 0.52690
v 0.56200 1.10000 0.50000
v 0.53000 1.20000 0.50000
v 0.52703 1.20000 0.51302
v 0.54144 1.16000 0.51996
v 0.54600 1.16000 0.50000
v 0.54505 1.04000 0.52169
v 0.53117 1.04000 0.53909
v 0.51870 1.00000 0.52345
v 0.52703 1.00000 0.51302
v 0.55586 1.10000 0.52690
v 0.53866 1.10000 0.54847
v 0.53117 1.04000 0.53909
v 0.54505 1.04000 0.52169
v 0.54144 1.16000 0.51996
v 0.52868 1.16000 0.53596
v 0.53866 1.10000 0.54847
v 0.55586 1.10000 0.52690
v 0.52703 1.20000 0.51302
v 0.51870 1.20000 0.52345
v 0.52868 1.16000 0.53596
v 0.54144 1.16000 0.51996
v 0.53117 1.04000 0.53909
v 0.51113 1.04000 0.54875
v 0.50668 1.00000 0.52925
v 0.51870 1.00000 0.52345
v 0.53866 1.10000 0.54847
v 0.51380 1.10000 0.56045
v 0.51113 1.04000 0.54875
v 0.53117 1.04000 0.53909
v 0.52868 1.16000 0.53596
v 0.51024 1.16000 0.54485
v 0.51380 1.10000 0.56045
v 0.53866 1.10000 0.54847
v 0.51870 1.20000 0.52345
v 0.50668 1.20000 0.52925
v 0.51024 1.16000 0.54485
v 0.52868 1.16000 0.53596
v 0.51113 1.04000 0.54875
v 0.48887 1.04000 0.54875
v 0.49332 1.00000 0.52925
v 0.50668 1.00000 0.52925
v 0.51380 1.10000 0.56045
v 0.48620 1.10000 0.56045
v 0.48887 1.04000 0.54875
v 0.51113 1.04000 0.54875
v 0.51024 1.16000 0.54485
v 0.48976 1.16000 0.54485
v 0.48620 1.10000 0.56045
v 0.51380 1.10000 0.56045
v 0.50668 1.20000 0.52925
v 0.49332 1.20000 0.52925
v 0.48976 1.16000 0.54485
v 0.51024 1.16000 0.54485
v 0.48887 1.04000 0.54875
v 0.46883 1.04000 0.53909
v 0.48130 1.00000 0.52345
v 0.49332 1.00000 0.52925
v 0.48620 1.10000 0.56045
v 0.46134 1.10000 0.54847
v 0.46883 1.04000 0.53909
v 0.48887 1.04000 0.54875
v 0.48976 1.16000 0.54485
v 0.47132 1.16000 0.53596
v 0.46134 1.10000 0.54847
v 0.48620 1.10000 0.56045
v 0.49332 1.20000 0.52925
v 0.48130 1.20000 0.52345
v 0.47132 1.16000 0.53596
v 0.48976 1.16000 0.54485
v 0.46883 1.04000 0.53909
v 0.45495 1.04000 0.52169
v 0.47297 1.00000 0.51302
v 0.48130 1.00000 0.52345
v 0.46134 1.10000 0.54847
v 0.44414 1.10000 0.52690
v 0.45495 1.04000 0.52169
v 0.46883 1.04000 0.53909
v 0.47132 1.16000 0.53596
v 0.45856 1.16000 0.51996
v 0.44414 1.10000 0.52690
v 0.46134 1.10000 0.54847
v 0.48130 1.20000 0.52345
v 0.47297 1.20000 0.51302
v 0.45856 1.16000 0.51996
v 0.47132 1.16000 0.53596
v 0.45495 1.04000 0.52169
v 0.45000 1.04000 0.50000
v 0.47000 1.00000 0.50000
v 0.47297 1.00000 0.51302
v 0.44414 1.10000 0.52690
v 0.43800 1.10000 0.50000
v 0.45000 1.04000 0.50000
v 0.45495 1.04000 0.52169
v 0.45856 1.16000 0.51996
v 0.45400 1.16000 0.50000
v 0.43800 1.10000 0.50000
v 0.44414 1.10000 0.52690
v 0.47297 1.20000 0.51302
v 0.47000 1.20000 0.50000
v 0.45400 1.16000 0.50000
v 0.45856 1.16000 0.51996
v 0.45000 1.04000 0.50000
v 0.45495 1.04000 0.47831
v 0.47297 1.00000 0.48698
v 0.47000 1.00000 0.50000
v 0.43800 1.10000 0.50000
v 0.44414 1.10000 0.47310
v 0.45495 1.04000 0.47831
v 0.45000 1.04000 0.50000
v 0.45400 1.16000 0.50000
v 0.45856 1.16000 0.48004
v 0.44414 1.10000 0.47310
v 0.43800 1.10000 0.50000
v 0.47000 1.20000 0.50000
v 0.47297 1.20000 0.48698
v 0.45856 1.16000 0.48004
v 0.45400 1.16000 0.50000
v 0.45495 1.04000 0.47831
v 0.46883 1.04000 0.46091
v 0.48130 1.00000 0.47655
v 0.47297 1.00000 0.48698
v 0.44414 1.10000 0.47310
v 0.46134 1.10000 0.45153
v 0.46883 1.04000 0.46091
v 0.45495 1.04000 0.47831
v 0.45856 1.16000 0.48004
v 0.47132 1.16000 0.46404
v 0.46134 1.10000 0.45153
v 0.44414 1.10000 0.47310
v 0.47297 1.20000 0.48698
v 0.48130 1.20000 0.47655
v 0.47132 1.16000 0.46404
v 0.45856 1.16000 0.48004
v 0.46883 1.04000 0.46091
v 0.48887 1.04000 0.45125
v 0.49332 1.00000 0.47075
v 0.48130 1.00000 0.47655
v 0.46134 1.10000 0.45153
v 0.48620 1.10000 0.43955
v 0.48887 1.04000 0.45125
v 0.46883 1.04000 0.46091
v 0.47132 1.16000 0.46404
v 0.48976 1.16000 0.45515
v 0.48620 1.10000 0.43955
v 0.46134 1.10000 0.45153
v 0.48130 1.20000 0.47655
v 0.49332 1.20000 0.47075
v 0.48976 1.16000 0.45515
v 0.47132 1.16000 0.46404
v 0.48887 1.04000 0.45125
v 0.51113 1.04000 0.45125
v 0.50668 1.00000 0.47075
v 0.49332 1.00000 0.47075
v 0.48620 1.10000 0.43955
v 0.51380 1.10000 0.43955
v 0.51113 1.04000 0.45125
v 0.48887 1.04000 0.45125
v 0.48976 1.16000 0.45515
v 0.51024 1.16000 0.45515
v 0.51380 1.10000 0.43955
v 0.48620 1.10000 0.43955
v 0.49332 1.20000 0.47075
v 0.50668 1.20000 0.47075
v 0.51024 1.16000 0.45515
v 0.48976 1.16000 0.45515
v 0.51113 1.04000 0.45125
v 0.53117 1.04000 0.46091
v 0.51870 1.00000 0.47655
v 0.50668 1.00000 0.47075
v 0.51380 1.10000 0.43955
v 0.53866 1.10000 0.45153
v 0.53117 1.04000 0.46091
v 0.51113 1.04000 0.45125
v 0.51024 1.16000 0.45515
v 0.52868 1.16000 0.46404
v 0.53866 1.10000 0.45153
v 0.51380 1.10000 0.43955
v 0.50668 1.20000 0.47075
v 0.51870 1.20000 0.47655
v 0.52868 1.16000 0.46404
v 0.51024 1.16000 0.45515
v 0.53117 1.04000 0.46091
v 0.54505 1.04000 0.47831
v 0.52703 1.00000 0.48698
v 0.51870 1.00000 0.47655
v 0.53866 1.10000 0.45153
v 0.55586 1.10000 0.47310
v 0.54505 1.04000 0.47831
v 0.53117 1.04000 0.46091
v 0.52868 1.16000 0.46404
v 0.54144 1.16000 0.48004
v 0.55586 1.10000 0.47310
v 0.53866 1.10000 0.45153
v 0.51870 1.20000 0.47655
v 0.52703 1.20000 0.48698
v 0.54144 1.16000 0.48004
v 0.52868 1.16000 0.46404
v 0.54505 1.04000 0.47831
v 0.55000 1.04000 0.50000
v 0.53000 1.00000 0.50000
v 0.52703 1.00000 0.48698
v 0.55586 1.10000 0.47310
v 0.56200 1.10000 0.50000
v 0.55000 1.04000 0.50000
v 0.54505 1.04000 0.47831
v 0.54144 1.16000 0.48004
v 0.54600 1.16000 0.50000
v 0.56200 1.10000 0.50000
v 0.55586 1.10000 0.47310
v 0.52703 1.20000 0.48698
v 0.53000 1.20000 0.50000
v 0.54600 1.16000 0.50000
v 0.54144 1.16000 0.48004
v 0.52600 1.26000 0.50000
v 0.52103 1.26000 0.51528
v 0.52751 1.20000 0.51998
v 0.53400 1.20000 0.50000
v 0.52800 1.30000 0.50000
v 0.52265 1.30000 0.51646
v 0.52103 1.26000 0.51528
v 0.52600 1.26000 0.50000
v 0.52103 1.26000 0.51528
v 0.50803 1.26000 0.52473
v 0.51051 1.20000 0.53234
v 0.52751 1.20000 0.51998
v 0.52265 1.30000 0.51646
v 0.50865 1.30000 0.52663
v 0.50803 1.26000 0.52473
v 0.52103 1.26000 0.51528
v 0.50803 1.26000 0.52473
v 0.49197 1.26000 0.52473
v 0.48949 1.20000 0.53234
v 0.51051 1.20000 0.53234
v 0.50865 1.30000 0.52663
v 0.49135 1.30000 0.52663
v 0.49197 1.26000 0.52473
v 0.50803 1.26000 0.52473
v 0.49197 1.26000 0.52473
v 0.47897 1.26000 0.51528
v 0.47249 1.20000 0.51998
v 0.48949 1.20000 0.53234
v 0.49135 1.30000 0.52663
v 0.47735 1.30000 0.51646
v 0.47897 1.26000 0.51528
v 0.49197 1.26000 0.52473
v 0.47897 1.26000 0.51528
v 0.47400 1.26000 0.50000
v 0.46600 1.20000 0.50000
v 0.47249 1.20000 0.51998
v 0.47735 1.30000 0.51646
v 0.47200 1.30000 0.50000
v 0.47400 1.26000 0.50000
v 0.47897 1.26000 0.51528
v 0.47400 1.26000 0.50000
v 0.47897 1.26000 0.48472
v 0.47249 1.20000 0.48002
v 0.46600 1.20000 0.50000
v 0.47200 1.30000 0.50000
v 0.47735 1.30000 0.48354
v 0.47897 1.26000 0.48472
v 0.47400 1.26000 0.50000
v 0.47897 1.26000 0.48472
v 0.49197 1.26000 0.47527
v 0.48949 1.20000 0.46766
v 0.47249 1.20000 0.48002
v 0.47735 1.30000 0.48354
v 0.49135 1.30000 0.47337
v 0.49197 1.26000 0.47527
v 0.47897 1.26000 0.48472
v 0.49197 1.26000 0.47527
v 0.50803 1.26000 0.47527
v 0.51051 1.20000 0.46766
v 0.48949 1.20000 0.46766
v 0.49135 1.30000 0.47337
v 0.50865 1.30000 0.47337
v 0.50803 1.26000 0.47527
v 0.49197 1.26000 0.47527
v 0.50803 1.26000 0.47527
v 0.52103 1.26000 0.48472
v 0.52751 1.20000 0.48002
v 0.51051 1.20000 0.46766
v 0.50865 1.30000 0.47337
v 0.52265 1.30000 0.48354
v 0.52103 1.26000 0.48472
v 0.50803 1.26000 0.47527
v 0.52103 1.26000 0.48472
v 0.52600 1.26000 0.50000
v 0.53400 1.20000 0.50000
v 0.52751 1.20000 0.48002
v 0.52265 1.30000 0.48354
v 0.52800 1.30000 0.50000
v 0.52600 1.26000 0.50000
v 0.52103 1.26000 0.48472
v 0.27315 1.67033 0.50000
v 0.27656 1.66861 0.49077
v 0.25084 1.63691 0.48199
v 0.24394 1.63975 0.50000
v 0.27656 1.66861 0.49077
v 0.28481 1.66447 0.48695
v 0.26750 1.63006 0.47453
v 0.25084 1.63691 0.48199
v 0.28481 1.66447 0.48695
v 0.29305 1.66032 0.49077
v 0.28416 1.62321 0.48199
v 0.26750 1.63006 0.47453
v 0.29305 1.66032 0.49077
v 0.29647 1.65860 0.50000
v 0.29106 1.62037 0.50000
v 0.28416 1.62321 0.48199
v 0.29647 1.65860 0.50000
v 0.29305 1.66032 0.50923
v 0.28416 1.62321 0.51801
v 0.29106 1.62037 0.50000
v 0.29305 1.66032 0.50923
v 0.28481 1.66447 0.51305
v 0.26750 1.63006 0.52547
v 0.28416 1.62321 0.51801
v 0.28481 1.66447 0.51305
v 0.27656 1.66861 0.50923
v 0.25084 1.63691 0.51801
v 0.26750 1.63006 0.52547
v 0.27656 1.66861 0.50923
v 0.27315 1.67033 0.50000
v 0.24394 1.63975 0.50000
v 0.25084 1.63691 0.51801
v 0.24394 1.63975 0.50000
v 0.25084 1.63691 0.48199
v 0.23659 1.59814 0.48040
v 0.22870 1.60005 0.50000
v 0.25084 1.63691 0.48199
v 0.26750 1.63006 0.47453
v 0.25564 1.59352 0.47228
v 0.23659 1.59814 0.48040
v 0.26750 1.63006 0.47453
v 0.28416 1.62321 0.48199
v 0.27469 1.58890 0.48040
v 0.25564 1.59352 0.47228
v 0.28416 1.62321 0.48199
v 0.29106 1.62037 0.50000
v 0.28258 1.58699 0.50000
v 0.27469 1.58890 0.48040
v 0.29106 1.62037 0.50000
v 0.28416 1.62321 0.51801
v 0.27469 1.58890 0.51960
v 0.28258 1.58699 0.50000
v 0.28416 1.62321 0.51801
v 0.26750 1.63006 0.52547
v 0.25564 1.59352 0.52772
v 0.27469 1.58890 0.51960
v 0.26750 1.63006 0.52547
v 0.25084 1.63691 0.51801
v 0.23659 1.59814 0.51960
v 0.25564 1.59352 0.52772
v 0.25084 1.63691 0.51801
v 0.24394 1.63975 0.50000
v 0.22870 1.60005 0.50000
v 0.23659 1.59814 0.51960
v 0.22870 1.60005 0.50000
v 0.23659 1.59814 0.48040
v 0.22840 1.55751 0.47885
v 0.21967 1.55826 0.50000
v 0.23659 1.59814 0.48040
v 0.25564 1.59352 0.47228
v 0.24947 1.55570 0.47010
v 0.22840 1.55751 0.47885
v 0.25564 1.59352 0.47228
v 0.27469 1.58890 0.48040
v 0.27054 1.55389 0.47885
v 0.24947 1.55570 0.47010
v 0.27469 1.58890 0.48040
v 0.28258 1.58699 0.50000
v 0.27926 1.55314 0.50000
v 0.27054 1.55389 0.47885
v 0.28258 1.58699 0.50000
v 0.27469 1.58890 0.51960
v 0.27054 1.55389 0.52115
v 0.27926 1.55314 0.50000
v 0.27469 1.58890 0.51960
v 0.25564 1.59352 0.52772
v 0.24947 1.55570 0.52990
v 0.27054 1.55389 0.52115
v 0.25564 1.59352 0.52772
v 0.23659 1.59814 0.51960
v 0.22840 1.55751 0.52115
v 0.24947 1.55570 0.52990
v 0.23659 1.59814 0.51960
v 0.22870 1.60005 0.50000
v 0.21967 1.55826 0.50000
v 0.22840 1.55751 0.52115
v 0.21967 1.55826 0.50000
v 0.22840 1.55751 0.47885
v 0.22652 1.51598 0.47737
v 0.21716 1.51536 0.50000
v 0.22840 1.55751 0.47885
v 0.24947 1.55570 0.47010
v 0.24910 1.51748 0.46799
v 0.22652 1.51598 0.47737
v 0.24947 1.55570 0.47010
v 0.27054 1.55389 0.47885
v 0.27168 1.51898 0.47737
v 0.24910 1.51748 0.46799
v 0.27054 1.55389 0.47885
v 0.27926 1.55314 0.50000
v 0.28104 1.51960 0.50000
v 0.27168 1.51898 0.47737
v 0.27926 1.55314 0.50000
v 0.27054 1.55389 0.52115
v 0.27168 1.51898 0.52263
v 0.28104 1.51960 0.50000
v 0.27054 1.55389 0.52115
v 0.24947 1.55570 0.52990
v 0.24910 1.51748 0.53201
v 0.27168 1.51898 0.52263
v 0.24947 1.55570 0.52990
v 0.22840 1.55751 0.52115
v 0.22652 1.51598 0.52263
v 0.24910 1.51748 0.53201
v 0.22840 1.55751 0.52115
v 0.21967 1.55826 0.50000
v 0.21716 1.51536 0.50000
v 0.22652 1.51598 0.52263
v 0.21716 1.51536 0.50000
v 0.22652 1.51598 0.47737
v 0.23104 1.47453 0.47596
v 0.22132 1.47237 0.50000
v 0.22652 1.51598 0.47737
v 0.24910 1.51748 0.46799
v 0.25451 1.47974 0.46600
v 0.23104 1.47453 0.47596
v 0.24910 1.51748 0.46799
v 0.27168 1.51898 0.47737
v 0.27799 1.48495 0.47596
v 0.25451 1.47974 0.46600
v 0.27168 1.51898 0.47737
v 0.28104 1.51960 0.50000
v 0.28771 1.48711 0.50000
v 0.27799 1.48495 0.47596
v 0.28104 1.51960 0.50000
v 0.27168 1.51898 0.52263
v 0.27799 1.48495 0.52404
v 0.28771 1.48711 0.50000
v 0.27168 1.51898 0.52263
v 0.24910 1.51748 0.53201
v 0.25451 1.47974 0.53400
v 0.27799 1.48495 0.52404
v 0.24910 1.51748 0.53201
v 0.22652 1.51598 0.52263
v 0.23104 1.47453 0.52404
v 0.25451 1.47974 0.53400
v 0.22652 1.51598 0.52263
v 0.21716 1.51536 0.50000
v 0.22132 1.47237 0.50000
v 0.23104 1.47453 0.52404
v 0.22132 1.47237 0.50000
v 0.23104 1.47453 0.47596
v 0.24193 1.43416 0.47465
v 0.23214 1.43036 0.50000
v 0.23104 1.47453 0.47596
v 0.25451 1.47974 0.46600
v 0.26556 1.44334 0.46414
v 0.24193 1.43416 0.47465
v 0.25451 1.47974 0.46600
v 0.27799 1.48495 0.47596
v 0.28919 1.45253 0.47465
v 0.26556 1.44334 0.46414
v 0.27799 1.48495 0.47596
v 0.28771 1.48711 0.50000
v 0.29898 1.45633 0.50000
v 0.28919 1.45253 0.47465
v 0.28771 1.48711 0.50000
v 0.27799 1.48495 0.52404
v 0.28919 1.45253 0.52535
v 0.29898 1.45633 0.50000
v 0.27799 1.48495 0.52404
v 0.25451 1.47974 0.53400
v 0.26556 1.44334 0.53586
v 0.28919 1.45253 0.52535
v 0.25451 1.47974 0.53400
v 0.23104 1.47453 0.52404
v 0.24193 1.43416 0.52535
v 0.26556 1.44334 0.53586
v 0.23104 1.47453 0.52404
v 0.22132 1.47237 0.50000
v 0.23214 1.43036 0.50000
v 0.24193 1.43416 0.52535
v 0.23214 1.43036 0.50000
v 0.24193 1.43416 0.47465
v 0.25894 1.39587 0.47345
v 0.24941 1.39038 0.50000
v 0.24193 1.43416 0.47465
v 0.26556 1.44334 0.46414
v 0.28195 1.40913 0.46245
v 0.25894 1.39587 0.47345
v 0.26556 1.44334 0.46414
v 0.28919 1.45253 0.47465
v 0.30496 1.42239 0.47345
v 0.28195 1.40913 0.46245
v 0.28919 1.45253 0.47465
v 0.29898 1.45633 0.50000
v 0.31449 1.42788 0.50000
v 0.30496 1.42239 0.47345
v 0.29898 1.45633 0.50000
v 0.28919 1.45253 0.52535
v 0.30496 1.42239 0.52655
v 0.31449 1.42788 0.50000
v 0.28919 1.45253 0.52535
v 0.26556 1.44334 0.53586
v 0.28195 1.40913 0.53755
v 0.30496 1.42239 0.52655
v 0.26556 1.44334 0.53586
v 0.24193 1.43416 0.52535
v 0.25894 1.39587 0.52655
v 0.28195 1.40913 0.53755
v 0.24193 1.43416 0.52535
v 0.23214 1.43036 0.50000
v 0.24941 1.39038 0.50000
v 0.25894 1.39587 0.52655
v 0.24941 1.39038 0.50000
v 0.25894 1.39587 0.47345
v 0.28171 1.36062 0.47237
v 0.27277 1.35347 0.50000
v 0.25894 1.39587 0.47345
v 0.28195 1.40913 0.46245
v 0.30328 1.37788 0.46093
v 0.28171 1.36062 0.47237
v 0.28195 1.40913 0.46245
v 0.30496 1.42239 0.47345
v 0.32485 1.39514 0.47237
v 0.30328 1.37788 0.46093
v 0.30496 1.42239 0.47345
v 0.31449 1.42788 0.50000
v 0.33379 1.40229 0.50000
v 0.32485 1.39514 0.47237
v 0.31449 1.42788 0.50000
v 0.30496 1.42239 0.52655
v 0.32485 1.39514 0.52763
v 0.33379 1.40229 0.50000
v 0.30496 1.42239 0.52655
v 0.28195 1.40913 0.53755
v 0.30328 1.37788 0.53907
v 0.32485 1.39514 0.52763
v 0.28195 1.40913 0.53755
v 0.25894 1.39587 0.52655
v 0.28171 1.36062 0.52763
v 0.30328 1.37788 0.53907
v 0.25894 1.39587 0.52655
v 0.24941 1.39038 0.50000
v 0.27277 1.35347 0.50000
v 0.28171 1.36062 0.52763
v 0.27277 1.35347 0.50000
v 0.28171 1.36062 0.47237
v 0.30970 1.32927 0.47144
v 0.30169 1.32057 0.50000
v 0.28171 1.36062 0.47237
v 0.30328 1.37788 0.46093
v 0.32904 1.35029 0.45961
v 0.30970 1.32927 0.47144
v 0.30328 1.37788 0.46093
v 0.32485 1.39514 0.47237
v 0.34837 1.37131 0.47144
v 0.32904 1.35029 0.45961
v 0.32485 1.39514 0.47237
v 0.33379 1.40229 0.50000
v 0.35638 1.38001 0.50000
v 0.34837 1.37131 0.47144
v 0.33379 1.40229 0.50000
v 0.32485 1.39514 0.52763
v 0.34837 1.37131 0.52856
v 0.35638 1.38001 0.50000
v 0.32485 1.39514 0.52763
v 0.30328 1.37788 0.53907
v 0.32904 1.35029 0.54039
v 0.34837 1.37131 0.52856
v 0.30328 1.37788 0.53907
v 0.28171 1.36062 0.52763
v 0.30970 1.32927 0.52856
v 0.32904 1.35029 0.54039
v 0.28171 1.36062 0.52763
v 0.27277 1.35347 0.50000
v 0.30169 1.32057 0.50000
v 0.30970 1.32927 0.52856
v 0.30169 1.32057 0.50000
v 0.30970 1.32927 0.47144
v 0.34224 1.30263 0.47066
v 0.33546 1.29255 0.50000
v 0.30970 1.32927 0.47144
v 0.32904 1.35029 0.45961
v 0.35860 1.32698 0.45851
v 0.34224 1.30263 0.47066
v 0.32904 1.35029 0.45961
v 0.34837 1.37131 0.47144
v 0.37496 1.35133 0.47066
v 0.35860 1.32698 0.45851
v 0.34837 1.37131 0.47144
v 0.35638 1.38001 0.50000
v 0.38174 1.36142 0.50000
v 0.37496 1.35133 0.47066
v 0.35638 1.38001 0.50000
v 0.34837 1.37131 0.52856
v 0.37496 1.35133 0.52934
v 0.38174 1.36142 0.50000
v 0.34837 1.37131 0.52856
v 0.32904 1.35029 0.54039
v 0.35860 1.32698 0.54149
v 0.37496 1.35133 0.52934
v 0.32904 1.35029 0.54039
v 0.30970 1.32927 0.52856
v 0.34224 1.30263 0.52934
v 0.35860 1.32698 0.54149
v 0.30970 1.32927 0.52856
v 0.30169 1.32057 0.50000
v 0.33546 1.29255 0.50000
v 0.34224 1.30263 0.52934
v 0.33546 1.29255 0.50000
v 0.34224 1.30263 0.47066
v 0.37852 1.28137 0.47005
v 0.37325 1.27014 0.50000
v 0.34224 1.30263 0.47066
v 0.35860 1.32698 0.45851
v 0.39127 1.30847 0.45764
v 0.37852 1.28137 0.47005
v 0.35860 1.32698 0.45851
v 0.37496 1.35133 0.47066
v 0.40401 1.33558 0.47005
v 0.39127 1.30847 0.45764
v 0.37496 1.35133 0.47066
v 0.38174 1.36142 0.50000
v 0.40929 1.34681 0.50000
v 0.40401 1.33558 0.47005
v 0.38174 1.36142 0.50000
v 0.37496 1.35133 0.52934
v 0.40401 1.33558 0.52995
v 0.40929 1.34681 0.50000
v 0.37496 1.35133 0.52934
v 0.35860 1.32698 0.54149
v 0.39127 1.30847 0.54236
v 0.40401 1.33558 0.52995
v 0.35860 1.32698 0.54149
v 0.34224 1.30263 0.52934
v 0.37852 1.28137 0.52995
v 0.39127 1.30847 0.54236
v 0.34224 1.30263 0.52934
v 0.33546 1.29255 0.50000
v 0.37325 1.27014 0.50000
v 0.37852 1.28137 0.52995
v 0.37325 1.27014 0.50000
v 0.37852 1.28137 0.47005
v 0.41766 1.26601 0.46960
v 0.41409 1.25393 0.50000
v 0.37852 1.28137 0.47005
v 0.39127 1.30847 0.45764
v 0.42628 1.29516 0.45701
v 0.41766 1.26601 0.46960
v 0.39127 1.30847 0.45764
v 0.40401 1.33558 0.47005
v 0.43489 1.32432 0.46960
v 0.42628 1.29516 0.45701
v 0.40401 1.33558 0.47005
v 0.40929 1.34681 0.50000
v 0.43846 1.33639 0.50000
v 0.43489 1.32432 0.46960
v 0.40929 1.34681 0.50000
v 0.40401 1.33558 0.52995
v 0.43489 1.32432 0.53040
v 0.43846 1.33639 0.50000
v 0.40401 1.33558 0.52995
v 0.39127 1.30847 0.54236
v 0.42628 1.29516 0.54299
v 0.43489 1.32432 0.53040
v 0.39127 1.30847 0.54236
v 0.37852 1.28137 0.52995
v 0.41766 1.26601 0.53040
v 0.42628 1.29516 0.54299
v 0.37852 1.28137 0.52995
v 0.37325 1.27014 0.50000
v 0.41409 1.25393 0.50000
v 0.41766 1.26601 0.53040
v 0.41409 1.25393 0.50000
v 0.41766 1.26601 0.46960
v 0.45867 1.25694 0.46933
v 0.45696 1.24435 0.50000
v 0.41766 1.26601 0.46960
v 0.42628 1.29516 0.45701
v 0.46280 1.28733 0.45663
v 0.45867 1.25694 0.46933
v 0.42628 1.29516 0.45701
v 0.43489 1.32432 0.46960
v 0.46694 1.31772 0.46933
v 0.46280 1.28733 0.45663
v 0.43489 1.32432 0.46960
v 0.43846 1.33639 0.50000
v 0.46865 1.33031 0.50000
v 0.46694 1.31772 0.46933
v 0.43846 1.33639 0.50000
v 0.43489 1.32432 0.53040
v 0.46694 1.31772 0.53067
v 0.46865 1.33031 0.50000
v 0.43489 1.32432 0.53040
v 0.42628 1.29516 0.54299
v 0.46280 1.28733 0.54337
v 0.46694 1.31772 0.53067
v 0.42628 1.29516 0.54299
v 0.41766 1.26601 0.53040
v 0.45867 1.25694 0.53067
v 0.46280 1.28733 0.54337
v 0.41766 1.26601 0.53040
v 0.41409 1.25393 0.50000
v 0.45696 1.24435 0.50000
v 0.45867 1.25694 0.53067
v 0.45696 1.24435 0.50000
v 0.45867 1.25694 0.46933
v 0.50052 1.25438 0.46924
v 0.50074 1.24164 0.50000
v 0.45867 1.25694 0.46933
v 0.46280 1.28733 0.45663
v 0.50000 1.28513 0.45650
v 0.50052 1.25438 0.46924
v 0.46280 1.28733 0.45663
v 0.46694 1.31772 0.46933
v 0.49948 1.31589 0.46924
v 0.50000 1.28513 0.45650
v 0.46694 1.31772 0.46933
v 0.46865 1.33031 0.50000
v 0.49926 1.32863 0.50000
v 0.49948 1.31589 0.46924
v 0.46865 1.33031 0.50000
v 0.46694 1.31772 0.53067
v 0.49948 1.31589 0.53076
v 0.49926 1.32863 0.50000
v 0.46694 1.31772 0.53067
v 0.46280 1.28733 0.54337
v 0.50000 1.28513 0.54350
v 0.49948 1.31589 0.53076
v 0.46280 1.28733 0.54337
v 0.45867 1.25694 0.53067
v 0.50052 1.25438 0.53076
v 0.50000 1.28513 0.54350
v 0.45867 1.25694 0.53067
v 0.45696 1.24435 0.50000
v 0.50074 1.24164 0.50000
v 0.50052 1.25438 0.53076
v 0.50074 1.24164 0.50000
v 0.50052 1.25438 0.46924
v 0.54216 1.25835 0.46933
v 0.54430 1.24583 0.50000
v 0.50052 1.25438 0.46924
v 0.50000 1.28513 0.45650
v 0.53700 1.28859 0.45663
v 0.54216 1.25835 0.46933
v 0.50000 1.28513 0.45650
v 0.49948 1.31589 0.46924
v 0.53184 1.31882 0.46933
v 0.53700 1.28859 0.45663
v 0.49948 1.31589 0.46924
v 0.49926 1.32863 0.50000
v 0.52971 1.33134 0.50000
v 0.53184 1.31882 0.46933
v 0.49926 1.32863 0.50000
v 0.49948 1.31589 0.53076
v 0.53184 1.31882 0.53067
v 0.52971 1.33134 0.50000
v 0.49948 1.31589 0.53076
v 0.50000 1.28513 0.54350
v 0.53700 1.28859 0.54337
v 0.53184 1.31882 0.53067
v 0.50000 1.28513 0.54350
v 0.50052 1.25438 0.53076
v 0.54216 1.25835 0.53067
v 0.53700 1.28859 0.54337
v 0.50052 1.25438 0.53076
v 0.50074 1.24164 0.50000
v 0.54430 1.24583 0.50000
v 0.54216 1.25835 0.53067
v 0.54430 1.24583 0.50000
v 0.54216 1.25835 0.46933
v 0.58256 1.26874 0.46960
v 0.58653 1.25679 0.50000
v 0.54216 1.25835 0.46933
v 0.53700 1.28859 0.45663
v 0.57296 1.29758 0.45701
v 0.58256 1.26874 0.46960
v 0.53700 1.28859 0.45663
v 0.53184 1.31882 0.46933
v 0.56337 1.32643 0.46960
v 0.57296 1.29758 0.45701
v 0.53184 1.31882 0.46933
v 0.52971 1.33134 0.50000
v 0.55939 1.33838 0.50000
v 0.56337 1.32643 0.46960
v 0.52971 1.33134 0.50000
v 0.53184 1.31882 0.53067
v 0.56337 1.32643 0.53040
v 0.55939 1.33838 0.50000
v 0.53184 1.31882 0.53067
v 0.53700 1.28859 0.54337
v 0.57296 1.29758 0.54299
v 0.56337 1.32643 0.53040
v 0.53700 1.28859 0.54337
v 0.54216 1.25835 0.53067
v 0.58256 1.26874 0.53040
v 0.57296 1.29758 0.54299
v 0.54216 1.25835 0.53067
v 0.54430 1.24583 0.50000
v 0.58653 1.25679 0.50000
v 0.58256 1.26874 0.53040
v 0.58653 1.25679 0.50000
v 0.58256 1.26874 0.46960
v 0.62071 1.28523 0.47005
v 0.62636 1.27419 0.50000
v 0.58256 1.26874 0.46960
v 0.57296 1.29758 0.45701
v 0.60705 1.31189 0.45764
v 0.62071 1.28523 0.47005
v 0.57296 1.29758 0.45701
v 0.56337 1.32643 0.46960
v 0.59340 1.33855 0.47005
v 0.60705 1.31189 0.45764
v 0.56337 1.32643 0.46960
v 0.55939 1.33838 0.50000
v 0.58774 1.34959 0.50000
v 0.59340 1.33855 0.47005
v 0.55939 1.33838 0.50000
v 0.56337 1.32643 0.53040
v 0.59340 1.33855 0.52995
v 0.58774 1.34959 0.50000
v 0.56337 1.32643 0.53040
v 0.57296 1.29758 0.54299
v 0.60705 1.31189 0.54236
v 0.59340 1.33855 0.52995
v 0.57296 1.29758 0.54299
v 0.58256 1.26874 0.53040
v 0.62071 1.28523 0.52995
v 0.60705 1.31189 0.54236
v 0.58256 1.26874 0.53040
v 0.58653 1.25679 0.50000
v 0.62636 1.27419 0.50000
v 0.62071 1.28523 0.52995
v 0.62636 1.27419 0.50000
v 0.62071 1.28523 0.47005
v 0.65568 1.30736 0.47066
v 0.66279 1.29751 0.50000
v 0.62071 1.28523 0.47005
v 0.60705 1.31189 0.45764
v 0.63850 1.33115 0.45851
v 0.65568 1.30736 0.47066
v 0.60705 1.31189 0.45764
v 0.59340 1.33855 0.47005
v 0.62132 1.35493 0.47066
v 0.63850 1.33115 0.45851
v 0.59340 1.33855 0.47005
v 0.58774 1.34959 0.50000
v 0.61421 1.36478 0.50000
v 0.62132 1.35493 0.47066
v 0.58774 1.34959 0.50000
v 0.59340 1.33855 0.52995
v 0.62132 1.35493 0.52934
v 0.61421 1.36478 0.50000
v 0.59340 1.33855 0.52995
v 0.60705 1.31189 0.54236
v 0.63850 1.33115 0.54149
v 0.62132 1.35493 0.52934
v 0.60705 1.31189 0.54236
v 0.62071 1.28523 0.52995
v 0.65568 1.30736 0.52934
v 0.63850 1.33115 0.54149
v 0.62071 1.28523 0.52995
v 0.62636 1.27419 0.50000
v 0.66279 1.29751 0.50000
v 0.65568 1.30736 0.52934
v 0.66279 1.29751 0.50000
v 0.65568 1.30736 0.47066
v 0.68663 1.33454 0.47144
v 0.69493 1.32611 0.50000
v 0.65568 1.30736 0.47066
v 0.63850 1.33115 0.45851
v 0.66659 1.35489 0.45961
v 0.68663 1.33454 0.47144
v 0.63850 1.33115 0.45851
v 0.62132 1.35493 0.47066
v 0.64656 1.37524 0.47144
v 0.66659 1.35489 0.45961
v 0.62132 1.35493 0.47066
v 0.61421 1.36478 0.50000
v 0.63826 1.38367 0.50000
v 0.64656 1.37524 0.47144
v 0.61421 1.36478 0.50000
v 0.62132 1.35493 0.52934
v 0.64656 1.37524 0.52856
v 0.63826 1.38367 0.50000
v 0.62132 1.35493 0.52934
v 0.63850 1.33115 0.54149
v 0.66659 1.35489 0.54039
v 0.64656 1.37524 0.52856
v 0.63850 1.33115 0.54149
v 0.65568 1.30736 0.52934
v 0.68663 1.33454 0.52856
v 0.66659 1.35489 0.54039
v 0.65568 1.30736 0.52934
v 0.66279 1.29751 0.50000
v 0.69493 1.32611 0.50000
v 0.68663 1.33454 0.52856
v 0.69493 1.32611 0.50000
v 0.68663 1.33454 0.47144
v 0.71284 1.36601 0.47237
v 0.72201 1.35917 0.50000
v 0.68663 1.33454 0.47144
v 0.66659 1.35489 0.45961
v 0.69070 1.38254 0.46093
v 0.71284 1.36601 0.47237
v 0.66659 1.35489 0.45961
v 0.64656 1.37524 0.47144
v 0.66856 1.39906 0.47237
v 0.69070 1.38254 0.46093
v 0.64656 1.37524 0.47144
v 0.63826 1.38367 0.50000
v 0.65938 1.40590 0.50000
v 0.66856 1.39906 0.47237
v 0.63826 1.38367 0.50000
v 0.64656 1.37524 0.52856
v 0.66856 1.39906 0.52763
v 0.65938 1.40590 0.50000
v 0.64656 1.37524 0.52856
v 0.66659 1.35489 0.54039
v 0.69070 1.38254 0.53907
v 0.66856 1.39906 0.52763
v 0.66659 1.35489 0.54039
v 0.68663 1.33454 0.52856
v 0.71284 1.36601 0.52763
v 0.69070 1.38254 0.53907
v 0.68663 1.33454 0.52856
v 0.69493 1.32611 0.50000
v 0.72201 1.35917 0.50000
v 0.71284 1.36601 0.52763
v 0.72201 1.35917 0.50000
v 0.71284 1.36601 0.47237
v 0.73373 1.40097 0.47345
v 0.74344 1.39580 0.50000
v 0.71284 1.36601 0.47237
v 0.69070 1.38254 0.46093
v 0.71028 1.41344 0.46245
v 0.73373 1.40097 0.47345
v 0.69070 1.38254 0.46093
v 0.66856 1.39906 0.47237
v 0.68684 1.42591 0.47345
v 0.71028 1.41344 0.46245
v 0.66856 1.39906 0.47237
v 0.65938 1.40590 0.50000
v 0.67713 1.43108 0.50000
v 0.68684 1.42591 0.47345
v 0.65938 1.40590 0.50000
v 0.66856 1.39906 0.52763
v 0.68684 1.42591 0.52655
v 0.67713 1.43108 0.50000
v 0.66856 1.39906 0.52763
v 0.69070 1.38254 0.53907
v 0.71028 1.41344 0.53755
v 0.68684 1.42591 0.52655
v 0.69070 1.38254 0.53907
v 0.71284 1.36601 0.52763
v 0.73373 1.40097 0.52655
v 0.71028 1.41344 0.53755
v 0.71284 1.36601 0.52763
v 0.72201 1.35917 0.50000
v 0.74344 1.39580 0.50000
v 0.73373 1.40097 0.52655
v 0.74344 1.39580 0.50000
v 0.73373 1.40097 0.47345
v 0.74885 1.43848 0.47465
v 0.75876 1.43501 0.50000
v 0.73373 1.40097 0.47345
v 0.71028 1.41344 0.46245
v 0.72492 1.44686 0.46414
v 0.74885 1.43848 0.47465
v 0.71028 1.41344 0.46245
v 0.68684 1.42591 0.47345
v 0.70099 1.45524 0.47465
v 0.72492 1.44686 0.46414
v 0.68684 1.42591 0.47345
v 0.67713 1.43108 0.50000
v 0.69108 1.45871 0.50000
v 0.70099 1.45524 0.47465
v 0.67713 1.43108 0.50000
v 0.68684 1.42591 0.52655
v 0.70099 1.45524 0.52535
v 0.69108 1.45871 0.50000
v 0.68684 1.42591 0.52655
v 0.71028 1.41344 0.53755
v 0.72492 1.44686 0.53586
v 0.70099 1.45524 0.52535
v 0.71028 1.41344 0.53755
v 0.73373 1.40097 0.52655
v 0.74885 1.43848 0.52535
v 0.72492 1.44686 0.53586
v 0.73373 1.40097 0.52655
v 0.74344 1.39580 0.50000
v 0.75876 1.43501 0.50000
v 0.74885 1.43848 0.52535
v 0.75876 1.43501 0.50000
v 0.74885 1.43848 0.47465
v 0.75793 1.47761 0.47596
v 0.76772 1.47578 0.50000
v 0.74885 1.43848 0.47465
v 0.72492 1.44686 0.46414
v 0.73430 1.48203 0.46600
v 0.75793 1.47761 0.47596
v 0.72492 1.44686 0.46414
v 0.70099 1.45524 0.47465
v 0.71067 1.48644 0.47596
v 0.73430 1.48203 0.46600
v 0.70099 1.45524 0.47465
v 0.69108 1.45871 0.50000
v 0.70088 1.48827 0.50000
v 0.71067 1.48644 0.47596
v 0.69108 1.45871 0.50000
v 0.70099 1.45524 0.52535
v 0.71067 1.48644 0.52404
v 0.70088 1.48827 0.50000
v 0.70099 1.45524 0.52535
v 0.72492 1.44686 0.53586
v 0.73430 1.48203 0.53400
v 0.71067 1.48644 0.52404
v 0.72492 1.44686 0.53586
v 0.74885 1.43848 0.52535
v 0.75793 1.47761 0.52404
v 0.73430 1.48203 0.53400
v 0.74885 1.43848 0.52535
v 0.75876 1.43501 0.50000
v 0.76772 1.47578 0.50000
v 0.75793 1.47761 0.52404
v 0.76772 1.47578 0.50000
v 0.75793 1.47761 0.47596
v 0.76085 1.51737 0.47737
v 0.77022 1.51707 0.50000
v 0.75793 1.47761 0.47596
v 0.73430 1.48203 0.46600
v 0.73823 1.51811 0.46799
v 0.76085 1.51737 0.47737
v 0.73430 1.48203 0.46600
v 0.71067 1.48644 0.47596
v 0.71561 1.51885 0.47737
v 0.73823 1.51811 0.46799
v 0.71067 1.48644 0.47596
v 0.70088 1.48827 0.50000
v 0.70624 1.51915 0.50000
v 0.71561 1.51885 0.47737
v 0.70088 1.48827 0.50000
v 0.71067 1.48644 0.52404
v 0.71561 1.51885 0.52263
v 0.70624 1.51915 0.50000
v 0.71067 1.48644 0.52404
v 0.73430 1.48203 0.53400
v 0.73823 1.51811 0.53201
v 0.71561 1.51885 0.52263
v 0.73430 1.48203 0.53400
v 0.75793 1.47761 0.52404
v 0.76085 1.51737 0.52263
v 0.73823 1.51811 0.53201
v 0.75793 1.47761 0.52404
v 0.76772 1.47578 0.50000
v 0.77022 1.51707 0.50000
v 0.76085 1.51737 0.52263
v 0.77022 1.51707 0.50000
v 0.76085 1.51737 0.47737
v 0.75764 1.55680 0.47885
v 0.76634 1.55785 0.50000
v 0.76085 1.51737 0.47737
v 0.73823 1.51811 0.46799
v 0.73665 1.55428 0.47010
v 0.75764 1.55680 0.47885
v 0.73823 1.51811 0.46799
v 0.71561 1.51885 0.47737
v 0.71565 1.55175 0.47885
v 0.73665 1.55428 0.47010
v 0.71561 1.51885 0.47737
v 0.70624 1.51915 0.50000
v 0.70696 1.55071 0.50000
v 0.71565 1.55175 0.47885
v 0.70624 1.51915 0.50000
v 0.71561 1.51885 0.52263
v 0.71565 1.55175 0.52115
v 0.70696 1.55071 0.50000
v 0.71561 1.51885 0.52263
v 0.73823 1.51811 0.53201
v 0.73665 1.55428 0.52990
v 0.71565 1.55175 0.52115
v 0.73823 1.51811 0.53201
v 0.76085 1.51737 0.52263
v 0.75764 1.55680 0.52115
v 0.73665 1.55428 0.52990
v 0.76085 1.51737 0.52263
v 0.77022 1.51707 0.50000
v 0.76634 1.55785 0.50000
v 0.75764 1.55680 0.52115
v 0.76634 1.55785 0.50000
v 0.75764 1.55680 0.47885
v 0.74850 1.59495 0.48040
v 0.75632 1.59713 0.50000
v 0.75764 1.55680 0.47885
v 0.73665 1.55428 0.47010
v 0.72962 1.58969 0.47228
v 0.74850 1.59495 0.48040
v 0.73665 1.55428 0.47010
v 0.71565 1.55175 0.47885
v 0.71075 1.58443 0.48040
v 0.72962 1.58969 0.47228
v 0.71565 1.55175 0.47885
v 0.70696 1.55071 0.50000
v 0.70292 1.58225 0.50000
v 0.71075 1.58443 0.48040
v 0.70696 1.55071 0.50000
v 0.71565 1.55175 0.52115
v 0.71075 1.58443 0.51960
v 0.70292 1.58225 0.50000
v 0.71565 1.55175 0.52115
v 0.73665 1.55428 0.52990
v 0.72962 1.58969 0.52772
v 0.71075 1.58443 0.51960
v 0.73665 1.55428 0.52990
v 0.75764 1.55680 0.52115
v 0.74850 1.59495 0.51960
v 0.72962 1.58969 0.52772
v 0.75764 1.55680 0.52115
v 0.76634 1.55785 0.50000
v 0.75632 1.59713 0.50000
v 0.74850 1.59495 0.51960
v 0.75632 1.59713 0.50000
v 0.74850 1.59495 0.48040
v 0.73377 1.63095 0.48199
v 0.74057 1.63402 0.50000
v 0.74850 1.59495 0.48040
v 0.72962 1.58969 0.47228
v 0.71735 1.62354 0.47453
v 0.73377 1.63095 0.48199
v 0.72962 1.58969 0.47228
v 0.71075 1.58443 0.48040
v 0.70093 1.61613 0.48199
v 0.71735 1.62354 0.47453
v 0.71075 1.58443 0.48040
v 0.70292 1.58225 0.50000
v 0.69413 1.61306 0.50000
v 0.70093 1.61613 0.48199
v 0.70292 1.58225 0.50000
v 0.71075 1.58443 0.51960
v 0.70093 1.61613 0.51801
v 0.69413 1.61306 0.50000
v 0.71075 1.58443 0.51960
v 0.72962 1.58969 0.52772
v 0.71735 1.62354 0.52547
v 0.70093 1.61613 0.51801
v 0.72962 1.58969 0.52772
v 0.74850 1.59495 0.51960
v 0.73377 1.63095 0.51801
v 0.71735 1.62354 0.52547
v 0.74850 1.59495 0.51960
v 0.75632 1.59713 0.50000
v 0.74057 1.63402 0.50000
v 0.73377 1.63095 0.51801
v 0.74057 1.63402 0.50000
v 0.73377 1.63095 0.48199
v 0.70823 1.65948 0.49077
v 0.71158 1.66131 0.50000
v 0.73377 1.63095 0.48199
v 0.71735 1.62354 0.47453
v 0.70013 1.65505 0.48695
v 0.70823 1.65948 0.49077
v 0.71735 1.62354 0.47453
v 0.70093 1.61613 0.48199
v 0.69203 1.65063 0.49077
v 0.70013 1.65505 0.48695
v 0.70093 1.61613 0.48199
v 0.69413 1.61306 0.50000
v 0.68868 1.64880 0.50000
v 0.69203 1.65063 0.49077
v 0.69413 1.61306 0.50000
v 0.70093 1.61613 0.51801
v 0.69203 1.65063 0.50923
v 0.68868 1.64880 0.50000
v 0.70093 1.61613 0.51801
v 0.71735 1.62354 0.52547
v 0.70013 1.65505 0.51305
v 0.69203 1.65063 0.50923
v 0.71735 1.62354 0.52547
v 0.73377 1.63095 0.51801
v 0.70823 1.65948 0.50923
v 0.70013 1.65505 0.51305
v 0.73377 1.63095 0.51801
v 0.74057 1.63402 0.50000
v 0.71158 1.66131 0.50000
v 0.70823 1.65948 0.50923
v 0.27656 1.66861 0.50923
v 0.28481 1.66447 0.51305
v 0.29305 1.66032 0.50923
v 0.29647 1.65860 0.50000
v 0.29305 1.66032 0.49077
v 0.28481 1.66447 0.48695
v 0.27656 1.66861 0.49077
v 0.27315 1.67033 0.50000
v 0.71158 1.66131 0.50000
v 0.70823 1.65948 0.49077
v 0.70013 1.65505 0.48695
v 0.69203 1.65063 0.49077
v 0.68868 1.64880 0.50000
v 0.69203 1.65063 0.50923
v 0.70013 1.65505 0.51305
v 0.70823 1.65948 0.50923
v 0.29931 1.63935 0.50000
v 0.29506 1.63935 0.51025
v 0.28481 1.63547 0.50000
v 0.30992 1.64997 0.50000
v 0.30257 1.64997 0.51776
v 0.29506 1.63935 0.51025
v 0.29931 1.63935 0.50000
v 0.31381 1.66447 0.50000
v 0.30531 1.66447 0.52051
v 0.30257 1.64997 0.51776
v 0.30992 1.64997 0.50000
v 0.30992 1.67897 0.50000
v 0.30257 1.67897 0.51776
v 0.30531 1.66447 0.52051
v 0.31381 1.66447 0.50000
v 0.29931 1.68958 0.50000
v 0.29506 1.68958 0.51025
v 0.30257 1.67897 0.51776
v 0.30992 1.67897 0.50000
v 0.28481 1.69347 0.50000
v 0.29506 1.68958 0.51025
v 0.29931 1.68958 0.50000
v 0.29506 1.63935 0.51025
v 0.28481 1.63935 0.51450
v 0.28481 1.63547 0.50000
v 0.30257 1.64997 0.51776
v 0.28481 1.64997 0.52511
v 0.28481 1.63935 0.51450
v 0.29506 1.63935 0.51025
v 0.30531 1.66447 0.52051
v 0.28481 1.66447 0.52900
v 0.28481 1.64997 0.52511
v 0.30257 1.64997 0.51776
v 0.30257 1.67897 0.51776
v 0.28481 1.67897 0.52511
v 0.28481 1.66447 0.52900
v 0.30531 1.66447 0.52051
v 0.29506 1.68958 0.51025
v 0.28481 1.68958 0.51450
v 0.28481 1.67897 0.52511
v 0.30257 1.67897 0.51776
v 0.28481 1.69347 0.50000
v 0.28481 1.68958 0.51450
v 0.29506 1.68958 0.51025
v 0.28481 1.63935 0.51450
v 0.27455 1.63935 0.51025
v 0.28481 1.63547 0.50000
v 0.28481 1.64997 0.52511
v 0.26705 1.64997 0.51776
v 0.27455 1.63935 0.51025
v 0.28481 1.63935 0.51450
v 0.28481 1.66447 0.52900
v 0.26430 1.66447 0.52051
v 0.26705 1.64997 0.51776
v 0.28481 1.64997 0.52511
v 0.28481 1.67897 0.52511
v 0.26705 1.67897 0.51776
v 0.26430 1.66447 0.52051
v 0.28481 1.66447 0.52900
v 0.28481 1.68958 0.51450
v 0.27455 1.68958 0.51025
v 0.26705 1.67897 0.51776
v 0.28481 1.67897 0.52511
v 0.28481 1.69347 0.50000
v 0.27455 1.68958 0.51025
v 0.28481 1.68958 0.51450
v 0.27455 1.63935 0.51025
v 0.27031 1.63935 0.50000
v 0.28481 1.63547 0.50000
v 0.26705 1.64997 0.51776
v 0.25969 1.64997 0.50000
v 0.27031 1.63935 0.50000
v 0.27455 1.63935 0.51025
v 0.26430 1.66447 0.52051
v 0.25581 1.66447 0.50000
v 0.25969 1.64997 0.50000
v 0.26705 1.64997 0.51776
v 0.26705 1.67897 0.51776
v 0.25969 1.67897 0.50000
v 0.25581 1.66447 0.50000
v 0.26430 1.66447 0.52051
v 0.27455 1.68958 0.51025
v 0.27031 1.68958 0.50000
v 0.25969 1.67897 0.50000
v 0.26705 1.67897 0.51776
v 0.28481 1.69347 0.50000
v 0.27031 1.68958 0.50000
v 0.27455 1.68958 0.51025
v 0.27031 1.63935 0.50000
v 0.27455 1.63935 0.48975
v 0.28481 1.63547 0.50000
v 0.25969 1.64997 0.50000
v 0.26705 1.64997 0.48224
v 0.27455 1.63935 0.48975
v 0.27031 1.63935 0.50000
v 0.25581 1.66447 0.50000
v 0.26430 1.66447 0.47949
v 0.26705 1.64997 0.48224
v 0.25969 1.64997 0.50000
v 0.25969 1.67897 0.50000
v 0.26705 1.67897 0.48224
v 0.26430 1.66447 0.47949
v 0.25581 1.66447 0.50000
v 0.27031 1.68958 0.50000
v 0.27455 1.68958 0.48975
v 0.26705 1.67897 0.48224
v 0.25969 1.67897 0.50000
v 0.28481 1.69347 0.50000
v 0.27455 1.68958 0.48975
v 0.27031 1.68958 0.50000
v 0.27455 1.63935 0.48975
v 0.28481 1.63935 0.48550
v 0.28481 1.63547 0.50000
v 0.26705 1.64997 0.48224
v 0.28481 1.64997 0.47489
v 0.28481 1.63935 0.48550
v 0.27455 1.63935 0.48975
v 0.26430 1.66447 0.47949
v 0.28481 1.66447 0.47100
v 0.28481 1.64997 0.47489
v 0.26705 1.64997 0.48224
v 0.26705 1.67897 0.48224
v 0.28481 1.67897 0.47489
v 0.28481 1.66447 0.47100
v 0.26430 1.66447 0.47949
v 0.27455 1.68958 0.48975
v 0.28481 1.68958 0.48550
v 0.28481 1.67897 0.47489
v 0.26705 1.67897 0.48224
v 0.28481 1.69347 0.50000
v 0.28481 1.68958 0.48550
v 0.27455 1.68958 0.48975
v 0.28481 1.63935 0.48550
v 0.29506 1.63935 0.48975
v 0.28481 1.63547 0.50000
v 0.28481 1.64997 0.47489
v 0.30257 1.64997 0.48224
v 0.29506 1.63935 0.48975
v 0.28481 1.63935 0.48550
v 0.28481 1.66447 0.47100
v 0.30531 1.66447 0.47949
v 0.30257 1.64997 0.48224
v 0.28481 1.64997 0.47489
v 0.28481 1.67897 0.47489
v 0.30257 1.67897 0.48224
v 0.30531 1.66447 0.47949
v 0.28481 1.66447 0.47100
v 0.28481 1.68958 0.48550
v 0.29506 1.68958 0.48975
v 0.30257 1.67897 0.48224
v 0.28481 1.67897 0.47489
v 0.28481 1.69347 0.50000
v 0.29506 1.68958 0.48975
v 0.28481 1.68958 0.48550
v 0.29506 1.63935 0.48975
v 0.29931 1.63935 0.50000
v 0.28481 1.63547 0.50000
v 0.30257 1.64997 0.48224
v 0.30992 1.64997 0.50000
v 0.29931 1.63935 0.50000
v 0.29506 1.63935 0.48975
v 0.30531 1.66447 0.47949
v 0.31381 1.66447 0.50000
v 0.30992 1.64997 0.50000
v 0.30257 1.64997 0.48224
v 0.30257 1.67897 0.48224
v 0.30992 1.67897 0.50000
v 0.31381 1.66447 0.50000
v 0.30531 1.66447 0.47949
v 0.29506 1.68958 0.48975
v 0.29931 1.68958 0.50000
v 0.30992 1.67897 0.50000
v 0.30257 1.67897 0.48224
v 0.28481 1.69347 0.50000
v 0.29931 1.68958 0.50000
v 0.29506 1.68958 0.48975
v 0.71463 1.62994 0.50000
v 0.71038 1.62994 0.51025
v 0.70013 1.62605 0.50000
v 0.72524 1.64055 0.50000
v 0.71789 1.64055 0.51776
v 0.71038 1.62994 0.51025
v 0.71463 1.62994 0.50000
v 0.72913 1.65505 0.50000
v 0.72063 1.65505 0.52051
v 0.71789 1.64055 0.51776
v 0.72524 1.64055 0.50000
v 0.72524 1.66955 0.50000
v 0.71789 1.66955 0.51776
v 0.72063 1.65505 0.52051
v 0.72913 1.65505 0.50000
v 0.71463 1.68017 0.50000
v 0.71038 1.68017 0.51025
v 0.71789 1.66955 0.51776
v 0.72524 1.66955 0.50000
v 0.70013 1.68405 0.50000
v 0.71038 1.68017 0.51025
v 0.71463 1.68017 0.50000
v 0.71038 1.62994 0.51025
v 0.70013 1.62994 0.51450
v 0.70013 1.62605 0.50000
v 0.71789 1.64055 0.51776
v 0.70013 1.64055 0.52511
v 0.70013 1.62994 0.51450
v 0.71038 1.62994 0.51025
v 0.72063 1.65505 0.52051
v 0.70013 1.65505 0.52900
v 0.70013 1.64055 0.52511
v 0.71789 1.64055 0.51776
v 0.71789 1.66955 0.51776
v 0.70013 1.66955 0.52511
v 0.70013 1.65505 0.52900
v 0.72063 1.65505 0.52051
v 0.71038 1.68017 0.51025
v 0.70013 1.68017 0.51450
v 0.70013 1.66955 0.52511
v 0.71789 1.66955 0.51776
v 0.70013 1.68405 0.50000
v 0.70013 1.68017 0.51450
v 0.71038 1.68017 0.51025
v 0.70013 1.62994 0.51450
v 0.68988 1.62994 0.51025
v 0.70013 1.62605 0.50000
v 0.70013 1.64055 0.52511
v 0.68237 1.64055 0.51776
v 0.68988 1.62994 0.51025
v 0.70013 1.62994 0.51450
v 0.70013 1.65505 0.52900
v 0.67962 1.65505 0.52051
v 0.68237 1.64055 0.51776
v 0.70013 1.64055 0.52511
v 0.70013 1.66955 0.52511
v 0.68237 1.66955 0.51776
v 0.67962 1.65505 0.52051
v 0.70013 1.65505 0.52900
v 0.70013 1.68017 0.51450
v 0.68988 1.68017 0.51025
v 0.68237 1.66955 0.51776
v 0.70013 1.66955 0.52511
v 0.70013 1.68405 0.50000
v 0.68988 1.68017 0.51025
v 0.70013 1.68017 0.51450
v 0.68988 1.62994 0.51025
v 0.68563 1.62994 0.50000
v 0.70013 1.62605 0.50000
v 0.68237 1.64055 0.51776
v 0.67501 1.64055 0.50000
v 0.68563 1.62994 0.50000
v 0.68988 1.62994 0.51025
v 0.67962 1.65505 0.52051
v 0.67113 1.65505 0.50000
v 0.67501 1.64055 0.50000
v 0.68237 1.64055 0.51776
v 0.68237 1.66955 0.51776
v 0.67501 1.66955 0.50000
v 0.67113 1.65505 0.50000
v 0.67962 1.65505 0.52051
v 0.68988 1.68017 0.51025
v 0.68563 1.68017 0.50000
v 0.67501 1.66955 0.50000
v 0.68237 1.66955 0.51776
v 0.70013 1.68405 0.50000
v 0.68563 1.68017 0.50000
v 0.68988 1.68017 0.51025
v 0.68563 1.62994 0.50000
v 0.68988 1.62994 0.48975
v 0.70013 1.62605 0.50000
v 0.67501 1.64055 0.50000
v 0.68237 1.64055 0.48224
v 0.68988 1.62994 0.48975
v 0.68563 1.62994 0.50000
v 0.67113 1.65505 0.50000
v 0.67962 1.65505 0.47949
v 0.68237 1.64055 0.48224
v 0.67501 1.64055 0.50000
v 0.67501 1.66955 0.50000
v 0.68237 1.66955 0.48224
v 0.67962 1.65505 0.47949
v 0.67113 1.65505 0.50000
v 0.68563 1.68017 0.50000
v 0.68988 1.68017 0.48975
v 0.68237 1.66955 0.48224
v 0.67501 1.66955 0.50000
v 0.70013 1.68405 0.50000
v 0.68988 1.68017 0.48975
v 0.68563 1.68017 0.50000
v 0.68988 1.62994 0.48975
v 0.70013 1.62994 0.48550
v 0.70013 1.62605 0.50000
v 0.68237 1.64055 0.48224
v 0.70013 1.64055 0.47489
v 0.70013 1.62994 0.48550
v 0.68988 1.62994 0.48975
v 0.67962 1.65505 0.47949
v 0.70013 1.65505 0.47100
v 0.70013 1.64055 0.47489
v 0.68237 1.64055 0.48224
v 0.68237 1.66955 0.48224
v 0.70013 1.66955 0.47489
v 0.70013 1.65505 0.47100
v 0.67962 1.65505 0.47949
v 0.68988 1.68017 0.48975
v 0.70013 1.68017 0.48550
v 0.70013 1.66955 0.47489
v 0.68237 1.66955 0.48224
v 0.70013 1.68405 0.50000
v 0.70013 1.68017 0.48550
v 0.68988 1.68017 0.48975
v 0.70013 1.62994 0.48550
v 0.71038 1.62994 0.48975
v 0.70013 1.62605 0.50000
v 0.70013 1.64055 0.47489
v 0.71789 1.64055 0.48224
v 0.71038 1.62994 0.48975
v 0.70013 1.62994 0.48550
v 0.70013 1.65505 0.47100
v 0.72063 1.65505 0.47949
v 0.71789 1.64055 0.48224
v 0.70013 1.64055 0.47489
v 0.70013 1.66955 0.47489
v 0.71789 1.66955 0.48224
v 0.72063 1.65505 0.47949
v 0.70013 1.65505 0.47100
v 0.70013 1.68017 0.48550
v 0.71038 1.68017 0.48975
v 0.71789 1.66955 0.48224
v 0.70013 1.66955 0.47489
v 0.70013 1.68405 0.50000
v 0.71038 1.68017 0.48975
v 0.70013 1.68017 0.48550
v 0.71038 1.62994 0.48975
v 0.71463 1.62994 0.50000
v 0.70013 1.62605 0.50000
v 0.71789 1.64055 0.48224
v 0.72524 1.64055 0.50000
v 0.71463 1.62994 0.50000
v 0.71038 1.62994 0.48975
v 0.72063 1.65505 0.47949
v 0.72913 1.65505 0.50000
v 0.72524 1.64055 0.50000
v 0.71789 1.64055 0.48224
v 0.71789 1.66955 0.48224
v 0.72524 1.66955 0.50000
v 0.72913 1.65505 0.50000
v 0.72063 1.65505 0.47949
v 0.71038 1.68017 0.48975
v 0.71463 1.68017 0.50000
v 0.72524 1.66955 0.50000
v 0.71789 1.66955 0.48224
v 0.70013 1.68405 0.50000
v 0.71463 1.68017 0.50000
v 0.71038 1.68017 0.48975
v 0.48405 1.45189 0.28540
v 0.49202 1.44574 0.27303
v 0.49202 1.41369 0.28903
v 0.48405 1.42076 0.30089
v 0.49202 1.44574 0.27303
v 0.50797 1.44574 0.27303
v 0.50797 1.41369 0.28903
v 0.49202 1.41369 0.28903
v 0.50797 1.44574 0.27303
v 0.51595 1.45189 0.28540
v 0.51595 1.42076 0.30089
v 0.50797 1.41369 0.28903
v 0.51595 1.45189 0.28540
v 0.50797 1.45805 0.29776
v 0.50797 1.42784 0.31275
v 0.51595 1.42076 0.30089
v 0.50797 1.45805 0.29776
v 0.49202 1.45805 0.29776
v 0.49202 1.42784 0.31275
v 0.50797 1.42784 0.31275
v 0.49202 1.45805 0.29776
v 0.48405 1.45189 0.28540
v 0.48405 1.42076 0.30089
v 0.49202 1.42784 0.31275
v 0.48405 1.42076 0.30089
v 0.49202 1.41369 0.28903
v 0.49202 1.38372 0.31019
v 0.48405 1.39252 0.32083
v 0.49202 1.41369 0.28903
v 0.50797 1.41369 0.28903
v 0.50797 1.38372 0.31019
v 0.49202 1.38372 0.31019
v 0.50797 1.41369 0.28903
v 0.51595 1.42076 0.30089
v 0.51595 1.39252 0.32083
v 0.50797 1.38372 0.31019
v 0.51595 1.42076 0.30089
v 0.50797 1.42784 0.31275
v 0.50797 1.40132 0.33148
v 0.51595 1.39252 0.32083
v 0.50797 1.42784 0.31275
v 0.49202 1.42784 0.31275
v 0.49202 1.40132 0.33148
v 0.50797 1.40132 0.33148
v 0.49202 1.42784 0.31275
v 0.48405 1.42076 0.30089
v 0.48405 1.39252 0.32083
v 0.49202 1.40132 0.33148
v 0.48405 1.39252 0.32083
v 0.49202 1.38372 0.31019
v 0.49202 1.35746 0.33553
v 0.48405 1.36778 0.34471
v 0.49202 1.38372 0.31019
v 0.50797 1.38372 0.31019
v 0.50797 1.35746 0.33553
v 0.49202 1.35746 0.33553
v 0.50797 1.38372 0.31019
v 0.51595 1.39252 0.32083
v 0.51595 1.36778 0.34471
v 0.50797 1.35746 0.33553
v 0.51595 1.39252 0.32083
v 0.50797 1.40132 0.33148
v 0.50797 1.37810 0.35389
v 0.51595 1.36778 0.34471
v 0.50797 1.40132 0.33148
v 0.49202 1.40132 0.33148
v 0.49202 1.37810 0.35389
v 0.50797 1.37810 0.35389
v 0.49202 1.40132 0.33148
v 0.48405 1.39252 0.32083
v 0.48405 1.36778 0.34471
v 0.49202 1.37810 0.35389
v 0.48405 1.36778 0.34471
v 0.49202 1.35746 0.33553
v 0.49202 1.33548 0.36442
v 0.48405 1.34708 0.37192
v 0.49202 1.35746 0.33553
v 0.50797 1.35746 0.33553
v 0.50797 1.33548 0.36442
v 0.49202 1.33548 0.36442
v 0.50797 1.35746 0.33553
v 0.51595 1.36778 0.34471
v 0.51595 1.34708 0.37192
v 0.50797 1.33548 0.36442
v 0.51595 1.36778 0.34471
v 0.50797 1.37810 0.35389
v 0.50797 1.35868 0.37942
v 0.51595 1.34708 0.37192
v 0.50797 1.37810 0.35389
v 0.49202 1.37810 0.35389
v 0.49202 1.35868 0.37942
v 0.50797 1.35868 0.37942
v 0.49202 1.37810 0.35389
v 0.48405 1.36778 0.34471
v 0.48405 1.34708 0.37192
v 0.49202 1.35868 0.37942
v 0.48405 1.34708 0.37192
v 0.49202 1.33548 0.36442
v 0.49202 1.31826 0.39615
v 0.48405 1.33087 0.40180
v 0.49202 1.33548 0.36442
v 0.50797 1.33548 0.36442
v 0.50797 1.31826 0.39615
v 0.49202 1.31826 0.39615
v 0.50797 1.33548 0.36442
v 0.51595 1.34708 0.37192
v 0.51595 1.33087 0.40180
v 0.50797 1.31826 0.39615
v 0.51595 1.34708 0.37192
v 0.50797 1.35868 0.37942
v 0.50797 1.34347 0.40744
v 0.51595 1.33087 0.40180
v 0.50797 1.35868 0.37942
v 0.49202 1.35868 0.37942
v 0.49202 1.34347 0.40744
v 0.50797 1.34347 0.40744
v 0.49202 1.35868 0.37942
v 0.48405 1.34708 0.37192
v 0.48405 1.33087 0.40180
v 0.49202 1.34347 0.40744
v 0.48405 1.33087 0.40180
v 0.49202 1.31826 0.39615
v 0.49202 1.30614 0.42996
v 0.48405 1.31946 0.43362
v 0.49202 1.31826 0.39615
v 0.50797 1.31826 0.39615
v 0.50797 1.30614 0.42996
v 0.49202 1.30614 0.42996
v 0.50797 1.31826 0.39615
v 0.51595 1.33087 0.40180
v 0.51595 1.31946 0.43362
v 0.50797 1.30614 0.42996
v 0.51595 1.33087 0.40180
v 0.50797 1.34347 0.40744
v 0.50797 1.33277 0.43727
v 0.51595 1.31946 0.43362
v 0.50797 1.34347 0.40744
v 0.49202 1.34347 0.40744
v 0.49202 1.33277 0.43727
v 0.50797 1.33277 0.43727
v 0.49202 1.34347 0.40744
v 0.48405 1.33087 0.40180
v 0.48405 1.31946 0.43362
v 0.49202 1.33277 0.43727
v 0.48405 1.31946 0.43362
v 0.49202 1.30614 0.42996
v 0.49202 1.29934 0.46502
v 0.48405 1.31306 0.46661
v 0.49202 1.30614 0.42996
v 0.50797 1.30614 0.42996
v 0.50797 1.29934 0.46502
v 0.49202 1.29934 0.46502
v 0.50797 1.30614 0.42996
v 0.51595 1.31946 0.43362
v 0.51595 1.31306 0.46661
v 0.50797 1.29934 0.46502
v 0.51595 1.31946 0.43362
v 0.50797 1.33277 0.43727
v 0.50797 1.32678 0.46820
v 0.51595 1.31306 0.46661
v 0.50797 1.33277 0.43727
v 0.49202 1.33277 0.43727
v 0.49202 1.32678 0.46820
v 0.50797 1.32678 0.46820
v 0.49202 1.33277 0.43727
v 0.48405 1.31946 0.43362
v 0.48405 1.31306 0.46661
v 0.49202 1.32678 0.46820
v 0.48405 1.31306 0.46661
v 0.49202 1.29934 0.46502
v 0.49202 1.29797 0.50052
v 0.48405 1.31178 0.50000
v 0.49202 1.29934 0.46502
v 0.50797 1.29934 0.46502
v 0.50797 1.29797 0.50052
v 0.49202 1.29797 0.50052
v 0.50797 1.29934 0.46502
v 0.51595 1.31306 0.46661
v 0.51595 1.31178 0.50000
v 0.50797 1.29797 0.50052
v 0.51595 1.31306 0.46661
v 0.50797 1.32678 0.46820
v 0.50797 1.32558 0.49948
v 0.51595 1.31178 0.50000
v 0.50797 1.32678 0.46820
v 0.49202 1.32678 0.46820
v 0.49202 1.32558 0.49948
v 0.50797 1.32558 0.49948
v 0.49202 1.32678 0.46820
v 0.48405 1.31306 0.46661
v 0.48405 1.31178 0.50000
v 0.49202 1.32558 0.49948
v 0.48405 1.31178 0.50000
v 0.49202 1.29797 0.50052
v 0.49202 1.30201 0.53562
v 0.48405 1.31557 0.53300
v 0.49202 1.29797 0.50052
v 0.50797 1.29797 0.50052
v 0.50797 1.30201 0.53562
v 0.49202 1.30201 0.53562
v 0.50797 1.29797 0.50052
v 0.51595 1.31178 0.50000
v 0.51595 1.31557 0.53300
v 0.50797 1.30201 0.53562
v 0.51595 1.31178 0.50000
v 0.50797 1.32558 0.49948
v 0.50797 1.32913 0.53039
v 0.51595 1.31557 0.53300
v 0.50797 1.32558 0.49948
v 0.49202 1.32558 0.49948
v 0.49202 1.32913 0.53039
v 0.50797 1.32913 0.53039
v 0.49202 1.32558 0.49948
v 0.48405 1.31178 0.50000
v 0.48405 1.31557 0.53300
v 0.49202 1.32913 0.53039
v 0.48405 1.31557 0.53300
v 0.49202 1.30201 0.53562
v 0.49202 1.31129 0.56951
v 0.48405 1.32430 0.56486
v 0.49202 1.30201 0.53562
v 0.50797 1.30201 0.53562
v 0.50797 1.31129 0.56951
v 0.49202 1.31129 0.56951
v 0.50797 1.30201 0.53562
v 0.51595 1.31557 0.53300
v 0.51595 1.32430 0.56486
v 0.50797 1.31129 0.56951
v 0.51595 1.31557 0.53300
v 0.50797 1.32913 0.53039
v 0.50797 1.33730 0.56020
v 0.51595 1.32430 0.56486
v 0.50797 1.32913 0.53039
v 0.49202 1.32913 0.53039
v 0.49202 1.33730 0.56020
v 0.50797 1.33730 0.56020
v 0.49202 1.32913 0.53039
v 0.48405 1.31557 0.53300
v 0.48405 1.32430 0.56486
v 0.49202 1.33730 0.56020
v 0.48405 1.32430 0.56486
v 0.49202 1.31129 0.56951
v 0.49202 1.32555 0.60142
v 0.48405 1.33769 0.59483
v 0.49202 1.31129 0.56951
v 0.50797 1.31129 0.56951
v 0.50797 1.32555 0.60142
v 0.49202 1.32555 0.60142
v 0.50797 1.31129 0.56951
v 0.51595 1.32430 0.56486
v 0.51595 1.33769 0.59483
v 0.50797 1.32555 0.60142
v 0.51595 1.32430 0.56486
v 0.50797 1.33730 0.56020
v 0.50797 1.34984 0.58825
v 0.51595 1.33769 0.59483
v 0.50797 1.33730 0.56020
v 0.49202 1.33730 0.56020
v 0.49202 1.34984 0.58825
v 0.50797 1.34984 0.58825
v 0.49202 1.33730 0.56020
v 0.48405 1.32430 0.56486
v 0.48405 1.33769 0.59483
v 0.49202 1.34984 0.58825
v 0.48405 1.33769 0.59483
v 0.49202 1.32555 0.60142
v 0.49202 1.34440 0.63061
v 0.48405 1.35540 0.62226
v 0.49202 1.32555 0.60142
v 0.50797 1.32555 0.60142
v 0.50797 1.34440 0.63061
v 0.49202 1.34440 0.63061
v 0.50797 1.32555 0.60142
v 0.51595 1.33769 0.59483
v 0.51595 1.35540 0.62226
v 0.50797 1.34440 0.63061
v 0.51595 1.33769 0.59483
v 0.50797 1.34984 0.58825
v 0.50797 1.36640 0.61390
v 0.51595 1.35540 0.62226
v 0.50797 1.34984 0.58825
v 0.49202 1.34984 0.58825
v 0.49202 1.36640 0.61390
v 0.50797 1.36640 0.61390
v 0.49202 1.34984 0.58825
v 0.48405 1.33769 0.59483
v 0.48405 1.35540 0.62226
v 0.49202 1.36640 0.61390
v 0.48405 1.35540 0.62226
v 0.49202 1.34440 0.63061
v 0.49202 1.36735 0.65645
v 0.48405 1.37694 0.64652
v 0.49202 1.34440 0.63061
v 0.50797 1.34440 0.63061
v 0.50797 1.36735 0.65645
v 0.49202 1.36735 0.65645
v 0.50797 1.34440 0.63061
v 0.51595 1.35540 0.62226
v 0.51595 1.37694 0.64652
v 0.50797 1.36735 0.65645
v 0.51595 1.35540 0.62226
v 0.50797 1.36640 0.61390
v 0.50797 1.38654 0.63659
v 0.51595 1.37694 0.64652
v 0.50797 1.36640 0.61390
v 0.49202 1.36640 0.61390
v 0.49202 1.38654 0.63659
v 0.50797 1.38654 0.63659
v 0.49202 1.36640 0.61390
v 0.48405 1.35540 0.62226
v 0.48405 1.37694 0.64652
v 0.49202 1.38654 0.63659
v 0.48405 1.37694 0.64652
v 0.49202 1.36735 0.65645
v 0.49202 1.39381 0.67837
v 0.48405 1.40179 0.66709
v 0.49202 1.36735 0.65645
v 0.50797 1.36735 0.65645
v 0.50797 1.39381 0.67837
v 0.49202 1.39381 0.67837
v 0.50797 1.36735 0.65645
v 0.51595 1.37694 0.64652
v 0.51595 1.40179 0.66709
v 0.50797 1.39381 0.67837
v 0.51595 1.37694 0.64652
v 0.50797 1.38654 0.63659
v 0.50797 1.40976 0.65581
v 0.51595 1.40179 0.66709
v 0.50797 1.38654 0.63659
v 0.49202 1.38654 0.63659
v 0.49202 1.40976 0.65581
v 0.50797 1.40976 0.65581
v 0.49202 1.38654 0.63659
v 0.48405 1.37694 0.64652
v 0.48405 1.40179 0.66709
v 0.49202 1.40976 0.65581
v 0.48405 1.40179 0.66709
v 0.49202 1.39381 0.67837
v 0.49202 1.42315 0.69590
v 0.48405 1.42931 0.68354
v 0.49202 1.39381 0.67837
v 0.50797 1.39381 0.67837
v 0.50797 1.42315 0.69590
v 0.49202 1.42315 0.69590
v 0.50797 1.39381 0.67837
v 0.51595 1.40179 0.66709
v 0.51595 1.42931 0.68354
v 0.50797 1.42315 0.69590
v 0.51595 1.40179 0.66709
v 0.50797 1.40976 0.65581
v 0.50797 1.43547 0.67117
v 0.51595 1.42931 0.68354
v 0.50797 1.40976 0.65581
v 0.49202 1.40976 0.65581
v 0.49202 1.43547 0.67117
v 0.50797 1.43547 0.67117
v 0.49202 1.40976 0.65581
v 0.48405 1.40179 0.66709
v 0.48405 1.42931 0.68354
v 0.49202 1.43547 0.67117
v 0.48405 1.42931 0.68354
v 0.49202 1.42315 0.69590
v 0.49202 1.45364 0.70832
v 0.48405 1.45883 0.69553
v 0.49202 1.42315 0.69590
v 0.50797 1.42315 0.69590
v 0.50797 1.45364 0.70832
v 0.49202 1.45364 0.70832
v 0.50797 1.42315 0.69590
v 0.51595 1.42931 0.68354
v 0.51595 1.45883 0.69553
v 0.50797 1.45364 0.70832
v 0.51595 1.42931 0.68354
v 0.50797 1.43547 0.67117
v 0.50797 1.46403 0.68273
v 0.51595 1.45883 0.69553
v 0.50797 1.43547 0.67117
v 0.49202 1.43547 0.67117
v 0.49202 1.46403 0.68273
v 0.50797 1.46403 0.68273
v 0.49202 1.43547 0.67117
v 0.48405 1.42931 0.68354
v 0.48405 1.45883 0.69553
v 0.49202 1.46403 0.68273
v 0.49202 1.45805 0.29776
v 0.50797 1.45805 0.29776
v 0.51595 1.45189 0.28540
v 0.50797 1.44574 0.27303
v 0.49202 1.44574 0.27303
v 0.48405 1.45189 0.28540
v 0.48405 1.45883 0.69553
v 0.49202 1.45364 0.70832
v 0.50797 1.45364 0.70832
v 0.51595 1.45883 0.69553
v 0.50797 1.46403 0.68273
v 0.49202 1.46403 0.68273
v 0.55153 1.37141 0.50000
v 0.54761 1.37141 0.51972
v 0.50000 1.36325 0.50000
v 0.59801 1.39510 0.50000
v 0.59055 1.39510 0.53751
v 0.54761 1.37141 0.51972
v 0.55153 1.37141 0.50000
v 0.63490 1.43199 0.50000
v 0.62463 1.43199 0.55163
v 0.59055 1.39510 0.53751
v 0.59801 1.39510 0.50000
v 0.65859 1.47847 0.50000
v 0.64652 1.47847 0.56069
v 0.62463 1.43199 0.55163
v 0.63490 1.43199 0.50000
v 0.66675 1.53000 0.50000
v 0.65406 1.53000 0.56381
v 0.64652 1.47847 0.56069
v 0.65859 1.47847 0.50000
v 0.65859 1.58153 0.50000
v 0.64652 1.58153 0.56069
v 0.65406 1.53000 0.56381
v 0.66675 1.53000 0.50000
v 0.63490 1.62801 0.50000
v 0.62463 1.62801 0.55163
v 0.64652 1.58153 0.56069
v 0.65859 1.58153 0.50000
v 0.59801 1.66490 0.50000
v 0.59055 1.66490 0.53751
v 0.62463 1.62801 0.55163
v 0.63490 1.62801 0.50000
v 0.55153 1.68859 0.50000
v 0.54761 1.68859 0.51972
v 0.59055 1.66490 0.53751
v 0.59801 1.66490 0.50000
v 0.50000 1.69675 0.50000
v 0.54761 1.68859 0.51972
v 0.55153 1.68859 0.50000
v 0.54761 1.37141 0.51972
v 0.53644 1.37141 0.53644
v 0.50000 1.36325 0.50000
v 0.59055 1.39510 0.53751
v 0.56931 1.39510 0.56931
v 0.53644 1.37141 0.53644
v 0.54761 1.37141 0.51972
v 0.62463 1.43199 0.55163
v 0.59539 1.43199 0.59539
v 0.56931 1.39510 0.56931
v 0.59055 1.39510 0.53751
v 0.64652 1.47847 0.56069
v 0.61214 1.47847 0.61214
v 0.59539 1.43199 0.59539
v 0.62463 1.43199 0.55163
v 0.65406 1.53000 0.56381
v 0.61791 1.53000 0.61791
v 0.61214 1.47847 0.61214
v 0.64652 1.47847 0.56069
v 0.64652 1.58153 0.56069
v 0.61214 1.58153 0.61214
v 0.61791 1.53000 0.61791
v 0.65406 1.53000 0.56381
v 0.62463 1.62801 0.55163
v 0.59539 1.62801 0.59539
v 0.61214 1.58153 0.61214
v 0.64652 1.58153 0.56069
v 0.59055 1.66490 0.53751
v 0.56931 1.66490 0.56931
v 0.59539 1.62801 0.59539
v 0.62463 1.62801 0.55163
v 0.54761 1.68859 0.51972
v 0.53644 1.68859 0.53644
v 0.56931 1.66490 0.56931
v 0.59055 1.66490 0.53751
v 0.50000 1.69675 0.50000
v 0.53644 1.68859 0.53644
v 0.54761 1.68859 0.51972
v 0.53644 1.37141 0.53644
v 0.51972 1.37141 0.54761
v 0.50000 1.36325 0.50000
v 0.56931 1.39510 0.56931
v 0.53751 1.39510 0.59055
v 0.51972 1.37141 0.54761
v 0.53644 1.37141 0.53644
v 0.59539 1.43199 0.59539
v 0.55163 1.43199 0.62463
v 0.53751 1.39510 0.59055
v 0.56931 1.39510 0.56931
v 0.61214 1.47847 0.61214
v 0.56069 1.47847 0.64652
v 0.55163 1.43199 0.62463
v 0.59539 1.43199 0.59539
v 0.61791 1.53000 0.61791
v 0.56381 1.53000 0.65406
v 0.56069 1.47847 0.64652
v 0.61214 1.47847 0.61214
v 0.61214 1.58153 0.61214
v 0.56069 1.58153 0.64652
v 0.56381 1.53000 0.65406
v 0.61791 1.53000 0.61791
v 0.59539 1.62801 0.59539
v 0.55163 1.62801 0.62463
v 0.56069 1.58153 0.64652
v 0.61214 1.58153 0.61214
v 0.56931 1.66490 0.56931
v 0.53751 1.66490 0.59055
v 0.55163 1.62801 0.62463
v 0.59539 1.62801 0.59539
v 0.53644 1.68859 0.53644
v 0.51972 1.68859 0.54761
v 0.53751 1.66490 0.59055
v 0.56931 1.66490 0.56931
v 0.50000 1.69675 0.50000
v 0.51972 1.68859 0.54761
v 0.53644 1.68859 0.53644
v 0.51972 1.37141 0.54761
v 0.50000 1.37141 0.55153
v 0.50000 1.36325 0.50000
v 0.53751 1.39510 0.59055
v 0.50000 1.39510 0.59801
v 0.50000 1.37141 0.55153
v 0.51972 1.37141 0.54761
v 0.55163 1.43199 0.62463
v 0.50000 1.43199 0.63490
v 0.50000 1.39510 0.59801
v 0.53751 1.39510 0.59055
v 0.56069 1.47847 0.64652
v 0.50000 1.47847 0.65859
v 0.50000 1.43199 0.63490
v 0.55163 1.43199 0.62463
v 0.56381 1.53000 0.65406
v 0.50000 1.53000 0.66675
v 0.50000 1.47847 0.65859
v 0.56069 1.47847 0.64652
v 0.56069 1.58153 0.64652
v 0.50000 1.58153 0.65859
v 0.50000 1.53000 0.66675
v 0.56381 1.53000 0.65406
v 0.55163 1.62801 0.62463
v 0.50000 1.62801 0.63490
v 0.50000 1.58153 0.65859
v 0.56069 1.58153 0.64652
v 0.53751 1.66490 0.59055
v 0.50000 1.66490 0.59801
v 0.50000 1.62801 0.63490
v 0.55163 1.62801 0.62463
v 0.51972 1.68859 0.54761
v 0.50000 1.68859 0.55153
v 0.50000 1.66490 0.59801
v 0.53751 1.66490 0.59055
v 0.50000 1.69675 0.50000
v 0.50000 1.68859 0.55153
v 0.51972 1.68859 0.54761
v 0.50000 1.37141 0.55153
v 0.48028 1.37141 0.54761
v 0.50000 1.36325 0.50000
v 0.50000 1.39510 0.59801
v 0.46249 1.39510 0.59055
v 0.48028 1.37141 0.54761
v 0.50000 1.37141 0.55153
v 0.50000 1.43199 0.63490
v 0.44837 1.43199 0.62463
v 0.46249 1.39510 0.59055
v 0.50000 1.39510 0.59801
v 0.50000 1.47847 0.65859
v 0.43931 1.47847 0.64652
v 0.44837 1.43199 0.62463
v 0.50000 1.43199 0.63490
v 0.50000 1.53000 0.66675
v 0.43619 1.53000 0.65406
v 0.43931 1.47847 0.64652
v 0.50000 1.47847 0.65859
v 0.50000 1.58153 0.65859
v 0.43931 1.58153 0.64652
v 0.43619 1.53000 0.65406
v 0.50000 1.53000 0.66675
v 0.50000 1.62801 0.63490
v 0.44837 1.62801 0.62463
v 0.43931 1.58153 0.64652
v 0.50000 1.58153 0.65859
v 0.50000 1.66490 0.59801
v 0.46249 1.66490 0.59055
v 0.44837 1.62801 0.62463
v 0.50000 1.62801 0.63490
v 0.50000 1.68859 0.55153
v 0.48028 1.68859 0.54761
v 0.46249 1.66490 0.59055
v 0.50000 1.66490 0.59801
v 0.50000 1.69675 0.50000
v 0.48028 1.68859 0.54761
v 0.50000 1.68859 0.55153
v 0.48028 1.37141 0.54761
v 0.46356 1.37141 0.53644
v 0.50000 1.36325 0.50000
v 0.46249 1.39510 0.59055
v 0.43069 1.39510 0.56931
v 0.46356 1.37141 0.53644
v 0.48028 1.37141 0.54761
v 0.44837 1.43199 0.62463
v 0.40461 1.43199 0.59539
v 0.43069 1.39510 0.56931
v 0.46249 1.39510 0.59055
v 0.43931 1.47847 0.64652
v 0.38786 1.47847 0.61214
v 0.40461 1.43199 0.59539
v 0.44837 1.43199 0.62463
v 0.43619 1.53000 0.65406
v 0.38209 1.53000 0.61791
v 0.38786 1.47847 0.61214
v 0.43931 1.47847 0.64652
v 0.43931 1.58153 0.64652
v 0.38786 1.58153 0.61214
v 0.38209 1.53000 0.61791
v 0.43619 1.53000 0.65406
v 0.44837 1.62801 0.62463
v 0.40461 1.62801 0.59539
v 0.38786 1.58153 0.61214
v 0.43931 1.58153 0.64652
v 0.46249 1.66490 0.59055
v 0.43069 1.66490 0.56931
v 0.40461 1.62801 0.59539
v 0.44837 1.62801 0.62463
v 0.48028 1.68859 0.54761
v 0.46356 1.68859 0.53644
v 0.43069 1.66490 0.56931
v 0.46249 1.66490 0.59055
v 0.50000 1.69675 0.50000
v 0.46356 1.68859 0.53644
v 0.48028 1.68859 0.54761
v 0.46356 1.37141 0.53644
v 0.45239 1.37141 0.51972
v 0.50000 1.36325 0.50000
v 0.43069 1.39510 0.56931
v 0.40945 1.39510 0.53751
v 0.45239 1.37141 0.51972
v 0.46356 1.37141 0.53644
v 0.40461 1.43199 0.59539
v 0.37537 1.43199 0.55163
v 0.40945 1.39510 0.53751
v 0.43069 1.39510 0.56931
v 0.38786 1.47847 0.61214
v 0.35348 1.47847 0.56069
v 0.37537 1.43199 0.55163
v 0.40461 1.43199 0.59539
v 0.38209 1.53000 0.61791
v 0.34594 1.53000 0.56381
v 0.35348 1.47847 0.56069
v 0.38786 1.47847 0.61214
v 0.38786 1.58153 0.61214
v 0.35348 1.58153 0.56069
v 0.34594 1.53000 0.56381
v 0.38209 1.53000 0.61791
v 0.40461 1.62801 0.59539
v 0.37537 1.62801 0.55163
v 0.35348 1.58153 0.56069
v 0.38786 1.58153 0.61214
v 0.43069 1.66490 0.56931
v 0.40945 1.66490 0.53751
v 0.37537 1.62801 0.55163
v 0.40461 1.62801 0.59539
v 0.46356 1.68859 0.53644
v 0.45239 1.68859 0.51972
v 0.40945 1.66490 0.53751
v 0.43069 1.66490 0.56931
v 0.50000 1.69675 0.50000
v 0.45239 1.68859 0.51972
v 0.46356 1.68859 0.53644
v 0.45239 1.37141 0.51972
v 0.44847 1.37141 0.50000
v 0.50000 1.36325 0.50000
v 0.40945 1.39510 0.53751
v 0.40199 1.39510 0.50000
v 0.44847 1.37141 0.50000
v 0.45239 1.37141 0.51972
v 0.37537 1.43199 0.55163
v 0.36510 1.43199 0.50000
v 0.40199 1.39510 0.50000
v 0.40945 1.39510 0.53751
v 0.35348 1.47847 0.56069
v 0.34141 1.47847 0.50000
v 0.36510 1.43199 0.50000
v 0.37537 1.43199 0.55163
v 0.34594 1.53000 0.56381
v 0.33325 1.53000 0.50000
v 0.34141 1.47847 0.50000
v 0.35348 1.47847 0.56069
v 0.35348 1.58153 0.56069
v 0.34141 1.58153 0.50000
v 0.33325 1.53000 0.50000
v 0.34594 1.53000 0.56381
v 0.37537 1.62801 0.55163
v 0.36510 1.62801 0.50000
v 0.34141 1.58153 0.50000
v 0.35348 1.58153 0.56069
v 0.40945 1.66490 0.53751
v 0.40199 1.66490 0.50000
v 0.36510 1.62801 0.50000
v 0.37537 1.62801 0.55163
v 0.45239 1.68859 0.51972
v 0.44847 1.68859 0.50000
v 0.40199 1.66490 0.50000
v 0.40945 1.66490 0.53751
v 0.50000 1.69675 0.50000
v 0.44847 1.68859 0.50000
v 0.45239 1.68859 0.51972
v 0.44847 1.37141 0.50000
v 0.45239 1.37141 0.48028
v 0.50000 1.36325 0.50000
v 0.40199 1.39510 0.50000
v 0.40945 1.39510 0.46249
v 0.45239 1.37141 0.48028
v 0.44847 1.37141 0.50000
v 0.36510 1.43199 0.50000
v 0.37537 1.43199 0.44837
v 0.40945 1.39510 0.46249
v 0.40199 1.39510 0.50000
v 0.34141 1.47847 0.50000
v 0.35348 1.47847 0.43931
v 0.37537 1.43199 0.44837
v 0.36510 1.43199 0.50000
v 0.33325 1.53000 0.50000
v 0.34594 1.53000 0.43619
v 0.35348 1.47847 0.43931
v 0.34141 1.47847 0.50000
v 0.34141 1.58153 0.50000
v 0.35348 1.58153 0.43931
v 0.34594 1.53000 0.43619
v 0.33325 1.53000 0.50000
v 0.36510 1.62801 0.50000
v 0.37537 1.62801 0.44837
v 0.35348 1.58153 0.43931
v 0.34141 1.58153 0.50000
v 0.40199 1.66490 0.50000
v 0.40945 1.66490 0.46249
v 0.37537 1.62801 0.44837
v 0.36510 1.62801 0.50000
v 0.44847 1.68859 0.50000
v 0.45239 1.68859 0.48028
v 0.40945 1.66490 0.46249
v 0.40199 1.66490 0.50000
v 0.50000 1.69675 0.50000
v 0.45239 1.68859 0.48028
v 0.44847 1.68859 0.50000
v 0.45239 1.37141 0.48028
v 0.46356 1.37141 0.46356
v 0.50000 1.36325 0.50000
v 0.40945 1.39510 0.46249
v 0.43069 1.39510 0.43069
v 0.46356 1.37141 0.46356
v 0.45239 1.37141 0.48028
v 0.37537 1.43199 0.44837
v 0.40461 1.43199 0.40461
v 0.43069 1.39510 0.43069
v 0.40945 1.39510 0.46249
v 0.35348 1.47847 0.43931
v 0.38786 1.47847 0.38786
v 0.40461 1.43199 0.40461
v 0.37537 1.43199 0.44837
v 0.34594 1.53000 0.43619
v 0.38209 1.53000 0.38209
v 0.38786 1.47847 0.38786
v 0.35348 1.47847 0.43931
v 0.35348 1.58153 0.43931
v 0.38786 1.58153 0.38786
v 0.38209 1.53000 0.38209
v 0.34594 1.53000 0.43619
v 0.37537 1.62801 0.44837
v 0.40461 1.62801 0.40461
v 0.38786 1.58153 0.38786
v 0.35348 1.58153 0.43931
v 0.40945 1.66490 0.46249
v 0.43069 1.66490 0.43069
v 0.40461 1.62801 0.40461
v 0.37537 1.62801 0.44837
v 0.45239 1.68859 0.48028
v 0.46356 1.68859 0.46356
v 0.43069 1.66490 0.43069
v 0.40945 1.66490 0.46249
v 0.50000 1.69675 0.50000
v 0.46356 1.68859 0.46356
v 0.45239 1.68859 0.48028
v 0.46356 1.37141 0.46356
v 0.48028 1.37141 0.45239
v 0.50000 1.36325 0.50000
v 0.43069 1.39510 0.43069
v 0.46249 1.39510 0.40945
v 0.48028 1.37141 0.45239
v 0.46356 1.37141 0.46356
v 0.40461 1.43199 0.40461
v 0.44837 1.43199 0.37537
v 0.46249 1.39510 0.40945
v 0.43069 1.39510 0.43069
v 0.38786 1.47847 0.38786
v 0.43931 1.47847 0.35348
v 0.44837 1.43199 0.37537
v 0.40461 1.43199 0.40461
v 0.38209 1.53000 0.38209
v 0.43619 1.53000 0.34594
v 0.43931 1.47847 0.35348
v 0.38786 1.47847 0.38786
v 0.38786 1.58153 0.38786
v 0.43931 1.58153 0.35348
v 0.43619 1.53000 0.34594
v 0.38209 1.53000 0.38209
v 0.40461 1.62801 0.40461
v 0.44837 1.62801 0.37537
v 0.43931 1.58153 0.35348
v 0.38786 1.58153 0.38786
v 0.43069 1.66490 0.43069
v 0.46249 1.66490 0.40945
v 0.44837 1.62801 0.37537
v 0.40461 1.62801 0.40461
v 0.46356 1.68859 0.46356
v 0.48028 1.68859 0.45239
v 0.46249 1.66490 0.40945
v 0.43069 1.66490 0.43069
v 0.50000 1.69675 0.50000
v 0.48028 1.68859 0.45239
v 0.46356 1.68859 0.46356
v 0.48028 1.37141 0.45239
v 0.50000 1.37141 0.44847
v 0.50000 1.36325 0.50000
v 0.46249 1.39510 0.40945
v 0.50000 1.39510 0.40199
v 0.50000 1.37141 0.44847
v 0.48028 1.37141 0.45239
v 0.44837 1.43199 0.37537
v 0.50000 1.43199 0.36510
v 0.50000 1.39510 0.40199
v 0.46249 1.39510 0.40945
v 0.43931 1.47847 0.35348
v 0.50000 1.47847 0.34141
v 0.50000 1.43199 0.36510
v 0.44837 1.43199 0.37537
v 0.43619 1.53000 0.34594
v 0.50000 1.53000 0.33325
v 0.50000 1.47847 0.34141
v 0.43931 1.47847 0.35348
v 0.43931 1.58153 0.35348
v 0.50000 1.58153 0.34141
v 0.50000 1.53000 0.33325
v 0.43619 1.53000 0.34594
v 0.44837 1.62801 0.37537
v 0.50000 1.62801 0.36510
v 0.50000 1.58153 0.34141
v 0.43931 1.58153 0.35348
v 0.46249 1.66490 0.40945
v 0.50000 1.66490 0.40199
v 0.50000 1.62801 0.36510
v 0.44837 1.62801 0.37537
v 0.48028 1.68859 0.45239
v 0.50000 1.68859 0.44847
v 0.50000 1.66490 0.40199
v 0.46249 1.66490 0.40945
v 0.50000 1.69675 0.50000
v 0.50000 1.68859 0.44847
v 0.48028 1.68859 0.45239
v 0.50000 1.37141 0.44847
v 0.51972 1.37141 0.45239
v 0.50000 1.36325 0.50000
v 0.50000 1.39510 0.40199
v 0.53751 1.39510 0.40945
v 0.51972 1.37141 0.45239
v 0.50000 1.37141 0.44847
v 0.50000 1.43199 0.36510
v 0.55163 1.43199 0.37537
v 0.53751 1.39510 0.40945
v 0.50000 1.39510 0.40199
v 0.50000 1.47847 0.34141
v 0.56069 1.47847 0.35348
v 0.55163 1.43199 0.37537
v 0.50000 1.43199 0.36510
v 0.50000 1.53000 0.33325
v 0.56381 1.53000 0.34594
v 0.56069 1.47847 0.35348
v 0.50000 1.47847 0.34141
v 0.50000 1.58153 0.34141
v 0.56069 1.58153 0.35348
v 0.56381 1.53000 0.34594
v 0.50000 1.53000 0.33325
v 0.50000 1.62801 0.36510
v 0.55163 1.62801 0.37537
v 0.56069 1.58153 0.35348
v 0.50000 1.58153 0.34141
v 0.50000 1.66490 0.40199
v 0.53751 1.66490 0.40945
v 0.55163 1.62801 0.37537
v 0.50000 1.62801 0.36510
v 0.50000 1.68859 0.44847
v 0.51972 1.68859 0.45239
v 0.53751 1.66490 0.40945
v 0.50000 1.66490 0.40199
v 0.50000 1.69675 0.50000
v 0.51972 1.68859 0.45239
v 0.50000 1.68859 0.44847
v 0.51972 1.37141 0.45239
v 0.53644 1.37141 0.46356
v 0.50000 1.36325 0.50000
v 0.53751 1.39510 0.40945
v 0.56931 1.39510 0.43069
v 0.53644 1.37141 0.46356
v 0.51972 1.37141 0.45239
v 0.55163 1.43199 0.37537
v 0.59539 1.43199 0.40461
v 0.56931 1.39510 0.43069
v 0.53751 1.39510 0.40945
v 0.56069 1.47847 0.35348
v 0.61214 1.47847 0.38786
v 0.59539 1.43199 0.40461
v 0.55163 1.43199 0.37537
v 0.56381 1.53000 0.34594
v 0.61791 1.53000 0.38209
v 0.61214 1.47847 0.38786
v 0.56069 1.47847 0.35348
v 0.56069 1.58153 0.35348
v 0.61214 1.58153 0.38786
v 0.61791 1.53000 0.38209
v 0.56381 1.53000 0.34594
v 0.55163 1.62801 0.37537
v 0.59539 1.62801 0.40461
v 0.61214 1.58153 0.38786
v 0.56069 1.58153 0.35348
v 0.53751 1.66490 0.40945
v 0.56931 1.66490 0.43069
v 0.59539 1.62801 0.40461
v 0.55163 1.62801 0.37537
v 0.51972 1.68859 0.45239
v 0.53644 1.68859 0.46356
v 0.56931 1.66490 0.43069
v 0.53751 1.66490 0.40945
v 0.50000 1.69675 0.50000
v 0.53644 1.68859 0.46356
v 0.51972 1.68859 0.45239
v 0.53644 1.37141 0.46356
v 0.54761 1.37141 0.48028
v 0.50000 1.36325 0.50000
v 0.56931 1.39510 0.43069
v 0.59055 1.39510 0.46249
v 0.54761 1.37141 0.48028
v 0.53644 1.37141 0.46356
v 0.59539 1.43199 0.40461
v 0.62463 1.43199 0.44837
v 0.59055 1.39510 0.46249
v 0.56931 1.39510 0.43069
v 0.61214 1.47847 0.38786
v 0.64652 1.47847 0.43931
v 0.62463 1.43199 0.44837
v 0.59539 1.43199 0.40461
v 0.61791 1.53000 0.38209
v 0.65406 1.53000 0.43619
v 0.64652 1.47847 0.43931
v 0.61214 1.47847 0.38786
v 0.61214 1.58153 0.38786
v 0.64652 1.58153 0.43931
v 0.65406 1.53000 0.43619
v 0.61791 1.53000 0.38209
v 0.59539 1.62801 0.40461
v 0.62463 1.62801 0.44837
v 0.64652 1.58153 0.43931
v 0.61214 1.58153 0.38786
v 0.56931 1.66490 0.43069
v 0.59055 1.66490 0.46249
v 0.62463 1.62801 0.44837
v 0.59539 1.62801 0.40461
v 0.53644 1.68859 0.46356
v 0.54761 1.68859 0.48028
v 0.59055 1.66490 0.46249
v 0.56931 1.66490 0.43069
v 0.50000 1.69675 0.50000
v 0.54761 1.68859 0.48028
v 0.53644 1.68859 0.46356
v 0.54761 1.37141 0.48028
v 0.55153 1.37141 0.50000
v 0.50000 1.36325 0.50000
v 0.59055 1.39510 0.46249
v 0.59801 1.39510 0.50000
v 0.55153 1.37141 0.50000
v 0.54761 1.37141 0.48028
v 0.62463 1.43199 0.44837
v 0.63490 1.43199 0.50000
v 0.59801 1.39510 0.50000
v 0.59055 1.39510 0.46249
v 0.64652 1.47847 0.43931
v 0.65859 1.47847 0.50000
v 0.63490 1.43199 0.50000
v 0.62463 1.43199 0.44837
v 0.65406 1.53000 0.43619
v 0.66675 1.53000 0.50000
v 0.65859 1.47847 0.50000
v 0.64652 1.47847 0.43931
v 0.64652 1.58153 0.43931
v 0.65859 1.58153 0.50000
v 0.66675 1.53000 0.50000
v 0.65406 1.53000 0.43619
v 0.62463 1.62801 0.44837
v 0.63490 1.62801 0.50000
v 0.65859 1.58153 0.50000
v 0.64652 1.58153 0.43931
v 0.59055 1.66490 0.46249
v 0.59801 1.66490 0.50000
v 0.63490 1.62801 0.50000
v 0.62463 1.62801 0.44837
v 0.54761 1.68859 0.48028
v 0.55153 1.68859 0.50000
v 0.59801 1.66490 0.50000
v 0.59055 1.66490 0.46249
v 0.50000 1.69675 0.50000
v 0.55153 1.68859 0.50000
v 0.54761 1.68859 0.48028
v 0.53271 1.46207 0.50000
v 0.52647 1.46207 0.51923
v 0.50000 1.45460 0.50000
v 0.55895 1.48299 0.50000
v 0.54769 1.48299 0.53465
v 0.52647 1.46207 0.51923
v 0.53271 1.46207 0.50000
v 0.57351 1.51322 0.50000
v 0.55947 1.51322 0.54321
v 0.54769 1.48299 0.53465
v 0.55895 1.48299 0.50000
v 0.57351 1.54678 0.50000
v 0.55947 1.54678 0.54321
v 0.55947 1.51322 0.54321
v 0.57351 1.51322 0.50000
v 0.55895 1.57701 0.50000
v 0.54769 1.57701 0.53465
v 0.55947 1.54678 0.54321
v 0.57351 1.54678 0.50000
v 0.53271 1.59793 0.50000
v 0.52647 1.59793 0.51923
v 0.54769 1.57701 0.53465
v 0.55895 1.57701 0.50000
v 0.50000 1.60540 0.50000
v 0.52647 1.59793 0.51923
v 0.53271 1.59793 0.50000
v 0.52647 1.46207 0.51923
v 0.51011 1.46207 0.53111
v 0.50000 1.45460 0.50000
v 0.54769 1.48299 0.53465
v 0.51822 1.48299 0.55606
v 0.51011 1.46207 0.53111
v 0.52647 1.46207 0.51923
v 0.55947 1.51322 0.54321
v 0.52272 1.51322 0.56991
v 0.51822 1.48299 0.55606
v 0.54769 1.48299 0.53465
v 0.55947 1.54678 0.54321
v 0.52272 1.54678 0.56991
v 0.52272 1.51322 0.56991
v 0.55947 1.51322 0.54321
v 0.54769 1.57701 0.53465
v 0.51822 1.57701 0.55606
v 0.52272 1.54678 0.56991
v 0.55947 1.54678 0.54321
v 0.52647 1.59793 0.51923
v 0.51011 1.59793 0.53111
v 0.51822 1.57701 0.55606
v 0.54769 1.57701 0.53465
v 0.50000 1.60540 0.50000
v 0.51011 1.59793 0.53111
v 0.52647 1.59793 0.51923
v 0.51011 1.46207 0.53111
v 0.48989 1.46207 0.53111
v 0.50000 1.45460 0.50000
v 0.51822 1.48299 0.55606
v 0.48178 1.48299 0.55606
v 0.48989 1.46207 0.53111
v 0.51011 1.46207 0.53111
v 0.52272 1.51322 0.56991
v 0.47728 1.51322 0.56991
v 0.48178 1.48299 0.55606
v 0.51822 1.48299 0.55606
v 0.52272 1.54678 0.56991
v 0.47728 1.54678 0.56991
v 0.47728 1.51322 0.56991
v 0.52272 1.51322 0.56991
v 0.51822 1.57701 0.55606
v 0.48178 1.57701 0.55606
v 0.47728 1.54678 0.56991
v 0.52272 1.54678 0.56991
v 0.51011 1.59793 0.53111
v 0.48989 1.59793 0.53111
v 0.48178 1.57701 0.55606
v 0.51822 1.57701 0.55606
v 0.50000 1.60540 0.50000
v 0.48989 1.59793 0.53111
v 0.51011 1.59793 0.53111
v 0.48989 1.46207 0.53111
v 0.47353 1.46207 0.51923
v 0.50000 1.45460 0.50000
v 0.48178 1.48299 0.55606
v 0.45231 1.48299 0.53465
v 0.47353 1.46207 0.51923
v 0.48989 1.46207 0.53111
v 0.47728 1.51322 0.56991
v 0.44053 1.51322 0.54321
v 0.45231 1.48299 0.53465
v 0.48178 1.48299 0.55606
v 0.47728 1.54678 0.56991
v 0.44053 1.54678 0.54321
v 0.44053 1.51322 0.54321
v 0.47728 1.51322 0.56991
v 0.48178 1.57701 0.55606
v 0.45231 1.57701 0.53465
v 0.44053 1.54678 0.54321
v 0.47728 1.54678 0.56991
v 0.48989 1.59793 0.53111
v 0.47353 1.59793 0.51923
v 0.45231 1.57701 0.53465
v 0.48178 1.57701 0.55606
v 0.50000 1.60540 0.50000
v 0.47353 1.59793 0.51923
v 0.48989 1.59793 0.53111
v 0.47353 1.46207 0.51923
v 0.46729 1.46207 0.50000
v 0.50000 1.45460 0.50000
v 0.45231 1.48299 0.53465
v 0.44105 1.48299 0.50000
v 0.46729 1.46207 0.50000
v 0.47353 1.46207 0.51923
v 0.44053 1.51322 0.54321
v 0.42649 1.51322 0.50000
v 0.44105 1.48299 0.50000
v 0.45231 1.48299 0.53465
v 0.44053 1.54678 0.54321
v 0.42649 1.54678 0.50000
v 0.42649 1.51322 0.50000
v 0.44053 1.51322 0.54321
v 0.45231 1.57701 0.53465
v 0.44105 1.57701 0.50000
v 0.42649 1.54678 0.50000
v 0.44053 1.54678 0.54321
v 0.47353 1.59793 0.51923
v 0.46729 1.59793 0.50000
v 0.44105 1.57701 0.50000
v 0.45231 1.57701 0.53465
v 0.50000 1.60540 0.50000
v 0.46729 1.59793 0.50000
v 0.47353 1.59793 0.51923
v 0.46729 1.46207 0.50000
v 0.47353 1.46207 0.48077
v 0.50000 1.45460 0.50000
v 0.44105 1.48299 0.50000
v 0.45231 1.48299 0.46535
v 0.47353 1.46207 0.48077
v 0.46729 1.46207 0.50000
v 0.42649 1.51322 0.50000
v 0.44053 1.51322 0.45679
v 0.45231 1.48299 0.46535
v 0.44105 1.48299 0.50000
v 0.42649 1.54678 0.50000
v 0.44053 1.54678 0.45679
v 0.44053 1.51322 0.45679
v 0.42649 1.51322 0.50000
v 0.44105 1.57701 0.50000
v 0.45231 1.57701 0.46535
v 0.44053 1.54678 0.45679
v 0.42649 1.54678 0.50000
v 0.46729 1.59793 0.50000
v 0.47353 1.59793 0.48077
v 0.45231 1.57701 0.46535
v 0.44105 1.57701 0.50000
v 0.50000 1.60540 0.50000
v 0.47353 1.59793 0.48077
v 0.46729 1.59793 0.50000
v 0.47353 1.46207 0.48077
v 0.48989 1.46207 0.46889
v 0.50000 1.45460 0.50000
v 0.45231 1.48299 0.46535
v 0.48178 1.48299 0.44394
v 0.48989 1.46207 0.46889
v 0.47353 1.46207 0.48077
v 0.44053 1.51322 0.45679
v 0.47728 1.51322 0.43009
v 0.48178 1.48299 0.44394
v 0.45231 1.48299 0.46535
v 0.44053 1.54678 0.45679
v 0.47728 1.54678 0.43009
v 0.47728 1.51322 0.43009
v 0.44053 1.51322 0.45679
v 0.45231 1.57701 0.46535
v 0.48178 1.57701 0.44394
v 0.47728 1.54678 0.43009
v 0.44053 1.54678 0.45679
v 0.47353 1.59793 0.48077
v 0.48989 1.59793 0.46889
v 0.48178 1.57701 0.44394
v 0.45231 1.57701 0.46535
v 0.50000 1.60540 0.50000
v 0.48989 1.59793 0.46889
v 0.47353 1.59793 0.48077
v 0.48989 1.46207 0.46889
v 0.51011 1.46207 0.46889
v 0.50000 1.45460 0.50000
v 0.48178 1.48299 0.44394
v 0.51822 1.48299 0.44394
v 0.51011 1.46207 0.46889
v 0.48989 1.46207 0.46889
v 0.47728 1.51322 0.43009
v 0.52272 1.51322 0.43009
v 0.51822 1.48299 0.44394
v 0.48178 1.48299 0.44394
v 0.47728 1.54678 0.43009
v 0.52272 1.54678 0.43009
v 0.52272 1.51322 0.43009
v 0.47728 1.51322 0.43009
v 0.48178 1.57701 0.44394
v 0.51822 1.57701 0.44394
v 0.52272 1.54678 0.43009
v 0.47728 1.54678 0.43009
v 0.48989 1.59793 0.46889
v 0.51011 1.59793 0.46889
v 0.51822 1.57701 0.44394
v 0.48178 1.57701 0.44394
v 0.50000 1.60540 0.50000
v 0.51011 1.59793 0.46889
v 0.48989 1.59793 0.46889
v 0.51011 1.46207 0.46889
v 0.52647 1.46207 0.48077
v 0.50000 1.45460 0.50000
v 0.51822 1.48299 0.44394
v 0.54769 1.48299 0.46535
v 0.52647 1.46207 0.48077
v 0.51011 1.46207 0.46889
v 0.52272 1.51322 0.43009
v 0.55947 1.51322 0.45679
v 0.54769 1.48299 0.46535
v 0.51822 1.48299 0.44394
v 0.52272 1.54678 0.43009
v 0.55947 1.54678 0.45679
v 0.55947 1.51322 0.45679
v 0.52272 1.51322 0.43009
v 0.51822 1.57701 0.44394
v 0.54769 1.57701 0.46535
v 0.55947 1.54678 0.45679
v 0.52272 1.54678 0.43009
v 0.51011 1.59793 0.46889
v 0.52647 1.59793 0.48077
v 0.54769 1.57701 0.46535
v 0.51822 1.57701 0.44394
v 0.50000 1.60540 0.50000
v 0.52647 1.59793 0.48077
v 0.51011 1.59793 0.46889
v 0.52647 1.46207 0.48077
v 0.53271 1.46207 0.50000
v 0.50000 1.45460 0.50000
v 0.54769 1.48299 0.46535
v 0.55895 1.48299 0.50000
v 0.53271 1.46207 0.50000
v 0.52647 1.46207 0.48077
v 0.55947 1.51322 0.45679
v 0.57351 1.51322 0.50000
v 0.55895 1.48299 0.50000
v 0.54769 1.48299 0.46535
v 0.55947 1.54678 0.45679
v 0.57351 1.54678 0.50000
v 0.57351 1.51322 0.50000
v 0.55947 1.51322 0.45679
v 0.54769 1.57701 0.46535
v 0.55895 1.57701 0.50000
v 0.57351 1.54678 0.50000
v 0.55947 1.54678 0.45679
v 0.52647 1.59793 0.48077
v 0.53271 1.59793 0.50000
v 0.55895 1.57701 0.50000
v 0.54769 1.57701 0.46535
v 0.50000 1.60540 0.50000
v 0.53271 1.59793 0.50000
v 0.52647 1.59793 0.48077
v 0.80721 1.64026 0.50211
v 0.80037 1.63301 0.50021
v 0.79857 1.61869 0.56164
v 0.80534 1.62574 0.56437
v 0.80037 1.63301 0.50021
v 0.80344 1.62356 0.49810
v 0.80163 1.60925 0.55952
v 0.79857 1.61869 0.56164
v 0.80344 1.62356 0.49810
v 0.81335 1.62137 0.49789
v 0.81148 1.60685 0.56015
v 0.80163 1.60925 0.55952
v 0.81335 1.62137 0.49789
v 0.82019 1.62863 0.49979
v 0.81825 1.61390 0.56288
v 0.81148 1.60685 0.56015
v 0.82019 1.62863 0.49979
v 0.81712 1.63807 0.50190
v 0.81518 1.62334 0.56499
v 0.81825 1.61390 0.56288
v 0.81712 1.63807 0.50190
v 0.80721 1.64026 0.50211
v 0.80534 1.62574 0.56437
v 0.81518 1.62334 0.56499
v 0.80534 1.62574 0.56437
v 0.79857 1.61869 0.56164
v 0.78521 1.60133 0.61989
v 0.79162 1.60790 0.62423
v 0.79857 1.61869 0.56164
v 0.80163 1.60925 0.55952
v 0.78828 1.59189 0.61778
v 0.78521 1.60133 0.61989
v 0.80163 1.60925 0.55952
v 0.81148 1.60685 0.56015
v 0.79775 1.58901 0.62001
v 0.78828 1.59189 0.61778
v 0.81148 1.60685 0.56015
v 0.81825 1.61390 0.56288
v 0.80416 1.59558 0.62436
v 0.79775 1.58901 0.62001
v 0.81825 1.61390 0.56288
v 0.81518 1.62334 0.56499
v 0.80109 1.60502 0.62647
v 0.80416 1.59558 0.62436
v 0.81518 1.62334 0.56499
v 0.80534 1.62574 0.56437
v 0.79162 1.60790 0.62423
v 0.80109 1.60502 0.62647
v 0.79162 1.60790 0.62423
v 0.78521 1.60133 0.61989
v 0.76084 1.58141 0.67357
v 0.76657 1.58743 0.67940
v 0.78521 1.60133 0.61989
v 0.78828 1.59189 0.61778
v 0.76390 1.57197 0.67146
v 0.76084 1.58141 0.67357
v 0.78828 1.59189 0.61778
v 0.79775 1.58901 0.62001
v 0.77270 1.56854 0.67518
v 0.76390 1.57197 0.67146
v 0.79775 1.58901 0.62001
v 0.80416 1.59558 0.62436
v 0.77843 1.57456 0.68102
v 0.77270 1.56854 0.67518
v 0.80416 1.59558 0.62436
v 0.80109 1.60502 0.62647
v 0.77537 1.58400 0.68313
v 0.77843 1.57456 0.68102
v 0.80109 1.60502 0.62647
v 0.79162 1.60790 0.62423
v 0.76657 1.58743 0.67940
v 0.77537 1.58400 0.68313
v 0.76657 1.58743 0.67940
v 0.76084 1.58141 0.67357
v 0.72638 1.55970 0.72063
v 0.73116 1.56511 0.72776
v 0.76084 1.58141 0.67357
v 0.76390 1.57197 0.67146
v 0.72945 1.55026 0.71852
v 0.72638 1.55970 0.72063
v 0.76390 1.57197 0.67146
v 0.77270 1.56854 0.67518
v 0.73729 1.54623 0.72354
v 0.72945 1.55026 0.71852
v 0.77270 1.56854 0.67518
v 0.77843 1.57456 0.68102
v 0.74207 1.55164 0.73068
v 0.73729 1.54623 0.72354
v 0.77843 1.57456 0.68102
v 0.77537 1.58400 0.68313
v 0.73900 1.56108 0.73279
v 0.74207 1.55164 0.73068
v 0.77537 1.58400 0.68313
v 0.76657 1.58743 0.67940
v 0.73116 1.56511 0.72776
v 0.73900 1.56108 0.73279
v 0.73116 1.56511 0.72776
v 0.72638 1.55970 0.72063
v 0.68316 1.53703 0.75925
v 0.68674 1.54181 0.76745
v 0.72638 1.55970 0.72063
v 0.72945 1.55026 0.71852
v 0.68623 1.52759 0.75713
v 0.68316 1.53703 0.75925
v 0.72945 1.55026 0.71852
v 0.73729 1.54623 0.72354
v 0.69288 1.52293 0.76323
v 0.68623 1.52759 0.75713
v 0.73729 1.54623 0.72354
v 0.74207 1.55164 0.73068
v 0.69646 1.52771 0.77143
v 0.69288 1.52293 0.76323
v 0.74207 1.55164 0.73068
v 0.73900 1.56108 0.73279
v 0.69339 1.53716 0.77354
v 0.69646 1.52771 0.77143
v 0.73900 1.56108 0.73279
v 0.73116 1.56511 0.72776
v 0.68674 1.54181 0.76745
v 0.69339 1.53716 0.77354
v 0.68674 1.54181 0.76745
v 0.68316 1.53703 0.75925
v 0.63285 1.51427 0.78794
v 0.63504 1.51842 0.79694
v 0.68316 1.53703 0.75925
v 0.68623 1.52759 0.75713
v 0.63592 1.50483 0.78583
v 0.63285 1.51427 0.78794
v 0.68623 1.52759 0.75713
v 0.69288 1.52293 0.76323
v 0.64117 1.49954 0.79272
v 0.63592 1.50483 0.78583
v 0.69288 1.52293 0.76323
v 0.69646 1.52771 0.77143
v 0.64336 1.50369 0.80172
v 0.64117 1.49954 0.79272
v 0.69646 1.52771 0.77143
v 0.69339 1.53716 0.77354
v 0.64029 1.51314 0.80383
v 0.64336 1.50369 0.80172
v 0.69339 1.53716 0.77354
v 0.68674 1.54181 0.76745
v 0.63504 1.51842 0.79694
v 0.64029 1.51314 0.80383
v 0.63504 1.51842 0.79694
v 0.63285 1.51427 0.78794
v 0.57737 1.49229 0.80561
v 0.57802 1.49584 0.81510
v 0.63285 1.51427 0.78794
v 0.63592 1.50483 0.78583
v 0.58044 1.48285 0.80350
v 0.57737 1.49229 0.80561
v 0.63592 1.50483 0.78583
v 0.64117 1.49954 0.79272
v 0.58416 1.47695 0.81088
v 0.58044 1.48285 0.80350
v 0.64117 1.49954 0.79272
v 0.64336 1.50369 0.80172
v 0.58481 1.48050 0.82037
v 0.58416 1.47695 0.81088
v 0.64336 1.50369 0.80172
v 0.64029 1.51314 0.80383
v 0.58174 1.48994 0.82248
v 0.58481 1.48050 0.82037
v 0.64029 1.51314 0.80383
v 0.63504 1.51842 0.79694
v 0.57802 1.49584 0.81510
v 0.58174 1.48994 0.82248
v 0.57802 1.49584 0.81510
v 0.57737 1.49229 0.80561
v 0.51886 1.47195 0.81158
v 0.51789 1.47493 0.82123
v 0.57737 1.49229 0.80561
v 0.58044 1.48285 0.80350
v 0.52193 1.46251 0.80947
v 0.51886 1.47195 0.81158
v 0.58044 1.48285 0.80350
v 0.58416 1.47695 0.81088
v 0.52403 1.45605 0.81701
v 0.52193 1.46251 0.80947
v 0.58416 1.47695 0.81088
v 0.58481 1.48050 0.82037
v 0.52306 1.45903 0.82666
v 0.52403 1.45605 0.81701
v 0.58481 1.48050 0.82037
v 0.58174 1.48994 0.82248
v 0.51999 1.46847 0.82877
v 0.52306 1.45903 0.82666
v 0.58174 1.48994 0.82248
v 0.57802 1.49584 0.81510
v 0.51789 1.47493 0.82123
v 0.51999 1.46847 0.82877
v 0.51789 1.47493 0.82123
v 0.51886 1.47195 0.81158
v 0.45957 1.45402 0.80561
v 0.45696 1.45650 0.81510
v 0.51886 1.47195 0.81158
v 0.52193 1.46251 0.80947
v 0.46264 1.44457 0.80350
v 0.45957 1.45402 0.80561
v 0.52193 1.46251 0.80947
v 0.52403 1.45605 0.81701
v 0.46309 1.43762 0.81088
v 0.46264 1.44457 0.80350
v 0.52403 1.45605 0.81701
v 0.52306 1.45903 0.82666
v 0.46048 1.44010 0.82037
v 0.46309 1.43762 0.81088
v 0.52306 1.45903 0.82666
v 0.51999 1.46847 0.82877
v 0.45741 1.44955 0.82248
v 0.46048 1.44010 0.82037
v 0.51999 1.46847 0.82877
v 0.51789 1.47493 0.82123
v 0.45696 1.45650 0.81510
v 0.45741 1.44955 0.82248
v 0.45696 1.45650 0.81510
v 0.45957 1.45402 0.80561
v 0.40177 1.43918 0.78794
v 0.39756 1.44126 0.79694
v 0.45957 1.45402 0.80561
v 0.46264 1.44457 0.80350
v 0.40484 1.42974 0.78583
v 0.40177 1.43918 0.78794
v 0.46264 1.44457 0.80350
v 0.46309 1.43762 0.81088
v 0.40369 1.42238 0.79272
v 0.40484 1.42974 0.78583
v 0.46309 1.43762 0.81088
v 0.46048 1.44010 0.82037
v 0.39948 1.42445 0.80172
v 0.40369 1.42238 0.79272
v 0.46048 1.44010 0.82037
v 0.45741 1.44955 0.82248
v 0.39641 1.43389 0.80383
v 0.39948 1.42445 0.80172
v 0.45741 1.44955 0.82248
v 0.45696 1.45650 0.81510
v 0.39756 1.44126 0.79694
v 0.39641 1.43389 0.80383
v 0.39756 1.44126 0.79694
v 0.40177 1.43918 0.78794
v 0.34769 1.42803 0.75925
v 0.34198 1.42979 0.76745
v 0.40177 1.43918 0.78794
v 0.40484 1.42974 0.78583
v 0.35075 1.41858 0.75713
v 0.34769 1.42803 0.75925
v 0.40484 1.42974 0.78583
v 0.40369 1.42238 0.79272
v 0.34811 1.41091 0.76323
v 0.35075 1.41858 0.75713
v 0.40369 1.42238 0.79272
v 0.39948 1.42445 0.80172
v 0.34240 1.41267 0.77143
v 0.34811 1.41091 0.76323
v 0.39948 1.42445 0.80172
v 0.39641 1.43389 0.80383
v 0.33934 1.42212 0.77354
v 0.34240 1.41267 0.77143
v 0.39641 1.43389 0.80383
v 0.39756 1.44126 0.79694
v 0.34198 1.42979 0.76745
v 0.33934 1.42212 0.77354
v 0.34198 1.42979 0.76745
v 0.34769 1.42803 0.75925
v 0.29940 1.42097 0.72063
v 0.29235 1.42254 0.72776
v 0.34769 1.42803 0.75925
v 0.35075 1.41858 0.75713
v 0.30247 1.41152 0.71852
v 0.29940 1.42097 0.72063
v 0.35075 1.41858 0.75713
v 0.34811 1.41091 0.76323
v 0.29849 1.40365 0.72354
v 0.30247 1.41152 0.71852
v 0.34811 1.41091 0.76323
v 0.34240 1.41267 0.77143
v 0.29144 1.40522 0.73068
v 0.29849 1.40365 0.72354
v 0.34240 1.41267 0.77143
v 0.33934 1.42212 0.77354
v 0.28837 1.41467 0.73279
v 0.29144 1.40522 0.73068
v 0.33934 1.42212 0.77354
v 0.34198 1.42979 0.76745
v 0.29235 1.42254 0.72776
v 0.28837 1.41467 0.73279
v 0.29235 1.42254 0.72776
v 0.29940 1.42097 0.72063
v 0.25876 1.41828 0.67357
v 0.25059 1.41978 0.67940
v 0.29940 1.42097 0.72063
v 0.30247 1.41152 0.71852
v 0.26183 1.40884 0.67146
v 0.25876 1.41828 0.67357
v 0.30247 1.41152 0.71852
v 0.29849 1.40365 0.72354
v 0.25672 1.40089 0.67518
v 0.26183 1.40884 0.67146
v 0.29849 1.40365 0.72354
v 0.29144 1.40522 0.73068
v 0.24855 1.40239 0.68102
v 0.25672 1.40089 0.67518
v 0.29144 1.40522 0.73068
v 0.28837 1.41467 0.73279
v 0.24548 1.41183 0.68313
v 0.24855 1.40239 0.68102
v 0.28837 1.41467 0.73279
v 0.29235 1.42254 0.72776
v 0.25059 1.41978 0.67940
v 0.24548 1.41183 0.68313
v 0.25059 1.41978 0.67940
v 0.25876 1.41828 0.67357
v 0.22733 1.42007 0.61989
v 0.21829 1.42161 0.62423
v 0.25876 1.41828 0.67357
v 0.26183 1.40884 0.67146
v 0.23040 1.41062 0.61778
v 0.22733 1.42007 0.61989
v 0.26183 1.40884 0.67146
v 0.25672 1.40089 0.67518
v 0.22443 1.40273 0.62001
v 0.23040 1.41062 0.61778
v 0.25672 1.40089 0.67518
v 0.24855 1.40239 0.68102
v 0.21538 1.40427 0.62436
v 0.22443 1.40273 0.62001
v 0.24855 1.40239 0.68102
v 0.24548 1.41183 0.68313
v 0.21232 1.41372 0.62647
v 0.21538 1.40427 0.62436
v 0.24548 1.41183 0.68313
v 0.25059 1.41978 0.67940
v 0.21829 1.42161 0.62423
v 0.21232 1.41372 0.62647
v 0.21829 1.42161 0.62423
v 0.22733 1.42007 0.61989
v 0.20632 1.42626 0.56164
v 0.19670 1.42798 0.56437
v 0.22733 1.42007 0.61989
v 0.23040 1.41062 0.61778
v 0.20939 1.41682 0.55952
v 0.20632 1.42626 0.56164
v 0.23040 1.41062 0.61778
v 0.22443 1.40273 0.62001
v 0.20284 1.40909 0.56015
v 0.20939 1.41682 0.55952
v 0.22443 1.40273 0.62001
v 0.21538 1.40427 0.62436
v 0.19321 1.41081 0.56288
v 0.20284 1.40909 0.56015
v 0.21538 1.40427 0.62436
v 0.21232 1.41372 0.62647
v 0.19015 1.42025 0.56499
v 0.19321 1.41081 0.56288
v 0.21232 1.41372 0.62647
v 0.21829 1.42161 0.62423
v 0.19670 1.42798 0.56437
v 0.19015 1.42025 0.56499
v 0.19670 1.42798 0.56437
v 0.20632 1.42626 0.56164
v 0.19654 1.43662 0.50106
v 0.18665 1.43863 0.50211
v 0.20632 1.42626 0.56164
v 0.20939 1.41682 0.55952
v 0.19961 1.42718 0.49894
v 0.19654 1.43662 0.50106
v 0.20939 1.41682 0.55952
v 0.20284 1.40909 0.56015
v 0.19279 1.41974 0.49789
v 0.19961 1.42718 0.49894
v 0.20284 1.40909 0.56015
v 0.19321 1.41081 0.56288
v 0.18289 1.42175 0.49894
v 0.19279 1.41974 0.49789
v 0.19321 1.41081 0.56288
v 0.19015 1.42025 0.56499
v 0.17982 1.43119 0.50106
v 0.18289 1.42175 0.49894
v 0.19015 1.42025 0.56499
v 0.19670 1.42798 0.56437
v 0.18665 1.43863 0.50211
v 0.17982 1.43119 0.50106
v 0.18665 1.43863 0.50211
v 0.19654 1.43662 0.50106
v 0.19837 1.45075 0.44048
v 0.18852 1.45315 0.43985
v 0.19654 1.43662 0.50106
v 0.19961 1.42718 0.49894
v 0.20143 1.44131 0.43836
v 0.19837 1.45075 0.44048
v 0.19961 1.42718 0.49894
v 0.19279 1.41974 0.49789
v 0.19466 1.43426 0.43563
v 0.20143 1.44131 0.43836
v 0.19279 1.41974 0.49789
v 0.18289 1.42175 0.49894
v 0.18482 1.43666 0.43501
v 0.19466 1.43426 0.43563
v 0.18289 1.42175 0.49894
v 0.17982 1.43119 0.50106
v 0.18175 1.44610 0.43712
v 0.18482 1.43666 0.43501
v 0.17982 1.43119 0.50106
v 0.18665 1.43863 0.50211
v 0.18852 1.45315 0.43985
v 0.18175 1.44610 0.43712
v 0.18852 1.45315 0.43985
v 0.19837 1.45075 0.44048
v 0.21172 1.46811 0.38222
v 0.20225 1.47099 0.37999
v 0.19837 1.45075 0.44048
v 0.20143 1.44131 0.43836
v 0.21479 1.45867 0.38011
v 0.21172 1.46811 0.38222
v 0.20143 1.44131 0.43836
v 0.19466 1.43426 0.43563
v 0.20838 1.45210 0.37577
v 0.21479 1.45867 0.38011
v 0.19466 1.43426 0.43563
v 0.18482 1.43666 0.43501
v 0.19891 1.45498 0.37353
v 0.20838 1.45210 0.37577
v 0.18482 1.43666 0.43501
v 0.18175 1.44610 0.43712
v 0.19584 1.46442 0.37564
v 0.19891 1.45498 0.37353
v 0.18175 1.44610 0.43712
v 0.18852 1.45315 0.43985
v 0.20225 1.47099 0.37999
v 0.19584 1.46442 0.37564
v 0.20225 1.47099 0.37999
v 0.21172 1.46811 0.38222
v 0.23610 1.48803 0.32854
v 0.22730 1.49146 0.32482
v 0.21172 1.46811 0.38222
v 0.21479 1.45867 0.38011
v 0.23916 1.47859 0.32643
v 0.23610 1.48803 0.32854
v 0.21479 1.45867 0.38011
v 0.20838 1.45210 0.37577
v 0.23343 1.47257 0.32060
v 0.23916 1.47859 0.32643
v 0.20838 1.45210 0.37577
v 0.19891 1.45498 0.37353
v 0.22463 1.47600 0.31687
v 0.23343 1.47257 0.32060
v 0.19891 1.45498 0.37353
v 0.19584 1.46442 0.37564
v 0.22157 1.48544 0.31898
v 0.22463 1.47600 0.31687
v 0.19584 1.46442 0.37564
v 0.20225 1.47099 0.37999
v 0.22730 1.49146 0.32482
v 0.22157 1.48544 0.31898
v 0.22730 1.49146 0.32482
v 0.23610 1.48803 0.32854
v 0.27055 1.50974 0.28148
v 0.26271 1.51377 0.27646
v 0.23610 1.48803 0.32854
v 0.23916 1.47859 0.32643
v 0.27362 1.50030 0.27937
v 0.27055 1.50974 0.28148
v 0.23916 1.47859 0.32643
v 0.23343 1.47257 0.32060
v 0.26884 1.49489 0.27224
v 0.27362 1.50030 0.27937
v 0.23343 1.47257 0.32060
v 0.22463 1.47600 0.31687
v 0.26100 1.49892 0.26721
v 0.26884 1.49489 0.27224
v 0.22463 1.47600 0.31687
v 0.22157 1.48544 0.31898
v 0.25793 1.50836 0.26932
v 0.26100 1.49892 0.26721
v 0.22157 1.48544 0.31898
v 0.22730 1.49146 0.32482
v 0.26271 1.51377 0.27646
v 0.25793 1.50836 0.26932
v 0.26271 1.51377 0.27646
v 0.27055 1.50974 0.28148
v 0.31377 1.53241 0.24287
v 0.30712 1.53707 0.23677
v 0.27055 1.50974 0.28148
v 0.27362 1.50030 0.27937
v 0.31684 1.52297 0.24075
v 0.31377 1.53241 0.24287
v 0.27362 1.50030 0.27937
v 0.26884 1.49489 0.27224
v 0.31326 1.51819 0.23255
v 0.31684 1.52297 0.24075
v 0.26884 1.49489 0.27224
v 0.26100 1.49892 0.26721
v 0.30661 1.52284 0.22646
v 0.31326 1.51819 0.23255
v 0.26100 1.49892 0.26721
v 0.25793 1.50836 0.26932
v 0.30354 1.53229 0.22857
v 0.30661 1.52284 0.22646
v 0.25793 1.50836 0.26932
v 0.26271 1.51377 0.27646
v 0.30712 1.53707 0.23677
v 0.30354 1.53229 0.22857
v 0.30712 1.53707 0.23677
v 0.31377 1.53241 0.24287
v 0.36408 1.55517 0.21417
v 0.35883 1.56046 0.20728
v 0.31377 1.53241 0.24287
v 0.31684 1.52297 0.24075
v 0.36715 1.54573 0.21206
v 0.36408 1.55517 0.21417
v 0.31684 1.52297 0.24075
v 0.31326 1.51819 0.23255
v 0.36496 1.54158 0.20306
v 0.36715 1.54573 0.21206
v 0.31326 1.51819 0.23255
v 0.30661 1.52284 0.22646
v 0.35971 1.54686 0.19617
v 0.36496 1.54158 0.20306
v 0.30661 1.52284 0.22646
v 0.30354 1.53229 0.22857
v 0.35664 1.55631 0.19828
v 0.35971 1.54686 0.19617
v 0.30354 1.53229 0.22857
v 0.30712 1.53707 0.23677
v 0.35883 1.56046 0.20728
v 0.35664 1.55631 0.19828
v 0.35883 1.56046 0.20728
v 0.36408 1.55517 0.21417
v 0.41956 1.57715 0.19650
v 0.41584 1.58305 0.18912
v 0.36408 1.55517 0.21417
v 0.36715 1.54573 0.21206
v 0.42263 1.56771 0.19439
v 0.41956 1.57715 0.19650
v 0.36715 1.54573 0.21206
v 0.36496 1.54158 0.20306
v 0.42198 1.56416 0.18490
v 0.42263 1.56771 0.19439
v 0.36496 1.54158 0.20306
v 0.35971 1.54686 0.19617
v 0.41826 1.57006 0.17752
v 0.42198 1.56416 0.18490
v 0.35971 1.54686 0.19617
v 0.35664 1.55631 0.19828
v 0.41519 1.57950 0.17963
v 0.41826 1.57006 0.17752
v 0.35664 1.55631 0.19828
v 0.35883 1.56046 0.20728
v 0.41584 1.58305 0.18912
v 0.41519 1.57950 0.17963
v 0.41584 1.58305 0.18912
v 0.41956 1.57715 0.19650
v 0.47807 1.59749 0.19053
v 0.47597 1.60395 0.18299
v 0.41956 1.57715 0.19650
v 0.42263 1.56771 0.19439
v 0.48114 1.58805 0.18842
v 0.47807 1.59749 0.19053
v 0.42263 1.56771 0.19439
v 0.42198 1.56416 0.18490
v 0.48211 1.58507 0.17877
v 0.48114 1.58805 0.18842
v 0.42198 1.56416 0.18490
v 0.41826 1.57006 0.17752
v 0.48001 1.59153 0.17123
v 0.48211 1.58507 0.17877
v 0.41826 1.57006 0.17752
v 0.41519 1.57950 0.17963
v 0.47694 1.60097 0.17334
v 0.48001 1.59153 0.17123
v 0.41519 1.57950 0.17963
v 0.41584 1.58305 0.18912
v 0.47597 1.60395 0.18299
v 0.47694 1.60097 0.17334
v 0.47597 1.60395 0.18299
v 0.47807 1.59749 0.19053
v 0.53736 1.61543 0.19650
v 0.53691 1.62238 0.18912
v 0.47807 1.59749 0.19053
v 0.48114 1.58805 0.18842
v 0.54043 1.60598 0.19439
v 0.53736 1.61543 0.19650
v 0.48114 1.58805 0.18842
v 0.48211 1.58507 0.17877
v 0.54304 1.60350 0.18490
v 0.54043 1.60598 0.19439
v 0.48211 1.58507 0.17877
v 0.48001 1.59153 0.17123
v 0.54259 1.61045 0.17752
v 0.54304 1.60350 0.18490
v 0.48001 1.59153 0.17123
v 0.47694 1.60097 0.17334
v 0.53952 1.61990 0.17963
v 0.54259 1.61045 0.17752
v 0.47694 1.60097 0.17334
v 0.47597 1.60395 0.18299
v 0.53691 1.62238 0.18912
v 0.53952 1.61990 0.17963
v 0.53691 1.62238 0.18912
v 0.53736 1.61543 0.19650
v 0.59516 1.63026 0.21417
v 0.59631 1.63762 0.20728
v 0.53736 1.61543 0.19650
v 0.54043 1.60598 0.19439
v 0.59823 1.62082 0.21206
v 0.59516 1.63026 0.21417
v 0.54043 1.60598 0.19439
v 0.54304 1.60350 0.18490
v 0.60244 1.61874 0.20306
v 0.59823 1.62082 0.21206
v 0.54304 1.60350 0.18490
v 0.54259 1.61045 0.17752
v 0.60359 1.62611 0.19617
v 0.60244 1.61874 0.20306
v 0.54259 1.61045 0.17752
v 0.53952 1.61990 0.17963
v 0.60052 1.63555 0.19828
v 0.60359 1.62611 0.19617
v 0.53952 1.61990 0.17963
v 0.53691 1.62238 0.18912
v 0.59631 1.63762 0.20728
v 0.60052 1.63555 0.19828
v 0.59631 1.63762 0.20728
v 0.59516 1.63026 0.21417
v 0.64925 1.64142 0.24287
v 0.65189 1.64909 0.23677
v 0.59516 1.63026 0.21417
v 0.59823 1.62082 0.21206
v 0.65231 1.63197 0.24075
v 0.64925 1.64142 0.24287
v 0.59823 1.62082 0.21206
v 0.60244 1.61874 0.20306
v 0.65802 1.63021 0.23255
v 0.65231 1.63197 0.24075
v 0.60244 1.61874 0.20306
v 0.60359 1.62611 0.19617
v 0.66066 1.63788 0.22646
v 0.65802 1.63021 0.23255
v 0.60359 1.62611 0.19617
v 0.60052 1.63555 0.19828
v 0.65760 1.64733 0.22857
v 0.66066 1.63788 0.22646
v 0.60052 1.63555 0.19828
v 0.59631 1.63762 0.20728
v 0.65189 1.64909 0.23677
v 0.65760 1.64733 0.22857
v 0.65189 1.64909 0.23677
v 0.64925 1.64142 0.24287
v 0.69753 1.64848 0.28148
v 0.70151 1.65635 0.27646
v 0.64925 1.64142 0.24287
v 0.65231 1.63197 0.24075
v 0.70060 1.63903 0.27937
v 0.69753 1.64848 0.28148
v 0.65231 1.63197 0.24075
v 0.65802 1.63021 0.23255
v 0.70765 1.63746 0.27224
v 0.70060 1.63903 0.27937
v 0.65802 1.63021 0.23255
v 0.66066 1.63788 0.22646
v 0.71163 1.64533 0.26721
v 0.70765 1.63746 0.27224
v 0.66066 1.63788 0.22646
v 0.65760 1.64733 0.22857
v 0.70856 1.65478 0.26932
v 0.71163 1.64533 0.26721
v 0.65760 1.64733 0.22857
v 0.65189 1.64909 0.23677
v 0.70151 1.65635 0.27646
v 0.70856 1.65478 0.26932
v 0.70151 1.65635 0.27646
v 0.69753 1.64848 0.28148
v 0.73817 1.65116 0.32854
v 0.74328 1.65911 0.32482
v 0.69753 1.64848 0.28148
v 0.70060 1.63903 0.27937
v 0.74124 1.64172 0.32643
v 0.73817 1.65116 0.32854
v 0.70060 1.63903 0.27937
v 0.70765 1.63746 0.27224
v 0.74941 1.64022 0.32060
v 0.74124 1.64172 0.32643
v 0.70765 1.63746 0.27224
v 0.71163 1.64533 0.26721
v 0.75452 1.64817 0.31687
v 0.74941 1.64022 0.32060
v 0.71163 1.64533 0.26721
v 0.70856 1.65478 0.26932
v 0.75145 1.65761 0.31898
v 0.75452 1.64817 0.31687
v 0.70856 1.65478 0.26932
v 0.70151 1.65635 0.27646
v 0.74328 1.65911 0.32482
v 0.75145 1.65761 0.31898
v 0.74328 1.65911 0.32482
v 0.73817 1.65116 0.32854
v 0.76960 1.64938 0.38222
v 0.77557 1.65727 0.37999
v 0.73817 1.65116 0.32854
v 0.74124 1.64172 0.32643
v 0.77267 1.63993 0.38011
v 0.76960 1.64938 0.38222
v 0.74124 1.64172 0.32643
v 0.74941 1.64022 0.32060
v 0.78171 1.63839 0.37577
v 0.77267 1.63993 0.38011
v 0.74941 1.64022 0.32060
v 0.75452 1.64817 0.31687
v 0.78768 1.64628 0.37353
v 0.78171 1.63839 0.37577
v 0.75452 1.64817 0.31687
v 0.75145 1.65761 0.31898
v 0.78462 1.65573 0.37564
v 0.78768 1.64628 0.37353
v 0.75145 1.65761 0.31898
v 0.74328 1.65911 0.32482
v 0.77557 1.65727 0.37999
v 0.78462 1.65573 0.37564
v 0.77557 1.65727 0.37999
v 0.76960 1.64938 0.38222
v 0.79061 1.64318 0.44048
v 0.79716 1.65091 0.43985
v 0.76960 1.64938 0.38222
v 0.77267 1.63993 0.38011
v 0.79368 1.63374 0.43836
v 0.79061 1.64318 0.44048
v 0.77267 1.63993 0.38011
v 0.78171 1.63839 0.37577
v 0.80330 1.63202 0.43563
v 0.79368 1.63374 0.43836
v 0.78171 1.63839 0.37577
v 0.78768 1.64628 0.37353
v 0.80985 1.63975 0.43501
v 0.80330 1.63202 0.43563
v 0.78768 1.64628 0.37353
v 0.78462 1.65573 0.37564
v 0.80679 1.64919 0.43712
v 0.80985 1.63975 0.43501
v 0.78462 1.65573 0.37564
v 0.77557 1.65727 0.37999
v 0.79716 1.65091 0.43985
v 0.80679 1.64919 0.43712
v 0.79716 1.65091 0.43985
v 0.79061 1.64318 0.44048
v 0.80048 1.63266 0.50190
v 0.80721 1.64026 0.50211
v 0.79061 1.64318 0.44048
v 0.79368 1.63374 0.43836
v 0.80355 1.62322 0.49979
v 0.80048 1.63266 0.50190
v 0.79368 1.63374 0.43836
v 0.80330 1.63202 0.43563
v 0.81335 1.62137 0.49789
v 0.80355 1.62322 0.49979
v 0.80330 1.63202 0.43563
v 0.80985 1.63975 0.43501
v 0.82008 1.62897 0.49810
v 0.81335 1.62137 0.49789
v 0.80985 1.63975 0.43501
v 0.80679 1.64919 0.43712
v 0.81701 1.63841 0.50021
v 0.82008 1.62897 0.49810
v 0.80679 1.64919 0.43712
v 0.79716 1.65091 0.43985
v 0.80721 1.64026 0.50211
v 0.81701 1.63841 0.50021
v 0.78235 1.65280 0.65299
v 0.78235 1.58755 0.68489
v 0.81425 1.58755 0.65299
v 0.81425 1.58755 0.65299
v 0.78235 1.58755 0.68489
v 0.78235 1.52230 0.65299
v 0.78235 1.65280 0.65299
v 0.75045 1.58755 0.65299
v 0.78235 1.58755 0.68489
v 0.78235 1.58755 0.68489
v 0.75045 1.58755 0.65299
v 0.78235 1.52230 0.65299
v 0.78235 1.65280 0.65299
v 0.78235 1.58755 0.62109
v 0.75045 1.58755 0.65299
v 0.75045 1.58755 0.65299
v 0.78235 1.58755 0.62109
v 0.78235 1.52230 0.65299
v 0.78235 1.65280 0.65299
v 0.81425 1.58755 0.65299
v 0.78235 1.58755 0.62109
v 0.78235 1.58755 0.62109
v 0.81425 1.58755 0.65299
v 0.78235 1.52230 0.65299
v 0.24593 1.47559 0.66604
v 0.24593 1.41034 0.69794
v 0.27783 1.41034 0.66604
v 0.27783 1.41034 0.66604
v 0.24593 1.41034 0.69794
v 0.24593 1.34509 0.66604
v 0.24593 1.47559 0.66604
v 0.21403 1.41034 0.66604
v 0.24593 1.41034 0.69794
v 0.24593 1.41034 0.69794
v 0.21403 1.41034 0.66604
v 0.24593 1.34509 0.66604
v 0.24593 1.47559 0.66604
v 0.24593 1.41034 0.63414
v 0.21403 1.41034 0.66604
v 0.21403 1.41034 0.66604
v 0.24593 1.41034 0.63414
v 0.24593 1.34509 0.66604
v 0.24593 1.47559 0.66604
v 0.27783 1.41034 0.66604
v 0.24593 1.41034 0.63414
v 0.24593 1.41034 0.63414
v 0.27783 1.41034 0.66604
v 0.24593 1.34509 0.66604
v 0.47172 1.65736 0.18097
v 0.47172 1.59211 0.21287
v 0.50362 1.59211 0.18097
v 0.50362 1.59211 0.18097
v 0.47172 1.59211 0.21287
v 0.47172 1.52686 0.18097
v 0.47172 1.65736 0.18097
v 0.43982 1.59211 0.18097
v 0.47172 1.59211 0.21287
v 0.47172 1.59211 0.21287
v 0.43982 1.59211 0.18097
v 0.47172 1.52686 0.18097
v 0.47172 1.65736 0.18097
v 0.47172 1.59211 0.14907
v 0.43982 1.59211 0.18097
v 0.43982 1.59211 0.18097
v 0.47172 1.59211 0.14907
v 0.47172 1.52686 0.18097
v 0.47172 1.65736 0.18097
v 0.50362 1.59211 0.18097
v 0.47172 1.59211 0.14907
v 0.47172 1.59211 0.14907
v 0.50362 1.59211 0.18097
v 0.47172 1.52686 0.18097
v 0.27784 1.66646 0.50000
v 0.28265 1.66508 0.49310
v 0.25358 1.56324 0.49310
v 0.24861 1.56387 0.50000
v 0.28265 1.66508 0.49310
v 0.29045 1.66286 0.49574
v 0.26163 1.56224 0.49574
v 0.25358 1.56324 0.49310
v 0.29045 1.66286 0.49574
v 0.29045 1.66286 0.50426
v 0.26163 1.56224 0.50426
v 0.26163 1.56224 0.49574
v 0.29045 1.66286 0.50426
v 0.28265 1.66508 0.50690
v 0.25358 1.56324 0.50690
v 0.26163 1.56224 0.50426
v 0.28265 1.66508 0.50690
v 0.27784 1.66646 0.50000
v 0.24861 1.56387 0.50000
v 0.25358 1.56324 0.50690
v 0.24861 1.56387 0.50000
v 0.25358 1.56324 0.49310
v 0.26083 1.49024 0.49310
v 0.25584 1.48975 0.50000
v 0.25358 1.56324 0.49310
v 0.26163 1.56224 0.49574
v 0.26889 1.49105 0.49574
v 0.26083 1.49024 0.49310
v 0.26163 1.56224 0.49574
v 0.26163 1.56224 0.50426
v 0.26889 1.49105 0.50426
v 0.26889 1.49105 0.49574
v 0.26163 1.56224 0.50426
v 0.25358 1.56324 0.50690
v 0.26083 1.49024 0.50690
v 0.26889 1.49105 0.50426
v 0.25358 1.56324 0.50690
v 0.24861 1.56387 0.50000
v 0.25584 1.48975 0.50000
v 0.26083 1.49024 0.50690
v 0.28265 1.66508 0.50690
v 0.29045 1.66286 0.50426
v 0.29045 1.66286 0.49574
v 0.28265 1.66508 0.49310
v 0.27784 1.66646 0.50000
v 0.25584 1.48975 0.50000
v 0.26083 1.49024 0.49310
v 0.26889 1.49105 0.49574
v 0.26889 1.49105 0.50426
v 0.26083 1.49024 0.50690
v 0.26306 1.49627 0.50000
v 0.26306 1.44697 0.52610
v 0.28916 1.44697 0.50000
v 0.28916 1.44697 0.50000
v 0.26306 1.44697 0.52610
v 0.26306 1.39767 0.50000
v 0.26306 1.49627 0.50000
v 0.23696 1.44697 0.50000
v 0.26306 1.44697 0.52610
v 0.26306 1.44697 0.52610
v 0.23696 1.44697 0.50000
v 0.26306 1.39767 0.50000
v 0.26306 1.49627 0.50000
v 0.26306 1.44697 0.47390
v 0.23696 1.44697 0.50000
v 0.23696 1.44697 0.50000
v 0.26306 1.44697 0.47390
v 0.26306 1.39767 0.50000
v 0.26306 1.49627 0.50000
v 0.28916 1.44697 0.50000
v 0.26306 1.44697 0.47390
v 0.26306 1.44697 0.47390
v 0.28916 1.44697 0.50000
v 0.26306 1.39767 0.50000
v 0.69316 1.65306 0.50000
v 0.69797 1.65444 0.49310
v 0.72691 1.55328 0.49310
v 0.72193 1.55266 0.50000
v 0.69797 1.65444 0.49310
v 0.70577 1.65667 0.49574
v 0.73495 1.55428 0.49574
v 0.72691 1.55328 0.49310
v 0.70577 1.65667 0.49574
v 0.70577 1.65667 0.50426
v 0.73495 1.55428 0.50426
v 0.73495 1.55428 0.49574
v 0.70577 1.65667 0.50426
v 0.69797 1.65444 0.50690
v 0.72691 1.55328 0.50690
v 0.73495 1.55428 0.50426
v 0.69797 1.65444 0.50690
v 0.69316 1.65306 0.50000
v 0.72193 1.55266 0.50000
v 0.72691 1.55328 0.50690
v 0.72193 1.55266 0.50000
v 0.72691 1.55328 0.49310
v 0.71965 1.48128 0.49310
v 0.71466 1.48178 0.50000
v 0.72691 1.55328 0.49310
v 0.73495 1.55428 0.49574
v 0.72772 1.48047 0.49574
v 0.71965 1.48128 0.49310
v 0.73495 1.55428 0.49574
v 0.73495 1.55428 0.50426
v 0.72772 1.48047 0.50426
v 0.72772 1.48047 0.49574
v 0.73495 1.55428 0.50426
v 0.72691 1.55328 0.50690
v 0.71965 1.48128 0.50690
v 0.72772 1.48047 0.50426
v 0.72691 1.55328 0.50690
v 0.72193 1.55266 0.50000
v 0.71466 1.48178 0.50000
v 0.71965 1.48128 0.50690
v 0.69797 1.65444 0.50690
v 0.70577 1.65667 0.50426
v 0.70577 1.65667 0.49574
v 0.69797 1.65444 0.49310
v 0.69316 1.65306 0.50000
v 0.71466 1.48178 0.50000
v 0.71965 1.48128 0.49310
v 0.72772 1.48047 0.49574
v 0.72772 1.48047 0.50426
v 0.71965 1.48128 0.50690
v 0.72188 1.48685 0.50000
v 0.72188 1.43755 0.52610
v 0.74798 1.43755 0.50000
v 0.74798 1.43755 0.50000
v 0.72188 1.43755 0.52610
v 0.72188 1.38825 0.50000
v 0.72188 1.48685 0.50000
v 0.69578 1.43755 0.50000
v 0.72188 1.43755 0.52610
v 0.72188 1.43755 0.52610
v 0.69578 1.43755 0.50000
v 0.72188 1.38825 0.50000
v 0.72188 1.48685 0.50000
v 0.72188 1.43755 0.47390
v 0.69578 1.43755 0.50000
v 0.69578 1.43755 0.50000
v 0.72188 1.43755 0.47390
v 0.72188 1.38825 0.50000
v 0.72188 1.48685 0.50000
v 0.74798 1.43755 0.50000
v 0.72188 1.43755 0.47390
v 0.72188 1.43755 0.47390
v 0.74798 1.43755 0.50000
v 0.72188 1.38825 0.50000
v 0.54640 0.89000 0.50400
v 0.57240 0.89000 0.50400
v 0.56500 0.98000 0.50000
v 0.53500 0.98000 0.50000
v 0.53500 0.98000 0.50000
v 0.56500 0.98000 0.50000
v 0.57240 0.89000 0.50400
v 0.54640 0.89000 0.50400
v 0.55069 0.80000 0.51469
v 0.57269 0.80000 0.51469
v 0.57240 0.89000 0.51069
v 0.54640 0.89000 0.51069
v 0.54640 0.89000 0.51069
v 0.57240 0.89000 0.51069
v 0.57269 0.80000 0.51469
v 0.55069 0.80000 0.51469
v 0.54613 0.71000 0.51370
v 0.56413 0.71000 0.51370
v 0.57269 0.80000 0.50970
v 0.55069 0.80000 0.50970
v 0.55069 0.80000 0.50970
v 0.57269 0.80000 0.50970
v 0.56413 0.71000 0.51370
v 0.54613 0.71000 0.51370
v 0.53769 0.62000 0.50211
v 0.55169 0.62000 0.50211
v 0.56413 0.71000 0.49811
v 0.54613 0.71000 0.49811
v 0.54613 0.71000 0.49811
v 0.56413 0.71000 0.49811
v 0.55169 0.62000 0.50211
v 0.53769 0.62000 0.50211
v 0.53327 0.53000 0.49258
v 0.54327 0.53000 0.49258
v 0.55169 0.62000 0.48858
v 0.53769 0.62000 0.48858
v 0.53769 0.62000 0.48858
v 0.55169 0.62000 0.48858
v 0.54327 0.53000 0.49258
v 0.53327 0.53000 0.49258
v 0.42760 0.89000 0.50400
v 0.45360 0.89000 0.50400
v 0.46500 0.98000 0.50000
v 0.43500 0.98000 0.50000
v 0.43500 0.98000 0.50000
v 0.46500 0.98000 0.50000
v 0.45360 0.89000 0.50400
v 0.42760 0.89000 0.50400
v 0.42731 0.80000 0.51469
v 0.44931 0.80000 0.51469
v 0.45360 0.89000 0.51069
v 0.42760 0.89000 0.51069
v 0.42760 0.89000 0.51069
v 0.45360 0.89000 0.51069
v 0.44931 0.80000 0.51469
v 0.42731 0.80000 0.51469
v 0.43587 0.71000 0.51370
v 0.45387 0.71000 0.51370
v 0.44931 0.80000 0.50970
v 0.42731 0.80000 0.50970
v 0.42731 0.80000 0.50970
v 0.44931 0.80000 0.50970
v 0.45387 0.71000 0.51370
v 0.43587 0.71000 0.51370
v 0.44831 0.62000 0.50211
v 0.46231 0.62000 0.50211
v 0.45387 0.71000 0.49811
v 0.43587 0.71000 0.49811
v 0.43587 0.71000 0.49811
v 0.45387 0.71000 0.49811
v 0.46231 0.62000 0.50211
v 0.44831 0.62000 0.50211
v 0.45673 0.53000 0.49258
v 0.46673 0.53000 0.49258
v 0.46231 0.62000 0.48858
v 0.44831 0.62000 0.48858
v 0.44831 0.62000 0.48858
v 0.46231 0.62000 0.48858
v 0.46673 0.53000 0.49258
v 0.45673 0.53000 0.49258
vt 0.3750 0.7109
vt 0.3750 0.7109
vt 0.3750 0.7109
vt 0.3750 0.7109
vt 0.3750 0.7109
vt 0.3750 0.7109
vt 0.3750 0.7109
vt 0.3750 0.7109
vt 0.3750 0.7109
vt 0.3750 0.7109
vt 0.3750 0.7109
vt 0.3750 0.6250
vt 0.3750 0.6250
vt 0.3750 0.6250
vt 0.3750 0.6250
vt 0.3750 0.7109
vt 0.3750 0.7109
vt 0.3750 0.7109
vt 0.3750 0.6250
vt 0.3750 0.6250
vt 0.3750 0.6250
vt 0.3750 0.6250
vt 0.3750 0.6250
vt 0.3750 0.6250
vt 0.3750 0.6250
vt 0.3750 0.6250
vt 0.3750 0.6250
vt 0.3750 0.6250
vt 0.3750 0.6250
vt 0.3750 0.6250
vt 0.3750 0.6250
vt 0.3750 0.6250
vt 0.3750 0.6250
vt 0.3750 0.6250
vt 0.3750 0.6250
vt 0.3750 0.6250
vt 0.3750 0.6250
vt 0.3750 0.6250
vt 0.3750 0.6250
vt 0.3750 0.6250
vt 0.3750 0.6250
vt 0.3750 0.5391
vt 0.3750 0.5391
vt 0.3750 0.5391
vt 0.3750 0.5391
vt 0.3750 0.6250
vt 0.3750 0.6250
vt 0.3750 0.6250
vt 0.3750 0.6250
vt 0.3750 0.6250
vt 0.3750 0.6250
vt 0.3750 0.6250
vt 0.3750 0.5391
vt 0.3750 0.5391
vt 0.3750 0.5391
vt 0.3750 0.5391
vt 0.3750 0.5391
vt 0.3750 0.5391
vt 0.3750 0.5391
vt 0.3750 0.5391
vt 0.3750 0.6250
vt 0.3750 0.6250
vt 0.3750 0.6250
vt 0.3750 0.6250
vt 0.3750 0.6250
vt 0.3750 0.6250
vt 0.3750 0.6250
vt 0.3750 0.5391
vt 0.3750 0.5391
vt 0.3750 0.5391
vt 0.3750 0.5391
vt 0.3750 0.5391
vt 0.3750 0.5391
vt 0.3750 0.5391
vt 0.3750 0.5391
vt 0.3750 0.6250
vt 0.3750 0.6250
vt 0.3750 0.6250
vt 0.3750 0.6250
vt 0.3750 0.6250
vt 0.3750 0.6250
vt 0.3750 0.6250
vt 0.3750 0.6250
vt 0.3750 0.6250
vt 0.3750 0.6250
vt 0.3750 0.6250
vt 0.3750 0.5391
vt 0.3750 0.5391
vt 0.3750 0.5391
vt 0.3750 0.5391
vt 0.3750 0.7109
vt 0.3750 0.7109
vt 0.3750 0.7109
vt 0.3750 0.6250
vt 0.3750 0.6250
vt 0.3750 0.6250
vt 0.3750 0.6250
vt 0.3750 0.6250
vt 0.3750 0.6250
vt 0.3750 0.6250
vt 0.3750 0.6250
vt 0.3750 0.5391
vt 0.3750 0.5391
vt 0.3750 0.5391
vt 0.3750 0.5391
vt 0.3750 0.7109
vt 0.3750 0.7109
vt 0.3750 0.7109
vt 0.3750 0.7109
vt 0.3750 0.7109
vt 0.3750 0.7109
vt 0.3750 0.7109
vt 0.3750 0.7109
vt 0.3750 0.7109
vt 0.3750 0.7109
vt 0.3750 0.7109
vt 0.3750 0.6250
vt 0.3750 0.6250
vt 0.3750 0.6250
vt 0.3750 0.6250
vt 0.3750 0.7109
vt 0.3750 0.7109
vt 0.3750 0.7109
vt 0.3750 0.7109
vt 0.3750 0.7109
vt 0.3750 0.7109
vt 0.3750 0.7109
vt 0.3750 0.7109
vt 0.3750 0.7109
vt 0.3750 0.7109
vt 0.3750 0.7109
vt 0.3750 0.6250
vt 0.3750 0.6250
vt 0.3750 0.6250
vt 0.3750 0.6250
vt 0.3750 0.7109
vt 0.3750 0.7109
vt 0.3750 0.7109
vt 0.3750 0.7109
vt 0.3750 0.7109
vt 0.3750 0.7109
vt 0.3750 0.7109
vt 0.3750 0.7109
vt 0.3750 0.7109
vt 0.3750 0.7109
vt 0.3750 0.7109
vt 0.3750 0.7109
vt 0.3750 0.7109
vt 0.3750 0.7109
vt 0.3750 0.7109
vt 0.3750 0.7109
vt 0.3750 0.7109
vt 0.3750 0.7109
vt 0.3750 0.7109
vt 0.3750 0.7109
vt 0.3750 0.7109
vt 0.3750 0.7109
vt 0.3750 0.7109
vt 0.3750 0.7109
vt 0.3750 0.7109
vt 0.3750 0.7109
vt 0.3750 0.7109
vt 0.3750 0.7109
vt 0.3750 0.7109
vt 0.3750 0.7109
vt 0.3750 0.7109
vt 0.3750 0.7109
vt 0.3750 0.7109
vt 0.3750 0.7109
vt 0.3750 0.7109
vt 0.3750 0.7109
vt 0.3750 0.7109
vt 0.3750 0.7109
vt 0.3750 0.7109
vt 0.3750 0.7109
vt 0.3750 0.7109
vt 0.3750 0.7109
vt 0.3750 0.7109
vt 0.3750 0.7109
vt 0.3750 0.7109
vt 0.1250 0.2109
vt 0.1250 0.2109
vt 0.1250 0.2109
vt 0.1250 0.2109
vt 0.1250 0.2109
vt 0.1250 0.2109
vt 0.1250 0.2109
vt 0.1250 0.2109
vt 0.1250 0.2109
vt 0.1250 0.2109
vt 0.1250 0.2109
vt 0.1250 0.2109
vt 0.1250 0.2109
vt 0.1250 0.2109
vt 0.1250 0.2109
vt 0.1250 0.2109
vt 0.1250 0.1250
vt 0.1250 0.1250
vt 0.1250 0.1250
vt 0.1250 0.1250
vt 0.1250 0.1250
vt 0.1250 0.1250
vt 0.1250 0.1250
vt 0.1250 0.1250
vt 0.1250 0.1250
vt 0.1250 0.1250
vt 0.1250 0.1250
vt 0.1250 0.1250
vt 0.1250 0.1250
vt 0.1250 0.1250
vt 0.1250 0.1250
vt 0.1250 0.1250
vt 0.1250 0.1250
vt 0.1250 0.1250
vt 0.1250 0.1250
vt 0.1250 0.1250
vt 0.1250 0.1250
vt 0.1250 0.1250
vt 0.1250 0.1250
vt 0.1250 0.1250
vt 0.1250 0.1250
vt 0.1250 0.1250
vt 0.1250 0.1250
vt 0.1250 0.1250
vt 0.1250 0.1250
vt 0.1250 0.1250
vt 0.1250 0.1250
vt 0.1250 0.1250
vt 0.1250 0.0391
vt 0.1250 0.0391
vt 0.1250 0.0391
vt 0.1250 0.0391
vt 0.1250 0.0391
vt 0.1250 0.0391
vt 0.1250 0.0391
vt 0.1250 0.0391
vt 0.1250 0.0391
vt 0.1250 0.0391
vt 0.1250 0.0391
vt 0.1250 0.0391
vt 0.1250 0.0391
vt 0.1250 0.0391
vt 0.1250 0.0391
vt 0.1250 0.0391
vt 0.1250 0.0391
vt 0.1250 0.0391
vt 0.1250 0.0391
vt 0.1250 0.0391
vt 0.1250 0.0391
vt 0.1250 0.0391
vt 0.1250 0.0391
vt 0.1250 0.0391
vt 0.1250 0.0391
vt 0.1250 0.0391
vt 0.1250 0.0391
vt 0.1250 0.0391
vt 0.1250 0.0391
vt 0.1250 0.0391
vt 0.1250 0.0391
vt 0.1250 0.0391
vt 0.1250 0.0391
vt 0.1250 0.0391
vt 0.1250 0.0391
vt 0.1250 0.0391
vt 0.1250 0.0391
vt 0.1250 0.0391
vt 0.1250 0.0391
vt 0.1250 0.0391
vt 0.1250 0.0391
vt 0.1250 0.0391
vt 0.1250 0.0391
vt 0.1250 0.0391
vt 0.1250 0.0391
vt 0.1250 0.0391
vt 0.1250 0.0391
vt 0.1250 0.0391
vt 0.1250 0.1250
vt 0.1250 0.1250
vt 0.1250 0.1250
vt 0.1250 0.1250
vt 0.1250 0.1250
vt 0.1250 0.1250
vt 0.1250 0.1250
vt 0.1250 0.1250
vt 0.1250 0.1250
vt 0.1250 0.1250
vt 0.1250 0.1250
vt 0.1250 0.1250
vt 0.1250 0.0391
vt 0.1250 0.0391
vt 0.1250 0.0391
vt 0.1250 0.0391
vt 0.1250 0.1250
vt 0.1250 0.1250
vt 0.1250 0.1250
vt 0.1250 0.1250
vt 0.1250 0.1250
vt 0.1250 0.1250
vt 0.1250 0.1250
vt 0.1250 0.1250
vt 0.1250 0.1250
vt 0.1250 0.1250
vt 0.1250 0.1250
vt 0.1250 0.1250
vt 0.1250 0.1250
vt 0.1250 0.1250
vt 0.1250 0.1250
vt 0.1250 0.1250
vt 0.1250 0.1250
vt 0.1250 0.1250
vt 0.1250 0.1250
vt 0.1250 0.1250
vt 0.1250 0.1250
vt 0.1250 0.1250
vt 0.1250 0.1250
vt 0.1250 0.1250
vt 0.1250 0.1250
vt 0.1250 0.1250
vt 0.1250 0.1250
vt 0.1250 0.1250
vt 0.1250 0.1250
vt 0.1250 0.1250
vt 0.1250 0.1250
vt 0.1250 0.1250
vt 0.1250 0.2109
vt 0.1250 0.2109
vt 0.1250 0.2109
vt 0.1250 0.2109
vt 0.1250 0.2109
vt 0.1250 0.2109
vt 0.1250 0.2109
vt 0.1250 0.2109
vt 0.1250 0.2109
vt 0.1250 0.2109
vt 0.1250 0.2109
vt 0.1250 0.2109
vt 0.1250 0.2109
vt 0.1250 0.2109
vt 0.1250 0.2109
vt 0.1250 0.2109
vt 0.1250 0.2109
vt 0.1250 0.2109
vt 0.1250 0.2109
vt 0.1250 0.2109
vt 0.1250 0.2109
vt 0.1250 0.2109
vt 0.1250 0.2109
vt 0.1250 0.2109
vt 0.1250 0.2109
vt 0.1250 0.2109
vt 0.1250 0.2109
vt 0.1250 0.2109
vt 0.1250 0.2109
vt 0.1250 0.2109
vt 0.1250 0.2109
vt 0.1250 0.2109
vt 0.1250 0.2109
vt 0.1250 0.2109
vt 0.1250 0.2109
vt 0.1250 0.2109
vt 0.1250 0.2109
vt 0.1250 0.2109
vt 0.1250 0.2109
vt 0.1250 0.2109
vt 0.1250 0.2109
vt 0.1250 0.2109
vt 0.1250 0.2109
vt 0.1250 0.2109
vt 0.1250 0.2109
vt 0.1250 0.2109
vt 0.1250 0.2109
vt 0.1250 0.2109
vt 0.1250 0.2109
vt 0.1250 0.2109
vt 0.1250 0.2109
vt 0.1250 0.2109
vt 0.1250 0.2109
vt 0.1250 0.2109
vt 0.1250 0.2109
vt 0.1250 0.2109
vt 0.1250 0.2109
vt 0.1250 0.2109
vt 0.1250 0.2109
vt 0.1250 0.2109
vt 0.1250 0.2109
vt 0.1250 0.2109
vt 0.1250 0.2109
vt 0.1250 0.2109
vt 0.1250 0.2109
vt 0.1250 0.2109
vt 0.1250 0.2109
vt 0.1250 0.2109
vt 0.1250 0.2109
vt 0.1250 0.2109
vt 0.1250 0.2109
vt 0.1250 0.2109
vt 0.1250 0.2109
vt 0.1250 0.2109
vt 0.1250 0.2109
vt 0.1250 0.2109
vt 0.1250 0.2109
vt 0.1250 0.2109
vt 0.1250 0.2109
vt 0.1250 0.2109
vt 0.8750 0.2109
vt 0.8750 0.2109
vt 0.8750 0.2109
vt 0.8750 0.2109
vt 0.8750 0.2109
vt 0.8750 0.2109
vt 0.8750 0.2109
vt 0.8750 0.2109
vt 0.8750 0.1250
vt 0.8750 0.1250
vt 0.8750 0.1250
vt 0.8750 0.1250
vt 0.8750 0.2109
vt 0.8750 0.2109
vt 0.8750 0.2109
vt 0.8750 0.2109
vt 0.8750 0.1250
vt 0.8750 0.1250
vt 0.8750 0.1250
vt 0.8750 0.1250
vt 0.8750 0.1250
vt 0.8750 0.1250
vt 0.8750 0.1250
vt 0.8750 0.1250
vt 0.8750 0.1250
vt 0.8750 0.1250
vt 0.8750 0.1250
vt 0.8750 0.1250
vt 0.8750 0.1250
vt 0.8750 0.1250
vt 0.8750 0.1250
vt 0.8750 0.1250
vt 0.8750 0.1250
vt 0.8750 0.1250
vt 0.8750 0.1250
vt 0.8750 0.1250
vt 0.8750 0.1250
vt 0.8750 0.1250
vt 0.8750 0.1250
vt 0.8750 0.1250
vt 0.8750 0.0391
vt 0.8750 0.0391
vt 0.8750 0.0391
vt 0.8750 0.0391
vt 0.8750 0.0391
vt 0.8750 0.0391
vt 0.8750 0.0391
vt 0.8750 0.0391
vt 0.8750 0.1250
vt 0.8750 0.1250
vt 0.8750 0.1250
vt 0.8750 0.1250
vt 0.8750 0.0391
vt 0.8750 0.0391
vt 0.8750 0.0391
vt 0.8750 0.0391
vt 0.8750 0.0391
vt 0.8750 0.0391
vt 0.8750 0.0391
vt 0.8750 0.0391
vt 0.8750 0.1250
vt 0.8750 0.1250
vt 0.8750 0.1250
vt 0.8750 0.1250
vt 0.8750 0.0391
vt 0.8750 0.0391
vt 0.8750 0.0391
vt 0.8750 0.0391
vt 0.8750 0.0391
vt 0.8750 0.0391
vt 0.8750 0.0391
vt 0.8750 0.0391
vt 0.8750 0.1250
vt 0.8750 0.1250
vt 0.8750 0.1250
vt 0.8750 0.1250
vt 0.8750 0.1250
vt 0.8750 0.1250
vt 0.8750 0.1250
vt 0.8750 0.1250
vt 0.8750 0.0391
vt 0.8750 0.0391
vt 0.8750 0.0391
vt 0.8750 0.0391
vt 0.8750 0.1250
vt 0.8750 0.1250
vt 0.8750 0.1250
vt 0.8750 0.1250
vt 0.8750 0.1250
vt 0.8750 0.1250
vt 0.8750 0.1250
vt 0.8750 0.1250
vt 0.8750 0.1250
vt 0.8750 0.1250
vt 0.8750 0.1250
vt 0.8750 0.1250
vt 0.8750 0.2109
vt 0.8750 0.2109
vt 0.8750 0.2109
vt 0.8750 0.2109
vt 0.8750 0.1250
vt 0.8750 0.1250
vt 0.8750 0.1250
vt 0.8750 0.1250
vt 0.8750 0.1250
vt 0.8750 0.1250
vt 0.8750 0.1250
vt 0.8750 0.1250
vt 0.8750 0.2109
vt 0.8750 0.2109
vt 0.8750 0.2109
vt 0.8750 0.2109
vt 0.8750 0.2109
vt 0.8750 0.2109
vt 0.8750 0.2109
vt 0.8750 0.2109
vt 0.8750 0.2109
vt 0.8750 0.2109
vt 0.8750 0.2109
vt 0.8750 0.2109
vt 0.8750 0.2109
vt 0.8750 0.2109
vt 0.8750 0.2109
vt 0.8750 0.2109
vt 0.8750 0.2109
vt 0.8750 0.2109
vt 0.8750 0.2109
vt 0.8750 0.2109
vt 0.8750 0.2109
vt 0.8750 0.2109
vt 0.8750 0.2109
vt 0.8750 0.2109
vt 0.8750 0.2109
vt 0.8750 0.2109
vt 0.8750 0.2109
vt 0.8750 0.2109
vt 0.8750 0.2109
vt 0.8750 0.2109
vt 0.8750 0.2109
vt 0.8750 0.2109
vt 0.8750 0.2109
vt 0.8750 0.2109
vt 0.8750 0.2109
vt 0.8750 0.2109
vt 0.8750 0.2109
vt 0.8750 0.2109
vt 0.8750 0.2109
vt 0.8750 0.2109
vt 0.8750 0.2109
vt 0.8750 0.2109
vt 0.8750 0.2109
vt 0.8750 0.2109
vt 0.8750 0.2109
vt 0.8750 0.2109
vt 0.8750 0.2109
vt 0.8750 0.2109
vt 0.8750 0.2109
vt 0.8750 0.2109
vt 0.8750 0.2109
vt 0.8750 0.2109
vt 0.8750 0.2109
vt 0.8750 0.2109
vt 0.8750 0.2109
vt 0.8750 0.2109
vt 0.8750 0.2109
vt 0.8750 0.2109
vt 0.8750 0.2109
vt 0.8750 0.2109
vt 0.3750 0.7109
vt 0.3750 0.7109
vt 0.3750 0.7109
vt 0.3750 0.7109
vt 0.3750 0.7109
vt 0.3750 0.7109
vt 0.3750 0.7109
vt 0.3750 0.7109
vt 0.3750 0.6250
vt 0.3750 0.6250
vt 0.3750 0.6250
vt 0.3750 0.6250
vt 0.3750 0.7109
vt 0.3750 0.7109
vt 0.3750 0.7109
vt 0.3750 0.7109
vt 0.3750 0.6250
vt 0.3750 0.6250
vt 0.3750 0.6250
vt 0.3750 0.6250
vt 0.3750 0.5391
vt 0.3750 0.5391
vt 0.3750 0.5391
vt 0.3750 0.5391
vt 0.3750 0.7109
vt 0.3750 0.7109
vt 0.3750 0.7109
vt 0.3750 0.7109
vt 0.3750 0.6250
vt 0.3750 0.6250
vt 0.3750 0.6250
vt 0.3750 0.6250
vt 0.3750 0.5391
vt 0.3750 0.5391
vt 0.3750 0.5391
vt 0.3750 0.5391
vt 0.3750 0.7109
vt 0.3750 0.7109
vt 0.3750 0.7109
vt 0.3750 0.7109
vt 0.3750 0.5391
vt 0.3750 0.5391
vt 0.3750 0.5391
vt 0.3750 0.5391
vt 0.3750 0.5391
vt 0.3750 0.5391
vt 0.3750 0.5391
vt 0.3750 0.5391
vt 0.3750 0.7109
vt 0.3750 0.7109
vt 0.3750 0.7109
vt 0.3750 0.7109
vt 0.3750 0.5391
vt 0.3750 0.5391
vt 0.3750 0.5391
vt 0.3750 0.5391
vt 0.3750 0.5391
vt 0.3750 0.5391
vt 0.3750 0.5391
vt 0.3750 0.5391
vt 0.3750 0.7109
vt 0.3750 0.7109
vt 0.3750 0.7109
vt 0.3750 0.7109
vt 0.3750 0.5391
vt 0.3750 0.5391
vt 0.3750 0.5391
vt 0.3750 0.5391
vt 0.3750 0.5391
vt 0.3750 0.5391
vt 0.3750 0.5391
vt 0.3750 0.5391
vt 0.3750 0.7109
vt 0.3750 0.7109
vt 0.3750 0.7109
vt 0.3750 0.7109
vt 0.3750 0.6250
vt 0.3750 0.6250
vt 0.3750 0.6250
vt 0.3750 0.6250
vt 0.3750 0.5391
vt 0.3750 0.5391
vt 0.3750 0.5391
vt 0.3750 0.5391
vt 0.3750 0.7109
vt 0.3750 0.7109
vt 0.3750 0.7109
vt 0.3750 0.7109
vt 0.3750 0.6250
vt 0.3750 0.6250
vt 0.3750 0.6250
vt 0.3750 0.6250
vt 0.3750 0.5391
vt 0.3750 0.5391
vt 0.3750 0.5391
vt 0.3750 0.5391
vt 0.3750 0.7109
vt 0.3750 0.7109
vt 0.3750 0.7109
vt 0.3750 0.7109
vt 0.3750 0.6250
vt 0.3750 0.6250
vt 0.3750 0.6250
vt 0.3750 0.6250
vt 0.3750 0.5391
vt 0.3750 0.5391
vt 0.3750 0.5391
vt 0.3750 0.5391
vt 0.3750 0.7109
vt 0.3750 0.7109
vt 0.3750 0.7109
vt 0.3750 0.7109
vt 0.3750 0.7109
vt 0.3750 0.7109
vt 0.3750 0.7109
vt 0.3750 0.7109
vt 0.3750 0.6250
vt 0.3750 0.6250
vt 0.3750 0.6250
vt 0.3750 0.6250
vt 0.3750 0.7109
vt 0.3750 0.7109
vt 0.3750 0.7109
vt 0.3750 0.7109
vt 0.3750 0.7109
vt 0.3750 0.7109
vt 0.3750 0.7109
vt 0.3750 0.7109
vt 0.3750 0.6250
vt 0.3750 0.6250
vt 0.3750 0.6250
vt 0.3750 0.6250
vt 0.3750 0.7109
vt 0.3750 0.7109
vt 0.3750 0.7109
vt 0.3750 0.7109
vt 0.3750 0.7109
vt 0.3750 0.7109
vt 0.3750 0.7109
vt 0.3750 0.7109
vt 0.3750 0.6250
vt 0.3750 0.6250
vt 0.3750 0.6250
vt 0.3750 0.6250
vt 0.3750 0.7109
vt 0.3750 0.7109
vt 0.3750 0.7109
vt 0.3750 0.7109
vt 0.3750 0.7109
vt 0.3750 0.7109
vt 0.3750 0.7109
vt 0.3750 0.7109
vt 0.3750 0.6250
vt 0.3750 0.6250
vt 0.3750 0.6250
vt 0.3750 0.6250
vt 0.3750 0.7109
vt 0.3750 0.7109
vt 0.3750 0.7109
vt 0.3750 0.7109
vt 0.3750 0.7109
vt 0.3750 0.7109
vt 0.3750 0.7109
vt 0.3750 0.7109
vt 0.3750 0.6250
vt 0.3750 0.6250
vt 0.3750 0.6250
vt 0.3750 0.6250
vt 0.3750 0.7109
vt 0.3750 0.7109
vt 0.3750 0.7109
vt 0.3750 0.7109
vt 0.3750 0.7109
vt 0.3750 0.7109
vt 0.3750 0.7109
vt 0.3750 0.7109
vt 0.3750 0.6250
vt 0.3750 0.6250
vt 0.3750 0.6250
vt 0.3750 0.6250
vt 0.3750 0.7109
vt 0.3750 0.7109
vt 0.3750 0.7109
vt 0.3750 0.7109
vt 0.3750 0.6250
vt 0.3750 0.6250
vt 0.3750 0.6250
vt 0.3750 0.6250
vt 0.3750 0.5391
vt 0.3750 0.5391
vt 0.3750 0.5391
vt 0.3750 0.5391
vt 0.3750 0.7109
vt 0.3750 0.7109
vt 0.3750 0.7109
vt 0.3750 0.7109
vt 0.3750 0.6250
vt 0.3750 0.6250
vt 0.3750 0.6250
vt 0.3750 0.6250
vt 0.3750 0.5391
vt 0.3750 0.5391
vt 0.3750 0.5391
vt 0.3750 0.5391
vt 0.3750 0.7109
vt 0.3750 0.7109
vt 0.3750 0.7109
vt 0.3750 0.7109
vt 0.3750 0.5391
vt 0.3750 0.5391
vt 0.3750 0.5391
vt 0.3750 0.5391
vt 0.3750 0.5391
vt 0.3750 0.5391
vt 0.3750 0.5391
vt 0.3750 0.5391
vt 0.3750 0.7109
vt 0.3750 0.7109
vt 0.3750 0.7109
vt 0.3750 0.7109
vt 0.3750 0.5391
vt 0.3750 0.5391
vt 0.3750 0.5391
vt 0.3750 0.5391
vt 0.3750 0.5391
vt 0.3750 0.5391
vt 0.3750 0.5391
vt 0.3750 0.5391
vt 0.3750 0.7109
vt 0.3750 0.7109
vt 0.3750 0.7109
vt 0.3750 0.7109
vt 0.3750 0.5391
vt 0.3750 0.5391
vt 0.3750 0.5391
vt 0.3750 0.5391
vt 0.3750 0.5391
vt 0.3750 0.5391
vt 0.3750 0.5391
vt 0.3750 0.5391
vt 0.3750 0.7109
vt 0.3750 0.7109
vt 0.3750 0.7109
vt 0.3750 0.7109
vt 0.3750 0.6250
vt 0.3750 0.6250
vt 0.3750 0.6250
vt 0.3750 0.6250
vt 0.3750 0.5391
vt 0.3750 0.5391
vt 0.3750 0.5391
vt 0.3750 0.5391
vt 0.3750 0.7109
vt 0.3750 0.7109
vt 0.3750 0.7109
vt 0.3750 0.7109
vt 0.3750 0.6250
vt 0.3750 0.6250
vt 0.3750 0.6250
vt 0.3750 0.6250
vt 0.3750 0.5391
vt 0.3750 0.5391
vt 0.3750 0.5391
vt 0.3750 0.5391
vt 0.3750 0.7109
vt 0.3750 0.7109
vt 0.3750 0.7109
vt 0.3750 0.7109
vt 0.3750 0.6250
vt 0.3750 0.6250
vt 0.3750 0.6250
vt 0.3750 0.6250
vt 0.3750 0.5391
vt 0.3750 0.5391
vt 0.3750 0.5391
vt 0.3750 0.5391
vt 0.3750 0.7109
vt 0.3750 0.7109
vt 0.3750 0.7109
vt 0.3750 0.7109
vt 0.3750 0.7109
vt 0.3750 0.7109
vt 0.3750 0.7109
vt 0.3750 0.7109
vt 0.3750 0.6250
vt 0.3750 0.6250
vt 0.3750 0.6250
vt 0.3750 0.6250
vt 0.3750 0.7109
vt 0.3750 0.7109
vt 0.3750 0.7109
vt 0.3750 0.7109
vt 0.3750 0.7109
vt 0.3750 0.7109
vt 0.3750 0.7109
vt 0.3750 0.7109
vt 0.3750 0.6250
vt 0.3750 0.6250
vt 0.3750 0.6250
vt 0.3750 0.6250
vt 0.3750 0.7109
vt 0.3750 0.7109
vt 0.3750 0.7109
vt 0.3750 0.7109
vt 0.3750 0.7109
vt 0.3750 0.7109
vt 0.3750 0.7109
vt 0.3750 0.7109
vt 0.3750 0.6250
vt 0.3750 0.6250
vt 0.3750 0.6250
vt 0.3750 0.6250
vt 0.3750 0.7109
vt 0.3750 0.7109
vt 0.3750 0.7109
vt 0.3750 0.7109
vt 0.3750 0.7109
vt 0.3750 0.7109
vt 0.3750 0.7109
vt 0.3750 0.7109
vt 0.3750 0.6250
vt 0.3750 0.6250
vt 0.3750 0.6250
vt 0.3750 0.6250
vt 0.3750 0.7109
vt 0.3750 0.7109
vt 0.3750 0.7109
vt 0.3750 0.7109
vt 0.3750 0.7109
vt 0.3750 0.7109
vt 0.3750 0.7109
vt 0.3750 0.7109
vt 0.3750 0.6250
vt 0.3750 0.6250
vt 0.3750 0.6250
vt 0.3750 0.6250
vt 0.6250 0.2109
vt 0.6250 0.2109
vt 0.6250 0.2109
vt 0.6250 0.2109
vt 0.6250 0.1250
vt 0.6250 0.1250
vt 0.6250 0.1250
vt 0.6250 0.1250
vt 0.6250 0.2109
vt 0.6250 0.2109
vt 0.6250 0.2109
vt 0.6250 0.2109
vt 0.6250 0.0391
vt 0.6250 0.0391
vt 0.6250 0.0391
vt 0.6250 0.0391
vt 0.6250 0.1250
vt 0.6250 0.1250
vt 0.6250 0.1250
vt 0.6250 0.1250
vt 0.6250 0.0391
vt 0.6250 0.0391
vt 0.6250 0.0391
vt 0.6250 0.0391
vt 0.6250 0.1250
vt 0.6250 0.1250
vt 0.6250 0.1250
vt 0.6250 0.1250
vt 0.6250 0.0391
vt 0.6250 0.0391
vt 0.6250 0.0391
vt 0.6250 0.0391
vt 0.6250 0.1250
vt 0.6250 0.1250
vt 0.6250 0.1250
vt 0.6250 0.1250
vt 0.6250 0.0391
vt 0.6250 0.0391
vt 0.6250 0.0391
vt 0.6250 0.0391
vt 0.6250 0.1250
vt 0.6250 0.1250
vt 0.6250 0.1250
vt 0.6250 0.1250
vt 0.6250 0.0391
vt 0.6250 0.0391
vt 0.6250 0.0391
vt 0.6250 0.0391
vt 0.6250 0.2109
vt 0.6250 0.2109
vt 0.6250 0.2109
vt 0.6250 0.2109
vt 0.6250 0.0391
vt 0.6250 0.0391
vt 0.6250 0.0391
vt 0.6250 0.0391
vt 0.6250 0.2109
vt 0.6250 0.2109
vt 0.6250 0.2109
vt 0.6250 0.2109
vt 0.6250 0.1250
vt 0.6250 0.1250
vt 0.6250 0.1250
vt 0.6250 0.1250
vt 0.6250 0.2109
vt 0.6250 0.2109
vt 0.6250 0.2109
vt 0.6250 0.2109
vt 0.6250 0.1250
vt 0.6250 0.1250
vt 0.6250 0.1250
vt 0.6250 0.1250
vt 0.6250 0.2109
vt 0.6250 0.2109
vt 0.6250 0.2109
vt 0.6250 0.2109
vt 0.6250 0.1250
vt 0.6250 0.1250
vt 0.6250 0.1250
vt 0.6250 0.1250
vt 0.6250 0.2109
vt 0.6250 0.2109
vt 0.6250 0.2109
vt 0.6250 0.2109
vt 0.6250 0.2109
vt 0.6250 0.2109
vt 0.6250 0.2109
vt 0.6250 0.2109
vt 0.6250 0.2109
vt 0.6250 0.2109
vt 0.6250 0.2109
vt 0.6250 0.2109
vt 0.6250 0.1250
vt 0.6250 0.1250
vt 0.6250 0.1250
vt 0.6250 0.1250
vt 0.6250 0.2109
vt 0.6250 0.2109
vt 0.6250 0.2109
vt 0.6250 0.2109
vt 0.6250 0.1250
vt 0.6250 0.1250
vt 0.6250 0.1250
vt 0.6250 0.1250
vt 0.6250 0.2109
vt 0.6250 0.2109
vt 0.6250 0.2109
vt 0.6250 0.2109
vt 0.6250 0.0391
vt 0.6250 0.0391
vt 0.6250 0.0391
vt 0.6250 0.0391
vt 0.6250 0.1250
vt 0.6250 0.1250
vt 0.6250 0.1250
vt 0.6250 0.1250
vt 0.6250 0.0391
vt 0.6250 0.0391
vt 0.6250 0.0391
vt 0.6250 0.0391
vt 0.6250 0.1250
vt 0.6250 0.1250
vt 0.6250 0.1250
vt 0.6250 0.1250
vt 0.6250 0.0391
vt 0.6250 0.0391
vt 0.6250 0.0391
vt 0.6250 0.0391
vt 0.6250 0.1250
vt 0.6250 0.1250
vt 0.6250 0.1250
vt 0.6250 0.1250
vt 0.6250 0.0391
vt 0.6250 0.0391
vt 0.6250 0.0391
vt 0.6250 0.0391
vt 0.6250 0.1250
vt 0.6250 0.1250
vt 0.6250 0.1250
vt 0.6250 0.1250
vt 0.6250 0.0391
vt 0.6250 0.0391
vt 0.6250 0.0391
vt 0.6250 0.0391
vt 0.6250 0.2109
vt 0.6250 0.2109
vt 0.6250 0.2109
vt 0.6250 0.2109
vt 0.6250 0.0391
vt 0.6250 0.0391
vt 0.6250 0.0391
vt 0.6250 0.0391
vt 0.6250 0.2109
vt 0.6250 0.2109
vt 0.6250 0.2109
vt 0.6250 0.2109
vt 0.6250 0.1250
vt 0.6250 0.1250
vt 0.6250 0.1250
vt 0.6250 0.1250
vt 0.6250 0.2109
vt 0.6250 0.2109
vt 0.6250 0.2109
vt 0.6250 0.2109
vt 0.6250 0.1250
vt 0.6250 0.1250
vt 0.6250 0.1250
vt 0.6250 0.1250
vt 0.6250 0.2109
vt 0.6250 0.2109
vt 0.6250 0.2109
vt 0.6250 0.2109
vt 0.6250 0.1250
vt 0.6250 0.1250
vt 0.6250 0.1250
vt 0.6250 0.1250
vt 0.6250 0.2109
vt 0.6250 0.2109
vt 0.6250 0.2109
vt 0.6250 0.2109
vt 0.6250 0.2109
vt 0.6250 0.2109
vt 0.6250 0.2109
vt 0.6250 0.2109
vt 0.6250 0.2109
vt 0.6250 0.2109
vt 0.6250 0.2109
vt 0.6250 0.2109
vt 0.6250 0.1250
vt 0.6250 0.1250
vt 0.6250 0.1250
vt 0.6250 0.1250
vt 0.6250 0.2109
vt 0.6250 0.2109
vt 0.6250 0.2109
vt 0.6250 0.2109
vt 0.6250 0.1250
vt 0.6250 0.1250
vt 0.6250 0.1250
vt 0.6250 0.1250
vt 0.6250 0.2109
vt 0.6250 0.2109
vt 0.6250 0.2109
vt 0.6250 0.2109
vt 0.6250 0.0391
vt 0.6250 0.0391
vt 0.6250 0.0391
vt 0.6250 0.0391
vt 0.6250 0.1250
vt 0.6250 0.1250
vt 0.6250 0.1250
vt 0.6250 0.1250
vt 0.6250 0.0391
vt 0.6250 0.0391
vt 0.6250 0.0391
vt 0.6250 0.0391
vt 0.6250 0.1250
vt 0.6250 0.1250
vt 0.6250 0.1250
vt 0.6250 0.1250
vt 0.6250 0.0391
vt 0.6250 0.0391
vt 0.6250 0.0391
vt 0.6250 0.0391
vt 0.6250 0.1250
vt 0.6250 0.1250
vt 0.6250 0.1250
vt 0.6250 0.1250
vt 0.6250 0.0391
vt 0.6250 0.0391
vt 0.6250 0.0391
vt 0.6250 0.0391
vt 0.6250 0.1250
vt 0.6250 0.1250
vt 0.6250 0.1250
vt 0.6250 0.1250
vt 0.6250 0.0391
vt 0.6250 0.0391
vt 0.6250 0.0391
vt 0.6250 0.0391
vt 0.6250 0.2109
vt 0.6250 0.2109
vt 0.6250 0.2109
vt 0.6250 0.2109
vt 0.6250 0.0391
vt 0.6250 0.0391
vt 0.6250 0.0391
vt 0.6250 0.0391
vt 0.6250 0.2109
vt 0.6250 0.2109
vt 0.6250 0.2109
vt 0.6250 0.2109
vt 0.6250 0.1250
vt 0.6250 0.1250
vt 0.6250 0.1250
vt 0.6250 0.1250
vt 0.6250 0.2109
vt 0.6250 0.2109
vt 0.6250 0.2109
vt 0.6250 0.2109
vt 0.6250 0.1250
vt 0.6250 0.1250
vt 0.6250 0.1250
vt 0.6250 0.1250
vt 0.6250 0.2109
vt 0.6250 0.2109
vt 0.6250 0.2109
vt 0.6250 0.2109
vt 0.6250 0.1250
vt 0.6250 0.1250
vt 0.6250 0.1250
vt 0.6250 0.1250
vt 0.6250 0.2109
vt 0.6250 0.2109
vt 0.6250 0.2109
vt 0.6250 0.2109
vt 0.6250 0.2109
vt 0.6250 0.2109
vt 0.6250 0.2109
vt 0.6250 0.2109
vt 0.6250 0.2109
vt 0.6250 0.2109
vt 0.6250 0.2109
vt 0.6250 0.2109
vt 0.6250 0.1250
vt 0.6250 0.1250
vt 0.6250 0.1250
vt 0.6250 0.1250
vt 0.3750 0.7109
vt 0.3750 0.7109
vt 0.3750 0.7109
vt 0.3750 0.7109
vt 0.3750 0.7109
vt 0.3750 0.7109
vt 0.3750 0.7109
vt 0.3750 0.7109
vt 0.3750 0.6250
vt 0.3750 0.6250
vt 0.3750 0.6250
vt 0.3750 0.6250
vt 0.3750 0.6250
vt 0.3750 0.6250
vt 0.3750 0.6250
vt 0.3750 0.6250
vt 0.3750 0.7109
vt 0.3750 0.7109
vt 0.3750 0.7109
vt 0.3750 0.7109
vt 0.3750 0.7109
vt 0.3750 0.7109
vt 0.3750 0.7109
vt 0.3750 0.7109
vt 0.3750 0.6250
vt 0.3750 0.6250
vt 0.3750 0.6250
vt 0.3750 0.6250
vt 0.3750 0.6250
vt 0.3750 0.6250
vt 0.3750 0.6250
vt 0.3750 0.6250
vt 0.3750 0.6250
vt 0.3750 0.6250
vt 0.3750 0.6250
vt 0.3750 0.6250
vt 0.3750 0.6250
vt 0.3750 0.6250
vt 0.3750 0.6250
vt 0.3750 0.6250
vt 0.3750 0.5391
vt 0.3750 0.5391
vt 0.3750 0.5391
vt 0.3750 0.5391
vt 0.3750 0.5391
vt 0.3750 0.5391
vt 0.3750 0.5391
vt 0.3750 0.5391
vt 0.3750 0.6250
vt 0.3750 0.6250
vt 0.3750 0.6250
vt 0.3750 0.6250
vt 0.3750 0.6250
vt 0.3750 0.6250
vt 0.3750 0.6250
vt 0.3750 0.6250
vt 0.3750 0.5391
vt 0.3750 0.5391
vt 0.3750 0.5391
vt 0.3750 0.5391
vt 0.3750 0.5391
vt 0.3750 0.5391
vt 0.3750 0.5391
vt 0.3750 0.5391
vt 0.3750 0.6250
vt 0.3750 0.6250
vt 0.3750 0.6250
vt 0.3750 0.6250
vt 0.3750 0.6250
vt 0.3750 0.6250
vt 0.3750 0.6250
vt 0.3750 0.6250
vt 0.3750 0.5391
vt 0.3750 0.5391
vt 0.3750 0.5391
vt 0.3750 0.5391
vt 0.3750 0.5391
vt 0.3750 0.5391
vt 0.3750 0.5391
vt 0.3750 0.5391
vt 0.3750 0.6250
vt 0.3750 0.6250
vt 0.3750 0.6250
vt 0.3750 0.6250
vt 0.3750 0.6250
vt 0.3750 0.6250
vt 0.3750 0.6250
vt 0.3750 0.6250
vt 0.3750 0.5391
vt 0.3750 0.5391
vt 0.3750 0.5391
vt 0.3750 0.5391
vt 0.3750 0.5391
vt 0.3750 0.5391
vt 0.3750 0.5391
vt 0.3750 0.5391
vt 0.3750 0.6250
vt 0.3750 0.6250
vt 0.3750 0.6250
vt 0.3750 0.6250
vt 0.3750 0.6250
vt 0.3750 0.6250
vt 0.3750 0.6250
vt 0.3750 0.6250
vt 0.3750 0.5391
vt 0.3750 0.5391
vt 0.3750 0.5391
vt 0.3750 0.5391
vt 0.3750 0.5391
vt 0.3750 0.5391
vt 0.3750 0.5391
vt 0.3750 0.5391
vt 0.3750 0.7109
vt 0.3750 0.7109
vt 0.3750 0.7109
vt 0.3750 0.7109
vt 0.3750 0.6250
vt 0.3750 0.6250
vt 0.3750 0.6250
vt 0.3750 0.6250
vt 0.3750 0.6250
vt 0.3750 0.6250
vt 0.3750 0.6250
vt 0.3750 0.6250
vt 0.3750 0.5391
vt 0.3750 0.5391
vt 0.3750 0.5391
vt 0.3750 0.5391
vt 0.3750 0.7109
vt 0.3750 0.7109
vt 0.3750 0.7109
vt 0.3750 0.7109
vt 0.3750 0.7109
vt 0.3750 0.7109
vt 0.3750 0.7109
vt 0.3750 0.7109
vt 0.3750 0.6250
vt 0.3750 0.6250
vt 0.3750 0.6250
vt 0.3750 0.6250
vt 0.3750 0.6250
vt 0.3750 0.6250
vt 0.3750 0.6250
vt 0.3750 0.6250
vt 0.3750 0.7109
vt 0.3750 0.7109
vt 0.3750 0.7109
vt 0.3750 0.7109
vt 0.3750 0.7109
vt 0.3750 0.7109
vt 0.3750 0.7109
vt 0.3750 0.7109
vt 0.3750 0.6250
vt 0.3750 0.6250
vt 0.3750 0.6250
vt 0.3750 0.6250
vt 0.3750 0.6250
vt 0.3750 0.6250
vt 0.3750 0.6250
vt 0.3750 0.6250
vt 0.3750 0.7109
vt 0.3750 0.7109
vt 0.3750 0.7109
vt 0.3750 0.7109
vt 0.3750 0.7109
vt 0.3750 0.7109
vt 0.3750 0.7109
vt 0.3750 0.7109
vt 0.3750 0.7109
vt 0.3750 0.7109
vt 0.3750 0.7109
vt 0.3750 0.7109
vt 0.3750 0.7109
vt 0.3750 0.7109
vt 0.3750 0.7109
vt 0.3750 0.7109
vt 0.3750 0.7109
vt 0.3750 0.7109
vt 0.3750 0.7109
vt 0.3750 0.7109
vt 0.3750 0.7109
vt 0.3750 0.7109
vt 0.3750 0.7109
vt 0.3750 0.7109
vt 0.3750 0.7109
vt 0.3750 0.7109
vt 0.3750 0.7109
vt 0.3750 0.7109
vt 0.3750 0.7109
vt 0.3750 0.7109
vt 0.3750 0.7109
vt 0.3750 0.7109
vt 0.3750 0.7109
vt 0.3750 0.7109
vt 0.3750 0.7109
vt 0.3750 0.7109
vt 0.3750 0.7109
vt 0.3750 0.7109
vt 0.3750 0.7109
vt 0.3750 0.7109
vt 0.3750 0.7109
vt 0.3750 0.7109
vt 0.3750 0.7109
vt 0.3750 0.7109
vt 0.3750 0.7109
vt 0.3750 0.7109
vt 0.3750 0.7109
vt 0.3750 0.7109
vt 0.3750 0.7109
vt 0.3750 0.7109
vt 0.3750 0.7109
vt 0.3750 0.7109
vt 0.3750 0.7109
vt 0.3750 0.7109
vt 0.3750 0.7109
vt 0.3750 0.7109
vt 0.3750 0.7109
vt 0.3750 0.7109
vt 0.3750 0.7109
vt 0.3750 0.7109
vt 0.3750 0.7109
vt 0.3750 0.7109
vt 0.3750 0.7109
vt 0.3750 0.7109
vt 0.1250 0.1250
vt 0.1250 0.1250
vt 0.1250 0.1250
vt 0.1250 0.1250
vt 0.1250 0.2109
vt 0.1250 0.2109
vt 0.1250 0.2109
vt 0.1250 0.2109
vt 0.1250 0.1250
vt 0.1250 0.1250
vt 0.1250 0.1250
vt 0.1250 0.1250
vt 0.1250 0.1250
vt 0.1250 0.1250
vt 0.1250 0.1250
vt 0.1250 0.1250
vt 0.1250 0.0391
vt 0.1250 0.0391
vt 0.1250 0.0391
vt 0.1250 0.0391
vt 0.1250 0.0391
vt 0.1250 0.0391
vt 0.1250 0.0391
vt 0.1250 0.0391
vt 0.1250 0.0391
vt 0.1250 0.0391
vt 0.1250 0.0391
vt 0.1250 0.0391
vt 0.1250 0.0391
vt 0.1250 0.0391
vt 0.1250 0.0391
vt 0.1250 0.0391
vt 0.1250 0.0391
vt 0.1250 0.0391
vt 0.1250 0.0391
vt 0.1250 0.0391
vt 0.1250 0.1250
vt 0.1250 0.1250
vt 0.1250 0.1250
vt 0.1250 0.1250
vt 0.1250 0.1250
vt 0.1250 0.1250
vt 0.1250 0.1250
vt 0.1250 0.1250
vt 0.1250 0.1250
vt 0.1250 0.1250
vt 0.1250 0.1250
vt 0.1250 0.1250
vt 0.1250 0.1250
vt 0.1250 0.1250
vt 0.1250 0.1250
vt 0.1250 0.1250
vt 0.1250 0.2109
vt 0.1250 0.2109
vt 0.1250 0.2109
vt 0.1250 0.2109
vt 0.1250 0.2109
vt 0.1250 0.2109
vt 0.1250 0.2109
vt 0.1250 0.2109
vt 0.1250 0.2109
vt 0.1250 0.2109
vt 0.1250 0.2109
vt 0.1250 0.2109
vt 0.1250 0.2109
vt 0.1250 0.2109
vt 0.1250 0.2109
vt 0.1250 0.2109
vt 0.1250 0.2109
vt 0.1250 0.2109
vt 0.1250 0.2109
vt 0.1250 0.2109
vt 0.1250 0.2109
vt 0.1250 0.2109
vt 0.1250 0.2109
vt 0.1250 0.2109
vt 0.1250 0.2109
vt 0.1250 0.2109
vt 0.1250 0.2109
vt 0.1250 0.2109
vt 0.3750 0.5391
vt 0.3750 0.5391
vt 0.3750 0.5391
vt 0.3750 0.5391
vt 0.3750 0.6250
vt 0.3750 0.6250
vt 0.3750 0.6250
vt 0.3750 0.6250
vt 0.3750 0.7109
vt 0.3750 0.7109
vt 0.3750 0.7109
vt 0.3750 0.7109
vt 0.3750 0.7109
vt 0.3750 0.7109
vt 0.3750 0.7109
vt 0.3750 0.7109
vt 0.3750 0.7109
vt 0.3750 0.7109
vt 0.3750 0.7109
vt 0.3750 0.7109
vt 0.3750 0.6250
vt 0.3750 0.6250
vt 0.3750 0.6250
vt 0.3750 0.6250
vt 0.3750 0.5391
vt 0.3750 0.5391
vt 0.3750 0.5391
vt 0.3750 0.5391
vt 0.3750 0.5391
vt 0.3750 0.5391
vt 0.3750 0.5391
vt 0.3750 0.5391
vt 0.3750 0.6250
vt 0.3750 0.6250
vt 0.3750 0.6250
vt 0.3750 0.6250
vt 0.3750 0.7109
vt 0.3750 0.7109
vt 0.3750 0.7109
vt 0.3750 0.7109
vt 0.3750 0.7109
vt 0.3750 0.7109
vt 0.3750 0.7109
vt 0.3750 0.7109
vt 0.3750 0.7109
vt 0.3750 0.7109
vt 0.3750 0.7109
vt 0.3750 0.7109
vt 0.3750 0.7109
vt 0.3750 0.7109
vt 0.3750 0.7109
vt 0.3750 0.7109
vt 0.3750 0.6250
vt 0.3750 0.6250
vt 0.3750 0.6250
vt 0.3750 0.6250
vt 0.3750 0.5391
vt 0.3750 0.5391
vt 0.3750 0.5391
vt 0.3750 0.5391
vt 0.3750 0.5391
vt 0.3750 0.5391
vt 0.3750 0.5391
vt 0.3750 0.5391
vt 0.3750 0.6250
vt 0.3750 0.6250
vt 0.3750 0.6250
vt 0.3750 0.6250
vt 0.3750 0.7109
vt 0.3750 0.7109
vt 0.3750 0.7109
vt 0.3750 0.7109
vt 0.3750 0.7109
vt 0.3750 0.7109
vt 0.3750 0.7109
vt 0.3750 0.7109
vt 0.3750 0.7109
vt 0.3750 0.7109
vt 0.3750 0.7109
vt 0.3750 0.7109
vt 0.3750 0.7109
vt 0.3750 0.7109
vt 0.3750 0.7109
vt 0.3750 0.7109
vt 0.3750 0.6250
vt 0.3750 0.6250
vt 0.3750 0.6250
vt 0.3750 0.6250
vt 0.3750 0.5391
vt 0.3750 0.5391
vt 0.3750 0.5391
vt 0.3750 0.5391
vt 0.3750 0.5391
vt 0.3750 0.5391
vt 0.3750 0.5391
vt 0.3750 0.5391
vt 0.3750 0.6250
vt 0.3750 0.6250
vt 0.3750 0.6250
vt 0.3750 0.6250
vt 0.3750 0.7109
vt 0.3750 0.7109
vt 0.3750 0.7109
vt 0.3750 0.7109
vt 0.3750 0.7109
vt 0.3750 0.7109
vt 0.3750 0.7109
vt 0.3750 0.7109
vt 0.3750 0.7109
vt 0.3750 0.7109
vt 0.3750 0.7109
vt 0.3750 0.7109
vt 0.3750 0.6250
vt 0.3750 0.6250
vt 0.3750 0.6250
vt 0.3750 0.6250
vt 0.3750 0.6250
vt 0.3750 0.6250
vt 0.3750 0.6250
vt 0.3750 0.6250
vt 0.3750 0.5391
vt 0.3750 0.5391
vt 0.3750 0.5391
vt 0.3750 0.5391
vt 0.3750 0.5391
vt 0.3750 0.5391
vt 0.3750 0.5391
vt 0.3750 0.5391
vt 0.3750 0.6250
vt 0.3750 0.6250
vt 0.3750 0.6250
vt 0.3750 0.6250
vt 0.3750 0.7109
vt 0.3750 0.7109
vt 0.3750 0.7109
vt 0.3750 0.7109
vt 0.3750 0.7109
vt 0.3750 0.7109
vt 0.3750 0.7109
vt 0.3750 0.7109
vt 0.3750 0.7109
vt 0.3750 0.7109
vt 0.3750 0.7109
vt 0.3750 0.7109
vt 0.3750 0.6250
vt 0.3750 0.6250
vt 0.3750 0.6250
vt 0.3750 0.6250
vt 0.3750 0.6250
vt 0.3750 0.6250
vt 0.3750 0.6250
vt 0.3750 0.6250
vt 0.3750 0.5391
vt 0.3750 0.5391
vt 0.3750 0.5391
vt 0.3750 0.5391
vt 0.3750 0.6250
vt 0.3750 0.6250
vt 0.3750 0.6250
vt 0.3750 0.6250
vt 0.3750 0.6250
vt 0.3750 0.6250
vt 0.3750 0.6250
vt 0.3750 0.6250
vt 0.3750 0.7109
vt 0.3750 0.7109
vt 0.3750 0.7109
vt 0.3750 0.7109
vt 0.3750 0.7109
vt 0.3750 0.7109
vt 0.3750 0.7109
vt 0.3750 0.7109
vt 0.3750 0.7109
vt 0.3750 0.7109
vt 0.3750 0.7109
vt 0.3750 0.7109
vt 0.3750 0.6250
vt 0.3750 0.6250
vt 0.3750 0.6250
vt 0.3750 0.6250
vt 0.3750 0.5391
vt 0.3750 0.5391
vt 0.3750 0.5391
vt 0.3750 0.5391
vt 0.3750 0.5391
vt 0.3750 0.5391
vt 0.3750 0.5391
vt 0.3750 0.5391
vt 0.3750 0.6250
vt 0.3750 0.6250
vt 0.3750 0.6250
vt 0.3750 0.6250
vt 0.3750 0.7109
vt 0.3750 0.7109
vt 0.3750 0.7109
vt 0.3750 0.7109
vt 0.3750 0.7109
vt 0.3750 0.7109
vt 0.3750 0.7109
vt 0.3750 0.7109
vt 0.3750 0.7109
vt 0.3750 0.7109
vt 0.3750 0.7109
vt 0.3750 0.7109
vt 0.3750 0.7109
vt 0.3750 0.7109
vt 0.3750 0.7109
vt 0.3750 0.7109
vt 0.3750 0.6250
vt 0.3750 0.6250
vt 0.3750 0.6250
vt 0.3750 0.6250
vt 0.3750 0.5391
vt 0.3750 0.5391
vt 0.3750 0.5391
vt 0.3750 0.5391
vt 0.3750 0.5391
vt 0.3750 0.5391
vt 0.3750 0.5391
vt 0.3750 0.5391
vt 0.3750 0.6250
vt 0.3750 0.6250
vt 0.3750 0.6250
vt 0.3750 0.6250
vt 0.3750 0.7109
vt 0.3750 0.7109
vt 0.3750 0.7109
vt 0.3750 0.7109
vt 0.3750 0.7109
vt 0.3750 0.7109
vt 0.3750 0.7109
vt 0.3750 0.7109
vt 0.3750 0.7109
vt 0.3750 0.7109
vt 0.3750 0.7109
vt 0.3750 0.7109
vt 0.3750 0.6250
vt 0.3750 0.6250
vt 0.3750 0.6250
vt 0.3750 0.6250
vt 0.3750 0.6250
vt 0.3750 0.6250
vt 0.3750 0.6250
vt 0.3750 0.6250
vt 0.3750 0.5391
vt 0.3750 0.5391
vt 0.3750 0.5391
vt 0.3750 0.5391
vt 0.3750 0.6250
vt 0.3750 0.6250
vt 0.3750 0.6250
vt 0.3750 0.6250
vt 0.3750 0.6250
vt 0.3750 0.6250
vt 0.3750 0.6250
vt 0.3750 0.6250
vt 0.3750 0.7109
vt 0.3750 0.7109
vt 0.3750 0.7109
vt 0.3750 0.7109
vt 0.3750 0.7109
vt 0.3750 0.7109
vt 0.3750 0.7109
vt 0.3750 0.7109
vt 0.3750 0.7109
vt 0.3750 0.7109
vt 0.3750 0.7109
vt 0.3750 0.7109
vt 0.3750 0.6250
vt 0.3750 0.6250
vt 0.3750 0.6250
vt 0.3750 0.6250
vt 0.3750 0.5391
vt 0.3750 0.5391
vt 0.3750 0.5391
vt 0.3750 0.5391
vt 0.3750 0.5391
vt 0.3750 0.5391
vt 0.3750 0.5391
vt 0.3750 0.5391
vt 0.3750 0.6250
vt 0.3750 0.6250
vt 0.3750 0.6250
vt 0.3750 0.6250
vt 0.3750 0.6250
vt 0.3750 0.6250
vt 0.3750 0.6250
vt 0.3750 0.6250
vt 0.3750 0.7109
vt 0.3750 0.7109
vt 0.3750 0.7109
vt 0.3750 0.7109
vt 0.3750 0.7109
vt 0.3750 0.7109
vt 0.3750 0.7109
vt 0.3750 0.7109
vt 0.3750 0.7109
vt 0.3750 0.7109
vt 0.3750 0.7109
vt 0.3750 0.7109
vt 0.3750 0.6250
vt 0.3750 0.6250
vt 0.3750 0.6250
vt 0.3750 0.6250
vt 0.3750 0.5391
vt 0.3750 0.5391
vt 0.3750 0.5391
vt 0.3750 0.5391
vt 0.3750 0.5391
vt 0.3750 0.5391
vt 0.3750 0.5391
vt 0.3750 0.5391
vt 0.3750 0.6250
vt 0.3750 0.6250
vt 0.3750 0.6250
vt 0.3750 0.6250
vt 0.3750 0.7109
vt 0.3750 0.7109
vt 0.3750 0.7109
vt 0.3750 0.7109
vt 0.3750 0.7109
vt 0.3750 0.7109
vt 0.3750 0.7109
vt 0.3750 0.7109
vt 0.3750 0.7109
vt 0.3750 0.7109
vt 0.3750 0.7109
vt 0.3750 0.7109
vt 0.3750 0.7109
vt 0.3750 0.7109
vt 0.3750 0.7109
vt 0.3750 0.7109
vt 0.3750 0.6250
vt 0.3750 0.6250
vt 0.3750 0.6250
vt 0.3750 0.6250
vt 0.3750 0.5391
vt 0.3750 0.5391
vt 0.3750 0.5391
vt 0.3750 0.5391
vt 0.3750 0.5391
vt 0.3750 0.5391
vt 0.3750 0.5391
vt 0.3750 0.5391
vt 0.3750 0.6250
vt 0.3750 0.6250
vt 0.3750 0.6250
vt 0.3750 0.6250
vt 0.3750 0.7109
vt 0.3750 0.7109
vt 0.3750 0.7109
vt 0.3750 0.7109
vt 0.3750 0.7109
vt 0.3750 0.7109
vt 0.3750 0.7109
vt 0.3750 0.7109
vt 0.3750 0.7109
vt 0.3750 0.7109
vt 0.3750 0.7109
vt 0.3750 0.7109
vt 0.3750 0.7109
vt 0.3750 0.7109
vt 0.3750 0.7109
vt 0.3750 0.7109
vt 0.3750 0.6250
vt 0.3750 0.6250
vt 0.3750 0.6250
vt 0.3750 0.6250
vt 0.3750 0.5391
vt 0.3750 0.5391
vt 0.3750 0.5391
vt 0.3750 0.5391
vt 0.3750 0.5391
vt 0.3750 0.5391
vt 0.3750 0.5391
vt 0.3750 0.5391
vt 0.3750 0.6250
vt 0.3750 0.6250
vt 0.3750 0.6250
vt 0.3750 0.6250
vt 0.3750 0.7109
vt 0.3750 0.7109
vt 0.3750 0.7109
vt 0.3750 0.7109
vt 0.3750 0.7109
vt 0.3750 0.7109
vt 0.3750 0.7109
vt 0.3750 0.7109
vt 0.3750 0.7109
vt 0.3750 0.7109
vt 0.3750 0.7109
vt 0.3750 0.7109
vt 0.3750 0.7109
vt 0.3750 0.7109
vt 0.3750 0.7109
vt 0.3750 0.7109
vt 0.3750 0.5391
vt 0.3750 0.5391
vt 0.3750 0.5391
vt 0.3750 0.5391
vt 0.3750 0.5391
vt 0.3750 0.5391
vt 0.3750 0.5391
vt 0.3750 0.5391
vt 0.3750 0.5391
vt 0.3750 0.5391
vt 0.3750 0.5391
vt 0.3750 0.5391
vt 0.3750 0.6250
vt 0.3750 0.6250
vt 0.3750 0.6250
vt 0.3750 0.6250
vt 0.3750 0.7109
vt 0.3750 0.7109
vt 0.3750 0.7109
vt 0.3750 0.7109
vt 0.3750 0.7109
vt 0.3750 0.7109
vt 0.3750 0.7109
vt 0.3750 0.7109
vt 0.3750 0.7109
vt 0.3750 0.7109
vt 0.3750 0.7109
vt 0.3750 0.7109
vt 0.3750 0.7109
vt 0.3750 0.7109
vt 0.3750 0.7109
vt 0.3750 0.7109
vt 0.3750 0.5391
vt 0.3750 0.5391
vt 0.3750 0.5391
vt 0.3750 0.5391
vt 0.3750 0.5391
vt 0.3750 0.5391
vt 0.3750 0.5391
vt 0.3750 0.5391
vt 0.3750 0.5391
vt 0.3750 0.5391
vt 0.3750 0.5391
vt 0.3750 0.5391
vt 0.3750 0.6250
vt 0.3750 0.6250
vt 0.3750 0.6250
vt 0.3750 0.6250
vt 0.3750 0.7109
vt 0.3750 0.7109
vt 0.3750 0.7109
vt 0.3750 0.7109
vt 0.3750 0.7109
vt 0.3750 0.7109
vt 0.3750 0.7109
vt 0.3750 0.7109
vt 0.3750 0.7109
vt 0.3750 0.7109
vt 0.3750 0.7109
vt 0.3750 0.7109
vt 0.3750 0.7109
vt 0.3750 0.7109
vt 0.3750 0.7109
vt 0.3750 0.7109
vt 0.3750 0.5391
vt 0.3750 0.5391
vt 0.3750 0.5391
vt 0.3750 0.5391
vt 0.3750 0.5391
vt 0.3750 0.5391
vt 0.3750 0.5391
vt 0.3750 0.5391
vt 0.3750 0.5391
vt 0.3750 0.5391
vt 0.3750 0.5391
vt 0.3750 0.5391
vt 0.3750 0.6250
vt 0.3750 0.6250
vt 0.3750 0.6250
vt 0.3750 0.6250
vt 0.3750 0.7109
vt 0.3750 0.7109
vt 0.3750 0.7109
vt 0.3750 0.7109
vt 0.3750 0.7109
vt 0.3750 0.7109
vt 0.3750 0.7109
vt 0.3750 0.7109
vt 0.3750 0.7109
vt 0.3750 0.7109
vt 0.3750 0.7109
vt 0.3750 0.7109
vt 0.3750 0.7109
vt 0.3750 0.7109
vt 0.3750 0.7109
vt 0.3750 0.7109
vt 0.3750 0.5391
vt 0.3750 0.5391
vt 0.3750 0.5391
vt 0.3750 0.5391
vt 0.3750 0.5391
vt 0.3750 0.5391
vt 0.3750 0.5391
vt 0.3750 0.5391
vt 0.3750 0.5391
vt 0.3750 0.5391
vt 0.3750 0.5391
vt 0.3750 0.5391
vt 0.3750 0.6250
vt 0.3750 0.6250
vt 0.3750 0.6250
vt 0.3750 0.6250
vt 0.3750 0.7109
vt 0.3750 0.7109
vt 0.3750 0.7109
vt 0.3750 0.7109
vt 0.3750 0.7109
vt 0.3750 0.7109
vt 0.3750 0.7109
vt 0.3750 0.7109
vt 0.3750 0.7109
vt 0.3750 0.7109
vt 0.3750 0.7109
vt 0.3750 0.7109
vt 0.3750 0.7109
vt 0.3750 0.7109
vt 0.3750 0.7109
vt 0.3750 0.7109
vt 0.3750 0.5391
vt 0.3750 0.5391
vt 0.3750 0.5391
vt 0.3750 0.5391
vt 0.3750 0.5391
vt 0.3750 0.5391
vt 0.3750 0.5391
vt 0.3750 0.5391
vt 0.3750 0.5391
vt 0.3750 0.5391
vt 0.3750 0.5391
vt 0.3750 0.5391
vt 0.3750 0.6250
vt 0.3750 0.6250
vt 0.3750 0.6250
vt 0.3750 0.6250
vt 0.3750 0.7109
vt 0.3750 0.7109
vt 0.3750 0.7109
vt 0.3750 0.7109
vt 0.3750 0.7109
vt 0.3750 0.7109
vt 0.3750 0.7109
vt 0.3750 0.7109
vt 0.3750 0.7109
vt 0.3750 0.7109
vt 0.3750 0.7109
vt 0.3750 0.7109
vt 0.3750 0.7109
vt 0.3750 0.7109
vt 0.3750 0.7109
vt 0.3750 0.7109
vt 0.3750 0.5391
vt 0.3750 0.5391
vt 0.3750 0.5391
vt 0.3750 0.5391
vt 0.3750 0.5391
vt 0.3750 0.5391
vt 0.3750 0.5391
vt 0.3750 0.5391
vt 0.3750 0.5391
vt 0.3750 0.5391
vt 0.3750 0.5391
vt 0.3750 0.5391
vt 0.3750 0.6250
vt 0.3750 0.6250
vt 0.3750 0.6250
vt 0.3750 0.6250
vt 0.3750 0.7109
vt 0.3750 0.7109
vt 0.3750 0.7109
vt 0.3750 0.7109
vt 0.3750 0.7109
vt 0.3750 0.7109
vt 0.3750 0.7109
vt 0.3750 0.7109
vt 0.3750 0.7109
vt 0.3750 0.7109
vt 0.3750 0.7109
vt 0.3750 0.7109
vt 0.3750 0.7109
vt 0.3750 0.7109
vt 0.3750 0.7109
vt 0.3750 0.7109
vt 0.3750 0.5391
vt 0.3750 0.5391
vt 0.3750 0.5391
vt 0.3750 0.5391
vt 0.3750 0.5391
vt 0.3750 0.5391
vt 0.3750 0.5391
vt 0.3750 0.5391
vt 0.3750 0.5391
vt 0.3750 0.5391
vt 0.3750 0.5391
vt 0.3750 0.5391
vt 0.3750 0.6250
vt 0.3750 0.6250
vt 0.3750 0.6250
vt 0.3750 0.6250
vt 0.3750 0.7109
vt 0.3750 0.7109
vt 0.3750 0.7109
vt 0.3750 0.7109
vt 0.3750 0.7109
vt 0.3750 0.7109
vt 0.3750 0.7109
vt 0.3750 0.7109
vt 0.3750 0.7109
vt 0.3750 0.7109
vt 0.3750 0.7109
vt 0.3750 0.7109
vt 0.3750 0.7109
vt 0.3750 0.7109
vt 0.3750 0.7109
vt 0.3750 0.7109
vt 0.3750 0.5391
vt 0.3750 0.5391
vt 0.3750 0.5391
vt 0.3750 0.5391
vt 0.3750 0.5391
vt 0.3750 0.5391
vt 0.3750 0.5391
vt 0.3750 0.5391
vt 0.3750 0.5391
vt 0.3750 0.5391
vt 0.3750 0.5391
vt 0.3750 0.5391
vt 0.3750 0.6250
vt 0.3750 0.6250
vt 0.3750 0.6250
vt 0.3750 0.6250
vt 0.3750 0.7109
vt 0.3750 0.7109
vt 0.3750 0.7109
vt 0.3750 0.7109
vt 0.3750 0.7109
vt 0.3750 0.7109
vt 0.3750 0.7109
vt 0.3750 0.7109
vt 0.3750 0.7109
vt 0.3750 0.7109
vt 0.3750 0.7109
vt 0.3750 0.7109
vt 0.3750 0.7109
vt 0.3750 0.7109
vt 0.3750 0.7109
vt 0.3750 0.7109
vt 0.3750 0.5391
vt 0.3750 0.5391
vt 0.3750 0.5391
vt 0.3750 0.5391
vt 0.3750 0.5391
vt 0.3750 0.5391
vt 0.3750 0.5391
vt 0.3750 0.5391
vt 0.3750 0.5391
vt 0.3750 0.5391
vt 0.3750 0.5391
vt 0.3750 0.5391
vt 0.3750 0.6250
vt 0.3750 0.6250
vt 0.3750 0.6250
vt 0.3750 0.6250
vt 0.3750 0.7109
vt 0.3750 0.7109
vt 0.3750 0.7109
vt 0.3750 0.7109
vt 0.3750 0.7109
vt 0.3750 0.7109
vt 0.3750 0.7109
vt 0.3750 0.7109
vt 0.3750 0.7109
vt 0.3750 0.7109
vt 0.3750 0.7109
vt 0.3750 0.7109
vt 0.3750 0.7109
vt 0.3750 0.7109
vt 0.3750 0.7109
vt 0.3750 0.7109
vt 0.3750 0.6250
vt 0.3750 0.6250
vt 0.3750 0.6250
vt 0.3750 0.6250
vt 0.3750 0.5391
vt 0.3750 0.5391
vt 0.3750 0.5391
vt 0.3750 0.5391
vt 0.3750 0.5391
vt 0.3750 0.5391
vt 0.3750 0.5391
vt 0.3750 0.5391
vt 0.3750 0.6250
vt 0.3750 0.6250
vt 0.3750 0.6250
vt 0.3750 0.6250
vt 0.3750 0.7109
vt 0.3750 0.7109
vt 0.3750 0.7109
vt 0.3750 0.7109
vt 0.3750 0.7109
vt 0.3750 0.7109
vt 0.3750 0.7109
vt 0.3750 0.7109
vt 0.3750 0.7109
vt 0.3750 0.7109
vt 0.3750 0.7109
vt 0.3750 0.7109
vt 0.3750 0.7109
vt 0.3750 0.7109
vt 0.3750 0.7109
vt 0.3750 0.7109
vt 0.3750 0.6250
vt 0.3750 0.6250
vt 0.3750 0.6250
vt 0.3750 0.6250
vt 0.3750 0.5391
vt 0.3750 0.5391
vt 0.3750 0.5391
vt 0.3750 0.5391
vt 0.3750 0.5391
vt 0.3750 0.5391
vt 0.3750 0.5391
vt 0.3750 0.5391
vt 0.3750 0.6250
vt 0.3750 0.6250
vt 0.3750 0.6250
vt 0.3750 0.6250
vt 0.3750 0.7109
vt 0.3750 0.7109
vt 0.3750 0.7109
vt 0.3750 0.7109
vt 0.3750 0.7109
vt 0.3750 0.7109
vt 0.3750 0.7109
vt 0.3750 0.7109
vt 0.3750 0.7109
vt 0.3750 0.7109
vt 0.3750 0.7109
vt 0.3750 0.7109
vt 0.3750 0.7109
vt 0.3750 0.7109
vt 0.3750 0.7109
vt 0.3750 0.7109
vt 0.3750 0.6250
vt 0.3750 0.6250
vt 0.3750 0.6250
vt 0.3750 0.6250
vt 0.3750 0.5391
vt 0.3750 0.5391
vt 0.3750 0.5391
vt 0.3750 0.5391
vt 0.3750 0.5391
vt 0.3750 0.5391
vt 0.3750 0.5391
vt 0.3750 0.5391
vt 0.3750 0.6250
vt 0.3750 0.6250
vt 0.3750 0.6250
vt 0.3750 0.6250
vt 0.3750 0.7109
vt 0.3750 0.7109
vt 0.3750 0.7109
vt 0.3750 0.7109
vt 0.3750 0.7109
vt 0.3750 0.7109
vt 0.3750 0.7109
vt 0.3750 0.7109
vt 0.3750 0.7109
vt 0.3750 0.7109
vt 0.3750 0.7109
vt 0.3750 0.7109
vt 0.3750 0.7109
vt 0.3750 0.7109
vt 0.3750 0.7109
vt 0.3750 0.7109
vt 0.3750 0.6250
vt 0.3750 0.6250
vt 0.3750 0.6250
vt 0.3750 0.6250
vt 0.3750 0.5391
vt 0.3750 0.5391
vt 0.3750 0.5391
vt 0.3750 0.5391
vt 0.3750 0.5391
vt 0.3750 0.5391
vt 0.3750 0.5391
vt 0.3750 0.5391
vt 0.3750 0.6250
vt 0.3750 0.6250
vt 0.3750 0.6250
vt 0.3750 0.6250
vt 0.3750 0.6250
vt 0.3750 0.6250
vt 0.3750 0.6250
vt 0.3750 0.6250
vt 0.3750 0.7109
vt 0.3750 0.7109
vt 0.3750 0.7109
vt 0.3750 0.7109
vt 0.3750 0.7109
vt 0.3750 0.7109
vt 0.3750 0.7109
vt 0.3750 0.7109
vt 0.3750 0.7109
vt 0.3750 0.7109
vt 0.3750 0.7109
vt 0.3750 0.7109
vt 0.3750 0.6250
vt 0.3750 0.6250
vt 0.3750 0.6250
vt 0.3750 0.6250
vt 0.3750 0.6250
vt 0.3750 0.6250
vt 0.3750 0.6250
vt 0.3750 0.6250
vt 0.3750 0.5391
vt 0.3750 0.5391
vt 0.3750 0.5391
vt 0.3750 0.5391
vt 0.3750 0.6250
vt 0.3750 0.6250
vt 0.3750 0.6250
vt 0.3750 0.6250
vt 0.3750 0.6250
vt 0.3750 0.6250
vt 0.3750 0.6250
vt 0.3750 0.6250
vt 0.3750 0.7109
vt 0.3750 0.7109
vt 0.3750 0.7109
vt 0.3750 0.7109
vt 0.3750 0.7109
vt 0.3750 0.7109
vt 0.3750 0.7109
vt 0.3750 0.7109
vt 0.3750 0.7109
vt 0.3750 0.7109
vt 0.3750 0.7109
vt 0.3750 0.7109
vt 0.3750 0.6250
vt 0.3750 0.6250
vt 0.3750 0.6250
vt 0.3750 0.6250
vt 0.3750 0.6250
vt 0.3750 0.6250
vt 0.3750 0.6250
vt 0.3750 0.6250
vt 0.3750 0.5391
vt 0.3750 0.5391
vt 0.3750 0.5391
vt 0.3750 0.5391
vt 0.3750 0.5391
vt 0.3750 0.5391
vt 0.3750 0.5391
vt 0.3750 0.5391
vt 0.3750 0.6250
vt 0.3750 0.6250
vt 0.3750 0.6250
vt 0.3750 0.6250
vt 0.3750 0.6250
vt 0.3750 0.6250
vt 0.3750 0.6250
vt 0.3750 0.6250
vt 0.3750 0.7109
vt 0.3750 0.7109
vt 0.3750 0.7109
vt 0.3750 0.7109
vt 0.3750 0.7109
vt 0.3750 0.7109
vt 0.3750 0.7109
vt 0.3750 0.7109
vt 0.3750 0.6250
vt 0.3750 0.6250
vt 0.3750 0.6250
vt 0.3750 0.6250
vt 0.3750 0.6250
vt 0.3750 0.6250
vt 0.3750 0.6250
vt 0.3750 0.6250
vt 0.3750 0.5391
vt 0.3750 0.5391
vt 0.3750 0.5391
vt 0.3750 0.5391
vt 0.3750 0.5391
vt 0.3750 0.5391
vt 0.3750 0.5391
vt 0.3750 0.5391
vt 0.3750 0.5391
vt 0.3750 0.5391
vt 0.3750 0.5391
vt 0.3750 0.5391
vt 0.3750 0.5391
vt 0.3750 0.5391
vt 0.3750 0.5391
vt 0.3750 0.5391
vt 0.3750 0.5391
vt 0.3750 0.5391
vt 0.3750 0.5391
vt 0.3750 0.5391
vt 0.3750 0.5391
vt 0.3750 0.5391
vt 0.3750 0.5391
vt 0.3750 0.5391
vt 0.3750 0.5391
vt 0.3750 0.5391
vt 0.3750 0.5391
vt 0.3750 0.5391
vt 0.3750 0.7109
vt 0.3750 0.7109
vt 0.3750 0.7109
vt 0.3750 0.7109
vt 0.3750 0.7109
vt 0.3750 0.7109
vt 0.3750 0.7109
vt 0.3750 0.7109
vt 0.3750 0.7109
vt 0.3750 0.7109
vt 0.3750 0.7109
vt 0.3750 0.6250
vt 0.3750 0.6250
vt 0.3750 0.6250
vt 0.3750 0.6250
vt 0.3750 0.6250
vt 0.3750 0.6250
vt 0.3750 0.6250
vt 0.3750 0.6250
vt 0.3750 0.5391
vt 0.3750 0.5391
vt 0.3750 0.5391
vt 0.3750 0.7109
vt 0.3750 0.7109
vt 0.3750 0.7109
vt 0.3750 0.7109
vt 0.3750 0.7109
vt 0.3750 0.7109
vt 0.3750 0.7109
vt 0.3750 0.6250
vt 0.3750 0.6250
vt 0.3750 0.6250
vt 0.3750 0.6250
vt 0.3750 0.5391
vt 0.3750 0.5391
vt 0.3750 0.5391
vt 0.3750 0.5391
vt 0.3750 0.5391
vt 0.3750 0.5391
vt 0.3750 0.5391
vt 0.3750 0.5391
vt 0.3750 0.5391
vt 0.3750 0.5391
vt 0.3750 0.5391
vt 0.3750 0.7109
vt 0.3750 0.7109
vt 0.3750 0.7109
vt 0.3750 0.7109
vt 0.3750 0.7109
vt 0.3750 0.7109
vt 0.3750 0.7109
vt 0.3750 0.6250
vt 0.3750 0.6250
vt 0.3750 0.6250
vt 0.3750 0.6250
vt 0.3750 0.5391
vt 0.3750 0.5391
vt 0.3750 0.5391
vt 0.3750 0.5391
vt 0.3750 0.5391
vt 0.3750 0.5391
vt 0.3750 0.5391
vt 0.3750 0.5391
vt 0.3750 0.5391
vt 0.3750 0.5391
vt 0.3750 0.5391
vt 0.3750 0.7109
vt 0.3750 0.7109
vt 0.3750 0.7109
vt 0.3750 0.7109
vt 0.3750 0.7109
vt 0.3750 0.7109
vt 0.3750 0.7109
vt 0.3750 0.6250
vt 0.3750 0.6250
vt 0.3750 0.6250
vt 0.3750 0.6250
vt 0.3750 0.5391
vt 0.3750 0.5391
vt 0.3750 0.5391
vt 0.3750 0.5391
vt 0.3750 0.5391
vt 0.3750 0.5391
vt 0.3750 0.5391
vt 0.3750 0.5391
vt 0.3750 0.5391
vt 0.3750 0.5391
vt 0.3750 0.5391
vt 0.3750 0.7109
vt 0.3750 0.7109
vt 0.3750 0.7109
vt 0.3750 0.7109
vt 0.3750 0.7109
vt 0.3750 0.7109
vt 0.3750 0.7109
vt 0.3750 0.6250
vt 0.3750 0.6250
vt 0.3750 0.6250
vt 0.3750 0.6250
vt 0.3750 0.6250
vt 0.3750 0.6250
vt 0.3750 0.6250
vt 0.3750 0.6250
vt 0.3750 0.5391
vt 0.3750 0.5391
vt 0.3750 0.5391
vt 0.3750 0.5391
vt 0.3750 0.5391
vt 0.3750 0.5391
vt 0.3750 0.5391
vt 0.3750 0.7109
vt 0.3750 0.7109
vt 0.3750 0.7109
vt 0.3750 0.7109
vt 0.3750 0.7109
vt 0.3750 0.7109
vt 0.3750 0.7109
vt 0.3750 0.7109
vt 0.3750 0.7109
vt 0.3750 0.7109
vt 0.3750 0.7109
vt 0.3750 0.7109
vt 0.3750 0.7109
vt 0.3750 0.7109
vt 0.3750 0.7109
vt 0.3750 0.6250
vt 0.3750 0.6250
vt 0.3750 0.6250
vt 0.3750 0.6250
vt 0.3750 0.5391
vt 0.3750 0.5391
vt 0.3750 0.5391
vt 0.3750 0.7109
vt 0.3750 0.7109
vt 0.3750 0.7109
vt 0.3750 0.7109
vt 0.3750 0.7109
vt 0.3750 0.7109
vt 0.3750 0.7109
vt 0.3750 0.7109
vt 0.3750 0.7109
vt 0.3750 0.7109
vt 0.3750 0.7109
vt 0.3750 0.7109
vt 0.3750 0.7109
vt 0.3750 0.7109
vt 0.3750 0.7109
vt 0.3750 0.6250
vt 0.3750 0.6250
vt 0.3750 0.6250
vt 0.3750 0.6250
vt 0.3750 0.5391
vt 0.3750 0.5391
vt 0.3750 0.5391
vt 0.3750 0.7109
vt 0.3750 0.7109
vt 0.3750 0.7109
vt 0.3750 0.7109
vt 0.3750 0.7109
vt 0.3750 0.7109
vt 0.3750 0.7109
vt 0.3750 0.7109
vt 0.3750 0.7109
vt 0.3750 0.7109
vt 0.3750 0.7109
vt 0.3750 0.7109
vt 0.3750 0.7109
vt 0.3750 0.7109
vt 0.3750 0.7109
vt 0.3750 0.6250
vt 0.3750 0.6250
vt 0.3750 0.6250
vt 0.3750 0.6250
vt 0.3750 0.5391
vt 0.3750 0.5391
vt 0.3750 0.5391
vt 0.3750 0.7109
vt 0.3750 0.7109
vt 0.3750 0.7109
vt 0.3750 0.7109
vt 0.3750 0.7109
vt 0.3750 0.7109
vt 0.3750 0.7109
vt 0.3750 0.7109
vt 0.3750 0.7109
vt 0.3750 0.7109
vt 0.3750 0.7109
vt 0.3750 0.6250
vt 0.3750 0.6250
vt 0.3750 0.6250
vt 0.3750 0.6250
vt 0.3750 0.6250
vt 0.3750 0.6250
vt 0.3750 0.6250
vt 0.3750 0.6250
vt 0.3750 0.5391
vt 0.3750 0.5391
vt 0.3750 0.5391
vt 0.3750 0.7109
vt 0.3750 0.7109
vt 0.3750 0.7109
vt 0.3750 0.7109
vt 0.3750 0.7109
vt 0.3750 0.7109
vt 0.3750 0.7109
vt 0.3750 0.6250
vt 0.3750 0.6250
vt 0.3750 0.6250
vt 0.3750 0.6250
vt 0.3750 0.5391
vt 0.3750 0.5391
vt 0.3750 0.5391
vt 0.3750 0.5391
vt 0.3750 0.5391
vt 0.3750 0.5391
vt 0.3750 0.5391
vt 0.3750 0.5391
vt 0.3750 0.5391
vt 0.3750 0.5391
vt 0.3750 0.5391
vt 0.3750 0.7109
vt 0.3750 0.7109
vt 0.3750 0.7109
vt 0.3750 0.7109
vt 0.3750 0.7109
vt 0.3750 0.7109
vt 0.3750 0.7109
vt 0.3750 0.6250
vt 0.3750 0.6250
vt 0.3750 0.6250
vt 0.3750 0.6250
vt 0.3750 0.5391
vt 0.3750 0.5391
vt 0.3750 0.5391
vt 0.3750 0.5391
vt 0.3750 0.5391
vt 0.3750 0.5391
vt 0.3750 0.5391
vt 0.3750 0.5391
vt 0.3750 0.5391
vt 0.3750 0.5391
vt 0.3750 0.5391
vt 0.3750 0.7109
vt 0.3750 0.7109
vt 0.3750 0.7109
vt 0.3750 0.7109
vt 0.3750 0.7109
vt 0.3750 0.7109
vt 0.3750 0.7109
vt 0.3750 0.6250
vt 0.3750 0.6250
vt 0.3750 0.6250
vt 0.3750 0.6250
vt 0.3750 0.5391
vt 0.3750 0.5391
vt 0.3750 0.5391
vt 0.3750 0.5391
vt 0.3750 0.5391
vt 0.3750 0.5391
vt 0.3750 0.5391
vt 0.3750 0.5391
vt 0.3750 0.5391
vt 0.3750 0.5391
vt 0.3750 0.5391
vt 0.3750 0.7109
vt 0.3750 0.7109
vt 0.3750 0.7109
vt 0.3750 0.7109
vt 0.3750 0.7109
vt 0.3750 0.7109
vt 0.3750 0.7109
vt 0.3750 0.6250
vt 0.3750 0.6250
vt 0.3750 0.6250
vt 0.3750 0.6250
vt 0.3750 0.6250
vt 0.3750 0.6250
vt 0.3750 0.6250
vt 0.3750 0.6250
vt 0.3750 0.5391
vt 0.3750 0.5391
vt 0.3750 0.5391
vt 0.3750 0.5391
vt 0.3750 0.5391
vt 0.3750 0.5391
vt 0.3750 0.5391
vt 0.3750 0.7109
vt 0.3750 0.7109
vt 0.3750 0.7109
vt 0.3750 0.7109
vt 0.3750 0.7109
vt 0.3750 0.7109
vt 0.3750 0.7109
vt 0.3750 0.7109
vt 0.3750 0.7109
vt 0.3750 0.7109
vt 0.3750 0.7109
vt 0.3750 0.7109
vt 0.3750 0.7109
vt 0.3750 0.7109
vt 0.3750 0.7109
vt 0.3750 0.6250
vt 0.3750 0.6250
vt 0.3750 0.6250
vt 0.3750 0.6250
vt 0.3750 0.5391
vt 0.3750 0.5391
vt 0.3750 0.5391
vt 0.3750 0.7109
vt 0.3750 0.7109
vt 0.3750 0.7109
vt 0.3750 0.7109
vt 0.3750 0.7109
vt 0.3750 0.7109
vt 0.3750 0.7109
vt 0.3750 0.7109
vt 0.3750 0.7109
vt 0.3750 0.7109
vt 0.3750 0.7109
vt 0.3750 0.7109
vt 0.3750 0.7109
vt 0.3750 0.7109
vt 0.3750 0.7109
vt 0.3750 0.6250
vt 0.3750 0.6250
vt 0.3750 0.6250
vt 0.3750 0.6250
vt 0.3750 0.5391
vt 0.3750 0.5391
vt 0.3750 0.5391
vt 0.3750 0.7109
vt 0.3750 0.7109
vt 0.3750 0.7109
vt 0.3750 0.7109
vt 0.3750 0.7109
vt 0.3750 0.7109
vt 0.3750 0.7109
vt 0.3750 0.7109
vt 0.3750 0.7109
vt 0.3750 0.7109
vt 0.3750 0.7109
vt 0.3750 0.7109
vt 0.3750 0.7109
vt 0.3750 0.7109
vt 0.3750 0.7109
vt 0.3750 0.6250
vt 0.3750 0.6250
vt 0.3750 0.6250
vt 0.3750 0.6250
vt 0.3750 0.5391
vt 0.3750 0.5391
vt 0.3750 0.5391
vt 0.1250 0.1250
vt 0.1250 0.1250
vt 0.1250 0.1250
vt 0.1250 0.1250
vt 0.1250 0.2109
vt 0.1250 0.2109
vt 0.1250 0.2109
vt 0.1250 0.2109
vt 0.1250 0.2109
vt 0.1250 0.2109
vt 0.1250 0.2109
vt 0.1250 0.2109
vt 0.1250 0.1250
vt 0.1250 0.1250
vt 0.1250 0.1250
vt 0.1250 0.1250
vt 0.1250 0.0391
vt 0.1250 0.0391
vt 0.1250 0.0391
vt 0.1250 0.0391
vt 0.1250 0.0391
vt 0.1250 0.0391
vt 0.1250 0.0391
vt 0.1250 0.0391
vt 0.1250 0.2109
vt 0.1250 0.2109
vt 0.1250 0.2109
vt 0.1250 0.2109
vt 0.1250 0.2109
vt 0.1250 0.2109
vt 0.1250 0.2109
vt 0.1250 0.2109
vt 0.1250 0.2109
vt 0.1250 0.2109
vt 0.1250 0.2109
vt 0.1250 0.2109
vt 0.1250 0.1250
vt 0.1250 0.1250
vt 0.1250 0.1250
vt 0.1250 0.1250
vt 0.1250 0.0391
vt 0.1250 0.0391
vt 0.1250 0.0391
vt 0.1250 0.0391
vt 0.1250 0.0391
vt 0.1250 0.0391
vt 0.1250 0.0391
vt 0.1250 0.0391
vt 0.1250 0.2109
vt 0.1250 0.2109
vt 0.1250 0.2109
vt 0.1250 0.2109
vt 0.1250 0.2109
vt 0.1250 0.2109
vt 0.1250 0.2109
vt 0.1250 0.2109
vt 0.1250 0.2109
vt 0.1250 0.2109
vt 0.1250 0.2109
vt 0.1250 0.2109
vt 0.1250 0.1250
vt 0.1250 0.1250
vt 0.1250 0.1250
vt 0.1250 0.1250
vt 0.1250 0.0391
vt 0.1250 0.0391
vt 0.1250 0.0391
vt 0.1250 0.0391
vt 0.1250 0.0391
vt 0.1250 0.0391
vt 0.1250 0.0391
vt 0.1250 0.0391
vt 0.1250 0.2109
vt 0.1250 0.2109
vt 0.1250 0.2109
vt 0.1250 0.2109
vt 0.1250 0.2109
vt 0.1250 0.2109
vt 0.1250 0.2109
vt 0.1250 0.2109
vt 0.1250 0.2109
vt 0.1250 0.2109
vt 0.1250 0.2109
vt 0.1250 0.2109
vt 0.1250 0.1250
vt 0.1250 0.1250
vt 0.1250 0.1250
vt 0.1250 0.1250
vt 0.1250 0.0391
vt 0.1250 0.0391
vt 0.1250 0.0391
vt 0.1250 0.0391
vt 0.1250 0.0391
vt 0.1250 0.0391
vt 0.1250 0.0391
vt 0.1250 0.0391
vt 0.1250 0.2109
vt 0.1250 0.2109
vt 0.1250 0.2109
vt 0.1250 0.2109
vt 0.1250 0.2109
vt 0.1250 0.2109
vt 0.1250 0.2109
vt 0.1250 0.2109
vt 0.1250 0.2109
vt 0.1250 0.2109
vt 0.1250 0.2109
vt 0.1250 0.2109
vt 0.1250 0.1250
vt 0.1250 0.1250
vt 0.1250 0.1250
vt 0.1250 0.1250
vt 0.1250 0.0391
vt 0.1250 0.0391
vt 0.1250 0.0391
vt 0.1250 0.0391
vt 0.1250 0.0391
vt 0.1250 0.0391
vt 0.1250 0.0391
vt 0.1250 0.0391
vt 0.1250 0.2109
vt 0.1250 0.2109
vt 0.1250 0.2109
vt 0.1250 0.2109
vt 0.1250 0.2109
vt 0.1250 0.2109
vt 0.1250 0.2109
vt 0.1250 0.2109
vt 0.1250 0.2109
vt 0.1250 0.2109
vt 0.1250 0.2109
vt 0.1250 0.2109
vt 0.1250 0.1250
vt 0.1250 0.1250
vt 0.1250 0.1250
vt 0.1250 0.1250
vt 0.1250 0.0391
vt 0.1250 0.0391
vt 0.1250 0.0391
vt 0.1250 0.0391
vt 0.1250 0.0391
vt 0.1250 0.0391
vt 0.1250 0.0391
vt 0.1250 0.0391
vt 0.1250 0.2109
vt 0.1250 0.2109
vt 0.1250 0.2109
vt 0.1250 0.2109
vt 0.1250 0.2109
vt 0.1250 0.2109
vt 0.1250 0.2109
vt 0.1250 0.2109
vt 0.1250 0.2109
vt 0.1250 0.2109
vt 0.1250 0.2109
vt 0.1250 0.2109
vt 0.1250 0.1250
vt 0.1250 0.1250
vt 0.1250 0.1250
vt 0.1250 0.1250
vt 0.1250 0.0391
vt 0.1250 0.0391
vt 0.1250 0.0391
vt 0.1250 0.0391
vt 0.1250 0.0391
vt 0.1250 0.0391
vt 0.1250 0.0391
vt 0.1250 0.0391
vt 0.1250 0.2109
vt 0.1250 0.2109
vt 0.1250 0.2109
vt 0.1250 0.2109
vt 0.1250 0.2109
vt 0.1250 0.2109
vt 0.1250 0.2109
vt 0.1250 0.2109
vt 0.1250 0.2109
vt 0.1250 0.2109
vt 0.1250 0.2109
vt 0.1250 0.2109
vt 0.1250 0.1250
vt 0.1250 0.1250
vt 0.1250 0.1250
vt 0.1250 0.1250
vt 0.1250 0.0391
vt 0.1250 0.0391
vt 0.1250 0.0391
vt 0.1250 0.0391
vt 0.1250 0.0391
vt 0.1250 0.0391
vt 0.1250 0.0391
vt 0.1250 0.0391
vt 0.1250 0.1250
vt 0.1250 0.1250
vt 0.1250 0.1250
vt 0.1250 0.1250
vt 0.1250 0.2109
vt 0.1250 0.2109
vt 0.1250 0.2109
vt 0.1250 0.2109
vt 0.1250 0.2109
vt 0.1250 0.2109
vt 0.1250 0.2109
vt 0.1250 0.2109
vt 0.1250 0.1250
vt 0.1250 0.1250
vt 0.1250 0.1250
vt 0.1250 0.1250
vt 0.1250 0.0391
vt 0.1250 0.0391
vt 0.1250 0.0391
vt 0.1250 0.0391
vt 0.1250 0.0391
vt 0.1250 0.0391
vt 0.1250 0.0391
vt 0.1250 0.0391
vt 0.1250 0.1250
vt 0.1250 0.1250
vt 0.1250 0.1250
vt 0.1250 0.1250
vt 0.1250 0.2109
vt 0.1250 0.2109
vt 0.1250 0.2109
vt 0.1250 0.2109
vt 0.1250 0.2109
vt 0.1250 0.2109
vt 0.1250 0.2109
vt 0.1250 0.2109
vt 0.1250 0.1250
vt 0.1250 0.1250
vt 0.1250 0.1250
vt 0.1250 0.1250
vt 0.1250 0.0391
vt 0.1250 0.0391
vt 0.1250 0.0391
vt 0.1250 0.0391
vt 0.1250 0.0391
vt 0.1250 0.0391
vt 0.1250 0.0391
vt 0.1250 0.0391
vt 0.1250 0.1250
vt 0.1250 0.1250
vt 0.1250 0.1250
vt 0.1250 0.1250
vt 0.1250 0.2109
vt 0.1250 0.2109
vt 0.1250 0.2109
vt 0.1250 0.2109
vt 0.1250 0.2109
vt 0.1250 0.2109
vt 0.1250 0.2109
vt 0.1250 0.2109
vt 0.1250 0.1250
vt 0.1250 0.1250
vt 0.1250 0.1250
vt 0.1250 0.1250
vt 0.1250 0.0391
vt 0.1250 0.0391
vt 0.1250 0.0391
vt 0.1250 0.0391
vt 0.1250 0.0391
vt 0.1250 0.0391
vt 0.1250 0.0391
vt 0.1250 0.0391
vt 0.1250 0.1250
vt 0.1250 0.1250
vt 0.1250 0.1250
vt 0.1250 0.1250
vt 0.1250 0.2109
vt 0.1250 0.2109
vt 0.1250 0.2109
vt 0.1250 0.2109
vt 0.1250 0.2109
vt 0.1250 0.2109
vt 0.1250 0.2109
vt 0.1250 0.2109
vt 0.1250 0.2109
vt 0.1250 0.2109
vt 0.1250 0.2109
vt 0.1250 0.2109
vt 0.1250 0.1250
vt 0.1250 0.1250
vt 0.1250 0.1250
vt 0.1250 0.1250
vt 0.1250 0.0391
vt 0.1250 0.0391
vt 0.1250 0.0391
vt 0.1250 0.0391
vt 0.1250 0.1250
vt 0.1250 0.1250
vt 0.1250 0.1250
vt 0.1250 0.1250
vt 0.1250 0.2109
vt 0.1250 0.2109
vt 0.1250 0.2109
vt 0.1250 0.2109
vt 0.1250 0.2109
vt 0.1250 0.2109
vt 0.1250 0.2109
vt 0.1250 0.2109
vt 0.1250 0.2109
vt 0.1250 0.2109
vt 0.1250 0.2109
vt 0.1250 0.2109
vt 0.1250 0.1250
vt 0.1250 0.1250
vt 0.1250 0.1250
vt 0.1250 0.1250
vt 0.1250 0.1250
vt 0.1250 0.1250
vt 0.1250 0.1250
vt 0.1250 0.1250
vt 0.1250 0.1250
vt 0.1250 0.1250
vt 0.1250 0.1250
vt 0.1250 0.1250
vt 0.1250 0.2109
vt 0.1250 0.2109
vt 0.1250 0.2109
vt 0.1250 0.2109
vt 0.1250 0.2109
vt 0.1250 0.2109
vt 0.1250 0.2109
vt 0.1250 0.2109
vt 0.1250 0.2109
vt 0.1250 0.2109
vt 0.1250 0.2109
vt 0.1250 0.2109
vt 0.1250 0.1250
vt 0.1250 0.1250
vt 0.1250 0.1250
vt 0.1250 0.1250
vt 0.1250 0.1250
vt 0.1250 0.1250
vt 0.1250 0.1250
vt 0.1250 0.1250
vt 0.1250 0.1250
vt 0.1250 0.1250
vt 0.1250 0.1250
vt 0.1250 0.1250
vt 0.1250 0.1250
vt 0.1250 0.1250
vt 0.1250 0.1250
vt 0.1250 0.1250
vt 0.1250 0.2109
vt 0.1250 0.2109
vt 0.1250 0.2109
vt 0.1250 0.2109
vt 0.1250 0.2109
vt 0.1250 0.2109
vt 0.1250 0.2109
vt 0.1250 0.2109
vt 0.1250 0.1250
vt 0.1250 0.1250
vt 0.1250 0.1250
vt 0.1250 0.1250
vt 0.1250 0.1250
vt 0.1250 0.1250
vt 0.1250 0.1250
vt 0.1250 0.1250
vt 0.1250 0.1250
vt 0.1250 0.1250
vt 0.1250 0.1250
vt 0.1250 0.1250
vt 0.1250 0.1250
vt 0.1250 0.1250
vt 0.1250 0.1250
vt 0.1250 0.1250
vt 0.1250 0.2109
vt 0.1250 0.2109
vt 0.1250 0.2109
vt 0.1250 0.2109
vt 0.1250 0.2109
vt 0.1250 0.2109
vt 0.1250 0.2109
vt 0.1250 0.2109
vt 0.1250 0.2109
vt 0.1250 0.2109
vt 0.1250 0.2109
vt 0.1250 0.2109
vt 0.1250 0.1250
vt 0.1250 0.1250
vt 0.1250 0.1250
vt 0.1250 0.1250
vt 0.1250 0.0391
vt 0.1250 0.0391
vt 0.1250 0.0391
vt 0.1250 0.0391
vt 0.1250 0.0391
vt 0.1250 0.0391
vt 0.1250 0.0391
vt 0.1250 0.0391
vt 0.1250 0.0391
vt 0.1250 0.0391
vt 0.1250 0.0391
vt 0.1250 0.0391
vt 0.1250 0.7109
vt 0.1250 0.7109
vt 0.1250 0.7109
vt 0.1250 0.7109
vt 0.1250 0.7109
vt 0.1250 0.7109
vt 0.1250 0.7109
vt 0.1250 0.7109
vt 0.1250 0.7109
vt 0.1250 0.7109
vt 0.1250 0.7109
vt 0.1250 0.7109
vt 0.1250 0.7109
vt 0.1250 0.7109
vt 0.1250 0.7109
vt 0.1250 0.7109
vt 0.1250 0.7109
vt 0.1250 0.7109
vt 0.1250 0.7109
vt 0.1250 0.7109
vt 0.1250 0.7109
vt 0.1250 0.7109
vt 0.1250 0.7109
vt 0.1250 0.6250
vt 0.1250 0.6250
vt 0.1250 0.6250
vt 0.1250 0.6250
vt 0.1250 0.6250
vt 0.1250 0.6250
vt 0.1250 0.6250
vt 0.1250 0.6250
vt 0.1250 0.5391
vt 0.1250 0.5391
vt 0.1250 0.5391
vt 0.1250 0.5391
vt 0.1250 0.5391
vt 0.1250 0.5391
vt 0.1250 0.5391
vt 0.1250 0.7109
vt 0.1250 0.7109
vt 0.1250 0.7109
vt 0.1250 0.7109
vt 0.1250 0.7109
vt 0.1250 0.7109
vt 0.1250 0.7109
vt 0.1250 0.7109
vt 0.1250 0.7109
vt 0.1250 0.7109
vt 0.1250 0.7109
vt 0.1250 0.7109
vt 0.1250 0.7109
vt 0.1250 0.7109
vt 0.1250 0.7109
vt 0.1250 0.7109
vt 0.1250 0.7109
vt 0.1250 0.7109
vt 0.1250 0.7109
vt 0.1250 0.6250
vt 0.1250 0.6250
vt 0.1250 0.6250
vt 0.1250 0.6250
vt 0.1250 0.6250
vt 0.1250 0.6250
vt 0.1250 0.6250
vt 0.1250 0.6250
vt 0.1250 0.5391
vt 0.1250 0.5391
vt 0.1250 0.5391
vt 0.1250 0.5391
vt 0.1250 0.5391
vt 0.1250 0.5391
vt 0.1250 0.5391
vt 0.1250 0.5391
vt 0.1250 0.5391
vt 0.1250 0.5391
vt 0.1250 0.5391
vt 0.1250 0.7109
vt 0.1250 0.7109
vt 0.1250 0.7109
vt 0.1250 0.7109
vt 0.1250 0.7109
vt 0.1250 0.7109
vt 0.1250 0.7109
vt 0.1250 0.7109
vt 0.1250 0.7109
vt 0.1250 0.7109
vt 0.1250 0.7109
vt 0.1250 0.7109
vt 0.1250 0.7109
vt 0.1250 0.7109
vt 0.1250 0.7109
vt 0.1250 0.6250
vt 0.1250 0.6250
vt 0.1250 0.6250
vt 0.1250 0.6250
vt 0.1250 0.6250
vt 0.1250 0.6250
vt 0.1250 0.6250
vt 0.1250 0.6250
vt 0.1250 0.5391
vt 0.1250 0.5391
vt 0.1250 0.5391
vt 0.1250 0.5391
vt 0.1250 0.5391
vt 0.1250 0.5391
vt 0.1250 0.5391
vt 0.1250 0.5391
vt 0.1250 0.5391
vt 0.1250 0.5391
vt 0.1250 0.5391
vt 0.1250 0.5391
vt 0.1250 0.5391
vt 0.1250 0.5391
vt 0.1250 0.5391
vt 0.1250 0.7109
vt 0.1250 0.7109
vt 0.1250 0.7109
vt 0.1250 0.7109
vt 0.1250 0.7109
vt 0.1250 0.7109
vt 0.1250 0.7109
vt 0.1250 0.7109
vt 0.1250 0.7109
vt 0.1250 0.7109
vt 0.1250 0.7109
vt 0.1250 0.6250
vt 0.1250 0.6250
vt 0.1250 0.6250
vt 0.1250 0.6250
vt 0.1250 0.6250
vt 0.1250 0.6250
vt 0.1250 0.6250
vt 0.1250 0.6250
vt 0.1250 0.5391
vt 0.1250 0.5391
vt 0.1250 0.5391
vt 0.1250 0.5391
vt 0.1250 0.5391
vt 0.1250 0.5391
vt 0.1250 0.5391
vt 0.1250 0.5391
vt 0.1250 0.5391
vt 0.1250 0.5391
vt 0.1250 0.5391
vt 0.1250 0.5391
vt 0.1250 0.5391
vt 0.1250 0.5391
vt 0.1250 0.5391
vt 0.1250 0.5391
vt 0.1250 0.5391
vt 0.1250 0.5391
vt 0.1250 0.5391
vt 0.1250 0.7109
vt 0.1250 0.7109
vt 0.1250 0.7109
vt 0.1250 0.7109
vt 0.1250 0.7109
vt 0.1250 0.7109
vt 0.1250 0.7109
vt 0.1250 0.7109
vt 0.1250 0.7109
vt 0.1250 0.7109
vt 0.1250 0.7109
vt 0.1250 0.6250
vt 0.1250 0.6250
vt 0.1250 0.6250
vt 0.1250 0.6250
vt 0.1250 0.6250
vt 0.1250 0.6250
vt 0.1250 0.6250
vt 0.1250 0.6250
vt 0.1250 0.5391
vt 0.1250 0.5391
vt 0.1250 0.5391
vt 0.1250 0.5391
vt 0.1250 0.5391
vt 0.1250 0.5391
vt 0.1250 0.5391
vt 0.1250 0.5391
vt 0.1250 0.5391
vt 0.1250 0.5391
vt 0.1250 0.5391
vt 0.1250 0.5391
vt 0.1250 0.5391
vt 0.1250 0.5391
vt 0.1250 0.5391
vt 0.1250 0.5391
vt 0.1250 0.5391
vt 0.1250 0.5391
vt 0.1250 0.5391
vt 0.1250 0.7109
vt 0.1250 0.7109
vt 0.1250 0.7109
vt 0.1250 0.7109
vt 0.1250 0.7109
vt 0.1250 0.7109
vt 0.1250 0.7109
vt 0.1250 0.7109
vt 0.1250 0.7109
vt 0.1250 0.7109
vt 0.1250 0.7109
vt 0.1250 0.6250
vt 0.1250 0.6250
vt 0.1250 0.6250
vt 0.1250 0.6250
vt 0.1250 0.5391
vt 0.1250 0.5391
vt 0.1250 0.5391
vt 0.1250 0.5391
vt 0.1250 0.5391
vt 0.1250 0.5391
vt 0.1250 0.5391
vt 0.1250 0.5391
vt 0.1250 0.5391
vt 0.1250 0.5391
vt 0.1250 0.5391
vt 0.1250 0.5391
vt 0.1250 0.5391
vt 0.1250 0.5391
vt 0.1250 0.5391
vt 0.1250 0.5391
vt 0.1250 0.5391
vt 0.1250 0.5391
vt 0.1250 0.5391
vt 0.1250 0.5391
vt 0.1250 0.5391
vt 0.1250 0.5391
vt 0.1250 0.5391
vt 0.1250 0.7109
vt 0.1250 0.7109
vt 0.1250 0.7109
vt 0.1250 0.7109
vt 0.1250 0.7109
vt 0.1250 0.7109
vt 0.1250 0.7109
vt 0.1250 0.7109
vt 0.1250 0.7109
vt 0.1250 0.7109
vt 0.1250 0.7109
vt 0.1250 0.6250
vt 0.1250 0.6250
vt 0.1250 0.6250
vt 0.1250 0.6250
vt 0.1250 0.6250
vt 0.1250 0.6250
vt 0.1250 0.6250
vt 0.1250 0.6250
vt 0.1250 0.5391
vt 0.1250 0.5391
vt 0.1250 0.5391
vt 0.1250 0.5391
vt 0.1250 0.5391
vt 0.1250 0.5391
vt 0.1250 0.5391
vt 0.1250 0.5391
vt 0.1250 0.5391
vt 0.1250 0.5391
vt 0.1250 0.5391
vt 0.1250 0.5391
vt 0.1250 0.5391
vt 0.1250 0.5391
vt 0.1250 0.5391
vt 0.1250 0.5391
vt 0.1250 0.5391
vt 0.1250 0.5391
vt 0.1250 0.5391
vt 0.1250 0.7109
vt 0.1250 0.7109
vt 0.1250 0.7109
vt 0.1250 0.7109
vt 0.1250 0.7109
vt 0.1250 0.7109
vt 0.1250 0.7109
vt 0.1250 0.7109
vt 0.1250 0.7109
vt 0.1250 0.7109
vt 0.1250 0.7109
vt 0.1250 0.6250
vt 0.1250 0.6250
vt 0.1250 0.6250
vt 0.1250 0.6250
vt 0.1250 0.6250
vt 0.1250 0.6250
vt 0.1250 0.6250
vt 0.1250 0.6250
vt 0.1250 0.5391
vt 0.1250 0.5391
vt 0.1250 0.5391
vt 0.1250 0.5391
vt 0.1250 0.5391
vt 0.1250 0.5391
vt 0.1250 0.5391
vt 0.1250 0.5391
vt 0.1250 0.5391
vt 0.1250 0.5391
vt 0.1250 0.5391
vt 0.1250 0.5391
vt 0.1250 0.5391
vt 0.1250 0.5391
vt 0.1250 0.5391
vt 0.1250 0.5391
vt 0.1250 0.5391
vt 0.1250 0.5391
vt 0.1250 0.5391
vt 0.1250 0.7109
vt 0.1250 0.7109
vt 0.1250 0.7109
vt 0.1250 0.7109
vt 0.1250 0.7109
vt 0.1250 0.7109
vt 0.1250 0.7109
vt 0.1250 0.7109
vt 0.1250 0.7109
vt 0.1250 0.7109
vt 0.1250 0.7109
vt 0.1250 0.7109
vt 0.1250 0.7109
vt 0.1250 0.7109
vt 0.1250 0.7109
vt 0.1250 0.6250
vt 0.1250 0.6250
vt 0.1250 0.6250
vt 0.1250 0.6250
vt 0.1250 0.6250
vt 0.1250 0.6250
vt 0.1250 0.6250
vt 0.1250 0.6250
vt 0.1250 0.5391
vt 0.1250 0.5391
vt 0.1250 0.5391
vt 0.1250 0.5391
vt 0.1250 0.5391
vt 0.1250 0.5391
vt 0.1250 0.5391
vt 0.1250 0.5391
vt 0.1250 0.5391
vt 0.1250 0.5391
vt 0.1250 0.5391
vt 0.1250 0.5391
vt 0.1250 0.5391
vt 0.1250 0.5391
vt 0.1250 0.5391
vt 0.1250 0.7109
vt 0.1250 0.7109
vt 0.1250 0.7109
vt 0.1250 0.7109
vt 0.1250 0.7109
vt 0.1250 0.7109
vt 0.1250 0.7109
vt 0.1250 0.7109
vt 0.1250 0.7109
vt 0.1250 0.7109
vt 0.1250 0.7109
vt 0.1250 0.7109
vt 0.1250 0.7109
vt 0.1250 0.7109
vt 0.1250 0.7109
vt 0.1250 0.7109
vt 0.1250 0.7109
vt 0.1250 0.7109
vt 0.1250 0.7109
vt 0.1250 0.6250
vt 0.1250 0.6250
vt 0.1250 0.6250
vt 0.1250 0.6250
vt 0.1250 0.6250
vt 0.1250 0.6250
vt 0.1250 0.6250
vt 0.1250 0.6250
vt 0.1250 0.5391
vt 0.1250 0.5391
vt 0.1250 0.5391
vt 0.1250 0.5391
vt 0.1250 0.5391
vt 0.1250 0.5391
vt 0.1250 0.5391
vt 0.1250 0.5391
vt 0.1250 0.5391
vt 0.1250 0.5391
vt 0.1250 0.5391
vt 0.1250 0.7109
vt 0.1250 0.7109
vt 0.1250 0.7109
vt 0.1250 0.7109
vt 0.1250 0.7109
vt 0.1250 0.7109
vt 0.1250 0.7109
vt 0.1250 0.7109
vt 0.1250 0.7109
vt 0.1250 0.7109
vt 0.1250 0.7109
vt 0.1250 0.7109
vt 0.1250 0.7109
vt 0.1250 0.7109
vt 0.1250 0.7109
vt 0.1250 0.7109
vt 0.1250 0.7109
vt 0.1250 0.7109
vt 0.1250 0.7109
vt 0.1250 0.6250
vt 0.1250 0.6250
vt 0.1250 0.6250
vt 0.1250 0.6250
vt 0.1250 0.6250
vt 0.1250 0.6250
vt 0.1250 0.6250
vt 0.1250 0.6250
vt 0.1250 0.6250
vt 0.1250 0.6250
vt 0.1250 0.6250
vt 0.1250 0.6250
vt 0.1250 0.5391
vt 0.1250 0.5391
vt 0.1250 0.5391
vt 0.1250 0.5391
vt 0.1250 0.5391
vt 0.1250 0.5391
vt 0.1250 0.5391
vt 0.1250 0.7109
vt 0.1250 0.7109
vt 0.1250 0.7109
vt 0.1250 0.7109
vt 0.1250 0.7109
vt 0.1250 0.7109
vt 0.1250 0.7109
vt 0.1250 0.7109
vt 0.1250 0.7109
vt 0.1250 0.7109
vt 0.1250 0.7109
vt 0.1250 0.7109
vt 0.1250 0.7109
vt 0.1250 0.7109
vt 0.1250 0.7109
vt 0.1250 0.7109
vt 0.1250 0.7109
vt 0.1250 0.7109
vt 0.1250 0.7109
vt 0.1250 0.7109
vt 0.1250 0.7109
vt 0.1250 0.7109
vt 0.1250 0.7109
vt 0.1250 0.6250
vt 0.1250 0.6250
vt 0.1250 0.6250
vt 0.1250 0.6250
vt 0.1250 0.6250
vt 0.1250 0.6250
vt 0.1250 0.6250
vt 0.1250 0.6250
vt 0.1250 0.5391
vt 0.1250 0.5391
vt 0.1250 0.5391
vt 0.1250 0.5391
vt 0.1250 0.5391
vt 0.1250 0.5391
vt 0.1250 0.5391
vt 0.1250 0.7109
vt 0.1250 0.7109
vt 0.1250 0.7109
vt 0.1250 0.7109
vt 0.1250 0.7109
vt 0.1250 0.7109
vt 0.1250 0.7109
vt 0.1250 0.7109
vt 0.1250 0.7109
vt 0.1250 0.7109
vt 0.1250 0.7109
vt 0.1250 0.7109
vt 0.1250 0.7109
vt 0.1250 0.7109
vt 0.1250 0.7109
vt 0.1250 0.7109
vt 0.1250 0.7109
vt 0.1250 0.7109
vt 0.1250 0.7109
vt 0.1250 0.7109
vt 0.1250 0.7109
vt 0.1250 0.7109
vt 0.1250 0.7109
vt 0.1250 0.7109
vt 0.1250 0.7109
vt 0.1250 0.7109
vt 0.1250 0.7109
vt 0.1250 0.6250
vt 0.1250 0.6250
vt 0.1250 0.6250
vt 0.1250 0.6250
vt 0.1250 0.6250
vt 0.1250 0.6250
vt 0.1250 0.6250
vt 0.1250 0.6250
vt 0.1250 0.5391
vt 0.1250 0.5391
vt 0.1250 0.5391
vt 0.1250 0.7109
vt 0.1250 0.7109
vt 0.1250 0.7109
vt 0.1250 0.7109
vt 0.1250 0.7109
vt 0.1250 0.7109
vt 0.1250 0.7109
vt 0.1250 0.7109
vt 0.1250 0.7109
vt 0.1250 0.7109
vt 0.1250 0.7109
vt 0.1250 0.7109
vt 0.1250 0.7109
vt 0.1250 0.7109
vt 0.1250 0.7109
vt 0.1250 0.7109
vt 0.1250 0.7109
vt 0.1250 0.7109
vt 0.1250 0.7109
vt 0.1250 0.7109
vt 0.1250 0.7109
vt 0.1250 0.7109
vt 0.1250 0.7109
vt 0.1250 0.7109
vt 0.1250 0.7109
vt 0.1250 0.7109
vt 0.1250 0.7109
vt 0.1250 0.6250
vt 0.1250 0.6250
vt 0.1250 0.6250
vt 0.1250 0.6250
vt 0.1250 0.6250
vt 0.1250 0.6250
vt 0.1250 0.6250
vt 0.1250 0.6250
vt 0.1250 0.5391
vt 0.1250 0.5391
vt 0.1250 0.5391
vt 0.1250 0.7109
vt 0.1250 0.7109
vt 0.1250 0.7109
vt 0.1250 0.7109
vt 0.1250 0.7109
vt 0.1250 0.7109
vt 0.1250 0.7109
vt 0.1250 0.7109
vt 0.1250 0.7109
vt 0.1250 0.7109
vt 0.1250 0.7109
vt 0.1250 0.7109
vt 0.1250 0.7109
vt 0.1250 0.7109
vt 0.1250 0.7109
vt 0.1250 0.7109
vt 0.1250 0.7109
vt 0.1250 0.7109
vt 0.1250 0.7109
vt 0.1250 0.7109
vt 0.1250 0.7109
vt 0.1250 0.7109
vt 0.1250 0.7109
vt 0.1250 0.7109
vt 0.1250 0.7109
vt 0.1250 0.7109
vt 0.1250 0.7109
vt 0.1250 0.6250
vt 0.1250 0.6250
vt 0.1250 0.6250
vt 0.1250 0.6250
vt 0.1250 0.6250
vt 0.1250 0.6250
vt 0.1250 0.6250
vt 0.1250 0.6250
vt 0.1250 0.5391
vt 0.1250 0.5391
vt 0.1250 0.5391
vt 0.1250 0.7109
vt 0.1250 0.7109
vt 0.1250 0.7109
vt 0.1250 0.7109
vt 0.1250 0.7109
vt 0.1250 0.7109
vt 0.1250 0.7109
vt 0.1250 0.7109
vt 0.1250 0.7109
vt 0.1250 0.7109
vt 0.1250 0.7109
vt 0.1250 0.7109
vt 0.1250 0.7109
vt 0.1250 0.7109
vt 0.1250 0.7109
vt 0.1250 0.7109
vt 0.1250 0.7109
vt 0.1250 0.7109
vt 0.1250 0.7109
vt 0.1250 0.7109
vt 0.1250 0.7109
vt 0.1250 0.7109
vt 0.1250 0.7109
vt 0.1250 0.6250
vt 0.1250 0.6250
vt 0.1250 0.6250
vt 0.1250 0.6250
vt 0.1250 0.6250
vt 0.1250 0.6250
vt 0.1250 0.6250
vt 0.1250 0.6250
vt 0.1250 0.5391
vt 0.1250 0.5391
vt 0.1250 0.5391
vt 0.1250 0.5391
vt 0.1250 0.5391
vt 0.1250 0.5391
vt 0.1250 0.5391
vt 0.3750 0.7109
vt 0.3750 0.7109
vt 0.3750 0.7109
vt 0.3750 0.7109
vt 0.3750 0.7109
vt 0.3750 0.7109
vt 0.3750 0.7109
vt 0.3750 0.7109
vt 0.3750 0.7109
vt 0.3750 0.7109
vt 0.3750 0.7109
vt 0.3750 0.7109
vt 0.3750 0.7109
vt 0.3750 0.7109
vt 0.3750 0.7109
vt 0.3750 0.6250
vt 0.3750 0.6250
vt 0.3750 0.6250
vt 0.3750 0.6250
vt 0.3750 0.5391
vt 0.3750 0.5391
vt 0.3750 0.5391
vt 0.3750 0.5391
vt 0.3750 0.5391
vt 0.3750 0.5391
vt 0.3750 0.5391
vt 0.3750 0.7109
vt 0.3750 0.7109
vt 0.3750 0.7109
vt 0.3750 0.7109
vt 0.3750 0.7109
vt 0.3750 0.7109
vt 0.3750 0.7109
vt 0.3750 0.7109
vt 0.3750 0.7109
vt 0.3750 0.7109
vt 0.3750 0.7109
vt 0.3750 0.6250
vt 0.3750 0.6250
vt 0.3750 0.6250
vt 0.3750 0.6250
vt 0.3750 0.5391
vt 0.3750 0.5391
vt 0.3750 0.5391
vt 0.3750 0.5391
vt 0.3750 0.5391
vt 0.3750 0.5391
vt 0.3750 0.5391
vt 0.3750 0.5391
vt 0.3750 0.5391
vt 0.3750 0.5391
vt 0.3750 0.5391
vt 0.3750 0.7109
vt 0.3750 0.7109
vt 0.3750 0.7109
vt 0.3750 0.7109
vt 0.3750 0.7109
vt 0.3750 0.7109
vt 0.3750 0.7109
vt 0.3750 0.6250
vt 0.3750 0.6250
vt 0.3750 0.6250
vt 0.3750 0.6250
vt 0.3750 0.5391
vt 0.3750 0.5391
vt 0.3750 0.5391
vt 0.3750 0.5391
vt 0.3750 0.5391
vt 0.3750 0.5391
vt 0.3750 0.5391
vt 0.3750 0.5391
vt 0.3750 0.5391
vt 0.3750 0.5391
vt 0.3750 0.5391
vt 0.3750 0.5391
vt 0.3750 0.5391
vt 0.3750 0.5391
vt 0.3750 0.5391
vt 0.3750 0.7109
vt 0.3750 0.7109
vt 0.3750 0.7109
vt 0.3750 0.7109
vt 0.3750 0.7109
vt 0.3750 0.7109
vt 0.3750 0.7109
vt 0.3750 0.6250
vt 0.3750 0.6250
vt 0.3750 0.6250
vt 0.3750 0.6250
vt 0.3750 0.5391
vt 0.3750 0.5391
vt 0.3750 0.5391
vt 0.3750 0.5391
vt 0.3750 0.5391
vt 0.3750 0.5391
vt 0.3750 0.5391
vt 0.3750 0.5391
vt 0.3750 0.5391
vt 0.3750 0.5391
vt 0.3750 0.5391
vt 0.3750 0.5391
vt 0.3750 0.5391
vt 0.3750 0.5391
vt 0.3750 0.5391
vt 0.3750 0.7109
vt 0.3750 0.7109
vt 0.3750 0.7109
vt 0.3750 0.7109
vt 0.3750 0.7109
vt 0.3750 0.7109
vt 0.3750 0.7109
vt 0.3750 0.6250
vt 0.3750 0.6250
vt 0.3750 0.6250
vt 0.3750 0.6250
vt 0.3750 0.5391
vt 0.3750 0.5391
vt 0.3750 0.5391
vt 0.3750 0.5391
vt 0.3750 0.5391
vt 0.3750 0.5391
vt 0.3750 0.5391
vt 0.3750 0.5391
vt 0.3750 0.5391
vt 0.3750 0.5391
vt 0.3750 0.5391
vt 0.3750 0.5391
vt 0.3750 0.5391
vt 0.3750 0.5391
vt 0.3750 0.5391
vt 0.3750 0.7109
vt 0.3750 0.7109
vt 0.3750 0.7109
vt 0.3750 0.7109
vt 0.3750 0.7109
vt 0.3750 0.7109
vt 0.3750 0.7109
vt 0.3750 0.7109
vt 0.3750 0.7109
vt 0.3750 0.7109
vt 0.3750 0.7109
vt 0.3750 0.6250
vt 0.3750 0.6250
vt 0.3750 0.6250
vt 0.3750 0.6250
vt 0.3750 0.5391
vt 0.3750 0.5391
vt 0.3750 0.5391
vt 0.3750 0.5391
vt 0.3750 0.5391
vt 0.3750 0.5391
vt 0.3750 0.5391
vt 0.3750 0.5391
vt 0.3750 0.5391
vt 0.3750 0.5391
vt 0.3750 0.5391
vt 0.3750 0.7109
vt 0.3750 0.7109
vt 0.3750 0.7109
vt 0.3750 0.7109
vt 0.3750 0.7109
vt 0.3750 0.7109
vt 0.3750 0.7109
vt 0.3750 0.7109
vt 0.3750 0.7109
vt 0.3750 0.7109
vt 0.3750 0.7109
vt 0.3750 0.7109
vt 0.3750 0.7109
vt 0.3750 0.7109
vt 0.3750 0.7109
vt 0.3750 0.6250
vt 0.3750 0.6250
vt 0.3750 0.6250
vt 0.3750 0.6250
vt 0.3750 0.5391
vt 0.3750 0.5391
vt 0.3750 0.5391
vt 0.3750 0.5391
vt 0.3750 0.5391
vt 0.3750 0.5391
vt 0.3750 0.5391
vt 0.3750 0.7109
vt 0.3750 0.7109
vt 0.3750 0.7109
vt 0.3750 0.7109
vt 0.3750 0.7109
vt 0.3750 0.7109
vt 0.3750 0.7109
vt 0.3750 0.7109
vt 0.3750 0.7109
vt 0.3750 0.7109
vt 0.3750 0.7109
vt 0.3750 0.7109
vt 0.3750 0.7109
vt 0.3750 0.7109
vt 0.3750 0.7109
vt 0.3750 0.7109
vt 0.3750 0.7109
vt 0.3750 0.7109
vt 0.3750 0.7109
vt 0.3750 0.6250
vt 0.3750 0.6250
vt 0.3750 0.6250
vt 0.3750 0.6250
vt 0.3750 0.5391
vt 0.3750 0.5391
vt 0.3750 0.5391
vt 0.3750 0.7109
vt 0.3750 0.7109
vt 0.3750 0.7109
vt 0.3750 0.7109
vt 0.3750 0.7109
vt 0.3750 0.7109
vt 0.3750 0.7109
vt 0.3750 0.7109
vt 0.3750 0.7109
vt 0.3750 0.7109
vt 0.3750 0.7109
vt 0.3750 0.7109
vt 0.3750 0.7109
vt 0.3750 0.7109
vt 0.3750 0.7109
vt 0.3750 0.7109
vt 0.3750 0.7109
vt 0.3750 0.7109
vt 0.3750 0.7109
vt 0.3750 0.6250
vt 0.3750 0.6250
vt 0.3750 0.6250
vt 0.3750 0.6250
vt 0.3750 0.5391
vt 0.3750 0.5391
vt 0.3750 0.5391
vt 0.3750 0.7109
vt 0.3750 0.7109
vt 0.3750 0.7109
vt 0.3750 0.7109
vt 0.3750 0.7109
vt 0.3750 0.7109
vt 0.3750 0.7109
vt 0.3750 0.7109
vt 0.3750 0.7109
vt 0.3750 0.7109
vt 0.3750 0.7109
vt 0.3750 0.7109
vt 0.3750 0.7109
vt 0.3750 0.7109
vt 0.3750 0.7109
vt 0.3750 0.7109
vt 0.3750 0.7109
vt 0.3750 0.7109
vt 0.3750 0.7109
vt 0.3750 0.6250
vt 0.3750 0.6250
vt 0.3750 0.6250
vt 0.3750 0.6250
vt 0.3750 0.5391
vt 0.3750 0.5391
vt 0.3750 0.5391
vt 0.6250 0.0391
vt 0.6250 0.0391
vt 0.6250 0.0391
vt 0.6250 0.0391
vt 0.6250 0.1250
vt 0.6250 0.1250
vt 0.6250 0.1250
vt 0.6250 0.1250
vt 0.6250 0.2109
vt 0.6250 0.2109
vt 0.6250 0.2109
vt 0.6250 0.2109
vt 0.6250 0.2109
vt 0.6250 0.2109
vt 0.6250 0.2109
vt 0.6250 0.2109
vt 0.6250 0.1250
vt 0.6250 0.1250
vt 0.6250 0.1250
vt 0.6250 0.1250
vt 0.6250 0.0391
vt 0.6250 0.0391
vt 0.6250 0.0391
vt 0.6250 0.0391
vt 0.6250 0.0391
vt 0.6250 0.0391
vt 0.6250 0.0391
vt 0.6250 0.0391
vt 0.6250 0.1250
vt 0.6250 0.1250
vt 0.6250 0.1250
vt 0.6250 0.1250
vt 0.6250 0.2109
vt 0.6250 0.2109
vt 0.6250 0.2109
vt 0.6250 0.2109
vt 0.6250 0.2109
vt 0.6250 0.2109
vt 0.6250 0.2109
vt 0.6250 0.2109
vt 0.6250 0.1250
vt 0.6250 0.1250
vt 0.6250 0.1250
vt 0.6250 0.1250
vt 0.6250 0.0391
vt 0.6250 0.0391
vt 0.6250 0.0391
vt 0.6250 0.0391
vt 0.6250 0.0391
vt 0.6250 0.0391
vt 0.6250 0.0391
vt 0.6250 0.0391
vt 0.6250 0.1250
vt 0.6250 0.1250
vt 0.6250 0.1250
vt 0.6250 0.1250
vt 0.6250 0.2109
vt 0.6250 0.2109
vt 0.6250 0.2109
vt 0.6250 0.2109
vt 0.6250 0.2109
vt 0.6250 0.2109
vt 0.6250 0.2109
vt 0.6250 0.2109
vt 0.6250 0.1250
vt 0.6250 0.1250
vt 0.6250 0.1250
vt 0.6250 0.1250
vt 0.6250 0.0391
vt 0.6250 0.0391
vt 0.6250 0.0391
vt 0.6250 0.0391
vt 0.6250 0.0391
vt 0.6250 0.0391
vt 0.6250 0.0391
vt 0.6250 0.0391
vt 0.6250 0.2109
vt 0.6250 0.2109
vt 0.6250 0.2109
vt 0.6250 0.2109
vt 0.6250 0.2109
vt 0.6250 0.2109
vt 0.6250 0.2109
vt 0.6250 0.2109
vt 0.6250 0.2109
vt 0.6250 0.2109
vt 0.6250 0.2109
vt 0.6250 0.2109
vt 0.6250 0.1250
vt 0.6250 0.1250
vt 0.6250 0.1250
vt 0.6250 0.1250
vt 0.6250 0.0391
vt 0.6250 0.0391
vt 0.6250 0.0391
vt 0.6250 0.0391
vt 0.6250 0.0391
vt 0.6250 0.0391
vt 0.6250 0.0391
vt 0.6250 0.0391
vt 0.6250 0.2109
vt 0.6250 0.2109
vt 0.6250 0.2109
vt 0.6250 0.2109
vt 0.6250 0.2109
vt 0.6250 0.2109
vt 0.6250 0.2109
vt 0.6250 0.2109
vt 0.6250 0.2109
vt 0.6250 0.2109
vt 0.6250 0.2109
vt 0.6250 0.2109
vt 0.6250 0.1250
vt 0.6250 0.1250
vt 0.6250 0.1250
vt 0.6250 0.1250
vt 0.6250 0.0391
vt 0.6250 0.0391
vt 0.6250 0.0391
vt 0.6250 0.0391
vt 0.6250 0.0391
vt 0.6250 0.0391
vt 0.6250 0.0391
vt 0.6250 0.0391
vt 0.6250 0.2109
vt 0.6250 0.2109
vt 0.6250 0.2109
vt 0.6250 0.2109
vt 0.6250 0.2109
vt 0.6250 0.2109
vt 0.6250 0.2109
vt 0.6250 0.2109
vt 0.6250 0.2109
vt 0.6250 0.2109
vt 0.6250 0.2109
vt 0.6250 0.2109
vt 0.6250 0.1250
vt 0.6250 0.1250
vt 0.6250 0.1250
vt 0.6250 0.1250
vt 0.6250 0.0391
vt 0.6250 0.0391
vt 0.6250 0.0391
vt 0.6250 0.0391
vt 0.6250 0.0391
vt 0.6250 0.0391
vt 0.6250 0.0391
vt 0.6250 0.0391
vt 0.6250 0.2109
vt 0.6250 0.2109
vt 0.6250 0.2109
vt 0.6250 0.2109
vt 0.6250 0.2109
vt 0.6250 0.2109
vt 0.6250 0.2109
vt 0.6250 0.2109
vt 0.6250 0.2109
vt 0.6250 0.2109
vt 0.6250 0.2109
vt 0.6250 0.2109
vt 0.6250 0.1250
vt 0.6250 0.1250
vt 0.6250 0.1250
vt 0.6250 0.1250
vt 0.6250 0.0391
vt 0.6250 0.0391
vt 0.6250 0.0391
vt 0.6250 0.0391
vt 0.6250 0.0391
vt 0.6250 0.0391
vt 0.6250 0.0391
vt 0.6250 0.0391
vt 0.6250 0.2109
vt 0.6250 0.2109
vt 0.6250 0.2109
vt 0.6250 0.2109
vt 0.6250 0.2109
vt 0.6250 0.2109
vt 0.6250 0.2109
vt 0.6250 0.2109
vt 0.6250 0.2109
vt 0.6250 0.2109
vt 0.6250 0.2109
vt 0.6250 0.2109
vt 0.6250 0.1250
vt 0.6250 0.1250
vt 0.6250 0.1250
vt 0.6250 0.1250
vt 0.6250 0.0391
vt 0.6250 0.0391
vt 0.6250 0.0391
vt 0.6250 0.0391
vt 0.6250 0.0391
vt 0.6250 0.0391
vt 0.6250 0.0391
vt 0.6250 0.0391
vt 0.6250 0.2109
vt 0.6250 0.2109
vt 0.6250 0.2109
vt 0.6250 0.2109
vt 0.6250 0.2109
vt 0.6250 0.2109
vt 0.6250 0.2109
vt 0.6250 0.2109
vt 0.6250 0.2109
vt 0.6250 0.2109
vt 0.6250 0.2109
vt 0.6250 0.2109
vt 0.6250 0.1250
vt 0.6250 0.1250
vt 0.6250 0.1250
vt 0.6250 0.1250
vt 0.6250 0.0391
vt 0.6250 0.0391
vt 0.6250 0.0391
vt 0.6250 0.0391
vt 0.6250 0.0391
vt 0.6250 0.0391
vt 0.6250 0.0391
vt 0.6250 0.0391
vt 0.6250 0.2109
vt 0.6250 0.2109
vt 0.6250 0.2109
vt 0.6250 0.2109
vt 0.6250 0.2109
vt 0.6250 0.2109
vt 0.6250 0.2109
vt 0.6250 0.2109
vt 0.6250 0.2109
vt 0.6250 0.2109
vt 0.6250 0.2109
vt 0.6250 0.2109
vt 0.6250 0.1250
vt 0.6250 0.1250
vt 0.6250 0.1250
vt 0.6250 0.1250
vt 0.6250 0.0391
vt 0.6250 0.0391
vt 0.6250 0.0391
vt 0.6250 0.0391
vt 0.6250 0.0391
vt 0.6250 0.0391
vt 0.6250 0.0391
vt 0.6250 0.0391
vt 0.6250 0.2109
vt 0.6250 0.2109
vt 0.6250 0.2109
vt 0.6250 0.2109
vt 0.6250 0.2109
vt 0.6250 0.2109
vt 0.6250 0.2109
vt 0.6250 0.2109
vt 0.6250 0.2109
vt 0.6250 0.2109
vt 0.6250 0.2109
vt 0.6250 0.2109
vt 0.6250 0.1250
vt 0.6250 0.1250
vt 0.6250 0.1250
vt 0.6250 0.1250
vt 0.6250 0.0391
vt 0.6250 0.0391
vt 0.6250 0.0391
vt 0.6250 0.0391
vt 0.6250 0.0391
vt 0.6250 0.0391
vt 0.6250 0.0391
vt 0.6250 0.0391
vt 0.6250 0.2109
vt 0.6250 0.2109
vt 0.6250 0.2109
vt 0.6250 0.2109
vt 0.6250 0.2109
vt 0.6250 0.2109
vt 0.6250 0.2109
vt 0.6250 0.2109
vt 0.6250 0.2109
vt 0.6250 0.2109
vt 0.6250 0.2109
vt 0.6250 0.2109
vt 0.6250 0.1250
vt 0.6250 0.1250
vt 0.6250 0.1250
vt 0.6250 0.1250
vt 0.6250 0.0391
vt 0.6250 0.0391
vt 0.6250 0.0391
vt 0.6250 0.0391
vt 0.6250 0.0391
vt 0.6250 0.0391
vt 0.6250 0.0391
vt 0.6250 0.0391
vt 0.6250 0.2109
vt 0.6250 0.2109
vt 0.6250 0.2109
vt 0.6250 0.2109
vt 0.6250 0.2109
vt 0.6250 0.2109
vt 0.6250 0.2109
vt 0.6250 0.2109
vt 0.6250 0.2109
vt 0.6250 0.2109
vt 0.6250 0.2109
vt 0.6250 0.2109
vt 0.6250 0.1250
vt 0.6250 0.1250
vt 0.6250 0.1250
vt 0.6250 0.1250
vt 0.6250 0.0391
vt 0.6250 0.0391
vt 0.6250 0.0391
vt 0.6250 0.0391
vt 0.6250 0.0391
vt 0.6250 0.0391
vt 0.6250 0.0391
vt 0.6250 0.0391
vt 0.6250 0.2109
vt 0.6250 0.2109
vt 0.6250 0.2109
vt 0.6250 0.2109
vt 0.6250 0.2109
vt 0.6250 0.2109
vt 0.6250 0.2109
vt 0.6250 0.2109
vt 0.6250 0.2109
vt 0.6250 0.2109
vt 0.6250 0.2109
vt 0.6250 0.2109
vt 0.6250 0.1250
vt 0.6250 0.1250
vt 0.6250 0.1250
vt 0.6250 0.1250
vt 0.6250 0.0391
vt 0.6250 0.0391
vt 0.6250 0.0391
vt 0.6250 0.0391
vt 0.6250 0.0391
vt 0.6250 0.0391
vt 0.6250 0.0391
vt 0.6250 0.0391
vt 0.6250 0.2109
vt 0.6250 0.2109
vt 0.6250 0.2109
vt 0.6250 0.2109
vt 0.6250 0.2109
vt 0.6250 0.2109
vt 0.6250 0.2109
vt 0.6250 0.2109
vt 0.6250 0.2109
vt 0.6250 0.2109
vt 0.6250 0.2109
vt 0.6250 0.2109
vt 0.6250 0.1250
vt 0.6250 0.1250
vt 0.6250 0.1250
vt 0.6250 0.1250
vt 0.6250 0.0391
vt 0.6250 0.0391
vt 0.6250 0.0391
vt 0.6250 0.0391
vt 0.6250 0.0391
vt 0.6250 0.0391
vt 0.6250 0.0391
vt 0.6250 0.0391
vt 0.6250 0.2109
vt 0.6250 0.2109
vt 0.6250 0.2109
vt 0.6250 0.2109
vt 0.6250 0.2109
vt 0.6250 0.2109
vt 0.6250 0.2109
vt 0.6250 0.2109
vt 0.6250 0.2109
vt 0.6250 0.2109
vt 0.6250 0.2109
vt 0.6250 0.2109
vt 0.6250 0.1250
vt 0.6250 0.1250
vt 0.6250 0.1250
vt 0.6250 0.1250
vt 0.6250 0.0391
vt 0.6250 0.0391
vt 0.6250 0.0391
vt 0.6250 0.0391
vt 0.6250 0.0391
vt 0.6250 0.0391
vt 0.6250 0.0391
vt 0.6250 0.0391
vt 0.6250 0.1250
vt 0.6250 0.1250
vt 0.6250 0.1250
vt 0.6250 0.1250
vt 0.6250 0.2109
vt 0.6250 0.2109
vt 0.6250 0.2109
vt 0.6250 0.2109
vt 0.6250 0.2109
vt 0.6250 0.2109
vt 0.6250 0.2109
vt 0.6250 0.2109
vt 0.6250 0.1250
vt 0.6250 0.1250
vt 0.6250 0.1250
vt 0.6250 0.1250
vt 0.6250 0.0391
vt 0.6250 0.0391
vt 0.6250 0.0391
vt 0.6250 0.0391
vt 0.6250 0.0391
vt 0.6250 0.0391
vt 0.6250 0.0391
vt 0.6250 0.0391
vt 0.6250 0.1250
vt 0.6250 0.1250
vt 0.6250 0.1250
vt 0.6250 0.1250
vt 0.6250 0.2109
vt 0.6250 0.2109
vt 0.6250 0.2109
vt 0.6250 0.2109
vt 0.6250 0.2109
vt 0.6250 0.2109
vt 0.6250 0.2109
vt 0.6250 0.2109
vt 0.6250 0.1250
vt 0.6250 0.1250
vt 0.6250 0.1250
vt 0.6250 0.1250
vt 0.6250 0.0391
vt 0.6250 0.0391
vt 0.6250 0.0391
vt 0.6250 0.0391
vt 0.6250 0.0391
vt 0.6250 0.0391
vt 0.6250 0.0391
vt 0.6250 0.0391
vt 0.6250 0.1250
vt 0.6250 0.1250
vt 0.6250 0.1250
vt 0.6250 0.1250
vt 0.6250 0.2109
vt 0.6250 0.2109
vt 0.6250 0.2109
vt 0.6250 0.2109
vt 0.6250 0.2109
vt 0.6250 0.2109
vt 0.6250 0.2109
vt 0.6250 0.2109
vt 0.6250 0.1250
vt 0.6250 0.1250
vt 0.6250 0.1250
vt 0.6250 0.1250
vt 0.6250 0.0391
vt 0.6250 0.0391
vt 0.6250 0.0391
vt 0.6250 0.0391
vt 0.6250 0.0391
vt 0.6250 0.0391
vt 0.6250 0.0391
vt 0.6250 0.0391
vt 0.6250 0.1250
vt 0.6250 0.1250
vt 0.6250 0.1250
vt 0.6250 0.1250
vt 0.6250 0.2109
vt 0.6250 0.2109
vt 0.6250 0.2109
vt 0.6250 0.2109
vt 0.6250 0.2109
vt 0.6250 0.2109
vt 0.6250 0.2109
vt 0.6250 0.2109
vt 0.6250 0.2109
vt 0.6250 0.2109
vt 0.6250 0.2109
vt 0.6250 0.2109
vt 0.6250 0.0391
vt 0.6250 0.0391
vt 0.6250 0.0391
vt 0.6250 0.0391
vt 0.6250 0.0391
vt 0.6250 0.0391
vt 0.6250 0.0391
vt 0.6250 0.0391
vt 0.6250 0.1250
vt 0.6250 0.1250
vt 0.6250 0.1250
vt 0.6250 0.1250
vt 0.6250 0.2109
vt 0.6250 0.2109
vt 0.6250 0.2109
vt 0.6250 0.2109
vt 0.6250 0.2109
vt 0.6250 0.2109
vt 0.6250 0.2109
vt 0.6250 0.2109
vt 0.6250 0.2109
vt 0.6250 0.2109
vt 0.6250 0.2109
vt 0.6250 0.2109
vt 0.6250 0.0391
vt 0.6250 0.0391
vt 0.6250 0.0391
vt 0.6250 0.0391
vt 0.6250 0.0391
vt 0.6250 0.0391
vt 0.6250 0.0391
vt 0.6250 0.0391
vt 0.6250 0.1250
vt 0.6250 0.1250
vt 0.6250 0.1250
vt 0.6250 0.1250
vt 0.6250 0.2109
vt 0.6250 0.2109
vt 0.6250 0.2109
vt 0.6250 0.2109
vt 0.6250 0.2109
vt 0.6250 0.2109
vt 0.6250 0.2109
vt 0.6250 0.2109
vt 0.6250 0.2109
vt 0.6250 0.2109
vt 0.6250 0.2109
vt 0.6250 0.2109
vt 0.6250 0.0391
vt 0.6250 0.0391
vt 0.6250 0.0391
vt 0.6250 0.0391
vt 0.6250 0.0391
vt 0.6250 0.0391
vt 0.6250 0.0391
vt 0.6250 0.0391
vt 0.6250 0.1250
vt 0.6250 0.1250
vt 0.6250 0.1250
vt 0.6250 0.1250
vt 0.6250 0.2109
vt 0.6250 0.2109
vt 0.6250 0.2109
vt 0.6250 0.2109
vt 0.6250 0.2109
vt 0.6250 0.2109
vt 0.6250 0.2109
vt 0.6250 0.2109
vt 0.6250 0.2109
vt 0.6250 0.2109
vt 0.6250 0.2109
vt 0.6250 0.2109
vt 0.6250 0.0391
vt 0.6250 0.0391
vt 0.6250 0.0391
vt 0.6250 0.0391
vt 0.6250 0.0391
vt 0.6250 0.0391
vt 0.6250 0.0391
vt 0.6250 0.0391
vt 0.6250 0.1250
vt 0.6250 0.1250
vt 0.6250 0.1250
vt 0.6250 0.1250
vt 0.6250 0.2109
vt 0.6250 0.2109
vt 0.6250 0.2109
vt 0.6250 0.2109
vt 0.6250 0.2109
vt 0.6250 0.2109
vt 0.6250 0.2109
vt 0.6250 0.2109
vt 0.6250 0.2109
vt 0.6250 0.2109
vt 0.6250 0.2109
vt 0.6250 0.2109
vt 0.6250 0.0391
vt 0.6250 0.0391
vt 0.6250 0.0391
vt 0.6250 0.0391
vt 0.6250 0.0391
vt 0.6250 0.0391
vt 0.6250 0.0391
vt 0.6250 0.0391
vt 0.6250 0.1250
vt 0.6250 0.1250
vt 0.6250 0.1250
vt 0.6250 0.1250
vt 0.6250 0.2109
vt 0.6250 0.2109
vt 0.6250 0.2109
vt 0.6250 0.2109
vt 0.6250 0.2109
vt 0.6250 0.2109
vt 0.6250 0.2109
vt 0.6250 0.2109
vt 0.6250 0.2109
vt 0.6250 0.2109
vt 0.6250 0.2109
vt 0.6250 0.2109
vt 0.6250 0.0391
vt 0.6250 0.0391
vt 0.6250 0.0391
vt 0.6250 0.0391
vt 0.6250 0.0391
vt 0.6250 0.0391
vt 0.6250 0.0391
vt 0.6250 0.0391
vt 0.6250 0.1250
vt 0.6250 0.1250
vt 0.6250 0.1250
vt 0.6250 0.1250
vt 0.6250 0.2109
vt 0.6250 0.2109
vt 0.6250 0.2109
vt 0.6250 0.2109
vt 0.6250 0.2109
vt 0.6250 0.2109
vt 0.6250 0.2109
vt 0.6250 0.2109
vt 0.6250 0.2109
vt 0.6250 0.2109
vt 0.6250 0.2109
vt 0.6250 0.2109
vt 0.6250 0.0391
vt 0.6250 0.0391
vt 0.6250 0.0391
vt 0.6250 0.0391
vt 0.6250 0.0391
vt 0.6250 0.0391
vt 0.6250 0.0391
vt 0.6250 0.0391
vt 0.6250 0.1250
vt 0.6250 0.1250
vt 0.6250 0.1250
vt 0.6250 0.1250
vt 0.6250 0.2109
vt 0.6250 0.2109
vt 0.6250 0.2109
vt 0.6250 0.2109
vt 0.6250 0.2109
vt 0.6250 0.2109
vt 0.6250 0.2109
vt 0.6250 0.2109
vt 0.6250 0.2109
vt 0.6250 0.2109
vt 0.6250 0.2109
vt 0.6250 0.2109
vt 0.6250 0.0391
vt 0.6250 0.0391
vt 0.6250 0.0391
vt 0.6250 0.0391
vt 0.6250 0.0391
vt 0.6250 0.0391
vt 0.6250 0.0391
vt 0.6250 0.0391
vt 0.6250 0.1250
vt 0.6250 0.1250
vt 0.6250 0.1250
vt 0.6250 0.1250
vt 0.6250 0.2109
vt 0.6250 0.2109
vt 0.6250 0.2109
vt 0.6250 0.2109
vt 0.6250 0.2109
vt 0.6250 0.2109
vt 0.6250 0.2109
vt 0.6250 0.2109
vt 0.6250 0.2109
vt 0.6250 0.2109
vt 0.6250 0.2109
vt 0.6250 0.2109
vt 0.6250 0.0391
vt 0.6250 0.0391
vt 0.6250 0.0391
vt 0.6250 0.0391
vt 0.6250 0.0391
vt 0.6250 0.0391
vt 0.6250 0.0391
vt 0.6250 0.0391
vt 0.6250 0.1250
vt 0.6250 0.1250
vt 0.6250 0.1250
vt 0.6250 0.1250
vt 0.6250 0.2109
vt 0.6250 0.2109
vt 0.6250 0.2109
vt 0.6250 0.2109
vt 0.6250 0.2109
vt 0.6250 0.2109
vt 0.6250 0.2109
vt 0.6250 0.2109
vt 0.6250 0.2109
vt 0.6250 0.2109
vt 0.6250 0.2109
vt 0.6250 0.2109
vt 0.6250 0.0391
vt 0.6250 0.0391
vt 0.6250 0.0391
vt 0.6250 0.0391
vt 0.6250 0.0391
vt 0.6250 0.0391
vt 0.6250 0.0391
vt 0.6250 0.0391
vt 0.6250 0.1250
vt 0.6250 0.1250
vt 0.6250 0.1250
vt 0.6250 0.1250
vt 0.6250 0.2109
vt 0.6250 0.2109
vt 0.6250 0.2109
vt 0.6250 0.2109
vt 0.6250 0.2109
vt 0.6250 0.2109
vt 0.6250 0.2109
vt 0.6250 0.2109
vt 0.6250 0.2109
vt 0.6250 0.2109
vt 0.6250 0.2109
vt 0.6250 0.2109
vt 0.6250 0.0391
vt 0.6250 0.0391
vt 0.6250 0.0391
vt 0.6250 0.0391
vt 0.6250 0.0391
vt 0.6250 0.0391
vt 0.6250 0.0391
vt 0.6250 0.0391
vt 0.6250 0.1250
vt 0.6250 0.1250
vt 0.6250 0.1250
vt 0.6250 0.1250
vt 0.6250 0.2109
vt 0.6250 0.2109
vt 0.6250 0.2109
vt 0.6250 0.2109
vt 0.6250 0.2109
vt 0.6250 0.2109
vt 0.6250 0.2109
vt 0.6250 0.2109
vt 0.6250 0.2109
vt 0.6250 0.2109
vt 0.6250 0.2109
vt 0.6250 0.2109
vt 0.6250 0.0391
vt 0.6250 0.0391
vt 0.6250 0.0391
vt 0.6250 0.0391
vt 0.6250 0.0391
vt 0.6250 0.0391
vt 0.6250 0.0391
vt 0.6250 0.0391
vt 0.6250 0.1250
vt 0.6250 0.1250
vt 0.6250 0.1250
vt 0.6250 0.1250
vt 0.6250 0.2109
vt 0.6250 0.2109
vt 0.6250 0.2109
vt 0.6250 0.2109
vt 0.6250 0.2109
vt 0.6250 0.2109
vt 0.6250 0.2109
vt 0.6250 0.2109
vt 0.6250 0.2109
vt 0.6250 0.2109
vt 0.6250 0.2109
vt 0.6250 0.2109
vt 0.6250 0.0391
vt 0.6250 0.0391
vt 0.6250 0.0391
vt 0.6250 0.0391
vt 0.6250 0.3750
vt 0.6250 0.3750
vt 0.6250 0.3750
vt 0.6250 0.4609
vt 0.6250 0.4609
vt 0.6250 0.4609
vt 0.6250 0.2891
vt 0.6250 0.2891
vt 0.6250 0.2891
vt 0.6250 0.3750
vt 0.6250 0.3750
vt 0.6250 0.3750
vt 0.6250 0.3750
vt 0.6250 0.3750
vt 0.6250 0.3750
vt 0.6250 0.4609
vt 0.6250 0.4609
vt 0.6250 0.4609
vt 0.6250 0.4609
vt 0.6250 0.4609
vt 0.6250 0.4609
vt 0.6250 0.4609
vt 0.6250 0.4609
vt 0.6250 0.4609
vt 0.6250 0.3750
vt 0.6250 0.3750
vt 0.6250 0.3750
vt 0.6250 0.4609
vt 0.6250 0.4609
vt 0.6250 0.4609
vt 0.6250 0.2891
vt 0.6250 0.2891
vt 0.6250 0.2891
vt 0.6250 0.3750
vt 0.6250 0.3750
vt 0.6250 0.3750
vt 0.6250 0.3750
vt 0.6250 0.3750
vt 0.6250 0.3750
vt 0.6250 0.4609
vt 0.6250 0.4609
vt 0.6250 0.4609
vt 0.6250 0.4609
vt 0.6250 0.4609
vt 0.6250 0.4609
vt 0.6250 0.4609
vt 0.6250 0.4609
vt 0.6250 0.4609
vt 0.6250 0.3750
vt 0.6250 0.3750
vt 0.6250 0.3750
vt 0.6250 0.4609
vt 0.6250 0.4609
vt 0.6250 0.4609
vt 0.6250 0.2891
vt 0.6250 0.2891
vt 0.6250 0.2891
vt 0.6250 0.3750
vt 0.6250 0.3750
vt 0.6250 0.3750
vt 0.6250 0.3750
vt 0.6250 0.3750
vt 0.6250 0.3750
vt 0.6250 0.4609
vt 0.6250 0.4609
vt 0.6250 0.4609
vt 0.6250 0.4609
vt 0.6250 0.4609
vt 0.6250 0.4609
vt 0.6250 0.4609
vt 0.6250 0.4609
vt 0.6250 0.4609
vt 0.6250 0.1250
vt 0.6250 0.1250
vt 0.6250 0.1250
vt 0.6250 0.1250
vt 0.6250 0.2109
vt 0.6250 0.2109
vt 0.6250 0.2109
vt 0.6250 0.2109
vt 0.6250 0.2109
vt 0.6250 0.2109
vt 0.6250 0.2109
vt 0.6250 0.2109
vt 0.6250 0.1250
vt 0.6250 0.1250
vt 0.6250 0.1250
vt 0.6250 0.1250
vt 0.6250 0.0391
vt 0.6250 0.0391
vt 0.6250 0.0391
vt 0.6250 0.0391
vt 0.6250 0.1250
vt 0.6250 0.1250
vt 0.6250 0.1250
vt 0.6250 0.1250
vt 0.6250 0.2109
vt 0.6250 0.2109
vt 0.6250 0.2109
vt 0.6250 0.2109
vt 0.6250 0.2109
vt 0.6250 0.2109
vt 0.6250 0.2109
vt 0.6250 0.2109
vt 0.6250 0.1250
vt 0.6250 0.1250
vt 0.6250 0.1250
vt 0.6250 0.1250
vt 0.6250 0.0391
vt 0.6250 0.0391
vt 0.6250 0.0391
vt 0.6250 0.0391
vt 0.6250 0.0391
vt 0.6250 0.0391
vt 0.6250 0.0391
vt 0.6250 0.0391
vt 0.6250 0.0391
vt 0.6250 0.2109
vt 0.6250 0.2109
vt 0.6250 0.2109
vt 0.6250 0.2109
vt 0.6250 0.2109
vt 0.8750 0.3750
vt 0.8750 0.3750
vt 0.8750 0.3750
vt 0.8750 0.4609
vt 0.8750 0.4609
vt 0.8750 0.4609
vt 0.8750 0.2891
vt 0.8750 0.2891
vt 0.8750 0.2891
vt 0.8750 0.3750
vt 0.8750 0.3750
vt 0.8750 0.3750
vt 0.8750 0.3750
vt 0.8750 0.3750
vt 0.8750 0.3750
vt 0.8750 0.4609
vt 0.8750 0.4609
vt 0.8750 0.4609
vt 0.8750 0.4609
vt 0.8750 0.4609
vt 0.8750 0.4609
vt 0.8750 0.4609
vt 0.8750 0.4609
vt 0.8750 0.4609
vt 0.6250 0.2109
vt 0.6250 0.2109
vt 0.6250 0.2109
vt 0.6250 0.2109
vt 0.6250 0.2109
vt 0.6250 0.2109
vt 0.6250 0.2109
vt 0.6250 0.2109
vt 0.6250 0.2109
vt 0.6250 0.2109
vt 0.6250 0.2109
vt 0.6250 0.2109
vt 0.6250 0.1250
vt 0.6250 0.1250
vt 0.6250 0.1250
vt 0.6250 0.1250
vt 0.6250 0.1250
vt 0.6250 0.1250
vt 0.6250 0.1250
vt 0.6250 0.1250
vt 0.6250 0.1250
vt 0.6250 0.1250
vt 0.6250 0.1250
vt 0.6250 0.1250
vt 0.6250 0.2109
vt 0.6250 0.2109
vt 0.6250 0.2109
vt 0.6250 0.2109
vt 0.6250 0.2109
vt 0.6250 0.2109
vt 0.6250 0.2109
vt 0.6250 0.2109
vt 0.6250 0.1250
vt 0.6250 0.1250
vt 0.6250 0.1250
vt 0.6250 0.1250
vt 0.6250 0.0391
vt 0.6250 0.0391
vt 0.6250 0.0391
vt 0.6250 0.0391
vt 0.6250 0.0391
vt 0.6250 0.0391
vt 0.6250 0.0391
vt 0.6250 0.0391
vt 0.6250 0.0391
vt 0.6250 0.2109
vt 0.6250 0.2109
vt 0.6250 0.2109
vt 0.6250 0.2109
vt 0.6250 0.2109
vt 0.8750 0.3750
vt 0.8750 0.3750
vt 0.8750 0.3750
vt 0.8750 0.4609
vt 0.8750 0.4609
vt 0.8750 0.4609
vt 0.8750 0.2891
vt 0.8750 0.2891
vt 0.8750 0.2891
vt 0.8750 0.3750
vt 0.8750 0.3750
vt 0.8750 0.3750
vt 0.8750 0.3750
vt 0.8750 0.3750
vt 0.8750 0.3750
vt 0.8750 0.4609
vt 0.8750 0.4609
vt 0.8750 0.4609
vt 0.8750 0.4609
vt 0.8750 0.4609
vt 0.8750 0.4609
vt 0.8750 0.4609
vt 0.8750 0.4609
vt 0.8750 0.4609
vt 0.6250 0.2891
vt 0.6250 0.2891
vt 0.6250 0.2891
vt 0.6250 0.2891
vt 0.6250 0.4609
vt 0.6250 0.4609
vt 0.6250 0.4609
vt 0.6250 0.4609
vt 0.6250 0.2891
vt 0.6250 0.2891
vt 0.6250 0.2891
vt 0.6250 0.2891
vt 0.6250 0.4609
vt 0.6250 0.4609
vt 0.6250 0.4609
vt 0.6250 0.4609
vt 0.6250 0.2891
vt 0.6250 0.2891
vt 0.6250 0.2891
vt 0.6250 0.2891
vt 0.6250 0.4609
vt 0.6250 0.4609
vt 0.6250 0.4609
vt 0.6250 0.4609
vt 0.6250 0.2891
vt 0.6250 0.2891
vt 0.6250 0.2891
vt 0.6250 0.2891
vt 0.6250 0.4609
vt 0.6250 0.4609
vt 0.6250 0.4609
vt 0.6250 0.4609
vt 0.6250 0.2891
vt 0.6250 0.2891
vt 0.6250 0.2891
vt 0.6250 0.2891
vt 0.6250 0.4609
vt 0.6250 0.4609
vt 0.6250 0.4609
vt 0.6250 0.4609
vt 0.6250 0.2891
vt 0.6250 0.2891
vt 0.6250 0.2891
vt 0.6250 0.2891
vt 0.6250 0.4609
vt 0.6250 0.4609
vt 0.6250 0.4609
vt 0.6250 0.4609
vt 0.6250 0.2891
vt 0.6250 0.2891
vt 0.6250 0.2891
vt 0.6250 0.2891
vt 0.6250 0.4609
vt 0.6250 0.4609
vt 0.6250 0.4609
vt 0.6250 0.4609
vt 0.6250 0.2891
vt 0.6250 0.2891
vt 0.6250 0.2891
vt 0.6250 0.2891
vt 0.6250 0.4609
vt 0.6250 0.4609
vt 0.6250 0.4609
vt 0.6250 0.4609
vt 0.6250 0.2891
vt 0.6250 0.2891
vt 0.6250 0.2891
vt 0.6250 0.2891
vt 0.6250 0.4609
vt 0.6250 0.4609
vt 0.6250 0.4609
vt 0.6250 0.4609
vt 0.6250 0.2891
vt 0.6250 0.2891
vt 0.6250 0.2891
vt 0.6250 0.2891
vt 0.6250 0.4609
vt 0.6250 0.4609
vt 0.6250 0.4609
vt 0.6250 0.4609
vn 0.9425 -0.3342 0.0000
vn 0.8162 -0.3342 0.4712
vn 0.9062 -0.4229 0.0000
vn 0.9872 -0.1592 0.0000
vn 0.8550 -0.1592 0.4936
vn 0.8162 -0.3342 0.4712
vn 0.9425 -0.3342 0.0000
vn 0.9883 0.1522 0.0000
vn 0.8559 0.1522 0.4942
vn 0.8550 -0.1592 0.4936
vn 0.9872 -0.1592 0.0000
vn 0.9285 0.3714 0.0000
vn 0.8041 0.3714 0.4642
vn 0.8559 0.1522 0.4942
vn 0.9883 0.1522 0.0000
vn 0.8162 -0.3342 0.4712
vn 0.4712 -0.3342 0.8162
vn 0.7848 -0.4229 0.4531
vn 0.8550 -0.1592 0.4936
vn 0.4936 -0.1592 0.8550
vn 0.4712 -0.3342 0.8162
vn 0.8162 -0.3342 0.4712
vn 0.8559 0.1522 0.4942
vn 0.4942 0.1522 0.8559
vn 0.4936 -0.1592 0.8550
vn 0.8550 -0.1592 0.4936
vn 0.8041 0.3714 0.4642
vn 0.4642 0.3714 0.8041
vn 0.4942 0.1522 0.8559
vn 0.8559 0.1522 0.4942
vn 0.4712 -0.3342 0.8162
vn 0.0000 -0.3342 0.9425
vn 0.4531 -0.4229 0.7848
vn 0.4936 -0.1592 0.8550
vn 0.0000 -0.1592 0.9872
vn 0.0000 -0.3342 0.9425
vn 0.4712 -0.3342 0.8162
vn 0.4942 0.1522 0.8559
vn 0.0000 0.1522 0.9883
vn 0.0000 -0.1592 0.9872
vn 0.4936 -0.1592 0.8550
vn 0.4642 0.3714 0.8041
vn 0.0000 0.3714 0.9285
vn 0.0000 0.1522 0.9883
vn 0.4942 0.1522 0.8559
vn 0.0000 -0.3342 0.9425
vn -0.4712 -0.3342 0.8162
vn 0.0000 -0.4229 0.9062
vn 0.0000 -0.1592 0.9872
vn -0.4936 -0.1592 0.8550
vn -0.4712 -0.3342 0.8162
vn 0.0000 -0.3342 0.9425
vn 0.0000 0.1522 0.9883
vn -0.4942 0.1522 0.8559
vn -0.4936 -0.1592 0.8550
vn 0.0000 -0.1592 0.9872
vn 0.0000 0.3714 0.9285
vn -0.4642 0.3714 0.8041
vn -0.4942 0.1522 0.8559
vn 0.0000 0.1522 0.9883
vn -0.4712 -0.3342 0.8162
vn -0.8162 -0.3342 0.4712
vn -0.4531 -0.4229 0.7848
vn -0.4936 -0.1592 0.8550
vn -0.8550 -0.1592 0.4936
vn -0.8162 -0.3342 0.4712
vn -0.4712 -0.3342 0.8162
vn -0.4942 0.1522 0.8559
vn -0.8559 0.1522 0.4942
vn -0.8550 -0.1592 0.4936
vn -0.4936 -0.1592 0.8550
vn -0.4642 0.3714 0.8041
vn -0.8041 0.3714 0.4642
vn -0.8559 0.1522 0.4942
vn -0.4942 0.1522 0.8559
vn -0.8162 -0.3342 0.4712
vn -0.9425 -0.3342 0.0000
vn -0.7848 -0.4229 0.4531
vn -0.8550 -0.1592 0.4936
vn -0.9872 -0.1592 0.0000
vn -0.9425 -0.3342 0.0000
vn -0.8162 -0.3342 0.4712
vn -0.8559 0.1522 0.4942
vn -0.9883 0.1522 0.0000
vn -0.9872 -0.1592 0.0000
vn -0.8550 -0.1592 0.4936
vn -0.8041 0.3714 0.4642
vn -0.9285 0.3714 0.0000
vn -0.9883 0.1522 0.0000
vn -0.8559 0.1522 0.4942
vn -0.9425 -0.3342 0.0000
vn -0.8162 -0.3342 -0.4712
vn -0.9062 -0.4229 0.0000
vn -0.9872 -0.1592 0.0000
vn -0.8550 -0.1592 -0.4936
vn -0.8162 -0.3342 -0.4712
vn -0.9425 -0.3342 0.0000
vn -0.9883 0.1522 0.0000
vn -0.8559 0.1522 -0.4942
vn -0.8550 -0.1592 -0.4936
vn -0.9872 -0.1592 0.0000
vn -0.9285 0.3714 0.0000
vn -0.8041 0.3714 -0.4642
vn -0.8559 0.1522 -0.4942
vn -0.9883 0.1522 0.0000
vn -0.8162 -0.3342 -0.4712
vn -0.4712 -0.3342 -0.8162
vn -0.7848 -0.4229 -0.4531
vn -0.8550 -0.1592 -0.4936
vn -0.4936 -0.1592 -0.8550
vn -0.4712 -0.3342 -0.8162
vn -0.8162 -0.3342 -0.4712
vn -0.8559 0.1522 -0.4942
vn -0.4942 0.1522 -0.8559
vn -0.4936 -0.1592 -0.8550
vn -0.8550 -0.1592 -0.4936
vn -0.8041 0.3714 -0.4642
vn -0.4642 0.3714 -0.8041
vn -0.4942 0.1522 -0.8559
vn -0.8559 0.1522 -0.4942
vn -0.4712 -0.3342 -0.8162
vn -0.0000 -0.3342 -0.9425
vn -0.4531 -0.4229 -0.7848
vn -0.4936 -0.1592 -0.8550
vn -0.0000 -0.1592 -0.9872
vn -0.0000 -0.3342 -0.9425
vn -0.4712 -0.3342 -0.8162
vn -0.4942 0.1522 -0.8559
vn -0.0000 0.1522 -0.9883
vn -0.0000 -0.1592 -0.9872
vn -0.4936 -0.1592 -0.8550
vn -0.4642 0.3714 -0.8041
vn -0.0000 0.3714 -0.9285
vn -0.0000 0.1522 -0.9883
vn -0.4942 0.1522 -0.8559
vn -0.0000 -0.3342 -0.9425
vn 0.4712 -0.3342 -0.8162
vn -0.0000 -0.4229 -0.9062
vn -0.0000 -0.1592 -0.9872
vn 0.4936 -0.1592 -0.8550
vn 0.4712 -0.3342 -0.8162
vn -0.0000 -0.3342 -0.9425
vn -0.0000 0.1522 -0.9883
vn 0.4942 0.1522 -0.8559
vn 0.4936 -0.1592 -0.8550
vn -0.0000 -0.1592 -0.9872
vn -0.0000 0.3714 -0.9285
vn 0.4642 0.3714 -0.8041
vn 0.4942 0.1522 -0.8559
vn -0.0000 0.1522 -0.9883
vn 0.4712 -0.3342 -0.8162
vn 0.8162 -0.3342 -0.4712
vn 0.4531 -0.4229 -0.7848
vn 0.4936 -0.1592 -0.8550
vn 0.8550 -0.1592 -0.4936
vn 0.8162 -0.3342 -0.4712
vn 0.4712 -0.3342 -0.8162
vn 0.4942 0.1522 -0.8559
vn 0.8559 0.1522 -0.4942
vn 0.8550 -0.1592 -0.4936
vn 0.4936 -0.1592 -0.8550
vn 0.4642 0.3714 -0.8041
vn 0.8041 0.3714 -0.4642
vn 0.8559 0.1522 -0.4942
vn 0.4942 0.1522 -0.8559
vn 0.8162 -0.3342 -0.4712
vn 0.9425 -0.3342 -0.0000
vn 0.7848 -0.4229 -0.4531
vn 0.8550 -0.1592 -0.4936
vn 0.9872 -0.1592 -0.0000
vn 0.9425 -0.3342 -0.0000
vn 0.8162 -0.3342 -0.4712
vn 0.8559 0.1522 -0.4942
vn 0.9883 0.1522 -0.0000
vn 0.9872 -0.1592 -0.0000
vn 0.8550 -0.1592 -0.4936
vn 0.8041 0.3714 -0.4642
vn 0.9285 0.3714 -0.0000
vn 0.9883 0.1522 -0.0000
vn 0.8559 0.1522 -0.4942
vn 1.0000 -0.0049 0.0000
vn 0.9010 -0.0049 0.4339
vn 0.9010 -0.0059 0.4339
vn 1.0000 -0.0059 0.0000
vn 1.0000 -0.0042 0.0000
vn 0.9010 -0.0042 0.4339
vn 0.9010 -0.0049 0.4339
vn 1.0000 -0.0049 0.0000
vn 1.0000 -0.0001 0.0000
vn 0.9010 -0.0001 0.4339
vn 0.9010 -0.0042 0.4339
vn 1.0000 -0.0042 0.0000
vn 1.0000 0.0043 0.0000
vn 0.9010 0.0043 0.4339
vn 0.9010 -0.0001 0.4339
vn 1.0000 -0.0001 0.0000
vn 0.9010 -0.0049 0.4339
vn 0.6235 -0.0049 0.7818
vn 0.6235 -0.0059 0.7818
vn 0.9010 -0.0059 0.4339
vn 0.9010 -0.0042 0.4339
vn 0.6235 -0.0042 0.7818
vn 0.6235 -0.0049 0.7818
vn 0.9010 -0.0049 0.4339
vn 0.9010 -0.0001 0.4339
vn 0.6235 -0.0001 0.7818
vn 0.6235 -0.0042 0.7818
vn 0.9010 -0.0042 0.4339
vn 0.9010 0.0043 0.4339
vn 0.6235 0.0043 0.7818
vn 0.6235 -0.0001 0.7818
vn 0.9010 -0.0001 0.4339
vn 0.6235 -0.0049 0.7818
vn 0.2225 -0.0049 0.9749
vn 0.2225 -0.0059 0.9749
vn 0.6235 -0.0059 0.7818
vn 0.6235 -0.0042 0.7818
vn 0.2225 -0.0042 0.9749
vn 0.2225 -0.0049 0.9749
vn 0.6235 -0.0049 0.7818
vn 0.6235 -0.0001 0.7818
vn 0.2225 -0.0001 0.9749
vn 0.2225 -0.0042 0.9749
vn 0.6235 -0.0042 0.7818
vn 0.6235 0.0043 0.7818
vn 0.2225 0.0043 0.9749
vn 0.2225 -0.0001 0.9749
vn 0.6235 -0.0001 0.7818
vn 0.2225 -0.0049 0.9749
vn -0.2225 -0.0049 0.9749
vn -0.2225 -0.0059 0.9749
vn 0.2225 -0.0059 0.9749
vn 0.2225 -0.0042 0.9749
vn -0.2225 -0.0042 0.9749
vn -0.2225 -0.0049 0.9749
vn 0.2225 -0.0049 0.9749
vn 0.2225 -0.0001 0.9749
vn -0.2225 -0.0001 0.9749
vn -0.2225 -0.0042 0.9749
vn 0.2225 -0.0042 0.9749
vn 0.2225 0.0043 0.9749
vn -0.2225 0.0043 0.9749
vn -0.2225 -0.0001 0.9749
vn 0.2225 -0.0001 0.9749
vn -0.2225 -0.0049 0.9749
vn -0.6235 -0.0049 0.7818
vn -0.6235 -0.0059 0.7818
vn -0.2225 -0.0059 0.9749
vn -0.2225 -0.0042 0.9749
vn -0.6235 -0.0042 0.7818
vn -0.6235 -0.0049 0.7818
vn -0.2225 -0.0049 0.9749
vn -0.2225 -0.0001 0.9749
vn -0.6235 -0.0001 0.7818
vn -0.6235 -0.0042 0.7818
vn -0.2225 -0.0042 0.9749
vn -0.2225 0.0043 0.9749
vn -0.6235 0.0043 0.7818
vn -0.6235 -0.0001 0.7818
vn -0.2225 -0.0001 0.9749
vn -0.6235 -0.0049 0.7818
vn -0.9010 -0.0049 0.4339
vn -0.9010 -0.0059 0.4339
vn -0.6235 -0.0059 0.7818
vn -0.6235 -0.0042 0.7818
vn -0.9010 -0.0042 0.4339
vn -0.9010 -0.0049 0.4339
vn -0.6235 -0.0049 0.7818
vn -0.6235 -0.0001 0.7818
vn -0.9010 -0.0001 0.4339
vn -0.9010 -0.0042 0.4339
vn -0.6235 -0.0042 0.7818
vn -0.6235 0.0043 0.7818
vn -0.9010 0.0043 0.4339
vn -0.9010 -0.0001 0.4339
vn -0.6235 -0.0001 0.7818
vn -0.9010 -0.0049 0.4339
vn -1.0000 -0.0049 0.0000
vn -1.0000 -0.0059 0.0000
vn -0.9010 -0.0059 0.4339
vn -0.9010 -0.0042 0.4339
vn -1.0000 -0.0042 0.0000
vn -1.0000 -0.0049 0.0000
vn -0.9010 -0.0049 0.4339
vn -0.9010 -0.0001 0.4339
vn -1.0000 -0.0001 0.0000
vn -1.0000 -0.0042 0.0000
vn -0.9010 -0.0042 0.4339
vn -0.9010 0.0043 0.4339
vn -1.0000 0.0043 0.0000
vn -1.0000 -0.0001 0.0000
vn -0.9010 -0.0001 0.4339
vn -1.0000 -0.0049 0.0000
vn -0.9010 -0.0049 -0.4339
vn -0.9010 -0.0059 -0.4339
vn -1.0000 -0.0059 0.0000
vn -1.0000 -0.0042 0.0000
vn -0.9010 -0.0042 -0.4339
vn -0.9010 -0.0049 -0.4339
vn -1.0000 -0.0049 0.0000
vn -1.0000 -0.0001 0.0000
vn -0.9010 -0.0001 -0.4339
vn -0.9010 -0.0042 -0.4339
vn -1.0000 -0.0042 0.0000
vn -1.0000 0.0043 0.0000
vn -0.9010 0.0043 -0.4339
vn -0.9010 -0.0001 -0.4339
vn -1.0000 -0.0001 0.0000
vn -0.9010 -0.0049 -0.4339
vn -0.6235 -0.0049 -0.7818
vn -0.6235 -0.0059 -0.7818
vn -0.9010 -0.0059 -0.4339
vn -0.9010 -0.0042 -0.4339
vn -0.6235 -0.0042 -0.7818
vn -0.6235 -0.0049 -0.7818
vn -0.9010 -0.0049 -0.4339
vn -0.9010 -0.0001 -0.4339
vn -0.6235 -0.0001 -0.7818
vn -0.6235 -0.0042 -0.7818
vn -0.9010 -0.0042 -0.4339
vn -0.9010 0.0043 -0.4339
vn -0.6235 0.0043 -0.7818
vn -0.6235 -0.0001 -0.7818
vn -0.9010 -0.0001 -0.4339
vn -0.6235 -0.0049 -0.7818
vn -0.2225 -0.0049 -0.9749
vn -0.2225 -0.0059 -0.9749
vn -0.6235 -0.0059 -0.7818
vn -0.6235 -0.0042 -0.7818
vn -0.2225 -0.0042 -0.9749
vn -0.2225 -0.0049 -0.9749
vn -0.6235 -0.0049 -0.7818
vn -0.6235 -0.0001 -0.7818
vn -0.2225 -0.0001 -0.9749
vn -0.2225 -0.0042 -0.9749
vn -0.6235 -0.0042 -0.7818
vn -0.6235 0.0043 -0.7818
vn -0.2225 0.0043 -0.9749
vn -0.2225 -0.0001 -0.9749
vn -0.6235 -0.0001 -0.7818
vn -0.2225 -0.0049 -0.9749
vn 0.2225 -0.0049 -0.9749
vn 0.2225 -0.0059 -0.9749
vn -0.2225 -0.0059 -0.9749
vn -0.2225 -0.0042 -0.9749
vn 0.2225 -0.0042 -0.9749
vn 0.2225 -0.0049 -0.9749
vn -0.2225 -0.0049 -0.9749
vn -0.2225 -0.0001 -0.9749
vn 0.2225 -0.0001 -0.9749
vn 0.2225 -0.0042 -0.9749
vn -0.2225 -0.0042 -0.9749
vn -0.2225 0.0043 -0.9749
vn 0.2225 0.0043 -0.9749
vn 0.2225 -0.0001 -0.9749
vn -0.2225 -0.0001 -0.9749
vn 0.2225 -0.0049 -0.9749
vn 0.6235 -0.0049 -0.7818
vn 0.6235 -0.0059 -0.7818
vn 0.2225 -0.0059 -0.9749
vn 0.2225 -0.0042 -0.9749
vn 0.6235 -0.0042 -0.7818
vn 0.6235 -0.0049 -0.7818
vn 0.2225 -0.0049 -0.9749
vn 0.2225 -0.0001 -0.9749
vn 0.6235 -0.0001 -0.7818
vn 0.6235 -0.0042 -0.7818
vn 0.2225 -0.0042 -0.9749
vn 0.2225 0.0043 -0.9749
vn 0.6235 0.0043 -0.7818
vn 0.6235 -0.0001 -0.7818
vn 0.2225 -0.0001 -0.9749
vn 0.6235 -0.0049 -0.7818
vn 0.9010 -0.0049 -0.4339
vn 0.9010 -0.0059 -0.4339
vn 0.6235 -0.0059 -0.7818
vn 0.6235 -0.0042 -0.7818
vn 0.9010 -0.0042 -0.4339
vn 0.9010 -0.0049 -0.4339
vn 0.6235 -0.0049 -0.7818
vn 0.6235 -0.0001 -0.7818
vn 0.9010 -0.0001 -0.4339
vn 0.9010 -0.0042 -0.4339
vn 0.6235 -0.0042 -0.7818
vn 0.6235 0.0043 -0.7818
vn 0.9010 0.0043 -0.4339
vn 0.9010 -0.0001 -0.4339
vn 0.6235 -0.0001 -0.7818
vn 0.9010 -0.0049 -0.4339
vn 1.0000 -0.0049 -0.0000
vn 1.0000 -0.0059 -0.0000
vn 0.9010 -0.0059 -0.4339
vn 0.9010 -0.0042 -0.4339
vn 1.0000 -0.0042 -0.0000
vn 1.0000 -0.0049 -0.0000
vn 0.9010 -0.0049 -0.4339
vn 0.9010 -0.0001 -0.4339
vn 1.0000 -0.0001 -0.0000
vn 1.0000 -0.0042 -0.0000
vn 0.9010 -0.0042 -0.4339
vn 0.9010 0.0043 -0.4339
vn 1.0000 0.0043 -0.0000
vn 1.0000 -0.0001 -0.0000
vn 0.9010 -0.0001 -0.4339
vn 0.9925 -0.1222 0.0000
vn 0.8942 -0.1222 0.4306
vn 0.8741 -0.2425 0.4209
vn 0.9701 -0.2425 0.0000
vn 0.9951 0.0985 0.0000
vn 0.8966 0.0985 0.4318
vn 0.8942 -0.1222 0.4306
vn 0.9925 -0.1222 0.0000
vn 0.9806 0.1961 0.0000
vn 0.8835 0.1961 0.4255
vn 0.8966 0.0985 0.4318
vn 0.9951 0.0985 0.0000
vn 0.8942 -0.1222 0.4306
vn 0.6188 -0.1222 0.7760
vn 0.6049 -0.2425 0.7585
vn 0.8741 -0.2425 0.4209
vn 0.8966 0.0985 0.4318
vn 0.6205 0.0985 0.7780
vn 0.6188 -0.1222 0.7760
vn 0.8942 -0.1222 0.4306
vn 0.8835 0.1961 0.4255
vn 0.6114 0.1961 0.7666
vn 0.6205 0.0985 0.7780
vn 0.8966 0.0985 0.4318
vn 0.6188 -0.1222 0.7760
vn 0.2209 -0.1222 0.9676
vn 0.2159 -0.2425 0.9458
vn 0.6049 -0.2425 0.7585
vn 0.6205 0.0985 0.7780
vn 0.2214 0.0985 0.9702
vn 0.2209 -0.1222 0.9676
vn 0.6188 -0.1222 0.7760
vn 0.6114 0.1961 0.7666
vn 0.2182 0.1961 0.9560
vn 0.2214 0.0985 0.9702
vn 0.6205 0.0985 0.7780
vn 0.2209 -0.1222 0.9676
vn -0.2209 -0.1222 0.9676
vn -0.2159 -0.2425 0.9458
vn 0.2159 -0.2425 0.9458
vn 0.2214 0.0985 0.9702
vn -0.2214 0.0985 0.9702
vn -0.2209 -0.1222 0.9676
vn 0.2209 -0.1222 0.9676
vn 0.2182 0.1961 0.9560
vn -0.2182 0.1961 0.9560
vn -0.2214 0.0985 0.9702
vn 0.2214 0.0985 0.9702
vn -0.2209 -0.1222 0.9676
vn -0.6188 -0.1222 0.7760
vn -0.6049 -0.2425 0.7585
vn -0.2159 -0.2425 0.9458
vn -0.2214 0.0985 0.9702
vn -0.6205 0.0985 0.7780
vn -0.6188 -0.1222 0.7760
vn -0.2209 -0.1222 0.9676
vn -0.2182 0.1961 0.9560
vn -0.6114 0.1961 0.7666
vn -0.6205 0.0985 0.7780
vn -0.2214 0.0985 0.9702
vn -0.6188 -0.1222 0.7760
vn -0.8942 -0.1222 0.4306
vn -0.8741 -0.2425 0.4209
vn -0.6049 -0.2425 0.7585
vn -0.6205 0.0985 0.7780
vn -0.8966 0.0985 0.4318
vn -0.8942 -0.1222 0.4306
vn -0.6188 -0.1222 0.7760
vn -0.6114 0.1961 0.7666
vn -0.8835 0.1961 0.4255
vn -0.8966 0.0985 0.4318
vn -0.6205 0.0985 0.7780
vn -0.8942 -0.1222 0.4306
vn -0.9925 -0.1222 0.0000
vn -0.9701 -0.2425 0.0000
vn -0.8741 -0.2425 0.4209
vn -0.8966 0.0985 0.4318
vn -0.9951 0.0985 0.0000
vn -0.9925 -0.1222 0.0000
vn -0.8942 -0.1222 0.4306
vn -0.8835 0.1961 0.4255
vn -0.9806 0.1961 0.0000
vn -0.9951 0.0985 0.0000
vn -0.8966 0.0985 0.4318
vn -0.9925 -0.1222 0.0000
vn -0.8942 -0.1222 -0.4306
vn -0.8741 -0.2425 -0.4209
vn -0.9701 -0.2425 0.0000
vn -0.9951 0.0985 0.0000
vn -0.8966 0.0985 -0.4318
vn -0.8942 -0.1222 -0.4306
vn -0.9925 -0.1222 0.0000
vn -0.9806 0.1961 0.0000
vn -0.8835 0.1961 -0.4255
vn -0.8966 0.0985 -0.4318
vn -0.9951 0.0985 0.0000
vn -0.8942 -0.1222 -0.4306
vn -0.6188 -0.1222 -0.7760
vn -0.6049 -0.2425 -0.7585
vn -0.8741 -0.2425 -0.4209
vn -0.8966 0.0985 -0.4318
vn -0.6205 0.0985 -0.7780
vn -0.6188 -0.1222 -0.7760
vn -0.8942 -0.1222 -0.4306
vn -0.8835 0.1961 -0.4255
vn -0.6114 0.1961 -0.7666
vn -0.6205 0.0985 -0.7780
vn -0.8966 0.0985 -0.4318
vn -0.6188 -0.1222 -0.7760
vn -0.2209 -0.1222 -0.9676
vn -0.2159 -0.2425 -0.9458
vn -0.6049 -0.2425 -0.7585
vn -0.6205 0.0985 -0.7780
vn -0.2214 0.0985 -0.9702
vn -0.2209 -0.1222 -0.9676
vn -0.6188 -0.1222 -0.7760
vn -0.6114 0.1961 -0.7666
vn -0.2182 0.1961 -0.9560
vn -0.2214 0.0985 -0.9702
vn -0.6205 0.0985 -0.7780
vn -0.2209 -0.1222 -0.9676
vn 0.2209 -0.1222 -0.9676
vn 0.2159 -0.2425 -0.9458
vn -0.2159 -0.2425 -0.9458
vn -0.2214 0.0985 -0.9702
vn 0.2214 0.0985 -0.9702
vn 0.2209 -0.1222 -0.9676
vn -0.2209 -0.1222 -0.9676
vn -0.2182 0.1961 -0.9560
vn 0.2182 0.1961 -0.9560
vn 0.2214 0.0985 -0.9702
vn -0.2214 0.0985 -0.9702
vn 0.2209 -0.1222 -0.9676
vn 0.6188 -0.1222 -0.7760
vn 0.6049 -0.2425 -0.7585
vn 0.2159 -0.2425 -0.9458
vn 0.2214 0.0985 -0.9702
vn 0.6205 0.0985 -0.7780
vn 0.6188 -0.1222 -0.7760
vn 0.2209 -0.1222 -0.9676
vn 0.2182 0.1961 -0.9560
vn 0.6114 0.1961 -0.7666
vn 0.6205 0.0985 -0.7780
vn 0.2214 0.0985 -0.9702
vn 0.6188 -0.1222 -0.7760
vn 0.8942 -0.1222 -0.4306
vn 0.8741 -0.2425 -0.4209
vn 0.6049 -0.2425 -0.7585
vn 0.6205 0.0985 -0.7780
vn 0.8966 0.0985 -0.4318
vn 0.8942 -0.1222 -0.4306
vn 0.6188 -0.1222 -0.7760
vn 0.6114 0.1961 -0.7666
vn 0.8835 0.1961 -0.4255
vn 0.8966 0.0985 -0.4318
vn 0.6205 0.0985 -0.7780
vn 0.8942 -0.1222 -0.4306
vn 0.9925 -0.1222 -0.0000
vn 0.9701 -0.2425 -0.0000
vn 0.8741 -0.2425 -0.4209
vn 0.8966 0.0985 -0.4318
vn 0.9951 0.0985 -0.0000
vn 0.9925 -0.1222 -0.0000
vn 0.8942 -0.1222 -0.4306
vn 0.8835 0.1961 -0.4255
vn 0.9806 0.1961 -0.0000
vn 0.9951 0.0985 -0.0000
vn 0.8966 0.0985 -0.4318
vn 0.9145 -0.4046 0.0000
vn 0.8239 -0.4046 0.3968
vn 0.6061 -0.7399 0.2919
vn 0.6727 -0.7399 0.0000
vn 0.9145 0.4046 0.0000
vn 0.8239 0.4046 0.3968
vn 0.8239 -0.4046 0.3968
vn 0.9145 -0.4046 0.0000
vn 0.6727 0.7399 0.0000
vn 0.6061 0.7399 0.2919
vn 0.8239 0.4046 0.3968
vn 0.9145 0.4046 0.0000
vn 0.8239 -0.4046 0.3968
vn 0.5702 -0.4046 0.7150
vn 0.4194 -0.7399 0.5259
vn 0.6061 -0.7399 0.2919
vn 0.8239 0.4046 0.3968
vn 0.5702 0.4046 0.7150
vn 0.5702 -0.4046 0.7150
vn 0.8239 -0.4046 0.3968
vn 0.6061 0.7399 0.2919
vn 0.4194 0.7399 0.5259
vn 0.5702 0.4046 0.7150
vn 0.8239 0.4046 0.3968
vn 0.5702 -0.4046 0.7150
vn 0.2035 -0.4046 0.8916
vn 0.1497 -0.7399 0.6558
vn 0.4194 -0.7399 0.5259
vn 0.5702 0.4046 0.7150
vn 0.2035 0.4046 0.8916
vn 0.2035 -0.4046 0.8916
vn 0.5702 -0.4046 0.7150
vn 0.4194 0.7399 0.5259
vn 0.1497 0.7399 0.6558
vn 0.2035 0.4046 0.8916
vn 0.5702 0.4046 0.7150
vn 0.2035 -0.4046 0.8916
vn -0.2035 -0.4046 0.8916
vn -0.1497 -0.7399 0.6558
vn 0.1497 -0.7399 0.6558
vn 0.2035 0.4046 0.8916
vn -0.2035 0.4046 0.8916
vn -0.2035 -0.4046 0.8916
vn 0.2035 -0.4046 0.8916
vn 0.1497 0.7399 0.6558
vn -0.1497 0.7399 0.6558
vn -0.2035 0.4046 0.8916
vn 0.2035 0.4046 0.8916
vn -0.2035 -0.4046 0.8916
vn -0.5702 -0.4046 0.7150
vn -0.4194 -0.7399 0.5259
vn -0.1497 -0.7399 0.6558
vn -0.2035 0.4046 0.8916
vn -0.5702 0.4046 0.7150
vn -0.5702 -0.4046 0.7150
vn -0.2035 -0.4046 0.8916
vn -0.1497 0.7399 0.6558
vn -0.4194 0.7399 0.5259
vn -0.5702 0.4046 0.7150
vn -0.2035 0.4046 0.8916
vn -0.5702 -0.4046 0.7150
vn -0.8239 -0.4046 0.3968
vn -0.6061 -0.7399 0.2919
vn -0.4194 -0.7399 0.5259
vn -0.5702 0.4046 0.7150
vn -0.8239 0.4046 0.3968
vn -0.8239 -0.4046 0.3968
vn -0.5702 -0.4046 0.7150
vn -0.4194 0.7399 0.5259
vn -0.6061 0.7399 0.2919
vn -0.8239 0.4046 0.3968
vn -0.5702 0.4046 0.7150
vn -0.8239 -0.4046 0.3968
vn -0.9145 -0.4046 0.0000
vn -0.6727 -0.7399 0.0000
vn -0.6061 -0.7399 0.2919
vn -0.8239 0.4046 0.3968
vn -0.9145 0.4046 0.0000
vn -0.9145 -0.4046 0.0000
vn -0.8239 -0.4046 0.3968
vn -0.6061 0.7399 0.2919
vn -0.6727 0.7399 0.0000
vn -0.9145 0.4046 0.0000
vn -0.8239 0.4046 0.3968
vn -0.9145 -0.4046 0.0000
vn -0.8239 -0.4046 -0.3968
vn -0.6061 -0.7399 -0.2919
vn -0.6727 -0.7399 0.0000
vn -0.9145 0.4046 0.0000
vn -0.8239 0.4046 -0.3968
vn -0.8239 -0.4046 -0.3968
vn -0.9145 -0.4046 0.0000
vn -0.6727 0.7399 0.0000
vn -0.6061 0.7399 -0.2919
vn -0.8239 0.4046 -0.3968
vn -0.9145 0.4046 0.0000
vn -0.8239 -0.4046 -0.3968
vn -0.5702 -0.4046 -0.7150
vn -0.4194 -0.7399 -0.5259
vn -0.6061 -0.7399 -0.2919
vn -0.8239 0.4046 -0.3968
vn -0.5702 0.4046 -0.7150
vn -0.5702 -0.4046 -0.7150
vn -0.8239 -0.4046 -0.3968
vn -0.6061 0.7399 -0.2919
vn -0.4194 0.7399 -0.5259
vn -0.5702 0.4046 -0.7150
vn -0.8239 0.4046 -0.3968
vn -0.5702 -0.4046 -0.7150
vn -0.2035 -0.4046 -0.8916
vn -0.1497 -0.7399 -0.6558
vn -0.4194 -0.7399 -0.5259
vn -0.5702 0.4046 -0.7150
vn -0.2035 0.4046 -0.8916
vn -0.2035 -0.4046 -0.8916
vn -0.5702 -0.4046 -0.7150
vn -0.4194 0.7399 -0.5259
vn -0.1497 0.7399 -0.6558
vn -0.2035 0.4046 -0.8916
vn -0.5702 0.4046 -0.7150
vn -0.2035 -0.4046 -0.8916
vn 0.2035 -0.4046 -0.8916
vn 0.1497 -0.7399 -0.6558
vn -0.1497 -0.7399 -0.6558
vn -0.2035 0.4046 -0.8916
vn 0.2035 0.4046 -0.8916
vn 0.2035 -0.4046 -0.8916
vn -0.2035 -0.4046 -0.8916
vn -0.1497 0.7399 -0.6558
vn 0.1497 0.7399 -0.6558
vn 0.2035 0.4046 -0.8916
vn -0.2035 0.4046 -0.8916
vn 0.2035 -0.4046 -0.8916
vn 0.5702 -0.4046 -0.7150
vn 0.4194 -0.7399 -0.5259
vn 0.1497 -0.7399 -0.6558
vn 0.2035 0.4046 -0.8916
vn 0.5702 0.4046 -0.7150
vn 0.5702 -0.4046 -0.7150
vn 0.2035 -0.4046 -0.8916
vn 0.1497 0.7399 -0.6558
vn 0.4194 0.7399 -0.5259
vn 0.5702 0.4046 -0.7150
vn 0.2035 0.4046 -0.8916
vn 0.5702 -0.4046 -0.7150
vn 0.8239 -0.4046 -0.3968
vn 0.6061 -0.7399 -0.2919
vn 0.4194 -0.7399 -0.5259
vn 0.5702 0.4046 -0.7150
vn 0.8239 0.4046 -0.3968
vn 0.8239 -0.4046 -0.3968
vn 0.5702 -0.4046 -0.7150
vn 0.4194 0.7399 -0.5259
vn 0.6061 0.7399 -0.2919
vn 0.8239 0.4046 -0.3968
vn 0.5702 0.4046 -0.7150
vn 0.8239 -0.4046 -0.3968
vn 0.9145 -0.4046 -0.0000
vn 0.6727 -0.7399 -0.0000
vn 0.6061 -0.7399 -0.2919
vn 0.8239 0.4046 -0.3968
vn 0.9145 0.4046 -0.0000
vn 0.9145 -0.4046 -0.0000
vn 0.8239 -0.4046 -0.3968
vn 0.6061 0.7399 -0.2919
vn 0.6727 0.7399 -0.0000
vn 0.9145 0.4046 -0.0000
vn 0.8239 0.4046 -0.3968
vn 0.9145 -0.4046 0.0000
vn 0.8239 -0.4046 0.3968
vn 0.6061 -0.7399 0.2919
vn 0.6727 -0.7399 0.0000
vn 0.9145 0.4046 0.0000
vn 0.8239 0.4046 0.3968
vn 0.8239 -0.4046 0.3968
vn 0.9145 -0.4046 0.0000
vn 0.6727 0.7399 0.0000
vn 0.6061 0.7399 0.2919
vn 0.8239 0.4046 0.3968
vn 0.9145 0.4046 0.0000
vn 0.8239 -0.4046 0.3968
vn 0.5702 -0.4046 0.7150
vn 0.4194 -0.7399 0.5259
vn 0.6061 -0.7399 0.2919
vn 0.8239 0.4046 0.3968
vn 0.5702 0.4046 0.7150
vn 0.5702 -0.4046 0.7150
vn 0.8239 -0.4046 0.3968
vn 0.6061 0.7399 0.2919
vn 0.4194 0.7399 0.5259
vn 0.5702 0.4046 0.7150
vn 0.8239 0.4046 0.3968
vn 0.5702 -0.4046 0.7150
vn 0.2035 -0.4046 0.8916
vn 0.1497 -0.7399 0.6558
vn 0.4194 -0.7399 0.5259
vn 0.5702 0.4046 0.7150
vn 0.2035 0.4046 0.8916
vn 0.2035 -0.4046 0.8916
vn 0.5702 -0.4046 0.7150
vn 0.4194 0.7399 0.5259
vn 0.1497 0.7399 0.6558
vn 0.2035 0.4046 0.8916
vn 0.5702 0.4046 0.7150
vn 0.2035 -0.4046 0.8916
vn -0.2035 -0.4046 0.8916
vn -0.1497 -0.7399 0.6558
vn 0.1497 -0.7399 0.6558
vn 0.2035 0.4046 0.8916
vn -0.2035 0.4046 0.8916
vn -0.2035 -0.4046 0.8916
vn 0.2035 -0.4046 0.8916
vn 0.1497 0.7399 0.6558
vn -0.1497 0.7399 0.6558
vn -0.2035 0.4046 0.8916
vn 0.2035 0.4046 0.8916
vn -0.2035 -0.4046 0.8916
vn -0.5702 -0.4046 0.7150
vn -0.4194 -0.7399 0.5259
vn -0.1497 -0.7399 0.6558
vn -0.2035 0.4046 0.8916
vn -0.5702 0.4046 0.7150
vn -0.5702 -0.4046 0.7150
vn -0.2035 -0.4046 0.8916
vn -0.1497 0.7399 0.6558
vn -0.4194 0.7399 0.5259
vn -0.5702 0.4046 0.7150
vn -0.2035 0.4046 0.8916
vn -0.5702 -0.4046 0.7150
vn -0.8239 -0.4046 0.3968
vn -0.6061 -0.7399 0.2919
vn -0.4194 -0.7399 0.5259
vn -0.5702 0.4046 0.7150
vn -0.8239 0.4046 0.3968
vn -0.8239 -0.4046 0.3968
vn -0.5702 -0.4046 0.7150
vn -0.4194 0.7399 0.5259
vn -0.6061 0.7399 0.2919
vn -0.8239 0.4046 0.3968
vn -0.5702 0.4046 0.7150
vn -0.8239 -0.4046 0.3968
vn -0.9145 -0.4046 0.0000
vn -0.6727 -0.7399 0.0000
vn -0.6061 -0.7399 0.2919
vn -0.8239 0.4046 0.3968
vn -0.9145 0.4046 0.0000
vn -0.9145 -0.4046 0.0000
vn -0.8239 -0.4046 0.3968
vn -0.6061 0.7399 0.2919
vn -0.6727 0.7399 0.0000
vn -0.9145 0.4046 0.0000
vn -0.8239 0.4046 0.3968
vn -0.9145 -0.4046 0.0000
vn -0.8239 -0.4046 -0.3968
vn -0.6061 -0.7399 -0.2919
vn -0.6727 -0.7399 0.0000
vn -0.9145 0.4046 0.0000
vn -0.8239 0.4046 -0.3968
vn -0.8239 -0.4046 -0.3968
vn -0.9145 -0.4046 0.0000
vn -0.6727 0.7399 0.0000
vn -0.6061 0.7399 -0.2919
vn -0.8239 0.4046 -0.3968
vn -0.9145 0.4046 0.0000
vn -0.8239 -0.4046 -0.3968
vn -0.5702 -0.4046 -0.7150
vn -0.4194 -0.7399 -0.5259
vn -0.6061 -0.7399 -0.2919
vn -0.8239 0.4046 -0.3968
vn -0.5702 0.4046 -0.7150
vn -0.5702 -0.4046 -0.7150
vn -0.8239 -0.4046 -0.3968
vn -0.6061 0.7399 -0.2919
vn -0.4194 0.7399 -0.5259
vn -0.5702 0.4046 -0.7150
vn -0.8239 0.4046 -0.3968
vn -0.5702 -0.4046 -0.7150
vn -0.2035 -0.4046 -0.8916
vn -0.1497 -0.7399 -0.6558
vn -0.4194 -0.7399 -0.5259
vn -0.5702 0.4046 -0.7150
vn -0.2035 0.4046 -0.8916
vn -0.2035 -0.4046 -0.8916
vn -0.5702 -0.4046 -0.7150
vn -0.4194 0.7399 -0.5259
vn -0.1497 0.7399 -0.6558
vn -0.2035 0.4046 -0.8916
vn -0.5702 0.4046 -0.7150
vn -0.2035 -0.4046 -0.8916
vn 0.2035 -0.4046 -0.8916
vn 0.1497 -0.7399 -0.6558
vn -0.1497 -0.7399 -0.6558
vn -0.2035 0.4046 -0.8916
vn 0.2035 0.4046 -0.8916
vn 0.2035 -0.4046 -0.8916
vn -0.2035 -0.4046 -0.8916
vn -0.1497 0.7399 -0.6558
vn 0.1497 0.7399 -0.6558
vn 0.2035 0.4046 -0.8916
vn -0.2035 0.4046 -0.8916
vn 0.2035 -0.4046 -0.8916
vn 0.5702 -0.4046 -0.7150
vn 0.4194 -0.7399 -0.5259
vn 0.1497 -0.7399 -0.6558
vn 0.2035 0.4046 -0.8916
vn 0.5702 0.4046 -0.7150
vn 0.5702 -0.4046 -0.7150
vn 0.2035 -0.4046 -0.8916
vn 0.1497 0.7399 -0.6558
vn 0.4194 0.7399 -0.5259
vn 0.5702 0.4046 -0.7150
vn 0.2035 0.4046 -0.8916
vn 0.5702 -0.4046 -0.7150
vn 0.8239 -0.4046 -0.3968
vn 0.6061 -0.7399 -0.2919
vn 0.4194 -0.7399 -0.5259
vn 0.5702 0.4046 -0.7150
vn 0.8239 0.4046 -0.3968
vn 0.8239 -0.4046 -0.3968
vn 0.5702 -0.4046 -0.7150
vn 0.4194 0.7399 -0.5259
vn 0.6061 0.7399 -0.2919
vn 0.8239 0.4046 -0.3968
vn 0.5702 0.4046 -0.7150
vn 0.8239 -0.4046 -0.3968
vn 0.9145 -0.4046 -0.0000
vn 0.6727 -0.7399 -0.0000
vn 0.6061 -0.7399 -0.2919
vn 0.8239 0.4046 -0.3968
vn 0.9145 0.4046 -0.0000
vn 0.9145 -0.4046 -0.0000
vn 0.8239 -0.4046 -0.3968
vn 0.6061 0.7399 -0.2919
vn 0.6727 0.7399 -0.0000
vn 0.9145 0.4046 -0.0000
vn 0.8239 0.4046 -0.3968
vn 1.0000 0.0000 0.0000
vn 0.8660 0.0000 0.5000
vn 0.7344 -0.5300 0.4240
vn 0.8480 -0.5300 0.0000
vn 0.8480 0.5300 0.0000
vn 0.7344 0.5300 0.4240
vn 0.8660 0.0000 0.5000
vn 1.0000 0.0000 0.0000
vn 0.8660 0.0000 0.5000
vn 0.5000 0.0000 0.8660
vn 0.4240 -0.5300 0.7344
vn 0.7344 -0.5300 0.4240
vn 0.7344 0.5300 0.4240
vn 0.4240 0.5300 0.7344
vn 0.5000 0.0000 0.8660
vn 0.8660 0.0000 0.5000
vn 0.5000 0.0000 0.8660
vn 0.0000 0.0000 1.0000
vn 0.0000 -0.5300 0.8480
vn 0.4240 -0.5300 0.7344
vn 0.4240 0.5300 0.7344
vn 0.0000 0.5300 0.8480
vn 0.0000 0.0000 1.0000
vn 0.5000 0.0000 0.8660
vn 0.0000 0.0000 1.0000
vn -0.5000 0.0000 0.8660
vn -0.4240 -0.5300 0.7344
vn 0.0000 -0.5300 0.8480
vn 0.0000 0.5300 0.8480
vn -0.4240 0.5300 0.7344
vn -0.5000 0.0000 0.8660
vn 0.0000 0.0000 1.0000
vn -0.5000 0.0000 0.8660
vn -0.8660 0.0000 0.5000
vn -0.7344 -0.5300 0.4240
vn -0.4240 -0.5300 0.7344
vn -0.4240 0.5300 0.7344
vn -0.7344 0.5300 0.4240
vn -0.8660 0.0000 0.5000
vn -0.5000 0.0000 0.8660
vn -0.8660 0.0000 0.5000
vn -1.0000 0.0000 0.0000
vn -0.8480 -0.5300 0.0000
vn -0.7344 -0.5300 0.4240
vn -0.7344 0.5300 0.4240
vn -0.8480 0.5300 0.0000
vn -1.0000 0.0000 0.0000
vn -0.8660 0.0000 0.5000
vn -1.0000 0.0000 0.0000
vn -0.8660 0.0000 -0.5000
vn -0.7344 -0.5300 -0.4240
vn -0.8480 -0.5300 0.0000
vn -0.8480 0.5300 0.0000
vn -0.7344 0.5300 -0.4240
vn -0.8660 0.0000 -0.5000
vn -1.0000 0.0000 0.0000
vn -0.8660 0.0000 -0.5000
vn -0.5000 0.0000 -0.8660
vn -0.4240 -0.5300 -0.7344
vn -0.7344 -0.5300 -0.4240
vn -0.7344 0.5300 -0.4240
vn -0.4240 0.5300 -0.7344
vn -0.5000 0.0000 -0.8660
vn -0.8660 0.0000 -0.5000
vn -0.5000 0.0000 -0.8660
vn -0.0000 0.0000 -1.0000
vn -0.0000 -0.5300 -0.8480
vn -0.4240 -0.5300 -0.7344
vn -0.4240 0.5300 -0.7344
vn -0.0000 0.5300 -0.8480
vn -0.0000 0.0000 -1.0000
vn -0.5000 0.0000 -0.8660
vn -0.0000 0.0000 -1.0000
vn 0.5000 0.0000 -0.8660
vn 0.4240 -0.5300 -0.7344
vn -0.0000 -0.5300 -0.8480
vn -0.0000 0.5300 -0.8480
vn 0.4240 0.5300 -0.7344
vn 0.5000 0.0000 -0.8660
vn -0.0000 0.0000 -1.0000
vn 0.5000 0.0000 -0.8660
vn 0.8660 0.0000 -0.5000
vn 0.7344 -0.5300 -0.4240
vn 0.4240 -0.5300 -0.7344
vn 0.4240 0.5300 -0.7344
vn 0.7344 0.5300 -0.4240
vn 0.8660 0.0000 -0.5000
vn 0.5000 0.0000 -0.8660
vn 0.8660 0.0000 -0.5000
vn 1.0000 0.0000 -0.0000
vn 0.8480 -0.5300 -0.0000
vn 0.7344 -0.5300 -0.4240
vn 0.7344 0.5300 -0.4240
vn 0.8480 0.5300 -0.0000
vn 1.0000 0.0000 -0.0000
vn 0.8660 0.0000 -0.5000
vn 1.0000 0.0000 0.0000
vn 0.8660 0.0000 0.5000
vn 0.7344 -0.5300 0.4240
vn 0.8480 -0.5300 0.0000
vn 0.8480 0.5300 0.0000
vn 0.7344 0.5300 0.4240
vn 0.8660 0.0000 0.5000
vn 1.0000 0.0000 0.0000
vn 0.8660 0.0000 0.5000
vn 0.5000 0.0000 0.8660
vn 0.4240 -0.5300 0.7344
vn 0.7344 -0.5300 0.4240
vn 0.7344 0.5300 0.4240
vn 0.4240 0.5300 0.7344
vn 0.5000 0.0000 0.8660
vn 0.8660 0.0000 0.5000
vn 0.5000 0.0000 0.8660
vn 0.0000 0.0000 1.0000
vn 0.0000 -0.5300 0.8480
vn 0.4240 -0.5300 0.7344
vn 0.4240 0.5300 0.7344
vn 0.0000 0.5300 0.8480
vn 0.0000 0.0000 1.0000
vn 0.5000 0.0000 0.8660
vn 0.0000 0.0000 1.0000
vn -0.5000 0.0000 0.8660
vn -0.4240 -0.5300 0.7344
vn 0.0000 -0.5300 0.8480
vn 0.0000 0.5300 0.8480
vn -0.4240 0.5300 0.7344
vn -0.5000 0.0000 0.8660
vn 0.0000 0.0000 1.0000
vn -0.5000 0.0000 0.8660
vn -0.8660 0.0000 0.5000
vn -0.7344 -0.5300 0.4240
vn -0.4240 -0.5300 0.7344
vn -0.4240 0.5300 0.7344
vn -0.7344 0.5300 0.4240
vn -0.8660 0.0000 0.5000
vn -0.5000 0.0000 0.8660
vn -0.8660 0.0000 0.5000
vn -1.0000 0.0000 0.0000
vn -0.8480 -0.5300 0.0000
vn -0.7344 -0.5300 0.4240
vn -0.7344 0.5300 0.4240
vn -0.8480 0.5300 0.0000
vn -1.0000 0.0000 0.0000
vn -0.8660 0.0000 0.5000
vn -1.0000 0.0000 0.0000
vn -0.8660 0.0000 -0.5000
vn -0.7344 -0.5300 -0.4240
vn -0.8480 -0.5300 0.0000
vn -0.8480 0.5300 0.0000
vn -0.7344 0.5300 -0.4240
vn -0.8660 0.0000 -0.5000
vn -1.0000 0.0000 0.0000
vn -0.8660 0.0000 -0.5000
vn -0.5000 0.0000 -0.8660
vn -0.4240 -0.5300 -0.7344
vn -0.7344 -0.5300 -0.4240
vn -0.7344 0.5300 -0.4240
vn -0.4240 0.5300 -0.7344
vn -0.5000 0.0000 -0.8660
vn -0.8660 0.0000 -0.5000
vn -0.5000 0.0000 -0.8660
vn -0.0000 0.0000 -1.0000
vn -0.0000 -0.5300 -0.8480
vn -0.4240 -0.5300 -0.7344
vn -0.4240 0.5300 -0.7344
vn -0.0000 0.5300 -0.8480
vn -0.0000 0.0000 -1.0000
vn -0.5000 0.0000 -0.8660
vn -0.0000 0.0000 -1.0000
vn 0.5000 0.0000 -0.8660
vn 0.4240 -0.5300 -0.7344
vn -0.0000 -0.5300 -0.8480
vn -0.0000 0.5300 -0.8480
vn 0.4240 0.5300 -0.7344
vn 0.5000 0.0000 -0.8660
vn -0.0000 0.0000 -1.0000
vn 0.5000 0.0000 -0.8660
vn 0.8660 0.0000 -0.5000
vn 0.7344 -0.5300 -0.4240
vn 0.4240 -0.5300 -0.7344
vn 0.4240 0.5300 -0.7344
vn 0.7344 0.5300 -0.4240
vn 0.8660 0.0000 -0.5000
vn 0.5000 0.0000 -0.8660
vn 0.8660 0.0000 -0.5000
vn 1.0000 0.0000 -0.0000
vn 0.8480 -0.5300 -0.0000
vn 0.7344 -0.5300 -0.4240
vn 0.7344 0.5300 -0.4240
vn 0.8480 0.5300 -0.0000
vn 1.0000 0.0000 -0.0000
vn 0.8660 0.0000 -0.5000
vn 1.0000 0.0000 0.0000
vn 0.8660 0.0000 0.5000
vn 0.7344 -0.5300 0.4240
vn 0.8480 -0.5300 0.0000
vn 0.8480 0.5300 0.0000
vn 0.7344 0.5300 0.4240
vn 0.8660 0.0000 0.5000
vn 1.0000 0.0000 0.0000
vn 0.8660 0.0000 0.5000
vn 0.5000 0.0000 0.8660
vn 0.4240 -0.5300 0.7344
vn 0.7344 -0.5300 0.4240
vn 0.7344 0.5300 0.4240
vn 0.4240 0.5300 0.7344
vn 0.5000 0.0000 0.8660
vn 0.8660 0.0000 0.5000
vn 0.5000 0.0000 0.8660
vn 0.0000 0.0000 1.0000
vn 0.0000 -0.5300 0.8480
vn 0.4240 -0.5300 0.7344
vn 0.4240 0.5300 0.7344
vn 0.0000 0.5300 0.8480
vn 0.0000 0.0000 1.0000
vn 0.5000 0.0000 0.8660
vn 0.0000 0.0000 1.0000
vn -0.5000 0.0000 0.8660
vn -0.4240 -0.5300 0.7344
vn 0.0000 -0.5300 0.8480
vn 0.0000 0.5300 0.8480
vn -0.4240 0.5300 0.7344
vn -0.5000 0.0000 0.8660
vn 0.0000 0.0000 1.0000
vn -0.5000 0.0000 0.8660
vn -0.8660 0.0000 0.5000
vn -0.7344 -0.5300 0.4240
vn -0.4240 -0.5300 0.7344
vn -0.4240 0.5300 0.7344
vn -0.7344 0.5300 0.4240
vn -0.8660 0.0000 0.5000
vn -0.5000 0.0000 0.8660
vn -0.8660 0.0000 0.5000
vn -1.0000 0.0000 0.0000
vn -0.8480 -0.5300 0.0000
vn -0.7344 -0.5300 0.4240
vn -0.7344 0.5300 0.4240
vn -0.8480 0.5300 0.0000
vn -1.0000 0.0000 0.0000
vn -0.8660 0.0000 0.5000
vn -1.0000 0.0000 0.0000
vn -0.8660 0.0000 -0.5000
vn -0.7344 -0.5300 -0.4240
vn -0.8480 -0.5300 0.0000
vn -0.8480 0.5300 0.0000
vn -0.7344 0.5300 -0.4240
vn -0.8660 0.0000 -0.5000
vn -1.0000 0.0000 0.0000
vn -0.8660 0.0000 -0.5000
vn -0.5000 0.0000 -0.8660
vn -0.4240 -0.5300 -0.7344
vn -0.7344 -0.5300 -0.4240
vn -0.7344 0.5300 -0.4240
vn -0.4240 0.5300 -0.7344
vn -0.5000 0.0000 -0.8660
vn -0.8660 0.0000 -0.5000
vn -0.5000 0.0000 -0.8660
vn -0.0000 0.0000 -1.0000
vn -0.0000 -0.5300 -0.8480
vn -0.4240 -0.5300 -0.7344
vn -0.4240 0.5300 -0.7344
vn -0.0000 0.5300 -0.8480
vn -0.0000 0.0000 -1.0000
vn -0.5000 0.0000 -0.8660
vn -0.0000 0.0000 -1.0000
vn 0.5000 0.0000 -0.8660
vn 0.4240 -0.5300 -0.7344
vn -0.0000 -0.5300 -0.8480
vn -0.0000 0.5300 -0.8480
vn 0.4240 0.5300 -0.7344
vn 0.5000 0.0000 -0.8660
vn -0.0000 0.0000 -1.0000
vn 0.5000 0.0000 -0.8660
vn 0.8660 0.0000 -0.5000
vn 0.7344 -0.5300 -0.4240
vn 0.4240 -0.5300 -0.7344
vn 0.4240 0.5300 -0.7344
vn 0.7344 0.5300 -0.4240
vn 0.8660 0.0000 -0.5000
vn 0.5000 0.0000 -0.8660
vn 0.8660 0.0000 -0.5000
vn 1.0000 0.0000 -0.0000
vn 0.8480 -0.5300 -0.0000
vn 0.7344 -0.5300 -0.4240
vn 0.7344 0.5300 -0.4240
vn 0.8480 0.5300 -0.0000
vn 1.0000 0.0000 -0.0000
vn 0.8660 0.0000 -0.5000
vn 0.9459 -0.3245 0.0000
vn 0.8522 -0.3245 0.4104
vn 0.8059 -0.4472 0.3881
vn 0.8944 -0.4472 0.0000
vn 0.9995 0.0316 0.0000
vn 0.9005 0.0316 0.4337
vn 0.8522 -0.3245 0.4104
vn 0.9459 -0.3245 0.0000
vn 0.9491 0.3151 0.0000
vn 0.8551 0.3151 0.4118
vn 0.9005 0.0316 0.4337
vn 0.9995 0.0316 0.0000
vn 0.9285 0.3714 0.0000
vn 0.8365 0.3714 0.4029
vn 0.8551 0.3151 0.4118
vn 0.9491 0.3151 0.0000
vn 0.8522 -0.3245 0.4104
vn 0.5897 -0.3245 0.7395
vn 0.5577 -0.4472 0.6993
vn 0.8059 -0.4472 0.3881
vn 0.9005 0.0316 0.4337
vn 0.6232 0.0316 0.7814
vn 0.5897 -0.3245 0.7395
vn 0.8522 -0.3245 0.4104
vn 0.8551 0.3151 0.4118
vn 0.5917 0.3151 0.7420
vn 0.6232 0.0316 0.7814
vn 0.9005 0.0316 0.4337
vn 0.8365 0.3714 0.4029
vn 0.5789 0.3714 0.7259
vn 0.5917 0.3151 0.7420
vn 0.8551 0.3151 0.4118
vn 0.5897 -0.3245 0.7395
vn 0.2105 -0.3245 0.9222
vn 0.1990 -0.4472 0.8720
vn 0.5577 -0.4472 0.6993
vn 0.6232 0.0316 0.7814
vn 0.2224 0.0316 0.9744
vn 0.2105 -0.3245 0.9222
vn 0.5897 -0.3245 0.7395
vn 0.5917 0.3151 0.7420
vn 0.2112 0.3151 0.9253
vn 0.2224 0.0316 0.9744
vn 0.6232 0.0316 0.7814
vn 0.5789 0.3714 0.7259
vn 0.2066 0.3714 0.9052
vn 0.2112 0.3151 0.9253
vn 0.5917 0.3151 0.7420
vn 0.2105 -0.3245 0.9222
vn -0.2105 -0.3245 0.9222
vn -0.1990 -0.4472 0.8720
vn 0.1990 -0.4472 0.8720
vn 0.2224 0.0316 0.9744
vn -0.2224 0.0316 0.9744
vn -0.2105 -0.3245 0.9222
vn 0.2105 -0.3245 0.9222
vn 0.2112 0.3151 0.9253
vn -0.2112 0.3151 0.9253
vn -0.2224 0.0316 0.9744
vn 0.2224 0.0316 0.9744
vn 0.2066 0.3714 0.9052
vn -0.2066 0.3714 0.9052
vn -0.2112 0.3151 0.9253
vn 0.2112 0.3151 0.9253
vn -0.2105 -0.3245 0.9222
vn -0.5897 -0.3245 0.7395
vn -0.5577 -0.4472 0.6993
vn -0.1990 -0.4472 0.8720
vn -0.2224 0.0316 0.9744
vn -0.6232 0.0316 0.7814
vn -0.5897 -0.3245 0.7395
vn -0.2105 -0.3245 0.9222
vn -0.2112 0.3151 0.9253
vn -0.5917 0.3151 0.7420
vn -0.6232 0.0316 0.7814
vn -0.2224 0.0316 0.9744
vn -0.2066 0.3714 0.9052
vn -0.5789 0.3714 0.7259
vn -0.5917 0.3151 0.7420
vn -0.2112 0.3151 0.9253
vn -0.5897 -0.3245 0.7395
vn -0.8522 -0.3245 0.4104
vn -0.8059 -0.4472 0.3881
vn -0.5577 -0.4472 0.6993
vn -0.6232 0.0316 0.7814
vn -0.9005 0.0316 0.4337
vn -0.8522 -0.3245 0.4104
vn -0.5897 -0.3245 0.7395
vn -0.5917 0.3151 0.7420
vn -0.8551 0.3151 0.4118
vn -0.9005 0.0316 0.4337
vn -0.6232 0.0316 0.7814
vn -0.5789 0.3714 0.7259
vn -0.8365 0.3714 0.4029
vn -0.8551 0.3151 0.4118
vn -0.5917 0.3151 0.7420
vn -0.8522 -0.3245 0.4104
vn -0.9459 -0.3245 0.0000
vn -0.8944 -0.4472 0.0000
vn -0.8059 -0.4472 0.3881
vn -0.9005 0.0316 0.4337
vn -0.9995 0.0316 0.0000
vn -0.9459 -0.3245 0.0000
vn -0.8522 -0.3245 0.4104
vn -0.8551 0.3151 0.4118
vn -0.9491 0.3151 0.0000
vn -0.9995 0.0316 0.0000
vn -0.9005 0.0316 0.4337
vn -0.8365 0.3714 0.4029
vn -0.9285 0.3714 0.0000
vn -0.9491 0.3151 0.0000
vn -0.8551 0.3151 0.4118
vn -0.9459 -0.3245 0.0000
vn -0.8522 -0.3245 -0.4104
vn -0.8059 -0.4472 -0.3881
vn -0.8944 -0.4472 0.0000
vn -0.9995 0.0316 0.0000
vn -0.9005 0.0316 -0.4337
vn -0.8522 -0.3245 -0.4104
vn -0.9459 -0.3245 0.0000
vn -0.9491 0.3151 0.0000
vn -0.8551 0.3151 -0.4118
vn -0.9005 0.0316 -0.4337
vn -0.9995 0.0316 0.0000
vn -0.9285 0.3714 0.0000
vn -0.8365 0.3714 -0.4029
vn -0.8551 0.3151 -0.4118
vn -0.9491 0.3151 0.0000
vn -0.8522 -0.3245 -0.4104
vn -0.5897 -0.3245 -0.7395
vn -0.5577 -0.4472 -0.6993
vn -0.8059 -0.4472 -0.3881
vn -0.9005 0.0316 -0.4337
vn -0.6232 0.0316 -0.7814
vn -0.5897 -0.3245 -0.7395
vn -0.8522 -0.3245 -0.4104
vn -0.8551 0.3151 -0.4118
vn -0.5917 0.3151 -0.7420
vn -0.6232 0.0316 -0.7814
vn -0.9005 0.0316 -0.4337
vn -0.8365 0.3714 -0.4029
vn -0.5789 0.3714 -0.7259
vn -0.5917 0.3151 -0.7420
vn -0.8551 0.3151 -0.4118
vn -0.5897 -0.3245 -0.7395
vn -0.2105 -0.3245 -0.9222
vn -0.1990 -0.4472 -0.8720
vn -0.5577 -0.4472 -0.6993
vn -0.6232 0.0316 -0.7814
vn -0.2224 0.0316 -0.9744
vn -0.2105 -0.3245 -0.9222
vn -0.5897 -0.3245 -0.7395
vn -0.5917 0.3151 -0.7420
vn -0.2112 0.3151 -0.9253
vn -0.2224 0.0316 -0.9744
vn -0.6232 0.0316 -0.7814
vn -0.5789 0.3714 -0.7259
vn -0.2066 0.3714 -0.9052
vn -0.2112 0.3151 -0.9253
vn -0.5917 0.3151 -0.7420
vn -0.2105 -0.3245 -0.9222
vn 0.2105 -0.3245 -0.9222
vn 0.1990 -0.4472 -0.8720
vn -0.1990 -0.4472 -0.8720
vn -0.2224 0.0316 -0.9744
vn 0.2224 0.0316 -0.9744
vn 0.2105 -0.3245 -0.9222
vn -0.2105 -0.3245 -0.9222
vn -0.2112 0.3151 -0.9253
vn 0.2112 0.3151 -0.9253
vn 0.2224 0.0316 -0.9744
vn -0.2224 0.0316 -0.9744
vn -0.2066 0.3714 -0.9052
vn 0.2066 0.3714 -0.9052
vn 0.2112 0.3151 -0.9253
vn -0.2112 0.3151 -0.9253
vn 0.2105 -0.3245 -0.9222
vn 0.5897 -0.3245 -0.7395
vn 0.5577 -0.4472 -0.6993
vn 0.1990 -0.4472 -0.8720
vn 0.2224 0.0316 -0.9744
vn 0.6232 0.0316 -0.7814
vn 0.5897 -0.3245 -0.7395
vn 0.2105 -0.3245 -0.9222
vn 0.2112 0.3151 -0.9253
vn 0.5917 0.3151 -0.7420
vn 0.6232 0.0316 -0.7814
vn 0.2224 0.0316 -0.9744
vn 0.2066 0.3714 -0.9052
vn 0.5789 0.3714 -0.7259
vn 0.5917 0.3151 -0.7420
vn 0.2112 0.3151 -0.9253
vn 0.5897 -0.3245 -0.7395
vn 0.8522 -0.3245 -0.4104
vn 0.8059 -0.4472 -0.3881
vn 0.5577 -0.4472 -0.6993
vn 0.6232 0.0316 -0.7814
vn 0.9005 0.0316 -0.4337
vn 0.8522 -0.3245 -0.4104
vn 0.5897 -0.3245 -0.7395
vn 0.5917 0.3151 -0.7420
vn 0.8551 0.3151 -0.4118
vn 0.9005 0.0316 -0.4337
vn 0.6232 0.0316 -0.7814
vn 0.5789 0.3714 -0.7259
vn 0.8365 0.3714 -0.4029
vn 0.8551 0.3151 -0.4118
vn 0.5917 0.3151 -0.7420
vn 0.8522 -0.3245 -0.4104
vn 0.9459 -0.3245 -0.0000
vn 0.8944 -0.4472 -0.0000
vn 0.8059 -0.4472 -0.3881
vn 0.9005 0.0316 -0.4337
vn 0.9995 0.0316 -0.0000
vn 0.9459 -0.3245 -0.0000
vn 0.8522 -0.3245 -0.4104
vn 0.8551 0.3151 -0.4118
vn 0.9491 0.3151 -0.0000
vn 0.9995 0.0316 -0.0000
vn 0.9005 0.0316 -0.4337
vn 0.8365 0.3714 -0.4029
vn 0.9285 0.3714 -0.0000
vn 0.9491 0.3151 -0.0000
vn 0.8551 0.3151 -0.4118
vn 0.9991 0.0413 0.0000
vn 0.8083 0.0413 0.5873
vn 0.8019 0.1322 0.5826
vn 0.9912 0.1322 0.0000
vn 0.9988 -0.0499 0.0000
vn 0.8080 -0.0499 0.5871
vn 0.8083 0.0413 0.5873
vn 0.9991 0.0413 0.0000
vn 0.8083 0.0413 0.5873
vn 0.3088 0.0413 0.9502
vn 0.3063 0.1322 0.9427
vn 0.8019 0.1322 0.5826
vn 0.8080 -0.0499 0.5871
vn 0.3086 -0.0499 0.9499
vn 0.3088 0.0413 0.9502
vn 0.8083 0.0413 0.5873
vn 0.3088 0.0413 0.9502
vn -0.3088 0.0413 0.9502
vn -0.3063 0.1322 0.9427
vn 0.3063 0.1322 0.9427
vn 0.3086 -0.0499 0.9499
vn -0.3086 -0.0499 0.9499
vn -0.3088 0.0413 0.9502
vn 0.3088 0.0413 0.9502
vn -0.3088 0.0413 0.9502
vn -0.8083 0.0413 0.5873
vn -0.8019 0.1322 0.5826
vn -0.3063 0.1322 0.9427
vn -0.3086 -0.0499 0.9499
vn -0.8080 -0.0499 0.5871
vn -0.8083 0.0413 0.5873
vn -0.3088 0.0413 0.9502
vn -0.8083 0.0413 0.5873
vn -0.9991 0.0413 0.0000
vn -0.9912 0.1322 0.0000
vn -0.8019 0.1322 0.5826
vn -0.8080 -0.0499 0.5871
vn -0.9988 -0.0499 0.0000
vn -0.9991 0.0413 0.0000
vn -0.8083 0.0413 0.5873
vn -0.9991 0.0413 0.0000
vn -0.8083 0.0413 -0.5873
vn -0.8019 0.1322 -0.5826
vn -0.9912 0.1322 0.0000
vn -0.9988 -0.0499 0.0000
vn -0.8080 -0.0499 -0.5871
vn -0.8083 0.0413 -0.5873
vn -0.9991 0.0413 0.0000
vn -0.8083 0.0413 -0.5873
vn -0.3088 0.0413 -0.9502
vn -0.3063 0.1322 -0.9427
vn -0.8019 0.1322 -0.5826
vn -0.8080 -0.0499 -0.5871
vn -0.3086 -0.0499 -0.9499
vn -0.3088 0.0413 -0.9502
vn -0.8083 0.0413 -0.5873
vn -0.3088 0.0413 -0.9502
vn 0.3088 0.0413 -0.9502
vn 0.3063 0.1322 -0.9427
vn -0.3063 0.1322 -0.9427
vn -0.3086 -0.0499 -0.9499
vn 0.3086 -0.0499 -0.9499
vn 0.3088 0.0413 -0.9502
vn -0.3088 0.0413 -0.9502
vn 0.3088 0.0413 -0.9502
vn 0.8083 0.0413 -0.5873
vn 0.8019 0.1322 -0.5826
vn 0.3063 0.1322 -0.9427
vn 0.3086 -0.0499 -0.9499
vn 0.8080 -0.0499 -0.5871
vn 0.8083 0.0413 -0.5873
vn 0.3088 0.0413 -0.9502
vn 0.8083 0.0413 -0.5873
vn 0.9991 0.0413 -0.0000
vn 0.9912 0.1322 -0.0000
vn 0.8019 0.1322 -0.5826
vn 0.8080 -0.0499 -0.5871
vn 0.9988 -0.0499 -0.0000
vn 0.9991 0.0413 -0.0000
vn 0.8083 0.0413 -0.5873
vn -0.8934 0.4493 0.0000
vn -0.6317 0.3177 -0.7071
vn -0.6540 0.2689 -0.7071
vn -0.9249 0.3802 0.0000
vn -0.6317 0.3177 -0.7071
vn -0.0000 0.0000 -1.0000
vn -0.0000 0.0000 -1.0000
vn -0.6540 0.2689 -0.7071
vn -0.0000 0.0000 -1.0000
vn 0.6317 -0.3177 -0.7071
vn 0.6540 -0.2689 -0.7071
vn -0.0000 0.0000 -1.0000
vn 0.6317 -0.3177 -0.7071
vn 0.8934 -0.4493 -0.0000
vn 0.9249 -0.3802 -0.0000
vn 0.6540 -0.2689 -0.7071
vn 0.8934 -0.4493 -0.0000
vn 0.6317 -0.3177 0.7071
vn 0.6540 -0.2689 0.7071
vn 0.9249 -0.3802 -0.0000
vn 0.6317 -0.3177 0.7071
vn 0.0000 -0.0000 1.0000
vn 0.0000 -0.0000 1.0000
vn 0.6540 -0.2689 0.7071
vn 0.0000 -0.0000 1.0000
vn -0.6317 0.3177 0.7071
vn -0.6540 0.2689 0.7071
vn 0.0000 -0.0000 1.0000
vn -0.6317 0.3177 0.7071
vn -0.8934 0.4493 0.0000
vn -0.9249 0.3802 0.0000
vn -0.6540 0.2689 0.7071
vn -0.9249 0.3802 0.0000
vn -0.6540 0.2689 -0.7071
vn -0.6872 0.1667 -0.7071
vn -0.9718 0.2357 0.0000
vn -0.6540 0.2689 -0.7071
vn -0.0000 0.0000 -1.0000
vn -0.0000 0.0000 -1.0000
vn -0.6872 0.1667 -0.7071
vn -0.0000 0.0000 -1.0000
vn 0.6540 -0.2689 -0.7071
vn 0.6872 -0.1667 -0.7071
vn -0.0000 0.0000 -1.0000
vn 0.6540 -0.2689 -0.7071
vn 0.9249 -0.3802 -0.0000
vn 0.9718 -0.2357 -0.0000
vn 0.6872 -0.1667 -0.7071
vn 0.9249 -0.3802 -0.0000
vn 0.6540 -0.2689 0.7071
vn 0.6872 -0.1667 0.7071
vn 0.9718 -0.2357 -0.0000
vn 0.6540 -0.2689 0.7071
vn 0.0000 -0.0000 1.0000
vn 0.0000 -0.0000 1.0000
vn 0.6872 -0.1667 0.7071
vn 0.0000 -0.0000 1.0000
vn -0.6540 0.2689 0.7071
vn -0.6872 0.1667 0.7071
vn 0.0000 -0.0000 1.0000
vn -0.6540 0.2689 0.7071
vn -0.9249 0.3802 0.0000
vn -0.9718 0.2357 0.0000
vn -0.6872 0.1667 0.7071
vn -0.9718 0.2357 0.0000
vn -0.6872 0.1667 -0.7071
vn -0.7045 0.0606 -0.7071
vn -0.9963 0.0857 0.0000
vn -0.6872 0.1667 -0.7071
vn -0.0000 0.0000 -1.0000
vn -0.0000 0.0000 -1.0000
vn -0.7045 0.0606 -0.7071
vn -0.0000 0.0000 -1.0000
vn 0.6872 -0.1667 -0.7071
vn 0.7045 -0.0606 -0.7071
vn -0.0000 0.0000 -1.0000
vn 0.6872 -0.1667 -0.7071
vn 0.9718 -0.2357 -0.0000
vn 0.9963 -0.0857 -0.0000
vn 0.7045 -0.0606 -0.7071
vn 0.9718 -0.2357 -0.0000
vn 0.6872 -0.1667 0.7071
vn 0.7045 -0.0606 0.7071
vn 0.9963 -0.0857 -0.0000
vn 0.6872 -0.1667 0.7071
vn 0.0000 -0.0000 1.0000
vn 0.0000 -0.0000 1.0000
vn 0.7045 -0.0606 0.7071
vn 0.0000 -0.0000 1.0000
vn -0.6872 0.1667 0.7071
vn -0.7045 0.0606 0.7071
vn 0.0000 -0.0000 1.0000
vn -0.6872 0.1667 0.7071
vn -0.9718 0.2357 0.0000
vn -0.9963 0.0857 0.0000
vn -0.7045 0.0606 0.7071
vn -0.9963 0.0857 0.0000
vn -0.7045 0.0606 -0.7071
vn -0.7056 -0.0469 -0.7071
vn -0.9978 -0.0663 0.0000
vn -0.7045 0.0606 -0.7071
vn -0.0000 0.0000 -1.0000
vn -0.0000 -0.0000 -1.0000
vn -0.7056 -0.0469 -0.7071
vn -0.0000 0.0000 -1.0000
vn 0.7045 -0.0606 -0.7071
vn 0.7056 0.0469 -0.7071
vn -0.0000 -0.0000 -1.0000
vn 0.7045 -0.0606 -0.7071
vn 0.9963 -0.0857 -0.0000
vn 0.9978 0.0663 -0.0000
vn 0.7056 0.0469 -0.7071
vn 0.9963 -0.0857 -0.0000
vn 0.7045 -0.0606 0.7071
vn 0.7056 0.0469 0.7071
vn 0.9978 0.0663 -0.0000
vn 0.7045 -0.0606 0.7071
vn 0.0000 -0.0000 1.0000
vn 0.0000 0.0000 1.0000
vn 0.7056 0.0469 0.7071
vn 0.0000 -0.0000 1.0000
vn -0.7045 0.0606 0.7071
vn -0.7056 -0.0469 0.7071
vn 0.0000 0.0000 1.0000
vn -0.7045 0.0606 0.7071
vn -0.9963 0.0857 0.0000
vn -0.9978 -0.0663 0.0000
vn -0.7056 -0.0469 0.7071
vn -0.9978 -0.0663 0.0000
vn -0.7056 -0.0469 -0.7071
vn -0.6903 -0.1533 -0.7071
vn -0.9762 -0.2167 0.0000
vn -0.7056 -0.0469 -0.7071
vn -0.0000 -0.0000 -1.0000
vn -0.0000 -0.0000 -1.0000
vn -0.6903 -0.1533 -0.7071
vn -0.0000 -0.0000 -1.0000
vn 0.7056 0.0469 -0.7071
vn 0.6903 0.1533 -0.7071
vn -0.0000 -0.0000 -1.0000
vn 0.7056 0.0469 -0.7071
vn 0.9978 0.0663 -0.0000
vn 0.9762 0.2167 -0.0000
vn 0.6903 0.1533 -0.7071
vn 0.9978 0.0663 -0.0000
vn 0.7056 0.0469 0.7071
vn 0.6903 0.1533 0.7071
vn 0.9762 0.2167 -0.0000
vn 0.7056 0.0469 0.7071
vn 0.0000 0.0000 1.0000
vn 0.0000 0.0000 1.0000
vn 0.6903 0.1533 0.7071
vn 0.0000 0.0000 1.0000
vn -0.7056 -0.0469 0.7071
vn -0.6903 -0.1533 0.7071
vn 0.0000 0.0000 1.0000
vn -0.7056 -0.0469 0.7071
vn -0.9978 -0.0663 0.0000
vn -0.9762 -0.2167 0.0000
vn -0.6903 -0.1533 0.7071
vn -0.9762 -0.2167 0.0000
vn -0.6903 -0.1533 -0.7071
vn -0.6591 -0.2561 -0.7071
vn -0.9321 -0.3622 0.0000
vn -0.6903 -0.1533 -0.7071
vn -0.0000 -0.0000 -1.0000
vn -0.0000 -0.0000 -1.0000
vn -0.6591 -0.2561 -0.7071
vn -0.0000 -0.0000 -1.0000
vn 0.6903 0.1533 -0.7071
vn 0.6591 0.2561 -0.7071
vn -0.0000 -0.0000 -1.0000
vn 0.6903 0.1533 -0.7071
vn 0.9762 0.2167 -0.0000
vn 0.9321 0.3622 -0.0000
vn 0.6591 0.2561 -0.7071
vn 0.9762 0.2167 -0.0000
vn 0.6903 0.1533 0.7071
vn 0.6591 0.2561 0.7071
vn 0.9321 0.3622 -0.0000
vn 0.6903 0.1533 0.7071
vn 0.0000 0.0000 1.0000
vn 0.0000 0.0000 1.0000
vn 0.6591 0.2561 0.7071
vn 0.0000 0.0000 1.0000
vn -0.6903 -0.1533 0.7071
vn -0.6591 -0.2561 0.7071
vn 0.0000 0.0000 1.0000
vn -0.6903 -0.1533 0.7071
vn -0.9762 -0.2167 0.0000
vn -0.9321 -0.3622 0.0000
vn -0.6591 -0.2561 0.7071
vn -0.9321 -0.3622 0.0000
vn -0.6591 -0.2561 -0.7071
vn -0.6127 -0.3530 -0.7071
vn -0.8665 -0.4993 0.0000
vn -0.6591 -0.2561 -0.7071
vn -0.0000 -0.0000 -1.0000
vn -0.0000 -0.0000 -1.0000
vn -0.6127 -0.3530 -0.7071
vn -0.0000 -0.0000 -1.0000
vn 0.6591 0.2561 -0.7071
vn 0.6127 0.3530 -0.7071
vn -0.0000 -0.0000 -1.0000
vn 0.6591 0.2561 -0.7071
vn 0.9321 0.3622 -0.0000
vn 0.8665 0.4993 -0.0000
vn 0.6127 0.3530 -0.7071
vn 0.9321 0.3622 -0.0000
vn 0.6591 0.2561 0.7071
vn 0.6127 0.3530 0.7071
vn 0.8665 0.4993 -0.0000
vn 0.6591 0.2561 0.7071
vn 0.0000 0.0000 1.0000
vn 0.0000 0.0000 1.0000
vn 0.6127 0.3530 0.7071
vn 0.0000 0.0000 1.0000
vn -0.6591 -0.2561 0.7071
vn -0.6127 -0.3530 0.7071
vn 0.0000 0.0000 1.0000
vn -0.6591 -0.2561 0.7071
vn -0.9321 -0.3622 0.0000
vn -0.8665 -0.4993 0.0000
vn -0.6127 -0.3530 0.7071
vn -0.8665 -0.4993 0.0000
vn -0.6127 -0.3530 -0.7071
vn -0.5521 -0.4418 -0.7071
vn -0.7808 -0.6248 0.0000
vn -0.6127 -0.3530 -0.7071
vn -0.0000 -0.0000 -1.0000
vn -0.0000 -0.0000 -1.0000
vn -0.5521 -0.4418 -0.7071
vn -0.0000 -0.0000 -1.0000
vn 0.6127 0.3530 -0.7071
vn 0.5521 0.4418 -0.7071
vn -0.0000 -0.0000 -1.0000
vn 0.6127 0.3530 -0.7071
vn 0.8665 0.4993 -0.0000
vn 0.7808 0.6248 -0.0000
vn 0.5521 0.4418 -0.7071
vn 0.8665 0.4993 -0.0000
vn 0.6127 0.3530 0.7071
vn 0.5521 0.4418 0.7071
vn 0.7808 0.6248 -0.0000
vn 0.6127 0.3530 0.7071
vn 0.0000 0.0000 1.0000
vn 0.0000 0.0000 1.0000
vn 0.5521 0.4418 0.7071
vn 0.0000 0.0000 1.0000
vn -0.6127 -0.3530 0.7071
vn -0.5521 -0.4418 0.7071
vn 0.0000 0.0000 1.0000
vn -0.6127 -0.3530 0.7071
vn -0.8665 -0.4993 0.0000
vn -0.7808 -0.6248 0.0000
vn -0.5521 -0.4418 0.7071
vn -0.7808 -0.6248 0.0000
vn -0.5521 -0.4418 -0.7071
vn -0.4788 -0.5204 -0.7071
vn -0.6771 -0.7359 0.0000
vn -0.5521 -0.4418 -0.7071
vn -0.0000 -0.0000 -1.0000
vn -0.0000 -0.0000 -1.0000
vn -0.4788 -0.5204 -0.7071
vn -0.0000 -0.0000 -1.0000
vn 0.5521 0.4418 -0.7071
vn 0.4788 0.5204 -0.7071
vn -0.0000 -0.0000 -1.0000
vn 0.5521 0.4418 -0.7071
vn 0.7808 0.6248 -0.0000
vn 0.6771 0.7359 -0.0000
vn 0.4788 0.5204 -0.7071
vn 0.7808 0.6248 -0.0000
vn 0.5521 0.4418 0.7071
vn 0.4788 0.5204 0.7071
vn 0.6771 0.7359 -0.0000
vn 0.5521 0.4418 0.7071
vn 0.0000 0.0000 1.0000
vn 0.0000 0.0000 1.0000
vn 0.4788 0.5204 0.7071
vn 0.0000 0.0000 1.0000
vn -0.5521 -0.4418 0.7071
vn -0.4788 -0.5204 0.7071
vn 0.0000 0.0000 1.0000
vn -0.5521 -0.4418 0.7071
vn -0.7808 -0.6248 0.0000
vn -0.6771 -0.7359 0.0000
vn -0.4788 -0.5204 0.7071
vn -0.6771 -0.7359 0.0000
vn -0.4788 -0.5204 -0.7071
vn -0.3944 -0.5869 -0.7071
vn -0.5577 -0.8300 0.0000
vn -0.4788 -0.5204 -0.7071
vn -0.0000 -0.0000 -1.0000
vn -0.0000 -0.0000 -1.0000
vn -0.3944 -0.5869 -0.7071
vn -0.0000 -0.0000 -1.0000
vn 0.4788 0.5204 -0.7071
vn 0.3944 0.5869 -0.7071
vn -0.0000 -0.0000 -1.0000
vn 0.4788 0.5204 -0.7071
vn 0.6771 0.7359 -0.0000
vn 0.5577 0.8300 -0.0000
vn 0.3944 0.5869 -0.7071
vn 0.6771 0.7359 -0.0000
vn 0.4788 0.5204 0.7071
vn 0.3944 0.5869 0.7071
vn 0.5577 0.8300 -0.0000
vn 0.4788 0.5204 0.7071
vn 0.0000 0.0000 1.0000
vn 0.0000 0.0000 1.0000
vn 0.3944 0.5869 0.7071
vn 0.0000 0.0000 1.0000
vn -0.4788 -0.5204 0.7071
vn -0.3944 -0.5869 0.7071
vn 0.0000 0.0000 1.0000
vn -0.4788 -0.5204 0.7071
vn -0.6771 -0.7359 0.0000
vn -0.5577 -0.8300 0.0000
vn -0.3944 -0.5869 0.7071
vn -0.5577 -0.8300 0.0000
vn -0.3944 -0.5869 -0.7071
vn -0.3009 -0.6399 -0.7071
vn -0.4255 -0.9050 0.0000
vn -0.3944 -0.5869 -0.7071
vn -0.0000 -0.0000 -1.0000
vn -0.0000 -0.0000 -1.0000
vn -0.3009 -0.6399 -0.7071
vn -0.0000 -0.0000 -1.0000
vn 0.3944 0.5869 -0.7071
vn 0.3009 0.6399 -0.7071
vn -0.0000 -0.0000 -1.0000
vn 0.3944 0.5869 -0.7071
vn 0.5577 0.8300 -0.0000
vn 0.4255 0.9050 -0.0000
vn 0.3009 0.6399 -0.7071
vn 0.5577 0.8300 -0.0000
vn 0.3944 0.5869 0.7071
vn 0.3009 0.6399 0.7071
vn 0.4255 0.9050 -0.0000
vn 0.3944 0.5869 0.7071
vn 0.0000 0.0000 1.0000
vn 0.0000 0.0000 1.0000
vn 0.3009 0.6399 0.7071
vn 0.0000 0.0000 1.0000
vn -0.3944 -0.5869 0.7071
vn -0.3009 -0.6399 0.7071
vn 0.0000 0.0000 1.0000
vn -0.3944 -0.5869 0.7071
vn -0.5577 -0.8300 0.0000
vn -0.4255 -0.9050 0.0000
vn -0.3009 -0.6399 0.7071
vn -0.4255 -0.9050 0.0000
vn -0.3009 -0.6399 -0.7071
vn -0.2004 -0.6781 -0.7071
vn -0.2834 -0.9590 0.0000
vn -0.3009 -0.6399 -0.7071
vn -0.0000 -0.0000 -1.0000
vn -0.0000 -0.0000 -1.0000
vn -0.2004 -0.6781 -0.7071
vn -0.0000 -0.0000 -1.0000
vn 0.3009 0.6399 -0.7071
vn 0.2004 0.6781 -0.7071
vn -0.0000 -0.0000 -1.0000
vn 0.3009 0.6399 -0.7071
vn 0.4255 0.9050 -0.0000
vn 0.2834 0.9590 -0.0000
vn 0.2004 0.6781 -0.7071
vn 0.4255 0.9050 -0.0000
vn 0.3009 0.6399 0.7071
vn 0.2004 0.6781 0.7071
vn 0.2834 0.9590 -0.0000
vn 0.3009 0.6399 0.7071
vn 0.0000 0.0000 1.0000
vn 0.0000 0.0000 1.0000
vn 0.2004 0.6781 0.7071
vn 0.0000 0.0000 1.0000
vn -0.3009 -0.6399 0.7071
vn -0.2004 -0.6781 0.7071
vn 0.0000 0.0000 1.0000
vn -0.3009 -0.6399 0.7071
vn -0.4255 -0.9050 0.0000
vn -0.2834 -0.9590 0.0000
vn -0.2004 -0.6781 0.7071
vn -0.2834 -0.9590 0.0000
vn -0.2004 -0.6781 -0.7071
vn -0.0953 -0.7007 -0.7071
vn -0.1348 -0.9909 0.0000
vn -0.2004 -0.6781 -0.7071
vn -0.0000 -0.0000 -1.0000
vn -0.0000 -0.0000 -1.0000
vn -0.0953 -0.7007 -0.7071
vn -0.0000 -0.0000 -1.0000
vn 0.2004 0.6781 -0.7071
vn 0.0953 0.7007 -0.7071
vn -0.0000 -0.0000 -1.0000
vn 0.2004 0.6781 -0.7071
vn 0.2834 0.9590 -0.0000
vn 0.1348 0.9909 -0.0000
vn 0.0953 0.7007 -0.7071
vn 0.2834 0.9590 -0.0000
vn 0.2004 0.6781 0.7071
vn 0.0953 0.7007 0.7071
vn 0.1348 0.9909 -0.0000
vn 0.2004 0.6781 0.7071
vn 0.0000 0.0000 1.0000
vn 0.0000 0.0000 1.0000
vn 0.0953 0.7007 0.7071
vn 0.0000 0.0000 1.0000
vn -0.2004 -0.6781 0.7071
vn -0.0953 -0.7007 0.7071
vn 0.0000 0.0000 1.0000
vn -0.2004 -0.6781 0.7071
vn -0.2834 -0.9590 0.0000
vn -0.1348 -0.9909 0.0000
vn -0.0953 -0.7007 0.7071
vn -0.1348 -0.9909 0.0000
vn -0.0953 -0.7007 -0.7071
vn 0.0119 -0.7070 -0.7071
vn 0.0169 -0.9999 0.0000
vn -0.0953 -0.7007 -0.7071
vn -0.0000 -0.0000 -1.0000
vn 0.0000 -0.0000 -1.0000
vn 0.0119 -0.7070 -0.7071
vn -0.0000 -0.0000 -1.0000
vn 0.0953 0.7007 -0.7071
vn -0.0119 0.7070 -0.7071
vn 0.0000 -0.0000 -1.0000
vn 0.0953 0.7007 -0.7071
vn 0.1348 0.9909 -0.0000
vn -0.0169 0.9999 -0.0000
vn -0.0119 0.7070 -0.7071
vn 0.1348 0.9909 -0.0000
vn 0.0953 0.7007 0.7071
vn -0.0119 0.7070 0.7071
vn -0.0169 0.9999 -0.0000
vn 0.0953 0.7007 0.7071
vn 0.0000 0.0000 1.0000
vn -0.0000 0.0000 1.0000
vn -0.0119 0.7070 0.7071
vn 0.0000 0.0000 1.0000
vn -0.0953 -0.7007 0.7071
vn 0.0119 -0.7070 0.7071
vn -0.0000 0.0000 1.0000
vn -0.0953 -0.7007 0.7071
vn -0.1348 -0.9909 0.0000
vn 0.0169 -0.9999 0.0000
vn 0.0119 -0.7070 0.7071
vn 0.0169 -0.9999 0.0000
vn 0.0119 -0.7070 -0.7071
vn 0.1190 -0.6970 -0.7071
vn 0.1682 -0.9857 0.0000
vn 0.0119 -0.7070 -0.7071
vn 0.0000 -0.0000 -1.0000
vn 0.0000 -0.0000 -1.0000
vn 0.1190 -0.6970 -0.7071
vn 0.0000 -0.0000 -1.0000
vn -0.0119 0.7070 -0.7071
vn -0.1190 0.6970 -0.7071
vn 0.0000 -0.0000 -1.0000
vn -0.0119 0.7070 -0.7071
vn -0.0169 0.9999 -0.0000
vn -0.1682 0.9857 -0.0000
vn -0.1190 0.6970 -0.7071
vn -0.0169 0.9999 -0.0000
vn -0.0119 0.7070 0.7071
vn -0.1190 0.6970 0.7071
vn -0.1682 0.9857 -0.0000
vn -0.0119 0.7070 0.7071
vn -0.0000 0.0000 1.0000
vn -0.0000 0.0000 1.0000
vn -0.1190 0.6970 0.7071
vn -0.0000 0.0000 1.0000
vn 0.0119 -0.7070 0.7071
vn 0.1190 -0.6970 0.7071
vn -0.0000 0.0000 1.0000
vn 0.0119 -0.7070 0.7071
vn 0.0169 -0.9999 0.0000
vn 0.1682 -0.9857 0.0000
vn 0.1190 -0.6970 0.7071
vn 0.1682 -0.9857 0.0000
vn 0.1190 -0.6970 -0.7071
vn 0.2232 -0.6709 -0.7071
vn 0.3157 -0.9489 0.0000
vn 0.1190 -0.6970 -0.7071
vn 0.0000 -0.0000 -1.0000
vn 0.0000 -0.0000 -1.0000
vn 0.2232 -0.6709 -0.7071
vn 0.0000 -0.0000 -1.0000
vn -0.1190 0.6970 -0.7071
vn -0.2232 0.6709 -0.7071
vn 0.0000 -0.0000 -1.0000
vn -0.1190 0.6970 -0.7071
vn -0.1682 0.9857 -0.0000
vn -0.3157 0.9489 -0.0000
vn -0.2232 0.6709 -0.7071
vn -0.1682 0.9857 -0.0000
vn -0.1190 0.6970 0.7071
vn -0.2232 0.6709 0.7071
vn -0.3157 0.9489 -0.0000
vn -0.1190 0.6970 0.7071
vn -0.0000 0.0000 1.0000
vn -0.0000 0.0000 1.0000
vn -0.2232 0.6709 0.7071
vn -0.0000 0.0000 1.0000
vn 0.1190 -0.6970 0.7071
vn 0.2232 -0.6709 0.7071
vn -0.0000 0.0000 1.0000
vn 0.1190 -0.6970 0.7071
vn 0.1682 -0.9857 0.0000
vn 0.3157 -0.9489 0.0000
vn 0.2232 -0.6709 0.7071
vn 0.3157 -0.9489 0.0000
vn 0.2232 -0.6709 -0.7071
vn 0.3223 -0.6294 -0.7071
vn 0.4558 -0.8901 0.0000
vn 0.2232 -0.6709 -0.7071
vn 0.0000 -0.0000 -1.0000
vn 0.0000 -0.0000 -1.0000
vn 0.3223 -0.6294 -0.7071
vn 0.0000 -0.0000 -1.0000
vn -0.2232 0.6709 -0.7071
vn -0.3223 0.6294 -0.7071
vn 0.0000 -0.0000 -1.0000
vn -0.2232 0.6709 -0.7071
vn -0.3157 0.9489 -0.0000
vn -0.4558 0.8901 -0.0000
vn -0.3223 0.6294 -0.7071
vn -0.3157 0.9489 -0.0000
vn -0.2232 0.6709 0.7071
vn -0.3223 0.6294 0.7071
vn -0.4558 0.8901 -0.0000
vn -0.2232 0.6709 0.7071
vn -0.0000 0.0000 1.0000
vn -0.0000 0.0000 1.0000
vn -0.3223 0.6294 0.7071
vn -0.0000 0.0000 1.0000
vn 0.2232 -0.6709 0.7071
vn 0.3223 -0.6294 0.7071
vn -0.0000 0.0000 1.0000
vn 0.2232 -0.6709 0.7071
vn 0.3157 -0.9489 0.0000
vn 0.4558 -0.8901 0.0000
vn 0.3223 -0.6294 0.7071
vn 0.4558 -0.8901 0.0000
vn 0.3223 -0.6294 -0.7071
vn 0.4140 -0.5733 -0.7071
vn 0.5855 -0.8107 0.0000
vn 0.3223 -0.6294 -0.7071
vn 0.0000 -0.0000 -1.0000
vn 0.0000 -0.0000 -1.0000
vn 0.4140 -0.5733 -0.7071
vn 0.0000 -0.0000 -1.0000
vn -0.3223 0.6294 -0.7071
vn -0.4140 0.5733 -0.7071
vn 0.0000 -0.0000 -1.0000
vn -0.3223 0.6294 -0.7071
vn -0.4558 0.8901 -0.0000
vn -0.5855 0.8107 -0.0000
vn -0.4140 0.5733 -0.7071
vn -0.4558 0.8901 -0.0000
vn -0.3223 0.6294 0.7071
vn -0.4140 0.5733 0.7071
vn -0.5855 0.8107 -0.0000
vn -0.3223 0.6294 0.7071
vn -0.0000 0.0000 1.0000
vn -0.0000 0.0000 1.0000
vn -0.4140 0.5733 0.7071
vn -0.0000 0.0000 1.0000
vn 0.3223 -0.6294 0.7071
vn 0.4140 -0.5733 0.7071
vn -0.0000 0.0000 1.0000
vn 0.3223 -0.6294 0.7071
vn 0.4558 -0.8901 0.0000
vn 0.5855 -0.8107 0.0000
vn 0.4140 -0.5733 0.7071
vn 0.5855 -0.8107 0.0000
vn 0.4140 -0.5733 -0.7071
vn 0.4961 -0.5039 -0.7071
vn 0.7016 -0.7126 0.0000
vn 0.4140 -0.5733 -0.7071
vn 0.0000 -0.0000 -1.0000
vn 0.0000 -0.0000 -1.0000
vn 0.4961 -0.5039 -0.7071
vn 0.0000 -0.0000 -1.0000
vn -0.4140 0.5733 -0.7071
vn -0.4961 0.5039 -0.7071
vn 0.0000 -0.0000 -1.0000
vn -0.4140 0.5733 -0.7071
vn -0.5855 0.8107 -0.0000
vn -0.7016 0.7126 -0.0000
vn -0.4961 0.5039 -0.7071
vn -0.5855 0.8107 -0.0000
vn -0.4140 0.5733 0.7071
vn -0.4961 0.5039 0.7071
vn -0.7016 0.7126 -0.0000
vn -0.4140 0.5733 0.7071
vn -0.0000 0.0000 1.0000
vn -0.0000 0.0000 1.0000
vn -0.4961 0.5039 0.7071
vn -0.0000 0.0000 1.0000
vn 0.4140 -0.5733 0.7071
vn 0.4961 -0.5039 0.7071
vn -0.0000 0.0000 1.0000
vn 0.4140 -0.5733 0.7071
vn 0.5855 -0.8107 0.0000
vn 0.7016 -0.7126 0.0000
vn 0.4961 -0.5039 0.7071
vn 0.7016 -0.7126 0.0000
vn 0.4961 -0.5039 -0.7071
vn 0.5667 -0.4229 -0.7071
vn 0.8015 -0.5981 0.0000
vn 0.4961 -0.5039 -0.7071
vn 0.0000 -0.0000 -1.0000
vn 0.0000 -0.0000 -1.0000
vn 0.5667 -0.4229 -0.7071
vn 0.0000 -0.0000 -1.0000
vn -0.4961 0.5039 -0.7071
vn -0.5667 0.4229 -0.7071
vn 0.0000 -0.0000 -1.0000
vn -0.4961 0.5039 -0.7071
vn -0.7016 0.7126 -0.0000
vn -0.8015 0.5981 -0.0000
vn -0.5667 0.4229 -0.7071
vn -0.7016 0.7126 -0.0000
vn -0.4961 0.5039 0.7071
vn -0.5667 0.4229 0.7071
vn -0.8015 0.5981 -0.0000
vn -0.4961 0.5039 0.7071
vn -0.0000 0.0000 1.0000
vn -0.0000 0.0000 1.0000
vn -0.5667 0.4229 0.7071
vn -0.0000 0.0000 1.0000
vn 0.4961 -0.5039 0.7071
vn 0.5667 -0.4229 0.7071
vn -0.0000 0.0000 1.0000
vn 0.4961 -0.5039 0.7071
vn 0.7016 -0.7126 0.0000
vn 0.8015 -0.5981 0.0000
vn 0.5667 -0.4229 0.7071
vn 0.8015 -0.5981 0.0000
vn 0.5667 -0.4229 -0.7071
vn 0.6243 -0.3321 -0.7071
vn 0.8828 -0.4697 0.0000
vn 0.5667 -0.4229 -0.7071
vn 0.0000 -0.0000 -1.0000
vn 0.0000 -0.0000 -1.0000
vn 0.6243 -0.3321 -0.7071
vn 0.0000 -0.0000 -1.0000
vn -0.5667 0.4229 -0.7071
vn -0.6243 0.3321 -0.7071
vn 0.0000 -0.0000 -1.0000
vn -0.5667 0.4229 -0.7071
vn -0.8015 0.5981 -0.0000
vn -0.8828 0.4697 -0.0000
vn -0.6243 0.3321 -0.7071
vn -0.8015 0.5981 -0.0000
vn -0.5667 0.4229 0.7071
vn -0.6243 0.3321 0.7071
vn -0.8828 0.4697 -0.0000
vn -0.5667 0.4229 0.7071
vn -0.0000 0.0000 1.0000
vn -0.0000 0.0000 1.0000
vn -0.6243 0.3321 0.7071
vn -0.0000 0.0000 1.0000
vn 0.5667 -0.4229 0.7071
vn 0.6243 -0.3321 0.7071
vn -0.0000 0.0000 1.0000
vn 0.5667 -0.4229 0.7071
vn 0.8015 -0.5981 0.0000
vn 0.8828 -0.4697 0.0000
vn 0.6243 -0.3321 0.7071
vn 0.8828 -0.4697 0.0000
vn 0.6243 -0.3321 -0.7071
vn 0.6674 -0.2337 -0.7071
vn 0.9438 -0.3305 0.0000
vn 0.6243 -0.3321 -0.7071
vn 0.0000 -0.0000 -1.0000
vn 0.0000 -0.0000 -1.0000
vn 0.6674 -0.2337 -0.7071
vn 0.0000 -0.0000 -1.0000
vn -0.6243 0.3321 -0.7071
vn -0.6674 0.2337 -0.7071
vn 0.0000 -0.0000 -1.0000
vn -0.6243 0.3321 -0.7071
vn -0.8828 0.4697 -0.0000
vn -0.9438 0.3305 -0.0000
vn -0.6674 0.2337 -0.7071
vn -0.8828 0.4697 -0.0000
vn -0.6243 0.3321 0.7071
vn -0.6674 0.2337 0.7071
vn -0.9438 0.3305 -0.0000
vn -0.6243 0.3321 0.7071
vn -0.0000 0.0000 1.0000
vn -0.0000 0.0000 1.0000
vn -0.6674 0.2337 0.7071
vn -0.0000 0.0000 1.0000
vn 0.6243 -0.3321 0.7071
vn 0.6674 -0.2337 0.7071
vn -0.0000 0.0000 1.0000
vn 0.6243 -0.3321 0.7071
vn 0.8828 -0.4697 0.0000
vn 0.9438 -0.3305 0.0000
vn 0.6674 -0.2337 0.7071
vn 0.9438 -0.3305 0.0000
vn 0.6674 -0.2337 -0.7071
vn 0.6951 -0.1298 -0.7071
vn 0.9830 -0.1836 0.0000
vn 0.6674 -0.2337 -0.7071
vn 0.0000 -0.0000 -1.0000
vn 0.0000 -0.0000 -1.0000
vn 0.6951 -0.1298 -0.7071
vn 0.0000 -0.0000 -1.0000
vn -0.6674 0.2337 -0.7071
vn -0.6951 0.1298 -0.7071
vn 0.0000 -0.0000 -1.0000
vn -0.6674 0.2337 -0.7071
vn -0.9438 0.3305 -0.0000
vn -0.9830 0.1836 -0.0000
vn -0.6951 0.1298 -0.7071
vn -0.9438 0.3305 -0.0000
vn -0.6674 0.2337 0.7071
vn -0.6951 0.1298 0.7071
vn -0.9830 0.1836 -0.0000
vn -0.6674 0.2337 0.7071
vn -0.0000 0.0000 1.0000
vn -0.0000 0.0000 1.0000
vn -0.6951 0.1298 0.7071
vn -0.0000 0.0000 1.0000
vn 0.6674 -0.2337 0.7071
vn 0.6951 -0.1298 0.7071
vn -0.0000 0.0000 1.0000
vn 0.6674 -0.2337 0.7071
vn 0.9438 -0.3305 0.0000
vn 0.9830 -0.1836 0.0000
vn 0.6951 -0.1298 0.7071
vn 0.9830 -0.1836 0.0000
vn 0.6951 -0.1298 -0.7071
vn 0.7067 -0.0230 -0.7071
vn 0.9995 -0.0325 0.0000
vn 0.6951 -0.1298 -0.7071
vn 0.0000 -0.0000 -1.0000
vn 0.0000 -0.0000 -1.0000
vn 0.7067 -0.0230 -0.7071
vn 0.0000 -0.0000 -1.0000
vn -0.6951 0.1298 -0.7071
vn -0.7067 0.0230 -0.7071
vn 0.0000 -0.0000 -1.0000
vn -0.6951 0.1298 -0.7071
vn -0.9830 0.1836 -0.0000
vn -0.9995 0.0325 -0.0000
vn -0.7067 0.0230 -0.7071
vn -0.9830 0.1836 -0.0000
vn -0.6951 0.1298 0.7071
vn -0.7067 0.0230 0.7071
vn -0.9995 0.0325 -0.0000
vn -0.6951 0.1298 0.7071
vn -0.0000 0.0000 1.0000
vn -0.0000 0.0000 1.0000
vn -0.7067 0.0230 0.7071
vn -0.0000 0.0000 1.0000
vn 0.6951 -0.1298 0.7071
vn 0.7067 -0.0230 0.7071
vn -0.0000 0.0000 1.0000
vn 0.6951 -0.1298 0.7071
vn 0.9830 -0.1836 0.0000
vn 0.9995 -0.0325 0.0000
vn 0.7067 -0.0230 0.7071
vn 0.9995 -0.0325 0.0000
vn 0.7067 -0.0230 -0.7071
vn 0.7021 0.0844 -0.7071
vn 0.9929 0.1193 0.0000
vn 0.7067 -0.0230 -0.7071
vn 0.0000 -0.0000 -1.0000
vn 0.0000 0.0000 -1.0000
vn 0.7021 0.0844 -0.7071
vn 0.0000 -0.0000 -1.0000
vn -0.7067 0.0230 -0.7071
vn -0.7021 -0.0844 -0.7071
vn 0.0000 0.0000 -1.0000
vn -0.7067 0.0230 -0.7071
vn -0.9995 0.0325 -0.0000
vn -0.9929 -0.1193 -0.0000
vn -0.7021 -0.0844 -0.7071
vn -0.9995 0.0325 -0.0000
vn -0.7067 0.0230 0.7071
vn -0.7021 -0.0844 0.7071
vn -0.9929 -0.1193 -0.0000
vn -0.7067 0.0230 0.7071
vn -0.0000 0.0000 1.0000
vn -0.0000 -0.0000 1.0000
vn -0.7021 -0.0844 0.7071
vn -0.0000 0.0000 1.0000
vn 0.7067 -0.0230 0.7071
vn 0.7021 0.0844 0.7071
vn -0.0000 -0.0000 1.0000
vn 0.7067 -0.0230 0.7071
vn 0.9995 -0.0325 0.0000
vn 0.9929 0.1193 0.0000
vn 0.7021 0.0844 0.7071
vn 0.9929 0.1193 0.0000
vn 0.7021 0.0844 -0.7071
vn 0.6812 0.1898 -0.7071
vn 0.9633 0.2684 0.0000
vn 0.7021 0.0844 -0.7071
vn 0.0000 0.0000 -1.0000
vn 0.0000 0.0000 -1.0000
vn 0.6812 0.1898 -0.7071
vn 0.0000 0.0000 -1.0000
vn -0.7021 -0.0844 -0.7071
vn -0.6812 -0.1898 -0.7071
vn 0.0000 0.0000 -1.0000
vn -0.7021 -0.0844 -0.7071
vn -0.9929 -0.1193 -0.0000
vn -0.9633 -0.2684 -0.0000
vn -0.6812 -0.1898 -0.7071
vn -0.9929 -0.1193 -0.0000
vn -0.7021 -0.0844 0.7071
vn -0.6812 -0.1898 0.7071
vn -0.9633 -0.2684 -0.0000
vn -0.7021 -0.0844 0.7071
vn -0.0000 -0.0000 1.0000
vn -0.0000 -0.0000 1.0000
vn -0.6812 -0.1898 0.7071
vn -0.0000 -0.0000 1.0000
vn 0.7021 0.0844 0.7071
vn 0.6812 0.1898 0.7071
vn -0.0000 -0.0000 1.0000
vn 0.7021 0.0844 0.7071
vn 0.9929 0.1193 0.0000
vn 0.9633 0.2684 0.0000
vn 0.6812 0.1898 0.7071
vn 0.9633 0.2684 0.0000
vn 0.6812 0.1898 -0.7071
vn 0.6445 0.2908 -0.7071
vn 0.9115 0.4113 0.0000
vn 0.6812 0.1898 -0.7071
vn 0.0000 0.0000 -1.0000
vn 0.0000 0.0000 -1.0000
vn 0.6445 0.2908 -0.7071
vn 0.0000 0.0000 -1.0000
vn -0.6812 -0.1898 -0.7071
vn -0.6445 -0.2908 -0.7071
vn 0.0000 0.0000 -1.0000
vn -0.6812 -0.1898 -0.7071
vn -0.9633 -0.2684 -0.0000
vn -0.9115 -0.4113 -0.0000
vn -0.6445 -0.2908 -0.7071
vn -0.9633 -0.2684 -0.0000
vn -0.6812 -0.1898 0.7071
vn -0.6445 -0.2908 0.7071
vn -0.9115 -0.4113 -0.0000
vn -0.6812 -0.1898 0.7071
vn -0.0000 -0.0000 1.0000
vn -0.0000 -0.0000 1.0000
vn -0.6445 -0.2908 0.7071
vn -0.0000 -0.0000 1.0000
vn 0.6812 0.1898 0.7071
vn 0.6445 0.2908 0.7071
vn -0.0000 -0.0000 1.0000
vn 0.6812 0.1898 0.7071
vn 0.9633 0.2684 0.0000
vn 0.9115 0.4113 0.0000
vn 0.6445 0.2908 0.7071
vn 0.9115 0.4113 0.0000
vn 0.6445 0.2908 -0.7071
vn 0.6205 0.3391 -0.7071
vn 0.8775 0.4795 0.0000
vn 0.6445 0.2908 -0.7071
vn 0.0000 0.0000 -1.0000
vn 0.0000 0.0000 -1.0000
vn 0.6205 0.3391 -0.7071
vn 0.0000 0.0000 -1.0000
vn -0.6445 -0.2908 -0.7071
vn -0.6205 -0.3391 -0.7071
vn 0.0000 0.0000 -1.0000
vn -0.6445 -0.2908 -0.7071
vn -0.9115 -0.4113 -0.0000
vn -0.8775 -0.4795 -0.0000
vn -0.6205 -0.3391 -0.7071
vn -0.9115 -0.4113 -0.0000
vn -0.6445 -0.2908 0.7071
vn -0.6205 -0.3391 0.7071
vn -0.8775 -0.4795 -0.0000
vn -0.6445 -0.2908 0.7071
vn -0.0000 -0.0000 1.0000
vn -0.0000 -0.0000 1.0000
vn -0.6205 -0.3391 0.7071
vn -0.0000 -0.0000 1.0000
vn 0.6445 0.2908 0.7071
vn 0.6205 0.3391 0.7071
vn -0.0000 -0.0000 1.0000
vn 0.6445 0.2908 0.7071
vn 0.9115 0.4113 0.0000
vn 0.8775 0.4795 0.0000
vn 0.6205 0.3391 0.7071
vn 0.4493 0.8934 0.0000
vn 0.4493 0.8934 0.0000
vn 0.4493 0.8934 0.0000
vn 0.4493 0.8934 0.0000
vn 0.4493 0.8934 0.0000
vn 0.4493 0.8934 0.0000
vn 0.4493 0.8934 0.0000
vn 0.4493 0.8934 0.0000
vn -0.4795 0.8775 0.0000
vn -0.4795 0.8775 0.0000
vn -0.4795 0.8775 0.0000
vn -0.4795 0.8775 0.0000
vn -0.4795 0.8775 0.0000
vn -0.4795 0.8775 0.0000
vn -0.4795 0.8775 0.0000
vn -0.4795 0.8775 0.0000
vn 0.5000 -0.8660 0.0000
vn 0.3536 -0.8660 0.3536
vn 0.2588 -0.9659 0.0000
vn 0.8660 -0.5000 0.0000
vn 0.6124 -0.5000 0.6124
vn 0.3536 -0.8660 0.3536
vn 0.5000 -0.8660 0.0000
vn 1.0000 0.0000 0.0000
vn 0.7071 0.0000 0.7071
vn 0.6124 -0.5000 0.6124
vn 0.8660 -0.5000 0.0000
vn 0.8660 0.5000 0.0000
vn 0.6124 0.5000 0.6124
vn 0.7071 0.0000 0.7071
vn 1.0000 0.0000 0.0000
vn 0.5000 0.8660 0.0000
vn 0.3536 0.8660 0.3536
vn 0.6124 0.5000 0.6124
vn 0.8660 0.5000 0.0000
vn 0.1830 0.9659 0.1830
vn 0.3536 0.8660 0.3536
vn 0.5000 0.8660 0.0000
vn 0.3536 -0.8660 0.3536
vn 0.0000 -0.8660 0.5000
vn 0.1830 -0.9659 0.1830
vn 0.6124 -0.5000 0.6124
vn 0.0000 -0.5000 0.8660
vn 0.0000 -0.8660 0.5000
vn 0.3536 -0.8660 0.3536
vn 0.7071 0.0000 0.7071
vn 0.0000 0.0000 1.0000
vn 0.0000 -0.5000 0.8660
vn 0.6124 -0.5000 0.6124
vn 0.6124 0.5000 0.6124
vn 0.0000 0.5000 0.8660
vn 0.0000 0.0000 1.0000
vn 0.7071 0.0000 0.7071
vn 0.3536 0.8660 0.3536
vn 0.0000 0.8660 0.5000
vn 0.0000 0.5000 0.8660
vn 0.6124 0.5000 0.6124
vn 0.0000 0.9659 0.2588
vn 0.0000 0.8660 0.5000
vn 0.3536 0.8660 0.3536
vn 0.0000 -0.8660 0.5000
vn -0.3536 -0.8660 0.3536
vn 0.0000 -0.9659 0.2588
vn 0.0000 -0.5000 0.8660
vn -0.6124 -0.5000 0.6124
vn -0.3536 -0.8660 0.3536
vn 0.0000 -0.8660 0.5000
vn 0.0000 0.0000 1.0000
vn -0.7071 0.0000 0.7071
vn -0.6124 -0.5000 0.6124
vn 0.0000 -0.5000 0.8660
vn 0.0000 0.5000 0.8660
vn -0.6124 0.5000 0.6124
vn -0.7071 0.0000 0.7071
vn 0.0000 0.0000 1.0000
vn 0.0000 0.8660 0.5000
vn -0.3536 0.8660 0.3536
vn -0.6124 0.5000 0.6124
vn 0.0000 0.5000 0.8660
vn -0.1830 0.9659 0.1830
vn -0.3536 0.8660 0.3536
vn 0.0000 0.8660 0.5000
vn -0.3536 -0.8660 0.3536
vn -0.5000 -0.8660 0.0000
vn -0.1830 -0.9659 0.1830
vn -0.6124 -0.5000 0.6124
vn -0.8660 -0.5000 0.0000
vn -0.5000 -0.8660 0.0000
vn -0.3536 -0.8660 0.3536
vn -0.7071 0.0000 0.7071
vn -1.0000 0.0000 0.0000
vn -0.8660 -0.5000 0.0000
vn -0.6124 -0.5000 0.6124
vn -0.6124 0.5000 0.6124
vn -0.8660 0.5000 0.0000
vn -1.0000 0.0000 0.0000
vn -0.7071 0.0000 0.7071
vn -0.3536 0.8660 0.3536
vn -0.5000 0.8660 0.0000
vn -0.8660 0.5000 0.0000
vn -0.6124 0.5000 0.6124
vn -0.2588 0.9659 0.0000
vn -0.5000 0.8660 0.0000
vn -0.3536 0.8660 0.3536
vn -0.5000 -0.8660 0.0000
vn -0.3536 -0.8660 -0.3536
vn -0.2588 -0.9659 0.0000
vn -0.8660 -0.5000 0.0000
vn -0.6124 -0.5000 -0.6124
vn -0.3536 -0.8660 -0.3536
vn -0.5000 -0.8660 0.0000
vn -1.0000 0.0000 0.0000
vn -0.7071 0.0000 -0.7071
vn -0.6124 -0.5000 -0.6124
vn -0.8660 -0.5000 0.0000
vn -0.8660 0.5000 0.0000
vn -0.6124 0.5000 -0.6124
vn -0.7071 0.0000 -0.7071
vn -1.0000 0.0000 0.0000
vn -0.5000 0.8660 0.0000
vn -0.3536 0.8660 -0.3536
vn -0.6124 0.5000 -0.6124
vn -0.8660 0.5000 0.0000
vn -0.1830 0.9659 -0.1830
vn -0.3536 0.8660 -0.3536
vn -0.5000 0.8660 0.0000
vn -0.3536 -0.8660 -0.3536
vn -0.0000 -0.8660 -0.5000
vn -0.1830 -0.9659 -0.1830
vn -0.6124 -0.5000 -0.6124
vn -0.0000 -0.5000 -0.8660
vn -0.0000 -0.8660 -0.5000
vn -0.3536 -0.8660 -0.3536
vn -0.7071 0.0000 -0.7071
vn -0.0000 0.0000 -1.0000
vn -0.0000 -0.5000 -0.8660
vn -0.6124 -0.5000 -0.6124
vn -0.6124 0.5000 -0.6124
vn -0.0000 0.5000 -0.8660
vn -0.0000 0.0000 -1.0000
vn -0.7071 0.0000 -0.7071
vn -0.3536 0.8660 -0.3536
vn -0.0000 0.8660 -0.5000
vn -0.0000 0.5000 -0.8660
vn -0.6124 0.5000 -0.6124
vn -0.0000 0.9659 -0.2588
vn -0.0000 0.8660 -0.5000
vn -0.3536 0.8660 -0.3536
vn -0.0000 -0.8660 -0.5000
vn 0.3536 -0.8660 -0.3536
vn -0.0000 -0.9659 -0.2588
vn -0.0000 -0.5000 -0.8660
vn 0.6124 -0.5000 -0.6124
vn 0.3536 -0.8660 -0.3536
vn -0.0000 -0.8660 -0.5000
vn -0.0000 0.0000 -1.0000
vn 0.7071 0.0000 -0.7071
vn 0.6124 -0.5000 -0.6124
vn -0.0000 -0.5000 -0.8660
vn -0.0000 0.5000 -0.8660
vn 0.6124 0.5000 -0.6124
vn 0.7071 0.0000 -0.7071
vn -0.0000 0.0000 -1.0000
vn -0.0000 0.8660 -0.5000
vn 0.3536 0.8660 -0.3536
vn 0.6124 0.5000 -0.6124
vn -0.0000 0.5000 -0.8660
vn 0.1830 0.9659 -0.1830
vn 0.3536 0.8660 -0.3536
vn -0.0000 0.8660 -0.5000
vn 0.3536 -0.8660 -0.3536
vn 0.5000 -0.8660 -0.0000
vn 0.1830 -0.9659 -0.1830
vn 0.6124 -0.5000 -0.6124
vn 0.8660 -0.5000 -0.0000
vn 0.5000 -0.8660 -0.0000
vn 0.3536 -0.8660 -0.3536
vn 0.7071 0.0000 -0.7071
vn 1.0000 0.0000 -0.0000
vn 0.8660 -0.5000 -0.0000
vn 0.6124 -0.5000 -0.6124
vn 0.6124 0.5000 -0.6124
vn 0.8660 0.5000 -0.0000
vn 1.0000 0.0000 -0.0000
vn 0.7071 0.0000 -0.7071
vn 0.3536 0.8660 -0.3536
vn 0.5000 0.8660 -0.0000
vn 0.8660 0.5000 -0.0000
vn 0.6124 0.5000 -0.6124
vn 0.2588 0.9659 -0.0000
vn 0.5000 0.8660 -0.0000
vn 0.3536 0.8660 -0.3536
vn 0.5000 -0.8660 0.0000
vn 0.3536 -0.8660 0.3536
vn 0.2588 -0.9659 0.0000
vn 0.8660 -0.5000 0.0000
vn 0.6124 -0.5000 0.6124
vn 0.3536 -0.8660 0.3536
vn 0.5000 -0.8660 0.0000
vn 1.0000 0.0000 0.0000
vn 0.7071 0.0000 0.7071
vn 0.6124 -0.5000 0.6124
vn 0.8660 -0.5000 0.0000
vn 0.8660 0.5000 0.0000
vn 0.6124 0.5000 0.6124
vn 0.7071 0.0000 0.7071
vn 1.0000 0.0000 0.0000
vn 0.5000 0.8660 0.0000
vn 0.3536 0.8660 0.3536
vn 0.6124 0.5000 0.6124
vn 0.8660 0.5000 0.0000
vn 0.1830 0.9659 0.1830
vn 0.3536 0.8660 0.3536
vn 0.5000 0.8660 0.0000
vn 0.3536 -0.8660 0.3536
vn 0.0000 -0.8660 0.5000
vn 0.1830 -0.9659 0.1830
vn 0.6124 -0.5000 0.6124
vn 0.0000 -0.5000 0.8660
vn 0.0000 -0.8660 0.5000
vn 0.3536 -0.8660 0.3536
vn 0.7071 0.0000 0.7071
vn 0.0000 0.0000 1.0000
vn 0.0000 -0.5000 0.8660
vn 0.6124 -0.5000 0.6124
vn 0.6124 0.5000 0.6124
vn 0.0000 0.5000 0.8660
vn 0.0000 0.0000 1.0000
vn 0.7071 0.0000 0.7071
vn 0.3536 0.8660 0.3536
vn 0.0000 0.8660 0.5000
vn 0.0000 0.5000 0.8660
vn 0.6124 0.5000 0.6124
vn 0.0000 0.9659 0.2588
vn 0.0000 0.8660 0.5000
vn 0.3536 0.8660 0.3536
vn 0.0000 -0.8660 0.5000
vn -0.3536 -0.8660 0.3536
vn 0.0000 -0.9659 0.2588
vn 0.0000 -0.5000 0.8660
vn -0.6124 -0.5000 0.6124
vn -0.3536 -0.8660 0.3536
vn 0.0000 -0.8660 0.5000
vn 0.0000 0.0000 1.0000
vn -0.7071 0.0000 0.7071
vn -0.6124 -0.5000 0.6124
vn 0.0000 -0.5000 0.8660
vn 0.0000 0.5000 0.8660
vn -0.6124 0.5000 0.6124
vn -0.7071 0.0000 0.7071
vn 0.0000 0.0000 1.0000
vn 0.0000 0.8660 0.5000
vn -0.3536 0.8660 0.3536
vn -0.6124 0.5000 0.6124
vn 0.0000 0.5000 0.8660
vn -0.1830 0.9659 0.1830
vn -0.3536 0.8660 0.3536
vn 0.0000 0.8660 0.5000
vn -0.3536 -0.8660 0.3536
vn -0.5000 -0.8660 0.0000
vn -0.1830 -0.9659 0.1830
vn -0.6124 -0.5000 0.6124
vn -0.8660 -0.5000 0.0000
vn -0.5000 -0.8660 0.0000
vn -0.3536 -0.8660 0.3536
vn -0.7071 0.0000 0.7071
vn -1.0000 0.0000 0.0000
vn -0.8660 -0.5000 0.0000
vn -0.6124 -0.5000 0.6124
vn -0.6124 0.5000 0.6124
vn -0.8660 0.5000 0.0000
vn -1.0000 0.0000 0.0000
vn -0.7071 0.0000 0.7071
vn -0.3536 0.8660 0.3536
vn -0.5000 0.8660 0.0000
vn -0.8660 0.5000 0.0000
vn -0.6124 0.5000 0.6124
vn -0.2588 0.9659 0.0000
vn -0.5000 0.8660 0.0000
vn -0.3536 0.8660 0.3536
vn -0.5000 -0.8660 0.0000
vn -0.3536 -0.8660 -0.3536
vn -0.2588 -0.9659 0.0000
vn -0.8660 -0.5000 0.0000
vn -0.6124 -0.5000 -0.6124
vn -0.3536 -0.8660 -0.3536
vn -0.5000 -0.8660 0.0000
vn -1.0000 0.0000 0.0000
vn -0.7071 0.0000 -0.7071
vn -0.6124 -0.5000 -0.6124
vn -0.8660 -0.5000 0.0000
vn -0.8660 0.5000 0.0000
vn -0.6124 0.5000 -0.6124
vn -0.7071 0.0000 -0.7071
vn -1.0000 0.0000 0.0000
vn -0.5000 0.8660 0.0000
vn -0.3536 0.8660 -0.3536
vn -0.6124 0.5000 -0.6124
vn -0.8660 0.5000 0.0000
vn -0.1830 0.9659 -0.1830
vn -0.3536 0.8660 -0.3536
vn -0.5000 0.8660 0.0000
vn -0.3536 -0.8660 -0.3536
vn -0.0000 -0.8660 -0.5000
vn -0.1830 -0.9659 -0.1830
vn -0.6124 -0.5000 -0.6124
vn -0.0000 -0.5000 -0.8660
vn -0.0000 -0.8660 -0.5000
vn -0.3536 -0.8660 -0.3536
vn -0.7071 0.0000 -0.7071
vn -0.0000 0.0000 -1.0000
vn -0.0000 -0.5000 -0.8660
vn -0.6124 -0.5000 -0.6124
vn -0.6124 0.5000 -0.6124
vn -0.0000 0.5000 -0.8660
vn -0.0000 0.0000 -1.0000
vn -0.7071 0.0000 -0.7071
vn -0.3536 0.8660 -0.3536
vn -0.0000 0.8660 -0.5000
vn -0.0000 0.5000 -0.8660
vn -0.6124 0.5000 -0.6124
vn -0.0000 0.9659 -0.2588
vn -0.0000 0.8660 -0.5000
vn -0.3536 0.8660 -0.3536
vn -0.0000 -0.8660 -0.5000
vn 0.3536 -0.8660 -0.3536
vn -0.0000 -0.9659 -0.2588
vn -0.0000 -0.5000 -0.8660
vn 0.6124 -0.5000 -0.6124
vn 0.3536 -0.8660 -0.3536
vn -0.0000 -0.8660 -0.5000
vn -0.0000 0.0000 -1.0000
vn 0.7071 0.0000 -0.7071
vn 0.6124 -0.5000 -0.6124
vn -0.0000 -0.5000 -0.8660
vn -0.0000 0.5000 -0.8660
vn 0.6124 0.5000 -0.6124
vn 0.7071 0.0000 -0.7071
vn -0.0000 0.0000 -1.0000
vn -0.0000 0.8660 -0.5000
vn 0.3536 0.8660 -0.3536
vn 0.6124 0.5000 -0.6124
vn -0.0000 0.5000 -0.8660
vn 0.1830 0.9659 -0.1830
vn 0.3536 0.8660 -0.3536
vn -0.0000 0.8660 -0.5000
vn 0.3536 -0.8660 -0.3536
vn 0.5000 -0.8660 -0.0000
vn 0.1830 -0.9659 -0.1830
vn 0.6124 -0.5000 -0.6124
vn 0.8660 -0.5000 -0.0000
vn 0.5000 -0.8660 -0.0000
vn 0.3536 -0.8660 -0.3536
vn 0.7071 0.0000 -0.7071
vn 1.0000 0.0000 -0.0000
vn 0.8660 -0.5000 -0.0000
vn 0.6124 -0.5000 -0.6124
vn 0.6124 0.5000 -0.6124
vn 0.8660 0.5000 -0.0000
vn 1.0000 0.0000 -0.0000
vn 0.7071 0.0000 -0.7071
vn 0.3536 0.8660 -0.3536
vn 0.5000 0.8660 -0.0000
vn 0.8660 0.5000 -0.0000
vn 0.6124 0.5000 -0.6124
vn 0.2588 0.9659 -0.0000
vn 0.5000 0.8660 -0.0000
vn 0.3536 0.8660 -0.3536
vn -1.0000 0.0000 0.0000
vn -0.5000 -0.3859 -0.7753
vn -0.5000 -0.4438 -0.7437
vn -1.0000 0.0000 0.0000
vn -0.5000 -0.3859 -0.7753
vn 0.5000 -0.3859 -0.7753
vn 0.5000 -0.4438 -0.7437
vn -0.5000 -0.4438 -0.7437
vn 0.5000 -0.3859 -0.7753
vn 1.0000 -0.0000 -0.0000
vn 1.0000 -0.0000 -0.0000
vn 0.5000 -0.4438 -0.7437
vn 1.0000 -0.0000 -0.0000
vn 0.5000 0.3859 0.7753
vn 0.5000 0.4438 0.7437
vn 1.0000 -0.0000 -0.0000
vn 0.5000 0.3859 0.7753
vn -0.5000 0.3859 0.7753
vn -0.5000 0.4438 0.7437
vn 0.5000 0.4438 0.7437
vn -0.5000 0.3859 0.7753
vn -1.0000 0.0000 0.0000
vn -1.0000 0.0000 0.0000
vn -0.5000 0.4438 0.7437
vn -1.0000 0.0000 0.0000
vn -0.5000 -0.4438 -0.7437
vn -0.5000 -0.5519 -0.6674
vn -1.0000 0.0000 0.0000
vn -0.5000 -0.4438 -0.7437
vn 0.5000 -0.4438 -0.7437
vn 0.5000 -0.5519 -0.6674
vn -0.5000 -0.5519 -0.6674
vn 0.5000 -0.4438 -0.7437
vn 1.0000 -0.0000 -0.0000
vn 1.0000 -0.0000 -0.0000
vn 0.5000 -0.5519 -0.6674
vn 1.0000 -0.0000 -0.0000
vn 0.5000 0.4438 0.7437
vn 0.5000 0.5519 0.6674
vn 1.0000 -0.0000 -0.0000
vn 0.5000 0.4438 0.7437
vn -0.5000 0.4438 0.7437
vn -0.5000 0.5519 0.6674
vn 0.5000 0.5519 0.6674
vn -0.5000 0.4438 0.7437
vn -1.0000 0.0000 0.0000
vn -1.0000 0.0000 0.0000
vn -0.5000 0.5519 0.6674
vn -1.0000 0.0000 0.0000
vn -0.5000 -0.5519 -0.6674
vn -0.5000 -0.6471 -0.5755
vn -1.0000 0.0000 0.0000
vn -0.5000 -0.5519 -0.6674
vn 0.5000 -0.5519 -0.6674
vn 0.5000 -0.6471 -0.5755
vn -0.5000 -0.6471 -0.5755
vn 0.5000 -0.5519 -0.6674
vn 1.0000 -0.0000 -0.0000
vn 1.0000 -0.0000 -0.0000
vn 0.5000 -0.6471 -0.5755
vn 1.0000 -0.0000 -0.0000
vn 0.5000 0.5519 0.6674
vn 0.5000 0.6471 0.5755
vn 1.0000 -0.0000 -0.0000
vn 0.5000 0.5519 0.6674
vn -0.5000 0.5519 0.6674
vn -0.5000 0.6471 0.5755
vn 0.5000 0.6471 0.5755
vn -0.5000 0.5519 0.6674
vn -1.0000 0.0000 0.0000
vn -1.0000 0.0000 0.0000
vn -0.5000 0.6471 0.5755
vn -1.0000 0.0000 0.0000
vn -0.5000 -0.6471 -0.5755
vn -0.5000 -0.7272 -0.4702
vn -1.0000 0.0000 0.0000
vn -0.5000 -0.6471 -0.5755
vn 0.5000 -0.6471 -0.5755
vn 0.5000 -0.7272 -0.4702
vn -0.5000 -0.7272 -0.4702
vn 0.5000 -0.6471 -0.5755
vn 1.0000 -0.0000 -0.0000
vn 1.0000 -0.0000 -0.0000
vn 0.5000 -0.7272 -0.4702
vn 1.0000 -0.0000 -0.0000
vn 0.5000 0.6471 0.5755
vn 0.5000 0.7272 0.4702
vn 1.0000 -0.0000 -0.0000
vn 0.5000 0.6471 0.5755
vn -0.5000 0.6471 0.5755
vn -0.5000 0.7272 0.4702
vn 0.5000 0.7272 0.4702
vn -0.5000 0.6471 0.5755
vn -1.0000 0.0000 0.0000
vn -1.0000 0.0000 0.0000
vn -0.5000 0.7272 0.4702
vn -1.0000 0.0000 0.0000
vn -0.5000 -0.7272 -0.4702
vn -0.5000 -0.7904 -0.3540
vn -1.0000 0.0000 0.0000
vn -0.5000 -0.7272 -0.4702
vn 0.5000 -0.7272 -0.4702
vn 0.5000 -0.7904 -0.3540
vn -0.5000 -0.7904 -0.3540
vn 0.5000 -0.7272 -0.4702
vn 1.0000 -0.0000 -0.0000
vn 1.0000 -0.0000 -0.0000
vn 0.5000 -0.7904 -0.3540
vn 1.0000 -0.0000 -0.0000
vn 0.5000 0.7272 0.4702
vn 0.5000 0.7904 0.3540
vn 1.0000 -0.0000 -0.0000
vn 0.5000 0.7272 0.4702
vn -0.5000 0.7272 0.4702
vn -0.5000 0.7904 0.3540
vn 0.5000 0.7904 0.3540
vn -0.5000 0.7272 0.4702
vn -1.0000 0.0000 0.0000
vn -1.0000 0.0000 0.0000
vn -0.5000 0.7904 0.3540
vn -1.0000 0.0000 0.0000
vn -0.5000 -0.7904 -0.3540
vn -0.5000 -0.8351 -0.2294
vn -1.0000 0.0000 0.0000
vn -0.5000 -0.7904 -0.3540
vn 0.5000 -0.7904 -0.3540
vn 0.5000 -0.8351 -0.2294
vn -0.5000 -0.8351 -0.2294
vn 0.5000 -0.7904 -0.3540
vn 1.0000 -0.0000 -0.0000
vn 1.0000 -0.0000 -0.0000
vn 0.5000 -0.8351 -0.2294
vn 1.0000 -0.0000 -0.0000
vn 0.5000 0.7904 0.3540
vn 0.5000 0.8351 0.2294
vn 1.0000 -0.0000 -0.0000
vn 0.5000 0.7904 0.3540
vn -0.5000 0.7904 0.3540
vn -0.5000 0.8351 0.2294
vn 0.5000 0.8351 0.2294
vn -0.5000 0.7904 0.3540
vn -1.0000 0.0000 0.0000
vn -1.0000 0.0000 0.0000
vn -0.5000 0.8351 0.2294
vn -1.0000 0.0000 0.0000
vn -0.5000 -0.8351 -0.2294
vn -0.5000 -0.8603 -0.0995
vn -1.0000 0.0000 0.0000
vn -0.5000 -0.8351 -0.2294
vn 0.5000 -0.8351 -0.2294
vn 0.5000 -0.8603 -0.0995
vn -0.5000 -0.8603 -0.0995
vn 0.5000 -0.8351 -0.2294
vn 1.0000 -0.0000 -0.0000
vn 1.0000 -0.0000 -0.0000
vn 0.5000 -0.8603 -0.0995
vn 1.0000 -0.0000 -0.0000
vn 0.5000 0.8351 0.2294
vn 0.5000 0.8603 0.0995
vn 1.0000 -0.0000 -0.0000
vn 0.5000 0.8351 0.2294
vn -0.5000 0.8351 0.2294
vn -0.5000 0.8603 0.0995
vn 0.5000 0.8603 0.0995
vn -0.5000 0.8351 0.2294
vn -1.0000 0.0000 0.0000
vn -1.0000 0.0000 0.0000
vn -0.5000 0.8603 0.0995
vn -1.0000 0.0000 0.0000
vn -0.5000 -0.8603 -0.0995
vn -0.5000 -0.8654 0.0327
vn -1.0000 0.0000 0.0000
vn -0.5000 -0.8603 -0.0995
vn 0.5000 -0.8603 -0.0995
vn 0.5000 -0.8654 0.0327
vn -0.5000 -0.8654 0.0327
vn 0.5000 -0.8603 -0.0995
vn 1.0000 -0.0000 -0.0000
vn 1.0000 -0.0000 0.0000
vn 0.5000 -0.8654 0.0327
vn 1.0000 -0.0000 -0.0000
vn 0.5000 0.8603 0.0995
vn 0.5000 0.8654 -0.0327
vn 1.0000 -0.0000 0.0000
vn 0.5000 0.8603 0.0995
vn -0.5000 0.8603 0.0995
vn -0.5000 0.8654 -0.0327
vn 0.5000 0.8654 -0.0327
vn -0.5000 0.8603 0.0995
vn -1.0000 0.0000 0.0000
vn -1.0000 0.0000 0.0000
vn -0.5000 0.8654 -0.0327
vn -1.0000 0.0000 0.0000
vn -0.5000 -0.8654 0.0327
vn -0.5000 -0.8503 0.1641
vn -1.0000 0.0000 0.0000
vn -0.5000 -0.8654 0.0327
vn 0.5000 -0.8654 0.0327
vn 0.5000 -0.8503 0.1641
vn -0.5000 -0.8503 0.1641
vn 0.5000 -0.8654 0.0327
vn 1.0000 -0.0000 0.0000
vn 1.0000 -0.0000 0.0000
vn 0.5000 -0.8503 0.1641
vn 1.0000 -0.0000 0.0000
vn 0.5000 0.8654 -0.0327
vn 0.5000 0.8503 -0.1641
vn 1.0000 -0.0000 0.0000
vn 0.5000 0.8654 -0.0327
vn -0.5000 0.8654 -0.0327
vn -0.5000 0.8503 -0.1641
vn 0.5000 0.8503 -0.1641
vn -0.5000 0.8654 -0.0327
vn -1.0000 0.0000 0.0000
vn -1.0000 0.0000 0.0000
vn -0.5000 0.8503 -0.1641
vn -1.0000 0.0000 0.0000
vn -0.5000 -0.8503 0.1641
vn -0.5000 -0.8154 0.2918
vn -1.0000 0.0000 0.0000
vn -0.5000 -0.8503 0.1641
vn 0.5000 -0.8503 0.1641
vn 0.5000 -0.8154 0.2918
vn -0.5000 -0.8154 0.2918
vn 0.5000 -0.8503 0.1641
vn 1.0000 -0.0000 0.0000
vn 1.0000 -0.0000 0.0000
vn 0.5000 -0.8154 0.2918
vn 1.0000 -0.0000 0.0000
vn 0.5000 0.8503 -0.1641
vn 0.5000 0.8154 -0.2918
vn 1.0000 -0.0000 0.0000
vn 0.5000 0.8503 -0.1641
vn -0.5000 0.8503 -0.1641
vn -0.5000 0.8154 -0.2918
vn 0.5000 0.8154 -0.2918
vn -0.5000 0.8503 -0.1641
vn -1.0000 0.0000 0.0000
vn -1.0000 0.0000 0.0000
vn -0.5000 0.8154 -0.2918
vn -1.0000 0.0000 0.0000
vn -0.5000 -0.8154 0.2918
vn -0.5000 -0.7614 0.4126
vn -1.0000 0.0000 0.0000
vn -0.5000 -0.8154 0.2918
vn 0.5000 -0.8154 0.2918
vn 0.5000 -0.7614 0.4126
vn -0.5000 -0.7614 0.4126
vn 0.5000 -0.8154 0.2918
vn 1.0000 -0.0000 0.0000
vn 1.0000 -0.0000 0.0000
vn 0.5000 -0.7614 0.4126
vn 1.0000 -0.0000 0.0000
vn 0.5000 0.8154 -0.2918
vn 0.5000 0.7614 -0.4126
vn 1.0000 -0.0000 0.0000
vn 0.5000 0.8154 -0.2918
vn -0.5000 0.8154 -0.2918
vn -0.5000 0.7614 -0.4126
vn 0.5000 0.7614 -0.4126
vn -0.5000 0.8154 -0.2918
vn -1.0000 0.0000 0.0000
vn -1.0000 0.0000 0.0000
vn -0.5000 0.7614 -0.4126
vn -1.0000 0.0000 0.0000
vn -0.5000 -0.7614 0.4126
vn -0.5000 -0.6897 0.5238
vn -1.0000 0.0000 0.0000
vn -0.5000 -0.7614 0.4126
vn 0.5000 -0.7614 0.4126
vn 0.5000 -0.6897 0.5238
vn -0.5000 -0.6897 0.5238
vn 0.5000 -0.7614 0.4126
vn 1.0000 -0.0000 0.0000
vn 1.0000 -0.0000 0.0000
vn 0.5000 -0.6897 0.5238
vn 1.0000 -0.0000 0.0000
vn 0.5000 0.7614 -0.4126
vn 0.5000 0.6897 -0.5238
vn 1.0000 -0.0000 0.0000
vn 0.5000 0.7614 -0.4126
vn -0.5000 0.7614 -0.4126
vn -0.5000 0.6897 -0.5238
vn 0.5000 0.6897 -0.5238
vn -0.5000 0.7614 -0.4126
vn -1.0000 0.0000 0.0000
vn -1.0000 0.0000 0.0000
vn -0.5000 0.6897 -0.5238
vn -1.0000 0.0000 0.0000
vn -0.5000 -0.6897 0.5238
vn -0.5000 -0.6018 0.6227
vn -1.0000 0.0000 0.0000
vn -0.5000 -0.6897 0.5238
vn 0.5000 -0.6897 0.5238
vn 0.5000 -0.6018 0.6227
vn -0.5000 -0.6018 0.6227
vn 0.5000 -0.6897 0.5238
vn 1.0000 -0.0000 0.0000
vn 1.0000 -0.0000 0.0000
vn 0.5000 -0.6018 0.6227
vn 1.0000 -0.0000 0.0000
vn 0.5000 0.6897 -0.5238
vn 0.5000 0.6018 -0.6227
vn 1.0000 -0.0000 0.0000
vn 0.5000 0.6897 -0.5238
vn -0.5000 0.6897 -0.5238
vn -0.5000 0.6018 -0.6227
vn 0.5000 0.6018 -0.6227
vn -0.5000 0.6897 -0.5238
vn -1.0000 0.0000 0.0000
vn -1.0000 0.0000 0.0000
vn -0.5000 0.6018 -0.6227
vn -1.0000 0.0000 0.0000
vn -0.5000 -0.6018 0.6227
vn -0.5000 -0.4999 0.7072
vn -1.0000 0.0000 0.0000
vn -0.5000 -0.6018 0.6227
vn 0.5000 -0.6018 0.6227
vn 0.5000 -0.4999 0.7072
vn -0.5000 -0.4999 0.7072
vn 0.5000 -0.6018 0.6227
vn 1.0000 -0.0000 0.0000
vn 1.0000 -0.0000 0.0000
vn 0.5000 -0.4999 0.7072
vn 1.0000 -0.0000 0.0000
vn 0.5000 0.6018 -0.6227
vn 0.5000 0.4999 -0.7072
vn 1.0000 -0.0000 0.0000
vn 0.5000 0.6018 -0.6227
vn -0.5000 0.6018 -0.6227
vn -0.5000 0.4999 -0.7072
vn 0.5000 0.4999 -0.7072
vn -0.5000 0.6018 -0.6227
vn -1.0000 0.0000 0.0000
vn -1.0000 0.0000 0.0000
vn -0.5000 0.4999 -0.7072
vn -1.0000 0.0000 0.0000
vn -0.5000 -0.4999 0.7072
vn -0.5000 -0.3864 0.7751
vn -1.0000 0.0000 0.0000
vn -0.5000 -0.4999 0.7072
vn 0.5000 -0.4999 0.7072
vn 0.5000 -0.3864 0.7751
vn -0.5000 -0.3864 0.7751
vn 0.5000 -0.4999 0.7072
vn 1.0000 -0.0000 0.0000
vn 1.0000 -0.0000 0.0000
vn 0.5000 -0.3864 0.7751
vn 1.0000 -0.0000 0.0000
vn 0.5000 0.4999 -0.7072
vn 0.5000 0.3864 -0.7751
vn 1.0000 -0.0000 0.0000
vn 0.5000 0.4999 -0.7072
vn -0.5000 0.4999 -0.7072
vn -0.5000 0.3864 -0.7751
vn 0.5000 0.3864 -0.7751
vn -0.5000 0.4999 -0.7072
vn -1.0000 0.0000 0.0000
vn -1.0000 0.0000 0.0000
vn -0.5000 0.3864 -0.7751
vn -1.0000 0.0000 0.0000
vn -0.5000 -0.3864 0.7751
vn -0.5000 -0.3258 0.8024
vn -1.0000 0.0000 0.0000
vn -0.5000 -0.3864 0.7751
vn 0.5000 -0.3864 0.7751
vn 0.5000 -0.3258 0.8024
vn -0.5000 -0.3258 0.8024
vn 0.5000 -0.3864 0.7751
vn 1.0000 -0.0000 0.0000
vn 1.0000 -0.0000 0.0000
vn 0.5000 -0.3258 0.8024
vn 1.0000 -0.0000 0.0000
vn 0.5000 0.3864 -0.7751
vn 0.5000 0.3258 -0.8024
vn 1.0000 -0.0000 0.0000
vn 0.5000 0.3864 -0.7751
vn -0.5000 0.3864 -0.7751
vn -0.5000 0.3258 -0.8024
vn 0.5000 0.3258 -0.8024
vn -0.5000 0.3864 -0.7751
vn -1.0000 0.0000 0.0000
vn -1.0000 0.0000 0.0000
vn -0.5000 0.3258 -0.8024
vn 0.0000 0.8952 -0.4456
vn 0.0000 0.8952 -0.4456
vn 0.0000 0.8952 -0.4456
vn 0.0000 0.8952 -0.4456
vn 0.0000 0.8952 -0.4456
vn 0.0000 0.8952 -0.4456
vn 0.0000 0.9265 0.3762
vn 0.0000 0.9265 0.3762
vn 0.0000 0.9265 0.3762
vn 0.0000 0.9265 0.3762
vn 0.0000 0.9265 0.3762
vn 0.0000 0.9265 0.3762
vn 0.3090 -0.9511 0.0000
vn 0.2855 -0.9511 0.1183
vn 0.1564 -0.9877 0.0000
vn 0.5878 -0.8090 0.0000
vn 0.5430 -0.8090 0.2249
vn 0.2855 -0.9511 0.1183
vn 0.3090 -0.9511 0.0000
vn 0.8090 -0.5878 0.0000
vn 0.7474 -0.5878 0.3096
vn 0.5430 -0.8090 0.2249
vn 0.5878 -0.8090 0.0000
vn 0.9511 -0.3090 0.0000
vn 0.8787 -0.3090 0.3640
vn 0.7474 -0.5878 0.3096
vn 0.8090 -0.5878 0.0000
vn 1.0000 -0.0000 0.0000
vn 0.9239 -0.0000 0.3827
vn 0.8787 -0.3090 0.3640
vn 0.9511 -0.3090 0.0000
vn 0.9511 0.3090 0.0000
vn 0.8787 0.3090 0.3640
vn 0.9239 -0.0000 0.3827
vn 1.0000 -0.0000 0.0000
vn 0.8090 0.5878 0.0000
vn 0.7474 0.5878 0.3096
vn 0.8787 0.3090 0.3640
vn 0.9511 0.3090 0.0000
vn 0.5878 0.8090 0.0000
vn 0.5430 0.8090 0.2249
vn 0.7474 0.5878 0.3096
vn 0.8090 0.5878 0.0000
vn 0.3090 0.9511 0.0000
vn 0.2855 0.9511 0.1183
vn 0.5430 0.8090 0.2249
vn 0.5878 0.8090 0.0000
vn 0.1445 0.9877 0.0599
vn 0.2855 0.9511 0.1183
vn 0.3090 0.9511 0.0000
vn 0.2855 -0.9511 0.1183
vn 0.2185 -0.9511 0.2185
vn 0.1445 -0.9877 0.0599
vn 0.5430 -0.8090 0.2249
vn 0.4156 -0.8090 0.4156
vn 0.2185 -0.9511 0.2185
vn 0.2855 -0.9511 0.1183
vn 0.7474 -0.5878 0.3096
vn 0.5721 -0.5878 0.5721
vn 0.4156 -0.8090 0.4156
vn 0.5430 -0.8090 0.2249
vn 0.8787 -0.3090 0.3640
vn 0.6725 -0.3090 0.6725
vn 0.5721 -0.5878 0.5721
vn 0.7474 -0.5878 0.3096
vn 0.9239 -0.0000 0.3827
vn 0.7071 -0.0000 0.7071
vn 0.6725 -0.3090 0.6725
vn 0.8787 -0.3090 0.3640
vn 0.8787 0.3090 0.3640
vn 0.6725 0.3090 0.6725
vn 0.7071 -0.0000 0.7071
vn 0.9239 -0.0000 0.3827
vn 0.7474 0.5878 0.3096
vn 0.5721 0.5878 0.5721
vn 0.6725 0.3090 0.6725
vn 0.8787 0.3090 0.3640
vn 0.5430 0.8090 0.2249
vn 0.4156 0.8090 0.4156
vn 0.5721 0.5878 0.5721
vn 0.7474 0.5878 0.3096
vn 0.2855 0.9511 0.1183
vn 0.2185 0.9511 0.2185
vn 0.4156 0.8090 0.4156
vn 0.5430 0.8090 0.2249
vn 0.1106 0.9877 0.1106
vn 0.2185 0.9511 0.2185
vn 0.2855 0.9511 0.1183
vn 0.2185 -0.9511 0.2185
vn 0.1183 -0.9511 0.2855
vn 0.1106 -0.9877 0.1106
vn 0.4156 -0.8090 0.4156
vn 0.2249 -0.8090 0.5430
vn 0.1183 -0.9511 0.2855
vn 0.2185 -0.9511 0.2185
vn 0.5721 -0.5878 0.5721
vn 0.3096 -0.5878 0.7474
vn 0.2249 -0.8090 0.5430
vn 0.4156 -0.8090 0.4156
vn 0.6725 -0.3090 0.6725
vn 0.3640 -0.3090 0.8787
vn 0.3096 -0.5878 0.7474
vn 0.5721 -0.5878 0.5721
vn 0.7071 -0.0000 0.7071
vn 0.3827 -0.0000 0.9239
vn 0.3640 -0.3090 0.8787
vn 0.6725 -0.3090 0.6725
vn 0.6725 0.3090 0.6725
vn 0.3640 0.3090 0.8787
vn 0.3827 -0.0000 0.9239
vn 0.7071 -0.0000 0.7071
vn 0.5721 0.5878 0.5721
vn 0.3096 0.5878 0.7474
vn 0.3640 0.3090 0.8787
vn 0.6725 0.3090 0.6725
vn 0.4156 0.8090 0.4156
vn 0.2249 0.8090 0.5430
vn 0.3096 0.5878 0.7474
vn 0.5721 0.5878 0.5721
vn 0.2185 0.9511 0.2185
vn 0.1183 0.9511 0.2855
vn 0.2249 0.8090 0.5430
vn 0.4156 0.8090 0.4156
vn 0.0599 0.9877 0.1445
vn 0.1183 0.9511 0.2855
vn 0.2185 0.9511 0.2185
vn 0.1183 -0.9511 0.2855
vn 0.0000 -0.9511 0.3090
vn 0.0599 -0.9877 0.1445
vn 0.2249 -0.8090 0.5430
vn 0.0000 -0.8090 0.5878
vn 0.0000 -0.9511 0.3090
vn 0.1183 -0.9511 0.2855
vn 0.3096 -0.5878 0.7474
vn 0.0000 -0.5878 0.8090
vn 0.0000 -0.8090 0.5878
vn 0.2249 -0.8090 0.5430
vn 0.3640 -0.3090 0.8787
vn 0.0000 -0.3090 0.9511
vn 0.0000 -0.5878 0.8090
vn 0.3096 -0.5878 0.7474
vn 0.3827 -0.0000 0.9239
vn 0.0000 -0.0000 1.0000
vn 0.0000 -0.3090 0.9511
vn 0.3640 -0.3090 0.8787
vn 0.3640 0.3090 0.8787
vn 0.0000 0.3090 0.9511
vn 0.0000 -0.0000 1.0000
vn 0.3827 -0.0000 0.9239
vn 0.3096 0.5878 0.7474
vn 0.0000 0.5878 0.8090
vn 0.0000 0.3090 0.9511
vn 0.3640 0.3090 0.8787
vn 0.2249 0.8090 0.5430
vn 0.0000 0.8090 0.5878
vn 0.0000 0.5878 0.8090
vn 0.3096 0.5878 0.7474
vn 0.1183 0.9511 0.2855
vn 0.0000 0.9511 0.3090
vn 0.0000 0.8090 0.5878
vn 0.2249 0.8090 0.5430
vn 0.0000 0.9877 0.1564
vn 0.0000 0.9511 0.3090
vn 0.1183 0.9511 0.2855
vn 0.0000 -0.9511 0.3090
vn -0.1183 -0.9511 0.2855
vn 0.0000 -0.9877 0.1564
vn 0.0000 -0.8090 0.5878
vn -0.2249 -0.8090 0.5430
vn -0.1183 -0.9511 0.2855
vn 0.0000 -0.9511 0.3090
vn 0.0000 -0.5878 0.8090
vn -0.3096 -0.5878 0.7474
vn -0.2249 -0.8090 0.5430
vn 0.0000 -0.8090 0.5878
vn 0.0000 -0.3090 0.9511
vn -0.3640 -0.3090 0.8787
vn -0.3096 -0.5878 0.7474
vn 0.0000 -0.5878 0.8090
vn 0.0000 -0.0000 1.0000
vn -0.3827 -0.0000 0.9239
vn -0.3640 -0.3090 0.8787
vn 0.0000 -0.3090 0.9511
vn 0.0000 0.3090 0.9511
vn -0.3640 0.3090 0.8787
vn -0.3827 -0.0000 0.9239
vn 0.0000 -0.0000 1.0000
vn 0.0000 0.5878 0.8090
vn -0.3096 0.5878 0.7474
vn -0.3640 0.3090 0.8787
vn 0.0000 0.3090 0.9511
vn 0.0000 0.8090 0.5878
vn -0.2249 0.8090 0.5430
vn -0.3096 0.5878 0.7474
vn 0.0000 0.5878 0.8090
vn 0.0000 0.9511 0.3090
vn -0.1183 0.9511 0.2855
vn -0.2249 0.8090 0.5430
vn 0.0000 0.8090 0.5878
vn -0.0599 0.9877 0.1445
vn -0.1183 0.9511 0.2855
vn 0.0000 0.9511 0.3090
vn -0.1183 -0.9511 0.2855
vn -0.2185 -0.9511 0.2185
vn -0.0599 -0.9877 0.1445
vn -0.2249 -0.8090 0.5430
vn -0.4156 -0.8090 0.4156
vn -0.2185 -0.9511 0.2185
vn -0.1183 -0.9511 0.2855
vn -0.3096 -0.5878 0.7474
vn -0.5721 -0.5878 0.5721
vn -0.4156 -0.8090 0.4156
vn -0.2249 -0.8090 0.5430
vn -0.3640 -0.3090 0.8787
vn -0.6725 -0.3090 0.6725
vn -0.5721 -0.5878 0.5721
vn -0.3096 -0.5878 0.7474
vn -0.3827 -0.0000 0.9239
vn -0.7071 -0.0000 0.7071
vn -0.6725 -0.3090 0.6725
vn -0.3640 -0.3090 0.8787
vn -0.3640 0.3090 0.8787
vn -0.6725 0.3090 0.6725
vn -0.7071 -0.0000 0.7071
vn -0.3827 -0.0000 0.9239
vn -0.3096 0.5878 0.7474
vn -0.5721 0.5878 0.5721
vn -0.6725 0.3090 0.6725
vn -0.3640 0.3090 0.8787
vn -0.2249 0.8090 0.5430
vn -0.4156 0.8090 0.4156
vn -0.5721 0.5878 0.5721
vn -0.3096 0.5878 0.7474
vn -0.1183 0.9511 0.2855
vn -0.2185 0.9511 0.2185
vn -0.4156 0.8090 0.4156
vn -0.2249 0.8090 0.5430
vn -0.1106 0.9877 0.1106
vn -0.2185 0.9511 0.2185
vn -0.1183 0.9511 0.2855
vn -0.2185 -0.9511 0.2185
vn -0.2855 -0.9511 0.1183
vn -0.1106 -0.9877 0.1106
vn -0.4156 -0.8090 0.4156
vn -0.5430 -0.8090 0.2249
vn -0.2855 -0.9511 0.1183
vn -0.2185 -0.9511 0.2185
vn -0.5721 -0.5878 0.5721
vn -0.7474 -0.5878 0.3096
vn -0.5430 -0.8090 0.2249
vn -0.4156 -0.8090 0.4156
vn -0.6725 -0.3090 0.6725
vn -0.8787 -0.3090 0.3640
vn -0.7474 -0.5878 0.3096
vn -0.5721 -0.5878 0.5721
vn -0.7071 -0.0000 0.7071
vn -0.9239 -0.0000 0.3827
vn -0.8787 -0.3090 0.3640
vn -0.6725 -0.3090 0.6725
vn -0.6725 0.3090 0.6725
vn -0.8787 0.3090 0.3640
vn -0.9239 -0.0000 0.3827
vn -0.7071 -0.0000 0.7071
vn -0.5721 0.5878 0.5721
vn -0.7474 0.5878 0.3096
vn -0.8787 0.3090 0.3640
vn -0.6725 0.3090 0.6725
vn -0.4156 0.8090 0.4156
vn -0.5430 0.8090 0.2249
vn -0.7474 0.5878 0.3096
vn -0.5721 0.5878 0.5721
vn -0.2185 0.9511 0.2185
vn -0.2855 0.9511 0.1183
vn -0.5430 0.8090 0.2249
vn -0.4156 0.8090 0.4156
vn -0.1445 0.9877 0.0599
vn -0.2855 0.9511 0.1183
vn -0.2185 0.9511 0.2185
vn -0.2855 -0.9511 0.1183
vn -0.3090 -0.9511 0.0000
vn -0.1445 -0.9877 0.0599
vn -0.5430 -0.8090 0.2249
vn -0.5878 -0.8090 0.0000
vn -0.3090 -0.9511 0.0000
vn -0.2855 -0.9511 0.1183
vn -0.7474 -0.5878 0.3096
vn -0.8090 -0.5878 0.0000
vn -0.5878 -0.8090 0.0000
vn -0.5430 -0.8090 0.2249
vn -0.8787 -0.3090 0.3640
vn -0.9511 -0.3090 0.0000
vn -0.8090 -0.5878 0.0000
vn -0.7474 -0.5878 0.3096
vn -0.9239 -0.0000 0.3827
vn -1.0000 -0.0000 0.0000
vn -0.9511 -0.3090 0.0000
vn -0.8787 -0.3090 0.3640
vn -0.8787 0.3090 0.3640
vn -0.9511 0.3090 0.0000
vn -1.0000 -0.0000 0.0000
vn -0.9239 -0.0000 0.3827
vn -0.7474 0.5878 0.3096
vn -0.8090 0.5878 0.0000
vn -0.9511 0.3090 0.0000
vn -0.8787 0.3090 0.3640
vn -0.5430 0.8090 0.2249
vn -0.5878 0.8090 0.0000
vn -0.8090 0.5878 0.0000
vn -0.7474 0.5878 0.3096
vn -0.2855 0.9511 0.1183
vn -0.3090 0.9511 0.0000
vn -0.5878 0.8090 0.0000
vn -0.5430 0.8090 0.2249
vn -0.1564 0.9877 0.0000
vn -0.3090 0.9511 0.0000
vn -0.2855 0.9511 0.1183
vn -0.3090 -0.9511 0.0000
vn -0.2855 -0.9511 -0.1183
vn -0.1564 -0.9877 0.0000
vn -0.5878 -0.8090 0.0000
vn -0.5430 -0.8090 -0.2249
vn -0.2855 -0.9511 -0.1183
vn -0.3090 -0.9511 0.0000
vn -0.8090 -0.5878 0.0000
vn -0.7474 -0.5878 -0.3096
vn -0.5430 -0.8090 -0.2249
vn -0.5878 -0.8090 0.0000
vn -0.9511 -0.3090 0.0000
vn -0.8787 -0.3090 -0.3640
vn -0.7474 -0.5878 -0.3096
vn -0.8090 -0.5878 0.0000
vn -1.0000 -0.0000 0.0000
vn -0.9239 -0.0000 -0.3827
vn -0.8787 -0.3090 -0.3640
vn -0.9511 -0.3090 0.0000
vn -0.9511 0.3090 0.0000
vn -0.8787 0.3090 -0.3640
vn -0.9239 -0.0000 -0.3827
vn -1.0000 -0.0000 0.0000
vn -0.8090 0.5878 0.0000
vn -0.7474 0.5878 -0.3096
vn -0.8787 0.3090 -0.3640
vn -0.9511 0.3090 0.0000
vn -0.5878 0.8090 0.0000
vn -0.5430 0.8090 -0.2249
vn -0.7474 0.5878 -0.3096
vn -0.8090 0.5878 0.0000
vn -0.3090 0.9511 0.0000
vn -0.2855 0.9511 -0.1183
vn -0.5430 0.8090 -0.2249
vn -0.5878 0.8090 0.0000
vn -0.1445 0.9877 -0.0599
vn -0.2855 0.9511 -0.1183
vn -0.3090 0.9511 0.0000
vn -0.2855 -0.9511 -0.1183
vn -0.2185 -0.9511 -0.2185
vn -0.1445 -0.9877 -0.0599
vn -0.5430 -0.8090 -0.2249
vn -0.4156 -0.8090 -0.4156
vn -0.2185 -0.9511 -0.2185
vn -0.2855 -0.9511 -0.1183
vn -0.7474 -0.5878 -0.3096
vn -0.5721 -0.5878 -0.5721
vn -0.4156 -0.8090 -0.4156
vn -0.5430 -0.8090 -0.2249
vn -0.8787 -0.3090 -0.3640
vn -0.6725 -0.3090 -0.6725
vn -0.5721 -0.5878 -0.5721
vn -0.7474 -0.5878 -0.3096
vn -0.9239 -0.0000 -0.3827
vn -0.7071 -0.0000 -0.7071
vn -0.6725 -0.3090 -0.6725
vn -0.8787 -0.3090 -0.3640
vn -0.8787 0.3090 -0.3640
vn -0.6725 0.3090 -0.6725
vn -0.7071 -0.0000 -0.7071
vn -0.9239 -0.0000 -0.3827
vn -0.7474 0.5878 -0.3096
vn -0.5721 0.5878 -0.5721
vn -0.6725 0.3090 -0.6725
vn -0.8787 0.3090 -0.3640
vn -0.5430 0.8090 -0.2249
vn -0.4156 0.8090 -0.4156
vn -0.5721 0.5878 -0.5721
vn -0.7474 0.5878 -0.3096
vn -0.2855 0.9511 -0.1183
vn -0.2185 0.9511 -0.2185
vn -0.4156 0.8090 -0.4156
vn -0.5430 0.8090 -0.2249
vn -0.1106 0.9877 -0.1106
vn -0.2185 0.9511 -0.2185
vn -0.2855 0.9511 -0.1183
vn -0.2185 -0.9511 -0.2185
vn -0.1183 -0.9511 -0.2855
vn -0.1106 -0.9877 -0.1106
vn -0.4156 -0.8090 -0.4156
vn -0.2249 -0.8090 -0.5430
vn -0.1183 -0.9511 -0.2855
vn -0.2185 -0.9511 -0.2185
vn -0.5721 -0.5878 -0.5721
vn -0.3096 -0.5878 -0.7474
vn -0.2249 -0.8090 -0.5430
vn -0.4156 -0.8090 -0.4156
vn -0.6725 -0.3090 -0.6725
vn -0.3640 -0.3090 -0.8787
vn -0.3096 -0.5878 -0.7474
vn -0.5721 -0.5878 -0.5721
vn -0.7071 -0.0000 -0.7071
vn -0.3827 -0.0000 -0.9239
vn -0.3640 -0.3090 -0.8787
vn -0.6725 -0.3090 -0.6725
vn -0.6725 0.3090 -0.6725
vn -0.3640 0.3090 -0.8787
vn -0.3827 -0.0000 -0.9239
vn -0.7071 -0.0000 -0.7071
vn -0.5721 0.5878 -0.5721
vn -0.3096 0.5878 -0.7474
vn -0.3640 0.3090 -0.8787
vn -0.6725 0.3090 -0.6725
vn -0.4156 0.8090 -0.4156
vn -0.2249 0.8090 -0.5430
vn -0.3096 0.5878 -0.7474
vn -0.5721 0.5878 -0.5721
vn -0.2185 0.9511 -0.2185
vn -0.1183 0.9511 -0.2855
vn -0.2249 0.8090 -0.5430
vn -0.4156 0.8090 -0.4156
vn -0.0599 0.9877 -0.1445
vn -0.1183 0.9511 -0.2855
vn -0.2185 0.9511 -0.2185
vn -0.1183 -0.9511 -0.2855
vn -0.0000 -0.9511 -0.3090
vn -0.0599 -0.9877 -0.1445
vn -0.2249 -0.8090 -0.5430
vn -0.0000 -0.8090 -0.5878
vn -0.0000 -0.9511 -0.3090
vn -0.1183 -0.9511 -0.2855
vn -0.3096 -0.5878 -0.7474
vn -0.0000 -0.5878 -0.8090
vn -0.0000 -0.8090 -0.5878
vn -0.2249 -0.8090 -0.5430
vn -0.3640 -0.3090 -0.8787
vn -0.0000 -0.3090 -0.9511
vn -0.0000 -0.5878 -0.8090
vn -0.3096 -0.5878 -0.7474
vn -0.3827 -0.0000 -0.9239
vn -0.0000 -0.0000 -1.0000
vn -0.0000 -0.3090 -0.9511
vn -0.3640 -0.3090 -0.8787
vn -0.3640 0.3090 -0.8787
vn -0.0000 0.3090 -0.9511
vn -0.0000 -0.0000 -1.0000
vn -0.3827 -0.0000 -0.9239
vn -0.3096 0.5878 -0.7474
vn -0.0000 0.5878 -0.8090
vn -0.0000 0.3090 -0.9511
vn -0.3640 0.3090 -0.8787
vn -0.2249 0.8090 -0.5430
vn -0.0000 0.8090 -0.5878
vn -0.0000 0.5878 -0.8090
vn -0.3096 0.5878 -0.7474
vn -0.1183 0.9511 -0.2855
vn -0.0000 0.9511 -0.3090
vn -0.0000 0.8090 -0.5878
vn -0.2249 0.8090 -0.5430
vn -0.0000 0.9877 -0.1564
vn -0.0000 0.9511 -0.3090
vn -0.1183 0.9511 -0.2855
vn -0.0000 -0.9511 -0.3090
vn 0.1183 -0.9511 -0.2855
vn -0.0000 -0.9877 -0.1564
vn -0.0000 -0.8090 -0.5878
vn 0.2249 -0.8090 -0.5430
vn 0.1183 -0.9511 -0.2855
vn -0.0000 -0.9511 -0.3090
vn -0.0000 -0.5878 -0.8090
vn 0.3096 -0.5878 -0.7474
vn 0.2249 -0.8090 -0.5430
vn -0.0000 -0.8090 -0.5878
vn -0.0000 -0.3090 -0.9511
vn 0.3640 -0.3090 -0.8787
vn 0.3096 -0.5878 -0.7474
vn -0.0000 -0.5878 -0.8090
vn -0.0000 -0.0000 -1.0000
vn 0.3827 -0.0000 -0.9239
vn 0.3640 -0.3090 -0.8787
vn -0.0000 -0.3090 -0.9511
vn -0.0000 0.3090 -0.9511
vn 0.3640 0.3090 -0.8787
vn 0.3827 -0.0000 -0.9239
vn -0.0000 -0.0000 -1.0000
vn -0.0000 0.5878 -0.8090
vn 0.3096 0.5878 -0.7474
vn 0.3640 0.3090 -0.8787
vn -0.0000 0.3090 -0.9511
vn -0.0000 0.8090 -0.5878
vn 0.2249 0.8090 -0.5430
vn 0.3096 0.5878 -0.7474
vn -0.0000 0.5878 -0.8090
vn -0.0000 0.9511 -0.3090
vn 0.1183 0.9511 -0.2855
vn 0.2249 0.8090 -0.5430
vn -0.0000 0.8090 -0.5878
vn 0.0599 0.9877 -0.1445
vn 0.1183 0.9511 -0.2855
vn -0.0000 0.9511 -0.3090
vn 0.1183 -0.9511 -0.2855
vn 0.2185 -0.9511 -0.2185
vn 0.0599 -0.9877 -0.1445
vn 0.2249 -0.8090 -0.5430
vn 0.4156 -0.8090 -0.4156
vn 0.2185 -0.9511 -0.2185
vn 0.1183 -0.9511 -0.2855
vn 0.3096 -0.5878 -0.7474
vn 0.5721 -0.5878 -0.5721
vn 0.4156 -0.8090 -0.4156
vn 0.2249 -0.8090 -0.5430
vn 0.3640 -0.3090 -0.8787
vn 0.6725 -0.3090 -0.6725
vn 0.5721 -0.5878 -0.5721
vn 0.3096 -0.5878 -0.7474
vn 0.3827 -0.0000 -0.9239
vn 0.7071 -0.0000 -0.7071
vn 0.6725 -0.3090 -0.6725
vn 0.3640 -0.3090 -0.8787
vn 0.3640 0.3090 -0.8787
vn 0.6725 0.3090 -0.6725
vn 0.7071 -0.0000 -0.7071
vn 0.3827 -0.0000 -0.9239
vn 0.3096 0.5878 -0.7474
vn 0.5721 0.5878 -0.5721
vn 0.6725 0.3090 -0.6725
vn 0.3640 0.3090 -0.8787
vn 0.2249 0.8090 -0.5430
vn 0.4156 0.8090 -0.4156
vn 0.5721 0.5878 -0.5721
vn 0.3096 0.5878 -0.7474
vn 0.1183 0.9511 -0.2855
vn 0.2185 0.9511 -0.2185
vn 0.4156 0.8090 -0.4156
vn 0.2249 0.8090 -0.5430
vn 0.1106 0.9877 -0.1106
vn 0.2185 0.9511 -0.2185
vn 0.1183 0.9511 -0.2855
vn 0.2185 -0.9511 -0.2185
vn 0.2855 -0.9511 -0.1183
vn 0.1106 -0.9877 -0.1106
vn 0.4156 -0.8090 -0.4156
vn 0.5430 -0.8090 -0.2249
vn 0.2855 -0.9511 -0.1183
vn 0.2185 -0.9511 -0.2185
vn 0.5721 -0.5878 -0.5721
vn 0.7474 -0.5878 -0.3096
vn 0.5430 -0.8090 -0.2249
vn 0.4156 -0.8090 -0.4156
vn 0.6725 -0.3090 -0.6725
vn 0.8787 -0.3090 -0.3640
vn 0.7474 -0.5878 -0.3096
vn 0.5721 -0.5878 -0.5721
vn 0.7071 -0.0000 -0.7071
vn 0.9239 -0.0000 -0.3827
vn 0.8787 -0.3090 -0.3640
vn 0.6725 -0.3090 -0.6725
vn 0.6725 0.3090 -0.6725
vn 0.8787 0.3090 -0.3640
vn 0.9239 -0.0000 -0.3827
vn 0.7071 -0.0000 -0.7071
vn 0.5721 0.5878 -0.5721
vn 0.7474 0.5878 -0.3096
vn 0.8787 0.3090 -0.3640
vn 0.6725 0.3090 -0.6725
vn 0.4156 0.8090 -0.4156
vn 0.5430 0.8090 -0.2249
vn 0.7474 0.5878 -0.3096
vn 0.5721 0.5878 -0.5721
vn 0.2185 0.9511 -0.2185
vn 0.2855 0.9511 -0.1183
vn 0.5430 0.8090 -0.2249
vn 0.4156 0.8090 -0.4156
vn 0.1445 0.9877 -0.0599
vn 0.2855 0.9511 -0.1183
vn 0.2185 0.9511 -0.2185
vn 0.2855 -0.9511 -0.1183
vn 0.3090 -0.9511 -0.0000
vn 0.1445 -0.9877 -0.0599
vn 0.5430 -0.8090 -0.2249
vn 0.5878 -0.8090 -0.0000
vn 0.3090 -0.9511 -0.0000
vn 0.2855 -0.9511 -0.1183
vn 0.7474 -0.5878 -0.3096
vn 0.8090 -0.5878 -0.0000
vn 0.5878 -0.8090 -0.0000
vn 0.5430 -0.8090 -0.2249
vn 0.8787 -0.3090 -0.3640
vn 0.9511 -0.3090 -0.0000
vn 0.8090 -0.5878 -0.0000
vn 0.7474 -0.5878 -0.3096
vn 0.9239 -0.0000 -0.3827
vn 1.0000 -0.0000 -0.0000
vn 0.9511 -0.3090 -0.0000
vn 0.8787 -0.3090 -0.3640
vn 0.8787 0.3090 -0.3640
vn 0.9511 0.3090 -0.0000
vn 1.0000 -0.0000 -0.0000
vn 0.9239 -0.0000 -0.3827
vn 0.7474 0.5878 -0.3096
vn 0.8090 0.5878 -0.0000
vn 0.9511 0.3090 -0.0000
vn 0.8787 0.3090 -0.3640
vn 0.5430 0.8090 -0.2249
vn 0.5878 0.8090 -0.0000
vn 0.8090 0.5878 -0.0000
vn 0.7474 0.5878 -0.3096
vn 0.2855 0.9511 -0.1183
vn 0.3090 0.9511 -0.0000
vn 0.5878 0.8090 -0.0000
vn 0.5430 0.8090 -0.2249
vn 0.1564 0.9877 -0.0000
vn 0.3090 0.9511 -0.0000
vn 0.2855 0.9511 -0.1183
vn 0.4339 -0.9010 0.0000
vn 0.3510 -0.9010 0.2550
vn 0.2225 -0.9749 0.0000
vn 0.7818 -0.6235 0.0000
vn 0.6325 -0.6235 0.4595
vn 0.3510 -0.9010 0.2550
vn 0.4339 -0.9010 0.0000
vn 0.9749 -0.2225 0.0000
vn 0.7887 -0.2225 0.5730
vn 0.6325 -0.6235 0.4595
vn 0.7818 -0.6235 0.0000
vn 0.9749 0.2225 0.0000
vn 0.7887 0.2225 0.5730
vn 0.7887 -0.2225 0.5730
vn 0.9749 -0.2225 0.0000
vn 0.7818 0.6235 0.0000
vn 0.6325 0.6235 0.4595
vn 0.7887 0.2225 0.5730
vn 0.9749 0.2225 0.0000
vn 0.4339 0.9010 0.0000
vn 0.3510 0.9010 0.2550
vn 0.6325 0.6235 0.4595
vn 0.7818 0.6235 0.0000
vn 0.1800 0.9749 0.1308
vn 0.3510 0.9010 0.2550
vn 0.4339 0.9010 0.0000
vn 0.3510 -0.9010 0.2550
vn 0.1341 -0.9010 0.4126
vn 0.1800 -0.9749 0.1308
vn 0.6325 -0.6235 0.4595
vn 0.2416 -0.6235 0.7436
vn 0.1341 -0.9010 0.4126
vn 0.3510 -0.9010 0.2550
vn 0.7887 -0.2225 0.5730
vn 0.3013 -0.2225 0.9272
vn 0.2416 -0.6235 0.7436
vn 0.6325 -0.6235 0.4595
vn 0.7887 0.2225 0.5730
vn 0.3013 0.2225 0.9272
vn 0.3013 -0.2225 0.9272
vn 0.7887 -0.2225 0.5730
vn 0.6325 0.6235 0.4595
vn 0.2416 0.6235 0.7436
vn 0.3013 0.2225 0.9272
vn 0.7887 0.2225 0.5730
vn 0.3510 0.9010 0.2550
vn 0.1341 0.9010 0.4126
vn 0.2416 0.6235 0.7436
vn 0.6325 0.6235 0.4595
vn 0.0688 0.9749 0.2116
vn 0.1341 0.9010 0.4126
vn 0.3510 0.9010 0.2550
vn 0.1341 -0.9010 0.4126
vn -0.1341 -0.9010 0.4126
vn 0.0688 -0.9749 0.2116
vn 0.2416 -0.6235 0.7436
vn -0.2416 -0.6235 0.7436
vn -0.1341 -0.9010 0.4126
vn 0.1341 -0.9010 0.4126
vn 0.3013 -0.2225 0.9272
vn -0.3013 -0.2225 0.9272
vn -0.2416 -0.6235 0.7436
vn 0.2416 -0.6235 0.7436
vn 0.3013 0.2225 0.9272
vn -0.3013 0.2225 0.9272
vn -0.3013 -0.2225 0.9272
vn 0.3013 -0.2225 0.9272
vn 0.2416 0.6235 0.7436
vn -0.2416 0.6235 0.7436
vn -0.3013 0.2225 0.9272
vn 0.3013 0.2225 0.9272
vn 0.1341 0.9010 0.4126
vn -0.1341 0.9010 0.4126
vn -0.2416 0.6235 0.7436
vn 0.2416 0.6235 0.7436
vn -0.0688 0.9749 0.2116
vn -0.1341 0.9010 0.4126
vn 0.1341 0.9010 0.4126
vn -0.1341 -0.9010 0.4126
vn -0.3510 -0.9010 0.2550
vn -0.0688 -0.9749 0.2116
vn -0.2416 -0.6235 0.7436
vn -0.6325 -0.6235 0.4595
vn -0.3510 -0.9010 0.2550
vn -0.1341 -0.9010 0.4126
vn -0.3013 -0.2225 0.9272
vn -0.7887 -0.2225 0.5730
vn -0.6325 -0.6235 0.4595
vn -0.2416 -0.6235 0.7436
vn -0.3013 0.2225 0.9272
vn -0.7887 0.2225 0.5730
vn -0.7887 -0.2225 0.5730
vn -0.3013 -0.2225 0.9272
vn -0.2416 0.6235 0.7436
vn -0.6325 0.6235 0.4595
vn -0.7887 0.2225 0.5730
vn -0.3013 0.2225 0.9272
vn -0.1341 0.9010 0.4126
vn -0.3510 0.9010 0.2550
vn -0.6325 0.6235 0.4595
vn -0.2416 0.6235 0.7436
vn -0.1800 0.9749 0.1308
vn -0.3510 0.9010 0.2550
vn -0.1341 0.9010 0.4126
vn -0.3510 -0.9010 0.2550
vn -0.4339 -0.9010 0.0000
vn -0.1800 -0.9749 0.1308
vn -0.6325 -0.6235 0.4595
vn -0.7818 -0.6235 0.0000
vn -0.4339 -0.9010 0.0000
vn -0.3510 -0.9010 0.2550
vn -0.7887 -0.2225 0.5730
vn -0.9749 -0.2225 0.0000
vn -0.7818 -0.6235 0.0000
vn -0.6325 -0.6235 0.4595
vn -0.7887 0.2225 0.5730
vn -0.9749 0.2225 0.0000
vn -0.9749 -0.2225 0.0000
vn -0.7887 -0.2225 0.5730
vn -0.6325 0.6235 0.4595
vn -0.7818 0.6235 0.0000
vn -0.9749 0.2225 0.0000
vn -0.7887 0.2225 0.5730
vn -0.3510 0.9010 0.2550
vn -0.4339 0.9010 0.0000
vn -0.7818 0.6235 0.0000
vn -0.6325 0.6235 0.4595
vn -0.2225 0.9749 0.0000
vn -0.4339 0.9010 0.0000
vn -0.3510 0.9010 0.2550
vn -0.4339 -0.9010 0.0000
vn -0.3510 -0.9010 -0.2550
vn -0.2225 -0.9749 0.0000
vn -0.7818 -0.6235 0.0000
vn -0.6325 -0.6235 -0.4595
vn -0.3510 -0.9010 -0.2550
vn -0.4339 -0.9010 0.0000
vn -0.9749 -0.2225 0.0000
vn -0.7887 -0.2225 -0.5730
vn -0.6325 -0.6235 -0.4595
vn -0.7818 -0.6235 0.0000
vn -0.9749 0.2225 0.0000
vn -0.7887 0.2225 -0.5730
vn -0.7887 -0.2225 -0.5730
vn -0.9749 -0.2225 0.0000
vn -0.7818 0.6235 0.0000
vn -0.6325 0.6235 -0.4595
vn -0.7887 0.2225 -0.5730
vn -0.9749 0.2225 0.0000
vn -0.4339 0.9010 0.0000
vn -0.3510 0.9010 -0.2550
vn -0.6325 0.6235 -0.4595
vn -0.7818 0.6235 0.0000
vn -0.1800 0.9749 -0.1308
vn -0.3510 0.9010 -0.2550
vn -0.4339 0.9010 0.0000
vn -0.3510 -0.9010 -0.2550
vn -0.1341 -0.9010 -0.4126
vn -0.1800 -0.9749 -0.1308
vn -0.6325 -0.6235 -0.4595
vn -0.2416 -0.6235 -0.7436
vn -0.1341 -0.9010 -0.4126
vn -0.3510 -0.9010 -0.2550
vn -0.7887 -0.2225 -0.5730
vn -0.3013 -0.2225 -0.9272
vn -0.2416 -0.6235 -0.7436
vn -0.6325 -0.6235 -0.4595
vn -0.7887 0.2225 -0.5730
vn -0.3013 0.2225 -0.9272
vn -0.3013 -0.2225 -0.9272
vn -0.7887 -0.2225 -0.5730
vn -0.6325 0.6235 -0.4595
vn -0.2416 0.6235 -0.7436
vn -0.3013 0.2225 -0.9272
vn -0.7887 0.2225 -0.5730
vn -0.3510 0.9010 -0.2550
vn -0.1341 0.9010 -0.4126
vn -0.2416 0.6235 -0.7436
vn -0.6325 0.6235 -0.4595
vn -0.0688 0.9749 -0.2116
vn -0.1341 0.9010 -0.4126
vn -0.3510 0.9010 -0.2550
vn -0.1341 -0.9010 -0.4126
vn 0.1341 -0.9010 -0.4126
vn -0.0688 -0.9749 -0.2116
vn -0.2416 -0.6235 -0.7436
vn 0.2416 -0.6235 -0.7436
vn 0.1341 -0.9010 -0.4126
vn -0.1341 -0.9010 -0.4126
vn -0.3013 -0.2225 -0.9272
vn 0.3013 -0.2225 -0.9272
vn 0.2416 -0.6235 -0.7436
vn -0.2416 -0.6235 -0.7436
vn -0.3013 0.2225 -0.9272
vn 0.3013 0.2225 -0.9272
vn 0.3013 -0.2225 -0.9272
vn -0.3013 -0.2225 -0.9272
vn -0.2416 0.6235 -0.7436
vn 0.2416 0.6235 -0.7436
vn 0.3013 0.2225 -0.9272
vn -0.3013 0.2225 -0.9272
vn -0.1341 0.9010 -0.4126
vn 0.1341 0.9010 -0.4126
vn 0.2416 0.6235 -0.7436
vn -0.2416 0.6235 -0.7436
vn 0.0688 0.9749 -0.2116
vn 0.1341 0.9010 -0.4126
vn -0.1341 0.9010 -0.4126
vn 0.1341 -0.9010 -0.4126
vn 0.3510 -0.9010 -0.2550
vn 0.0688 -0.9749 -0.2116
vn 0.2416 -0.6235 -0.7436
vn 0.6325 -0.6235 -0.4595
vn 0.3510 -0.9010 -0.2550
vn 0.1341 -0.9010 -0.4126
vn 0.3013 -0.2225 -0.9272
vn 0.7887 -0.2225 -0.5730
vn 0.6325 -0.6235 -0.4595
vn 0.2416 -0.6235 -0.7436
vn 0.3013 0.2225 -0.9272
vn 0.7887 0.2225 -0.5730
vn 0.7887 -0.2225 -0.5730
vn 0.3013 -0.2225 -0.9272
vn 0.2416 0.6235 -0.7436
vn 0.6325 0.6235 -0.4595
vn 0.7887 0.2225 -0.5730
vn 0.3013 0.2225 -0.9272
vn 0.1341 0.9010 -0.4126
vn 0.3510 0.9010 -0.2550
vn 0.6325 0.6235 -0.4595
vn 0.2416 0.6235 -0.7436
vn 0.1800 0.9749 -0.1308
vn 0.3510 0.9010 -0.2550
vn 0.1341 0.9010 -0.4126
vn 0.3510 -0.9010 -0.2550
vn 0.4339 -0.9010 -0.0000
vn 0.1800 -0.9749 -0.1308
vn 0.6325 -0.6235 -0.4595
vn 0.7818 -0.6235 -0.0000
vn 0.4339 -0.9010 -0.0000
vn 0.3510 -0.9010 -0.2550
vn 0.7887 -0.2225 -0.5730
vn 0.9749 -0.2225 -0.0000
vn 0.7818 -0.6235 -0.0000
vn 0.6325 -0.6235 -0.4595
vn 0.7887 0.2225 -0.5730
vn 0.9749 0.2225 -0.0000
vn 0.9749 -0.2225 -0.0000
vn 0.7887 -0.2225 -0.5730
vn 0.6325 0.6235 -0.4595
vn 0.7818 0.6235 -0.0000
vn 0.9749 0.2225 -0.0000
vn 0.7887 0.2225 -0.5730
vn 0.3510 0.9010 -0.2550
vn 0.4339 0.9010 -0.0000
vn 0.7818 0.6235 -0.0000
vn 0.6325 0.6235 -0.4595
vn 0.2225 0.9749 -0.0000
vn 0.4339 0.9010 -0.0000
vn 0.3510 0.9010 -0.2550
vn -0.3023 0.9303 0.2079
vn -0.9763 0.2156 0.0209
vn -0.9698 0.2361 -0.0613
vn -0.3023 0.9303 0.2079
vn -0.9763 0.2156 0.0209
vn -0.6740 -0.7147 -0.1870
vn -0.6675 -0.6942 -0.2692
vn -0.9698 0.2361 -0.0613
vn -0.6740 -0.7147 -0.1870
vn 0.3023 -0.9303 -0.2079
vn 0.3023 -0.9303 -0.2079
vn -0.6675 -0.6942 -0.2692
vn 0.3023 -0.9303 -0.2079
vn 0.9763 -0.2156 -0.0209
vn 0.9698 -0.2361 0.0613
vn 0.3023 -0.9303 -0.2079
vn 0.9763 -0.2156 -0.0209
vn 0.6740 0.7147 0.1870
vn 0.6675 0.6942 0.2692
vn 0.9698 -0.2361 0.0613
vn 0.6740 0.7147 0.1870
vn -0.3023 0.9303 0.2079
vn -0.3023 0.9303 0.2079
vn 0.6675 0.6942 0.2692
vn -0.3023 0.9303 0.2079
vn -0.9698 0.2361 -0.0613
vn -0.9334 0.2834 -0.2202
vn -0.3023 0.9303 0.2079
vn -0.9698 0.2361 -0.0613
vn -0.6675 -0.6942 -0.2692
vn -0.6311 -0.6468 -0.4281
vn -0.9334 0.2834 -0.2202
vn -0.6675 -0.6942 -0.2692
vn 0.3023 -0.9303 -0.2079
vn 0.3023 -0.9303 -0.2079
vn -0.6311 -0.6468 -0.4281
vn 0.3023 -0.9303 -0.2079
vn 0.9698 -0.2361 0.0613
vn 0.9334 -0.2834 0.2202
vn 0.3023 -0.9303 -0.2079
vn 0.9698 -0.2361 0.0613
vn 0.6675 0.6942 0.2692
vn 0.6311 0.6468 0.4281
vn 0.9334 -0.2834 0.2202
vn 0.6675 0.6942 0.2692
vn -0.3023 0.9303 0.2079
vn -0.3023 0.9303 0.2079
vn 0.6311 0.6468 0.4281
vn -0.3023 0.9303 0.2079
vn -0.9334 0.2834 -0.2202
vn -0.8669 0.3378 -0.3667
vn -0.3023 0.9303 0.2079
vn -0.9334 0.2834 -0.2202
vn -0.6311 -0.6468 -0.4281
vn -0.5646 -0.5925 -0.5746
vn -0.8669 0.3378 -0.3667
vn -0.6311 -0.6468 -0.4281
vn 0.3023 -0.9303 -0.2079
vn 0.3023 -0.9303 -0.2079
vn -0.5646 -0.5925 -0.5746
vn 0.3023 -0.9303 -0.2079
vn 0.9334 -0.2834 0.2202
vn 0.8669 -0.3378 0.3667
vn 0.3023 -0.9303 -0.2079
vn 0.9334 -0.2834 0.2202
vn 0.6311 0.6468 0.4281
vn 0.5646 0.5925 0.5746
vn 0.8669 -0.3378 0.3667
vn 0.6311 0.6468 0.4281
vn -0.3023 0.9303 0.2079
vn -0.3023 0.9303 0.2079
vn 0.5646 0.5925 0.5746
vn -0.3023 0.9303 0.2079
vn -0.8669 0.3378 -0.3667
vn -0.7729 0.3970 -0.4950
vn -0.3023 0.9303 0.2079
vn -0.8669 0.3378 -0.3667
vn -0.5646 -0.5925 -0.5746
vn -0.4706 -0.5333 -0.7029
vn -0.7729 0.3970 -0.4950
vn -0.5646 -0.5925 -0.5746
vn 0.3023 -0.9303 -0.2079
vn 0.3023 -0.9303 -0.2079
vn -0.4706 -0.5333 -0.7029
vn 0.3023 -0.9303 -0.2079
vn 0.8669 -0.3378 0.3667
vn 0.7729 -0.3970 0.4950
vn 0.3023 -0.9303 -0.2079
vn 0.8669 -0.3378 0.3667
vn 0.5646 0.5925 0.5746
vn 0.4706 0.5333 0.7029
vn 0.7729 -0.3970 0.4950
vn 0.5646 0.5925 0.5746
vn -0.3023 0.9303 0.2079
vn -0.3023 0.9303 0.2079
vn 0.4706 0.5333 0.7029
vn -0.3023 0.9303 0.2079
vn -0.7729 0.3970 -0.4950
vn -0.6550 0.4588 -0.6004
vn -0.3023 0.9303 0.2079
vn -0.7729 0.3970 -0.4950
vn -0.4706 -0.5333 -0.7029
vn -0.3527 -0.4714 -0.8083
vn -0.6550 0.4588 -0.6004
vn -0.4706 -0.5333 -0.7029
vn 0.3023 -0.9303 -0.2079
vn 0.3023 -0.9303 -0.2079
vn -0.3527 -0.4714 -0.8083
vn 0.3023 -0.9303 -0.2079
vn 0.7729 -0.3970 0.4950
vn 0.6550 -0.4588 0.6004
vn 0.3023 -0.9303 -0.2079
vn 0.7729 -0.3970 0.4950
vn 0.4706 0.5333 0.7029
vn 0.3527 0.4714 0.8083
vn 0.6550 -0.4588 0.6004
vn 0.4706 0.5333 0.7029
vn -0.3023 0.9303 0.2079
vn -0.3023 0.9303 0.2079
vn 0.3527 0.4714 0.8083
vn -0.3023 0.9303 0.2079
vn -0.6550 0.4588 -0.6004
vn -0.5177 0.5209 -0.6787
vn -0.3023 0.9303 0.2079
vn -0.6550 0.4588 -0.6004
vn -0.3527 -0.4714 -0.8083
vn -0.2155 -0.4093 -0.8866
vn -0.5177 0.5209 -0.6787
vn -0.3527 -0.4714 -0.8083
vn 0.3023 -0.9303 -0.2079
vn 0.3023 -0.9303 -0.2079
vn -0.2155 -0.4093 -0.8866
vn 0.3023 -0.9303 -0.2079
vn 0.6550 -0.4588 0.6004
vn 0.5177 -0.5209 0.6787
vn 0.3023 -0.9303 -0.2079
vn 0.6550 -0.4588 0.6004
vn 0.3527 0.4714 0.8083
vn 0.2155 0.4093 0.8866
vn 0.5177 -0.5209 0.6787
vn 0.3527 0.4714 0.8083
vn -0.3023 0.9303 0.2079
vn -0.3023 0.9303 0.2079
vn 0.2155 0.4093 0.8866
vn -0.3023 0.9303 0.2079
vn -0.5177 0.5209 -0.6787
vn -0.3664 0.5809 -0.7269
vn -0.3023 0.9303 0.2079
vn -0.5177 0.5209 -0.6787
vn -0.2155 -0.4093 -0.8866
vn -0.0641 -0.3494 -0.9348
vn -0.3664 0.5809 -0.7269
vn -0.2155 -0.4093 -0.8866
vn 0.3023 -0.9303 -0.2079
vn 0.3023 -0.9303 -0.2079
vn -0.0641 -0.3494 -0.9348
vn 0.3023 -0.9303 -0.2079
vn 0.5177 -0.5209 0.6787
vn 0.3664 -0.5809 0.7269
vn 0.3023 -0.9303 -0.2079
vn 0.5177 -0.5209 0.6787
vn 0.2155 0.4093 0.8866
vn 0.0641 0.3494 0.9348
vn 0.3664 -0.5809 0.7269
vn 0.2155 0.4093 0.8866
vn -0.3023 0.9303 0.2079
vn -0.3023 0.9303 0.2079
vn 0.0641 0.3494 0.9348
vn -0.3023 0.9303 0.2079
vn -0.3664 0.5809 -0.7269
vn -0.2068 0.6364 -0.7431
vn -0.3023 0.9303 0.2079
vn -0.3664 0.5809 -0.7269
vn -0.0641 -0.3494 -0.9348
vn 0.0955 -0.2939 -0.9511
vn -0.2068 0.6364 -0.7431
vn -0.0641 -0.3494 -0.9348
vn 0.3023 -0.9303 -0.2079
vn 0.3023 -0.9303 -0.2079
vn 0.0955 -0.2939 -0.9511
vn 0.3023 -0.9303 -0.2079
vn 0.3664 -0.5809 0.7269
vn 0.2068 -0.6364 0.7431
vn 0.3023 -0.9303 -0.2079
vn 0.3664 -0.5809 0.7269
vn 0.0641 0.3494 0.9348
vn -0.0955 0.2939 0.9511
vn 0.2068 -0.6364 0.7431
vn 0.0641 0.3494 0.9348
vn -0.3023 0.9303 0.2079
vn -0.3023 0.9303 0.2079
vn -0.0955 0.2939 0.9511
vn -0.3023 0.9303 0.2079
vn -0.2068 0.6364 -0.7431
vn -0.0450 0.6853 -0.7269
vn -0.3023 0.9303 0.2079
vn -0.2068 0.6364 -0.7431
vn 0.0955 -0.2939 -0.9511
vn 0.2572 -0.2450 -0.9348
vn -0.0450 0.6853 -0.7269
vn 0.0955 -0.2939 -0.9511
vn 0.3023 -0.9303 -0.2079
vn 0.3023 -0.9303 -0.2079
vn 0.2572 -0.2450 -0.9348
vn 0.3023 -0.9303 -0.2079
vn 0.2068 -0.6364 0.7431
vn 0.0450 -0.6853 0.7269
vn 0.3023 -0.9303 -0.2079
vn 0.2068 -0.6364 0.7431
vn -0.0955 0.2939 0.9511
vn -0.2572 0.2450 0.9348
vn 0.0450 -0.6853 0.7269
vn -0.0955 0.2939 0.9511
vn -0.3023 0.9303 0.2079
vn -0.3023 0.9303 0.2079
vn -0.2572 0.2450 0.9348
vn -0.3023 0.9303 0.2079
vn -0.0450 0.6853 -0.7269
vn 0.1127 0.7258 -0.6787
vn -0.3023 0.9303 0.2079
vn -0.0450 0.6853 -0.7269
vn 0.2572 -0.2450 -0.9348
vn 0.4149 -0.2045 -0.8866
vn 0.1127 0.7258 -0.6787
vn 0.2572 -0.2450 -0.9348
vn 0.3023 -0.9303 -0.2079
vn 0.3023 -0.9303 -0.2079
vn 0.4149 -0.2045 -0.8866
vn 0.3023 -0.9303 -0.2079
vn 0.0450 -0.6853 0.7269
vn -0.1127 -0.7258 0.6787
vn 0.3023 -0.9303 -0.2079
vn 0.0450 -0.6853 0.7269
vn -0.2572 0.2450 0.9348
vn -0.4149 0.2045 0.8866
vn -0.1127 -0.7258 0.6787
vn -0.2572 0.2450 0.9348
vn -0.3023 0.9303 0.2079
vn -0.3023 0.9303 0.2079
vn -0.4149 0.2045 0.8866
vn -0.3023 0.9303 0.2079
vn 0.1127 0.7258 -0.6787
vn 0.2602 0.7562 -0.6004
vn -0.3023 0.9303 0.2079
vn 0.1127 0.7258 -0.6787
vn 0.4149 -0.2045 -0.8866
vn 0.5625 -0.1741 -0.8083
vn 0.2602 0.7562 -0.6004
vn 0.4149 -0.2045 -0.8866
vn 0.3023 -0.9303 -0.2079
vn 0.3023 -0.9303 -0.2079
vn 0.5625 -0.1741 -0.8083
vn 0.3023 -0.9303 -0.2079
vn -0.1127 -0.7258 0.6787
vn -0.2602 -0.7562 0.6004
vn 0.3023 -0.9303 -0.2079
vn -0.1127 -0.7258 0.6787
vn -0.4149 0.2045 0.8866
vn -0.5625 0.1741 0.8083
vn -0.2602 -0.7562 0.6004
vn -0.4149 0.2045 0.8866
vn -0.3023 0.9303 0.2079
vn -0.3023 0.9303 0.2079
vn -0.5625 0.1741 0.8083
vn -0.3023 0.9303 0.2079
vn 0.2602 0.7562 -0.6004
vn 0.3919 0.7755 -0.4950
vn -0.3023 0.9303 0.2079
vn 0.2602 0.7562 -0.6004
vn 0.5625 -0.1741 -0.8083
vn 0.6942 -0.1548 -0.7029
vn 0.3919 0.7755 -0.4950
vn 0.5625 -0.1741 -0.8083
vn 0.3023 -0.9303 -0.2079
vn 0.3023 -0.9303 -0.2079
vn 0.6942 -0.1548 -0.7029
vn 0.3023 -0.9303 -0.2079
vn -0.2602 -0.7562 0.6004
vn -0.3919 -0.7755 0.4950
vn 0.3023 -0.9303 -0.2079
vn -0.2602 -0.7562 0.6004
vn -0.5625 0.1741 0.8083
vn -0.6942 0.1548 0.7029
vn -0.3919 -0.7755 0.4950
vn -0.5625 0.1741 0.8083
vn -0.3023 0.9303 0.2079
vn -0.3023 0.9303 0.2079
vn -0.6942 0.1548 0.7029
vn -0.3023 0.9303 0.2079
vn 0.3919 0.7755 -0.4950
vn 0.5028 0.7828 -0.3667
vn -0.3023 0.9303 0.2079
vn 0.3919 0.7755 -0.4950
vn 0.6942 -0.1548 -0.7029
vn 0.8051 -0.1475 -0.5746
vn 0.5028 0.7828 -0.3667
vn 0.6942 -0.1548 -0.7029
vn 0.3023 -0.9303 -0.2079
vn 0.3023 -0.9303 -0.2079
vn 0.8051 -0.1475 -0.5746
vn 0.3023 -0.9303 -0.2079
vn -0.3919 -0.7755 0.4950
vn -0.5028 -0.7828 0.3667
vn 0.3023 -0.9303 -0.2079
vn -0.3919 -0.7755 0.4950
vn -0.6942 0.1548 0.7029
vn -0.8051 0.1475 0.5746
vn -0.5028 -0.7828 0.3667
vn -0.6942 0.1548 0.7029
vn -0.3023 0.9303 0.2079
vn -0.3023 0.9303 0.2079
vn -0.8051 0.1475 0.5746
vn -0.3023 0.9303 0.2079
vn 0.5028 0.7828 -0.3667
vn 0.5885 0.7779 -0.2202
vn -0.3023 0.9303 0.2079
vn 0.5028 0.7828 -0.3667
vn 0.8051 -0.1475 -0.5746
vn 0.8908 -0.1524 -0.4281
vn 0.5885 0.7779 -0.2202
vn 0.8051 -0.1475 -0.5746
vn 0.3023 -0.9303 -0.2079
vn 0.3023 -0.9303 -0.2079
vn 0.8908 -0.1524 -0.4281
vn 0.3023 -0.9303 -0.2079
vn -0.5028 -0.7828 0.3667
vn -0.5885 -0.7779 0.2202
vn 0.3023 -0.9303 -0.2079
vn -0.5028 -0.7828 0.3667
vn -0.8051 0.1475 0.5746
vn -0.8908 0.1524 0.4281
vn -0.5885 -0.7779 0.2202
vn -0.8051 0.1475 0.5746
vn -0.3023 0.9303 0.2079
vn -0.3023 0.9303 0.2079
vn -0.8908 0.1524 0.4281
vn -0.3023 0.9303 0.2079
vn 0.5885 0.7779 -0.2202
vn 0.6458 0.7610 -0.0613
vn -0.3023 0.9303 0.2079
vn 0.5885 0.7779 -0.2202
vn 0.8908 -0.1524 -0.4281
vn 0.9481 -0.1693 -0.2692
vn 0.6458 0.7610 -0.0613
vn 0.8908 -0.1524 -0.4281
vn 0.3023 -0.9303 -0.2079
vn 0.3023 -0.9303 -0.2079
vn 0.9481 -0.1693 -0.2692
vn 0.3023 -0.9303 -0.2079
vn -0.5885 -0.7779 0.2202
vn -0.6458 -0.7610 0.0613
vn 0.3023 -0.9303 -0.2079
vn -0.5885 -0.7779 0.2202
vn -0.8908 0.1524 0.4281
vn -0.9481 0.1693 0.2692
vn -0.6458 -0.7610 0.0613
vn -0.8908 0.1524 0.4281
vn -0.3023 0.9303 0.2079
vn -0.3023 0.9303 0.2079
vn -0.9481 0.1693 0.2692
vn -0.3023 0.9303 0.2079
vn 0.6458 0.7610 -0.0613
vn 0.6725 0.7328 0.1040
vn -0.3023 0.9303 0.2079
vn 0.6458 0.7610 -0.0613
vn 0.9481 -0.1693 -0.2692
vn 0.9748 -0.1975 -0.1040
vn 0.6725 0.7328 0.1040
vn 0.9481 -0.1693 -0.2692
vn 0.3023 -0.9303 -0.2079
vn 0.3023 -0.9303 -0.2079
vn 0.9748 -0.1975 -0.1040
vn 0.3023 -0.9303 -0.2079
vn -0.6458 -0.7610 0.0613
vn -0.6725 -0.7328 -0.1040
vn 0.3023 -0.9303 -0.2079
vn -0.6458 -0.7610 0.0613
vn -0.9481 0.1693 0.2692
vn -0.9748 0.1975 0.1040
vn -0.6725 -0.7328 -0.1040
vn -0.9481 0.1693 0.2692
vn -0.3023 0.9303 0.2079
vn -0.3023 0.9303 0.2079
vn -0.9748 0.1975 0.1040
vn -0.3023 0.9303 0.2079
vn 0.6725 0.7328 0.1040
vn 0.6675 0.6942 0.2692
vn -0.3023 0.9303 0.2079
vn 0.6725 0.7328 0.1040
vn 0.9748 -0.1975 -0.1040
vn 0.9698 -0.2361 0.0613
vn 0.6675 0.6942 0.2692
vn 0.9748 -0.1975 -0.1040
vn 0.3023 -0.9303 -0.2079
vn 0.3023 -0.9303 -0.2079
vn 0.9698 -0.2361 0.0613
vn 0.3023 -0.9303 -0.2079
vn -0.6725 -0.7328 -0.1040
vn -0.6675 -0.6942 -0.2692
vn 0.3023 -0.9303 -0.2079
vn -0.6725 -0.7328 -0.1040
vn -0.9748 0.1975 0.1040
vn -0.9698 0.2361 -0.0613
vn -0.6675 -0.6942 -0.2692
vn -0.9748 0.1975 0.1040
vn -0.3023 0.9303 0.2079
vn -0.3023 0.9303 0.2079
vn -0.9698 0.2361 -0.0613
vn -0.3023 0.9303 0.2079
vn 0.6675 0.6942 0.2692
vn 0.6311 0.6468 0.4281
vn -0.3023 0.9303 0.2079
vn 0.6675 0.6942 0.2692
vn 0.9698 -0.2361 0.0613
vn 0.9334 -0.2834 0.2202
vn 0.6311 0.6468 0.4281
vn 0.9698 -0.2361 0.0613
vn 0.3023 -0.9303 -0.2079
vn 0.3023 -0.9303 -0.2079
vn 0.9334 -0.2834 0.2202
vn 0.3023 -0.9303 -0.2079
vn -0.6675 -0.6942 -0.2692
vn -0.6311 -0.6468 -0.4281
vn 0.3023 -0.9303 -0.2079
vn -0.6675 -0.6942 -0.2692
vn -0.9698 0.2361 -0.0613
vn -0.9334 0.2834 -0.2202
vn -0.6311 -0.6468 -0.4281
vn -0.9698 0.2361 -0.0613
vn -0.3023 0.9303 0.2079
vn -0.3023 0.9303 0.2079
vn -0.9334 0.2834 -0.2202
vn -0.3023 0.9303 0.2079
vn 0.6311 0.6468 0.4281
vn 0.5646 0.5925 0.5746
vn -0.3023 0.9303 0.2079
vn 0.6311 0.6468 0.4281
vn 0.9334 -0.2834 0.2202
vn 0.8669 -0.3378 0.3667
vn 0.5646 0.5925 0.5746
vn 0.9334 -0.2834 0.2202
vn 0.3023 -0.9303 -0.2079
vn 0.3023 -0.9303 -0.2079
vn 0.8669 -0.3378 0.3667
vn 0.3023 -0.9303 -0.2079
vn -0.6311 -0.6468 -0.4281
vn -0.5646 -0.5925 -0.5746
vn 0.3023 -0.9303 -0.2079
vn -0.6311 -0.6468 -0.4281
vn -0.9334 0.2834 -0.2202
vn -0.8669 0.3378 -0.3667
vn -0.5646 -0.5925 -0.5746
vn -0.9334 0.2834 -0.2202
vn -0.3023 0.9303 0.2079
vn -0.3023 0.9303 0.2079
vn -0.8669 0.3378 -0.3667
vn -0.3023 0.9303 0.2079
vn 0.5646 0.5925 0.5746
vn 0.4706 0.5333 0.7029
vn -0.3023 0.9303 0.2079
vn 0.5646 0.5925 0.5746
vn 0.8669 -0.3378 0.3667
vn 0.7729 -0.3970 0.4950
vn 0.4706 0.5333 0.7029
vn 0.8669 -0.3378 0.3667
vn 0.3023 -0.9303 -0.2079
vn 0.3023 -0.9303 -0.2079
vn 0.7729 -0.3970 0.4950
vn 0.3023 -0.9303 -0.2079
vn -0.5646 -0.5925 -0.5746
vn -0.4706 -0.5333 -0.7029
vn 0.3023 -0.9303 -0.2079
vn -0.5646 -0.5925 -0.5746
vn -0.8669 0.3378 -0.3667
vn -0.7729 0.3970 -0.4950
vn -0.4706 -0.5333 -0.7029
vn -0.8669 0.3378 -0.3667
vn -0.3023 0.9303 0.2079
vn -0.3023 0.9303 0.2079
vn -0.7729 0.3970 -0.4950
vn -0.3023 0.9303 0.2079
vn 0.4706 0.5333 0.7029
vn 0.3527 0.4714 0.8083
vn -0.3023 0.9303 0.2079
vn 0.4706 0.5333 0.7029
vn 0.7729 -0.3970 0.4950
vn 0.6550 -0.4588 0.6004
vn 0.3527 0.4714 0.8083
vn 0.7729 -0.3970 0.4950
vn 0.3023 -0.9303 -0.2079
vn 0.3023 -0.9303 -0.2079
vn 0.6550 -0.4588 0.6004
vn 0.3023 -0.9303 -0.2079
vn -0.4706 -0.5333 -0.7029
vn -0.3527 -0.4714 -0.8083
vn 0.3023 -0.9303 -0.2079
vn -0.4706 -0.5333 -0.7029
vn -0.7729 0.3970 -0.4950
vn -0.6550 0.4588 -0.6004
vn -0.3527 -0.4714 -0.8083
vn -0.7729 0.3970 -0.4950
vn -0.3023 0.9303 0.2079
vn -0.3023 0.9303 0.2079
vn -0.6550 0.4588 -0.6004
vn -0.3023 0.9303 0.2079
vn 0.3527 0.4714 0.8083
vn 0.2155 0.4093 0.8866
vn -0.3023 0.9303 0.2079
vn 0.3527 0.4714 0.8083
vn 0.6550 -0.4588 0.6004
vn 0.5177 -0.5209 0.6787
vn 0.2155 0.4093 0.8866
vn 0.6550 -0.4588 0.6004
vn 0.3023 -0.9303 -0.2079
vn 0.3023 -0.9303 -0.2079
vn 0.5177 -0.5209 0.6787
vn 0.3023 -0.9303 -0.2079
vn -0.3527 -0.4714 -0.8083
vn -0.2155 -0.4093 -0.8866
vn 0.3023 -0.9303 -0.2079
vn -0.3527 -0.4714 -0.8083
vn -0.6550 0.4588 -0.6004
vn -0.5177 0.5209 -0.6787
vn -0.2155 -0.4093 -0.8866
vn -0.6550 0.4588 -0.6004
vn -0.3023 0.9303 0.2079
vn -0.3023 0.9303 0.2079
vn -0.5177 0.5209 -0.6787
vn -0.3023 0.9303 0.2079
vn 0.2155 0.4093 0.8866
vn 0.0641 0.3494 0.9348
vn -0.3023 0.9303 0.2079
vn 0.2155 0.4093 0.8866
vn 0.5177 -0.5209 0.6787
vn 0.3664 -0.5809 0.7269
vn 0.0641 0.3494 0.9348
vn 0.5177 -0.5209 0.6787
vn 0.3023 -0.9303 -0.2079
vn 0.3023 -0.9303 -0.2079
vn 0.3664 -0.5809 0.7269
vn 0.3023 -0.9303 -0.2079
vn -0.2155 -0.4093 -0.8866
vn -0.0641 -0.3494 -0.9348
vn 0.3023 -0.9303 -0.2079
vn -0.2155 -0.4093 -0.8866
vn -0.5177 0.5209 -0.6787
vn -0.3664 0.5809 -0.7269
vn -0.0641 -0.3494 -0.9348
vn -0.5177 0.5209 -0.6787
vn -0.3023 0.9303 0.2079
vn -0.3023 0.9303 0.2079
vn -0.3664 0.5809 -0.7269
vn -0.3023 0.9303 0.2079
vn 0.0641 0.3494 0.9348
vn -0.0955 0.2939 0.9511
vn -0.3023 0.9303 0.2079
vn 0.0641 0.3494 0.9348
vn 0.3664 -0.5809 0.7269
vn 0.2068 -0.6364 0.7431
vn -0.0955 0.2939 0.9511
vn 0.3664 -0.5809 0.7269
vn 0.3023 -0.9303 -0.2079
vn 0.3023 -0.9303 -0.2079
vn 0.2068 -0.6364 0.7431
vn 0.3023 -0.9303 -0.2079
vn -0.0641 -0.3494 -0.9348
vn 0.0955 -0.2939 -0.9511
vn 0.3023 -0.9303 -0.2079
vn -0.0641 -0.3494 -0.9348
vn -0.3664 0.5809 -0.7269
vn -0.2068 0.6364 -0.7431
vn 0.0955 -0.2939 -0.9511
vn -0.3664 0.5809 -0.7269
vn -0.3023 0.9303 0.2079
vn -0.3023 0.9303 0.2079
vn -0.2068 0.6364 -0.7431
vn -0.3023 0.9303 0.2079
vn -0.0955 0.2939 0.9511
vn -0.2572 0.2450 0.9348
vn -0.3023 0.9303 0.2079
vn -0.0955 0.2939 0.9511
vn 0.2068 -0.6364 0.7431
vn 0.0450 -0.6853 0.7269
vn -0.2572 0.2450 0.9348
vn 0.2068 -0.6364 0.7431
vn 0.3023 -0.9303 -0.2079
vn 0.3023 -0.9303 -0.2079
vn 0.0450 -0.6853 0.7269
vn 0.3023 -0.9303 -0.2079
vn 0.0955 -0.2939 -0.9511
vn 0.2572 -0.2450 -0.9348
vn 0.3023 -0.9303 -0.2079
vn 0.0955 -0.2939 -0.9511
vn -0.2068 0.6364 -0.7431
vn -0.0450 0.6853 -0.7269
vn 0.2572 -0.2450 -0.9348
vn -0.2068 0.6364 -0.7431
vn -0.3023 0.9303 0.2079
vn -0.3023 0.9303 0.2079
vn -0.0450 0.6853 -0.7269
vn -0.3023 0.9303 0.2079
vn -0.2572 0.2450 0.9348
vn -0.4149 0.2045 0.8866
vn -0.3023 0.9303 0.2079
vn -0.2572 0.2450 0.9348
vn 0.0450 -0.6853 0.7269
vn -0.1127 -0.7258 0.6787
vn -0.4149 0.2045 0.8866
vn 0.0450 -0.6853 0.7269
vn 0.3023 -0.9303 -0.2079
vn 0.3023 -0.9303 -0.2079
vn -0.1127 -0.7258 0.6787
vn 0.3023 -0.9303 -0.2079
vn 0.2572 -0.2450 -0.9348
vn 0.4149 -0.2045 -0.8866
vn 0.3023 -0.9303 -0.2079
vn 0.2572 -0.2450 -0.9348
vn -0.0450 0.6853 -0.7269
vn 0.1127 0.7258 -0.6787
vn 0.4149 -0.2045 -0.8866
vn -0.0450 0.6853 -0.7269
vn -0.3023 0.9303 0.2079
vn -0.3023 0.9303 0.2079
vn 0.1127 0.7258 -0.6787
vn -0.3023 0.9303 0.2079
vn -0.4149 0.2045 0.8866
vn -0.5625 0.1741 0.8083
vn -0.3023 0.9303 0.2079
vn -0.4149 0.2045 0.8866
vn -0.1127 -0.7258 0.6787
vn -0.2602 -0.7562 0.6004
vn -0.5625 0.1741 0.8083
vn -0.1127 -0.7258 0.6787
vn 0.3023 -0.9303 -0.2079
vn 0.3023 -0.9303 -0.2079
vn -0.2602 -0.7562 0.6004
vn 0.3023 -0.9303 -0.2079
vn 0.4149 -0.2045 -0.8866
vn 0.5625 -0.1741 -0.8083
vn 0.3023 -0.9303 -0.2079
vn 0.4149 -0.2045 -0.8866
vn 0.1127 0.7258 -0.6787
vn 0.2602 0.7562 -0.6004
vn 0.5625 -0.1741 -0.8083
vn 0.1127 0.7258 -0.6787
vn -0.3023 0.9303 0.2079
vn -0.3023 0.9303 0.2079
vn 0.2602 0.7562 -0.6004
vn -0.3023 0.9303 0.2079
vn -0.5625 0.1741 0.8083
vn -0.6942 0.1548 0.7029
vn -0.3023 0.9303 0.2079
vn -0.5625 0.1741 0.8083
vn -0.2602 -0.7562 0.6004
vn -0.3919 -0.7755 0.4950
vn -0.6942 0.1548 0.7029
vn -0.2602 -0.7562 0.6004
vn 0.3023 -0.9303 -0.2079
vn 0.3023 -0.9303 -0.2079
vn -0.3919 -0.7755 0.4950
vn 0.3023 -0.9303 -0.2079
vn 0.5625 -0.1741 -0.8083
vn 0.6942 -0.1548 -0.7029
vn 0.3023 -0.9303 -0.2079
vn 0.5625 -0.1741 -0.8083
vn 0.2602 0.7562 -0.6004
vn 0.3919 0.7755 -0.4950
vn 0.6942 -0.1548 -0.7029
vn 0.2602 0.7562 -0.6004
vn -0.3023 0.9303 0.2079
vn -0.3023 0.9303 0.2079
vn 0.3919 0.7755 -0.4950
vn -0.3023 0.9303 0.2079
vn -0.6942 0.1548 0.7029
vn -0.8051 0.1475 0.5746
vn -0.3023 0.9303 0.2079
vn -0.6942 0.1548 0.7029
vn -0.3919 -0.7755 0.4950
vn -0.5028 -0.7828 0.3667
vn -0.8051 0.1475 0.5746
vn -0.3919 -0.7755 0.4950
vn 0.3023 -0.9303 -0.2079
vn 0.3023 -0.9303 -0.2079
vn -0.5028 -0.7828 0.3667
vn 0.3023 -0.9303 -0.2079
vn 0.6942 -0.1548 -0.7029
vn 0.8051 -0.1475 -0.5746
vn 0.3023 -0.9303 -0.2079
vn 0.6942 -0.1548 -0.7029
vn 0.3919 0.7755 -0.4950
vn 0.5028 0.7828 -0.3667
vn 0.8051 -0.1475 -0.5746
vn 0.3919 0.7755 -0.4950
vn -0.3023 0.9303 0.2079
vn -0.3023 0.9303 0.2079
vn 0.5028 0.7828 -0.3667
vn -0.3023 0.9303 0.2079
vn -0.8051 0.1475 0.5746
vn -0.8908 0.1524 0.4281
vn -0.3023 0.9303 0.2079
vn -0.8051 0.1475 0.5746
vn -0.5028 -0.7828 0.3667
vn -0.5885 -0.7779 0.2202
vn -0.8908 0.1524 0.4281
vn -0.5028 -0.7828 0.3667
vn 0.3023 -0.9303 -0.2079
vn 0.3023 -0.9303 -0.2079
vn -0.5885 -0.7779 0.2202
vn 0.3023 -0.9303 -0.2079
vn 0.8051 -0.1475 -0.5746
vn 0.8908 -0.1524 -0.4281
vn 0.3023 -0.9303 -0.2079
vn 0.8051 -0.1475 -0.5746
vn 0.5028 0.7828 -0.3667
vn 0.5885 0.7779 -0.2202
vn 0.8908 -0.1524 -0.4281
vn 0.5028 0.7828 -0.3667
vn -0.3023 0.9303 0.2079
vn -0.3023 0.9303 0.2079
vn 0.5885 0.7779 -0.2202
vn -0.3023 0.9303 0.2079
vn -0.8908 0.1524 0.4281
vn -0.9481 0.1693 0.2692
vn -0.3023 0.9303 0.2079
vn -0.8908 0.1524 0.4281
vn -0.5885 -0.7779 0.2202
vn -0.6458 -0.7610 0.0613
vn -0.9481 0.1693 0.2692
vn -0.5885 -0.7779 0.2202
vn 0.3023 -0.9303 -0.2079
vn 0.3023 -0.9303 -0.2079
vn -0.6458 -0.7610 0.0613
vn 0.3023 -0.9303 -0.2079
vn 0.8908 -0.1524 -0.4281
vn 0.9481 -0.1693 -0.2692
vn 0.3023 -0.9303 -0.2079
vn 0.8908 -0.1524 -0.4281
vn 0.5885 0.7779 -0.2202
vn 0.6458 0.7610 -0.0613
vn 0.9481 -0.1693 -0.2692
vn 0.5885 0.7779 -0.2202
vn -0.3023 0.9303 0.2079
vn -0.3023 0.9303 0.2079
vn 0.6458 0.7610 -0.0613
vn -0.3023 0.9303 0.2079
vn -0.9481 0.1693 0.2692
vn -0.9654 0.1820 0.1870
vn -0.3023 0.9303 0.2079
vn -0.9481 0.1693 0.2692
vn -0.6458 -0.7610 0.0613
vn -0.6631 -0.7482 -0.0209
vn -0.9654 0.1820 0.1870
vn -0.6458 -0.7610 0.0613
vn 0.3023 -0.9303 -0.2079
vn 0.3023 -0.9303 -0.2079
vn -0.6631 -0.7482 -0.0209
vn 0.3023 -0.9303 -0.2079
vn 0.9481 -0.1693 -0.2692
vn 0.9654 -0.1820 -0.1870
vn 0.3023 -0.9303 -0.2079
vn 0.9481 -0.1693 -0.2692
vn 0.6458 0.7610 -0.0613
vn 0.6631 0.7482 0.0209
vn 0.9654 -0.1820 -0.1870
vn 0.6458 0.7610 -0.0613
vn -0.3023 0.9303 0.2079
vn -0.3023 0.9303 0.2079
vn 0.6631 0.7482 0.0209
vn 0.6683 0.3267 0.6683
vn 0.6683 0.3267 0.6683
vn 0.6683 0.3267 0.6683
vn 0.6683 -0.3267 0.6683
vn 0.6683 -0.3267 0.6683
vn 0.6683 -0.3267 0.6683
vn -0.6683 0.3267 0.6683
vn -0.6683 0.3267 0.6683
vn -0.6683 0.3267 0.6683
vn -0.6683 -0.3267 0.6683
vn -0.6683 -0.3267 0.6683
vn -0.6683 -0.3267 0.6683
vn -0.6683 0.3267 -0.6683
vn -0.6683 0.3267 -0.6683
vn -0.6683 0.3267 -0.6683
vn -0.6683 -0.3267 -0.6683
vn -0.6683 -0.3267 -0.6683
vn -0.6683 -0.3267 -0.6683
vn 0.6683 0.3267 -0.6683
vn 0.6683 0.3267 -0.6683
vn 0.6683 0.3267 -0.6683
vn 0.6683 -0.3267 -0.6683
vn 0.6683 -0.3267 -0.6683
vn 0.6683 -0.3267 -0.6683
vn 0.6683 0.3267 0.6683
vn 0.6683 0.3267 0.6683
vn 0.6683 0.3267 0.6683
vn 0.6683 -0.3267 0.6683
vn 0.6683 -0.3267 0.6683
vn 0.6683 -0.3267 0.6683
vn -0.6683 0.3267 0.6683
vn -0.6683 0.3267 0.6683
vn -0.6683 0.3267 0.6683
vn -0.6683 -0.3267 0.6683
vn -0.6683 -0.3267 0.6683
vn -0.6683 -0.3267 0.6683
vn -0.6683 0.3267 -0.6683
vn -0.6683 0.3267 -0.6683
vn -0.6683 0.3267 -0.6683
vn -0.6683 -0.3267 -0.6683
vn -0.6683 -0.3267 -0.6683
vn -0.6683 -0.3267 -0.6683
vn 0.6683 0.3267 -0.6683
vn 0.6683 0.3267 -0.6683
vn 0.6683 0.3267 -0.6683
vn 0.6683 -0.3267 -0.6683
vn 0.6683 -0.3267 -0.6683
vn 0.6683 -0.3267 -0.6683
vn 0.6683 0.3267 0.6683
vn 0.6683 0.3267 0.6683
vn 0.6683 0.3267 0.6683
vn 0.6683 -0.3267 0.6683
vn 0.6683 -0.3267 0.6683
vn 0.6683 -0.3267 0.6683
vn -0.6683 0.3267 0.6683
vn -0.6683 0.3267 0.6683
vn -0.6683 0.3267 0.6683
vn -0.6683 -0.3267 0.6683
vn -0.6683 -0.3267 0.6683
vn -0.6683 -0.3267 0.6683
vn -0.6683 0.3267 -0.6683
vn -0.6683 0.3267 -0.6683
vn -0.6683 0.3267 -0.6683
vn -0.6683 -0.3267 -0.6683
vn -0.6683 -0.3267 -0.6683
vn -0.6683 -0.3267 -0.6683
vn 0.6683 0.3267 -0.6683
vn 0.6683 0.3267 -0.6683
vn 0.6683 0.3267 -0.6683
vn 0.6683 -0.3267 -0.6683
vn 0.6683 -0.3267 -0.6683
vn 0.6683 -0.3267 -0.6683
vn -0.9615 0.2747 0.0000
vn -0.2971 0.0849 -0.9511
vn -0.3066 0.0383 -0.9511
vn -0.9923 0.1240 0.0000
vn -0.2971 0.0849 -0.9511
vn 0.7779 -0.2223 -0.5878
vn 0.8028 -0.1003 -0.5878
vn -0.3066 0.0383 -0.9511
vn 0.7779 -0.2223 -0.5878
vn 0.7779 -0.2223 0.5878
vn 0.8028 -0.1003 0.5878
vn 0.8028 -0.1003 -0.5878
vn 0.7779 -0.2223 0.5878
vn -0.2971 0.0849 0.9511
vn -0.3066 0.0383 0.9511
vn 0.8028 -0.1003 0.5878
vn -0.2971 0.0849 0.9511
vn -0.9615 0.2747 0.0000
vn -0.9923 0.1240 0.0000
vn -0.3066 0.0383 0.9511
vn -0.9923 0.1240 0.0000
vn -0.3066 0.0383 -0.9511
vn -0.3075 -0.0307 -0.9511
vn -0.9950 -0.0995 0.0000
vn -0.3066 0.0383 -0.9511
vn 0.8028 -0.1003 -0.5878
vn 0.8050 0.0805 -0.5878
vn -0.3075 -0.0307 -0.9511
vn 0.8028 -0.1003 -0.5878
vn 0.8028 -0.1003 0.5878
vn 0.8050 0.0805 0.5878
vn 0.8050 0.0805 -0.5878
vn 0.8028 -0.1003 0.5878
vn -0.3066 0.0383 0.9511
vn -0.3075 -0.0307 0.9511
vn 0.8050 0.0805 0.5878
vn -0.3066 0.0383 0.9511
vn -0.9923 0.1240 0.0000
vn -0.9950 -0.0995 0.0000
vn -0.3075 -0.0307 0.9511
vn 0.2747 0.9615 0.0000
vn 0.2747 0.9615 0.0000
vn 0.2747 0.9615 0.0000
vn 0.2747 0.9615 0.0000
vn 0.2747 0.9615 0.0000
vn 0.0995 -0.9950 0.0000
vn 0.0995 -0.9950 0.0000
vn 0.0995 -0.9950 0.0000
vn 0.0995 -0.9950 0.0000
vn 0.0995 -0.9950 0.0000
vn 0.6622 0.3506 0.6622
vn 0.6622 0.3506 0.6622
vn 0.6622 0.3506 0.6622
vn 0.6622 -0.3506 0.6622
vn 0.6622 -0.3506 0.6622
vn 0.6622 -0.3506 0.6622
vn -0.6622 0.3506 0.6622
vn -0.6622 0.3506 0.6622
vn -0.6622 0.3506 0.6622
vn -0.6622 -0.3506 0.6622
vn -0.6622 -0.3506 0.6622
vn -0.6622 -0.3506 0.6622
vn -0.6622 0.3506 -0.6622
vn -0.6622 0.3506 -0.6622
vn -0.6622 0.3506 -0.6622
vn -0.6622 -0.3506 -0.6622
vn -0.6622 -0.3506 -0.6622
vn -0.6622 -0.3506 -0.6622
vn 0.6622 0.3506 -0.6622
vn 0.6622 0.3506 -0.6622
vn 0.6622 0.3506 -0.6622
vn 0.6622 -0.3506 -0.6622
vn 0.6622 -0.3506 -0.6622
vn 0.6622 -0.3506 -0.6622
vn -0.9615 -0.2747 0.0000
vn -0.2971 -0.0849 -0.9511
vn -0.3066 -0.0383 -0.9511
vn -0.9923 -0.1240 0.0000
vn -0.2971 -0.0849 -0.9511
vn 0.7779 0.2223 -0.5878
vn 0.8028 0.1003 -0.5878
vn -0.3066 -0.0383 -0.9511
vn 0.7779 0.2223 -0.5878
vn 0.7779 0.2223 0.5878
vn 0.8028 0.1003 0.5878
vn 0.8028 0.1003 -0.5878
vn 0.7779 0.2223 0.5878
vn -0.2971 -0.0849 0.9511
vn -0.3066 -0.0383 0.9511
vn 0.8028 0.1003 0.5878
vn -0.2971 -0.0849 0.9511
vn -0.9615 -0.2747 0.0000
vn -0.9923 -0.1240 0.0000
vn -0.3066 -0.0383 0.9511
vn -0.9923 -0.1240 0.0000
vn -0.3066 -0.0383 -0.9511
vn -0.3075 0.0307 -0.9511
vn -0.9950 0.0995 0.0000
vn -0.3066 -0.0383 -0.9511
vn 0.8028 0.1003 -0.5878
vn 0.8050 -0.0805 -0.5878
vn -0.3075 0.0307 -0.9511
vn 0.8028 0.1003 -0.5878
vn 0.8028 0.1003 0.5878
vn 0.8050 -0.0805 0.5878
vn 0.8050 -0.0805 -0.5878
vn 0.8028 0.1003 0.5878
vn -0.3066 -0.0383 0.9511
vn -0.3075 0.0307 0.9511
vn 0.8050 -0.0805 0.5878
vn -0.3066 -0.0383 0.9511
vn -0.9923 -0.1240 0.0000
vn -0.9950 0.0995 0.0000
vn -0.3075 0.0307 0.9511
vn -0.2747 0.9615 0.0000
vn -0.2747 0.9615 0.0000
vn -0.2747 0.9615 0.0000
vn -0.2747 0.9615 0.0000
vn -0.2747 0.9615 0.0000
vn -0.0995 -0.9950 0.0000
vn -0.0995 -0.9950 0.0000
vn -0.0995 -0.9950 0.0000
vn -0.0995 -0.9950 0.0000
vn -0.0995 -0.9950 0.0000
vn 0.6622 0.3506 0.6622
vn 0.6622 0.3506 0.6622
vn 0.6622 0.3506 0.6622
vn 0.6622 -0.3506 0.6622
vn 0.6622 -0.3506 0.6622
vn 0.6622 -0.3506 0.6622
vn -0.6622 0.3506 0.6622
vn -0.6622 0.3506 0.6622
vn -0.6622 0.3506 0.6622
vn -0.6622 -0.3506 0.6622
vn -0.6622 -0.3506 0.6622
vn -0.6622 -0.3506 0.6622
vn -0.6622 0.3506 -0.6622
vn -0.6622 0.3506 -0.6622
vn -0.6622 0.3506 -0.6622
vn -0.6622 -0.3506 -0.6622
vn -0.6622 -0.3506 -0.6622
vn -0.6622 -0.3506 -0.6622
vn 0.6622 0.3506 -0.6622
vn 0.6622 0.3506 -0.6622
vn 0.6622 0.3506 -0.6622
vn 0.6622 -0.3506 -0.6622
vn 0.6622 -0.3506 -0.6622
vn 0.6622 -0.3506 -0.6622
vn 0.0000 0.0000 1.0000
vn 0.0000 0.0000 1.0000
vn 0.0000 0.0000 1.0000
vn 0.0000 0.0000 1.0000
vn 0.0000 0.0000 -1.0000
vn 0.0000 0.0000 -1.0000
vn 0.0000 0.0000 -1.0000
vn 0.0000 0.0000 -1.0000
vn 0.0000 0.0000 1.0000
vn 0.0000 0.0000 1.0000
vn 0.0000 0.0000 1.0000
vn 0.0000 0.0000 1.0000
vn 0.0000 0.0000 -1.0000
vn 0.0000 0.0000 -1.0000
vn 0.0000 0.0000 -1.0000
vn 0.0000 0.0000 -1.0000
vn 0.0000 0.0000 1.0000
vn 0.0000 0.0000 1.0000
vn 0.0000 0.0000 1.0000
vn 0.0000 0.0000 1.0000
vn 0.0000 0.0000 -1.0000
vn 0.0000 0.0000 -1.0000
vn 0.0000 0.0000 -1.0000
vn 0.0000 0.0000 -1.0000
vn 0.0000 0.0000 1.0000
vn 0.0000 0.0000 1.0000
vn 0.0000 0.0000 1.0000
vn 0.0000 0.0000 1.0000
vn 0.0000 0.0000 -1.0000
vn 0.0000 0.0000 -1.0000
vn 0.0000 0.0000 -1.0000
vn 0.0000 0.0000 -1.0000
vn 0.0000 0.0000 1.0000
vn 0.0000 0.0000 1.0000
vn 0.0000 0.0000 1.0000
vn 0.0000 0.0000 1.0000
vn 0.0000 0.0000 -1.0000
vn 0.0000 0.0000 -1.0000
vn 0.0000 0.0000 -1.0000
vn 0.0000 0.0000 -1.0000
vn 0.0000 0.0000 1.0000
vn 0.0000 0.0000 1.0000
vn 0.0000 0.0000 1.0000
vn 0.0000 0.0000 1.0000
vn 0.0000 0.0000 -1.0000
vn 0.0000 0.0000 -1.0000
vn 0.0000 0.0000 -1.0000
vn 0.0000 0.0000 -1.0000
vn 0.0000 0.0000 1.0000
vn 0.0000 0.0000 1.0000
vn 0.0000 0.0000 1.0000
vn 0.0000 0.0000 1.0000
vn 0.0000 0.0000 -1.0000
vn 0.0000 0.0000 -1.0000
vn 0.0000 0.0000 -1.0000
vn 0.0000 0.0000 -1.0000
vn 0.0000 0.0000 1.0000
vn 0.0000 0.0000 1.0000
vn 0.0000 0.0000 1.0000
vn 0.0000 0.0000 1.0000
vn 0.0000 0.0000 -1.0000
vn 0.0000 0.0000 -1.0000
vn 0.0000 0.0000 -1.0000
vn 0.0000 0.0000 -1.0000
vn 0.0000 0.0000 1.0000
vn 0.0000 0.0000 1.0000
vn 0.0000 0.0000 1.0000
vn 0.0000 0.0000 1.0000
vn 0.0000 0.0000 -1.0000
vn 0.0000 0.0000 -1.0000
vn 0.0000 0.0000 -1.0000
vn 0.0000 0.0000 -1.0000
vn 0.0000 0.0000 1.0000
vn 0.0000 0.0000 1.0000
vn 0.0000 0.0000 1.0000
vn 0.0000 0.0000 1.0000
vn 0.0000 0.0000 -1.0000
vn 0.0000 0.0000 -1.0000
vn 0.0000 0.0000 -1.0000
vn 0.0000 0.0000 -1.0000
usemtl gold
f 1/1/1 2/2/2 3/3/3
f 4/4/4 5/5/5 6/6/6 7/7/7
f 8/8/8 9/9/9 10/10/10 11/11/11
f 12/12/12 13/13/13 14/14/14 15/15/15
f 16/16/16 17/17/17 18/18/18
f 19/19/19 20/20/20 21/21/21 22/22/22
f 23/23/23 24/24/24 25/25/25 26/26/26
f 27/27/27 28/28/28 29/29/29 30/30/30
f 31/31/31 32/32/32 33/33/33
f 34/34/34 35/35/35 36/36/36 37/37/37
f 38/38/38 39/39/39 40/40/40 41/41/41
f 42/42/42 43/43/43 44/44/44 45/45/45
f 46/46/46 47/47/47 48/48/48
f 49/49/49 50/50/50 51/51/51 52/52/52
f 53/53/53 54/54/54 55/55/55 56/56/56
f 57/57/57 58/58/58 59/59/59 60/60/60
f 61/61/61 62/62/62 63/63/63
f 64/64/64 65/65/65 66/66/66 67/67/67
f 68/68/68 69/69/69 70/70/70 71/71/71
f 72/72/72 73/73/73 74/74/74 75/75/75
f 76/76/76 77/77/77 78/78/78
f 79/79/79 80/80/80 81/81/81 82/82/82
f 83/83/83 84/84/84 85/85/85 86/86/86
f 87/87/87 88/88/88 89/89/89 90/90/90
f 91/91/91 92/92/92 93/93/93
f 94/94/94 95/95/95 96/96/96 97/97/97
f 98/98/98 99/99/99 100/100/100 101/101/101
f 102/102/102 103/103/103 104/104/104 105/105/105
f 106/106/106 107/107/107 108/108/108
f 109/109/109 110/110/110 111/111/111 112/112/112
f 113/113/113 114/114/114 115/115/115 116/116/116
f 117/117/117 118/118/118 119/119/119 120/120/120
f 121/121/121 122/122/122 123/123/123
f 124/124/124 125/125/125 126/126/126 127/127/127
f 128/128/128 129/129/129 130/130/130 131/131/131
f 132/132/132 133/133/133 134/134/134 135/135/135
f 136/136/136 137/137/137 138/138/138
f 139/139/139 140/140/140 141/141/141 142/142/142
f 143/143/143 144/144/144 145/145/145 146/146/146
f 147/147/147 148/148/148 149/149/149 150/150/150
f 151/151/151 152/152/152 153/153/153
f 154/154/154 155/155/155 156/156/156 157/157/157
f 158/158/158 159/159/159 160/160/160 161/161/161
f 162/162/162 163/163/163 164/164/164 165/165/165
f 166/166/166 167/167/167 168/168/168
f 169/169/169 170/170/170 171/171/171 172/172/172
f 173/173/173 174/174/174 175/175/175 176/176/176
f 177/177/177 178/178/178 179/179/179 180/180/180
usemtl ivory
f 181/181/181 182/182/182 183/183/183 184/184/184
f 185/185/185 186/186/186 187/187/187 188/188/188
f 189/189/189 190/190/190 191/191/191 192/192/192
f 193/193/193 194/194/194 195/195/195 196/196/196
f 197/197/197 198/198/198 199/199/199 200/200/200
f 201/201/201 202/202/202 203/203/203 204/204/204
f 205/205/205 206/206/206 207/207/207 208/208/208
f 209/209/209 210/210/210 211/211/211 212/212/212
f 213/213/213 214/214/214 215/215/215 216/216/216
f 217/217/217 218/218/218 219/219/219 220/220/220
f 221/221/221 222/222/222 223/223/223 224/224/224
f 225/225/225 226/226/226 227/227/227 228/228/228
f 229/229/229 230/230/230 231/231/231 232/232/232
f 233/233/233 234/234/234 235/235/235 236/236/236
f 237/237/237 238/238/238 239/239/239 240/240/240
f 241/241/241 242/242/242 243/243/243 244/244/244
f 245/245/245 246/246/246 247/247/247 248/248/248
f 249/249/249 250/250/250 251/251/251 252/252/252
f 253/253/253 254/254/254 255/255/255 256/256/256
f 257/257/257 258/258/258 259/259/259 260/260/260
f 261/261/261 262/262/262 263/263/263 264/264/264
f 265/265/265 266/266/266 267/267/267 268/268/268
f 269/269/269 270/270/270 271/271/271 272/272/272
f 273/273/273 274/274/274 275/275/275 276/276/276
f 277/277/277 278/278/278 279/279/279 280/280/280
f 281/281/281 282/282/282 283/283/283 284/284/284
f 285/285/285 286/286/286 287/287/287 288/288/288
f 289/289/289 290/290/290 291/291/291 292/292/292
f 293/293/293 294/294/294 295/295/295 296/296/296
f 297/297/297 298/298/298 299/299/299 300/300/300
f 301/301/301 302/302/302 303/303/303 304/304/304
f 305/305/305 306/306/306 307/307/307 308/308/308
f 309/309/309 310/310/310 311/311/311 312/312/312
f 313/313/313 314/314/314 315/315/315 316/316/316
f 317/317/317 318/318/318 319/319/319 320/320/320
f 321/321/321 322/322/322 323/323/323 324/324/324
f 325/325/325 326/326/326 327/327/327 328/328/328
f 329/329/329 330/330/330 331/331/331 332/332/332
f 333/333/333 334/334/334 335/335/335 336/336/336
f 337/337/337 338/338/338 339/339/339 340/340/340
f 341/341/341 342/342/342 343/343/343 344/344/344
f 345/345/345 346/346/346 347/347/347 348/348/348
f 349/349/349 350/350/350 351/351/351 352/352/352
f 353/353/353 354/354/354 355/355/355 356/356/356
f 357/357/357 358/358/358 359/359/359 360/360/360
f 361/361/361 362/362/362 363/363/363 364/364/364
f 365/365/365 366/366/366 367/367/367 368/368/368
f 369/369/369 370/370/370 371/371/371 372/372/372
f 373/373/373 374/374/374 375/375/375 376/376/376
f 377/377/377 378/378/378 379/379/379 380/380/380
f 381/381/381 382/382/382 383/383/383 384/384/384
f 385/385/385 386/386/386 387/387/387 388/388/388
f 389/389/389 390/390/390 391/391/391 392/392/392
f 393/393/393 394/394/394 395/395/395 396/396/396
f 397/397/397 398/398/398 399/399/399 400/400/400
f 401/401/401 402/402/402 403/403/403 404/404/404
usemtl leather
f 405/405/405 406/406/406 407/407/407 408/408/408
f 409/409/409 410/410/410 411/411/411 412/412/412
f 413/413/413 414/414/414 415/415/415 416/416/416
f 417/417/417 418/418/418 419/419/419 420/420/420
f 421/421/421 422/422/422 423/423/423 424/424/424
f 425/425/425 426/426/426 427/427/427 428/428/428
f 429/429/429 430/430/430 431/431/431 432/432/432
f 433/433/433 434/434/434 435/435/435 436/436/436
f 437/437/437 438/438/438 439/439/439 440/440/440
f 441/441/441 442/442/442 443/443/443 444/444/444
f 445/445/445 446/446/446 447/447/447 448/448/448
f 449/449/449 450/450/450 451/451/451 452/452/452
f 453/453/453 454/454/454 455/455/455 456/456/456
f 457/457/457 458/458/458 459/459/459 460/460/460
f 461/461/461 462/462/462 463/463/463 464/464/464
f 465/465/465 466/466/466 467/467/467 468/468/468
f 469/469/469 470/470/470 471/471/471 472/472/472
f 473/473/473 474/474/474 475/475/475 476/476/476
f 477/477/477 478/478/478 479/479/479 480/480/480
f 481/481/481 482/482/482 483/483/483 484/484/484
f 485/485/485 486/486/486 487/487/487 488/488/488
f 489/489/489 490/490/490 491/491/491 492/492/492
f 493/493/493 494/494/494 495/495/495 496/496/496
f 497/497/497 498/498/498 499/499/499 500/500/500
f 501/501/501 502/502/502 503/503/503 504/504/504
f 505/505/505 506/506/506 507/507/507 508/508/508
f 509/509/509 510/510/510 511/511/511 512/512/512
f 513/513/513 514/514/514 515/515/515 516/516/516
f 517/517/517 518/518/518 519/519/519 520/520/520
f 521/521/521 522/522/522 523/523/523 524/524/524
f 525/525/525 526/526/526 527/527/527 528/528/528
f 529/529/529 530/530/530 531/531/531 532/532/532
f 533/533/533 534/534/534 535/535/535 536/536/536
f 537/537/537 538/538/538 539/539/539 540/540/540
f 541/541/541 542/542/542 543/543/543 544/544/544
f 545/545/545 546/546/546 547/547/547 548/548/548
f 549/549/549 550/550/550 551/551/551 552/552/552
f 553/553/553 554/554/554 555/555/555 556/556/556
f 557/557/557 558/558/558 559/559/559 560/560/560
f 561/561/561 562/562/562 563/563/563 564/564/564
f 565/565/565 566/566/566 567/567/567 568/568/568
f 569/569/569 570/570/570 571/571/571 572/572/572
usemtl gold
f 573/573/573 574/574/574 575/575/575 576/576/576
f 577/577/577 578/578/578 579/579/579 580/580/580
f 581/581/581 582/582/582 583/583/583 584/584/584
f 585/585/585 586/586/586 587/587/587 588/588/588
f 589/589/589 590/590/590 591/591/591 592/592/592
f 593/593/593 594/594/594 595/595/595 596/596/596
f 597/597/597 598/598/598 599/599/599 600/600/600
f 601/601/601 602/602/602 603/603/603 604/604/604
f 605/605/605 606/606/606 607/607/607 608/608/608
f 609/609/609 610/610/610 611/611/611 612/612/612
f 613/613/613 614/614/614 615/615/615 616/616/616
f 617/617/617 618/618/618 619/619/619 620/620/620
f 621/621/621 622/622/622 623/623/623 624/624/624
f 625/625/625 626/626/626 627/627/627 628/628/628
f 629/629/629 630/630/630 631/631/631 632/632/632
f 633/633/633 634/634/634 635/635/635 636/636/636
f 637/637/637 638/638/638 639/639/639 640/640/640
f 641/641/641 642/642/642 643/643/643 644/644/644
f 645/645/645 646/646/646 647/647/647 648/648/648
f 649/649/649 650/650/650 651/651/651 652/652/652
f 653/653/653 654/654/654 655/655/655 656/656/656
f 657/657/657 658/658/658 659/659/659 660/660/660
f 661/661/661 662/662/662 663/663/663 664/664/664
f 665/665/665 666/666/666 667/667/667 668/668/668
f 669/669/669 670/670/670 671/671/671 672/672/672
f 673/673/673 674/674/674 675/675/675 676/676/676
f 677/677/677 678/678/678 679/679/679 680/680/680
f 681/681/681 682/682/682 683/683/683 684/684/684
f 685/685/685 686/686/686 687/687/687 688/688/688
f 689/689/689 690/690/690 691/691/691 692/692/692
f 693/693/693 694/694/694 695/695/695 696/696/696
f 697/697/697 698/698/698 699/699/699 700/700/700
f 701/701/701 702/702/702 703/703/703 704/704/704
f 705/705/705 706/706/706 707/707/707 708/708/708
f 709/709/709 710/710/710 711/711/711 712/712/712
f 713/713/713 714/714/714 715/715/715 716/716/716
f 717/717/717 718/718/718 719/719/719 720/720/720
f 721/721/721 722/722/722 723/723/723 724/724/724
f 725/725/725 726/726/726 727/727/727 728/728/728
f 729/729/729 730/730/730 731/731/731 732/732/732
f 733/733/733 734/734/734 735/735/735 736/736/736
f 737/737/737 738/738/738 739/739/739 740/740/740
f 741/741/741 742/742/742 743/743/743 744/744/744
f 745/745/745 746/746/746 747/747/747 748/748/748
f 749/749/749 750/750/750 751/751/751 752/752/752
f 753/753/753 754/754/754 755/755/755 756/756/756
f 757/757/757 758/758/758 759/759/759 760/760/760
f 761/761/761 762/762/762 763/763/763 764/764/764
f 765/765/765 766/766/766 767/767/767 768/768/768
f 769/769/769 770/770/770 771/771/771 772/772/772
f 773/773/773 774/774/774 775/775/775 776/776/776
f 777/777/777 778/778/778 779/779/779 780/780/780
f 781/781/781 782/782/782 783/783/783 784/784/784
f 785/785/785 786/786/786 787/787/787 788/788/788
f 789/789/789 790/790/790 791/791/791 792/792/792
f 793/793/793 794/794/794 795/795/795 796/796/796
f 797/797/797 798/798/798 799/799/799 800/800/800
f 801/801/801 802/802/802 803/803/803 804/804/804
f 805/805/805 806/806/806 807/807/807 808/808/808
f 809/809/809 810/810/810 811/811/811 812/812/812
f 813/813/813 814/814/814 815/815/815 816/816/816
f 817/817/817 818/818/818 819/819/819 820/820/820
f 821/821/821 822/822/822 823/823/823 824/824/824
f 825/825/825 826/826/826 827/827/827 828/828/828
f 829/829/829 830/830/830 831/831/831 832/832/832
f 833/833/833 834/834/834 835/835/835 836/836/836
f 837/837/837 838/838/838 839/839/839 840/840/840
f 841/841/841 842/842/842 843/843/843 844/844/844
f 845/845/845 846/846/846 847/847/847 848/848/848
f 849/849/849 850/850/850 851/851/851 852/852/852
f 853/853/853 854/854/854 855/855/855 856/856/856
f 857/857/857 858/858/858 859/859/859 860/860/860
f 861/861/861 862/862/862 863/863/863 864/864/864
f 865/865/865 866/866/866 867/867/867 868/868/868
f 869/869/869 870/870/870 871/871/871 872/872/872
f 873/873/873 874/874/874 875/875/875 876/876/876
f 877/877/877 878/878/878 879/879/879 880/880/880
f 881/881/881 882/882/882 883/883/883 884/884/884
f 885/885/885 886/886/886 887/887/887 888/888/888
f 889/889/889 890/890/890 891/891/891 892/892/892
f 893/893/893 894/894/894 895/895/895 896/896/896
f 897/897/897 898/898/898 899/899/899 900/900/900
f 901/901/901 902/902/902 903/903/903 904/904/904
f 905/905/905 906/906/906 907/907/907 908/908/908
usemtl silver
f 909/909/909 910/910/910 911/911/911 912/912/912
f 913/913/913 914/914/914 915/915/915 916/916/916
f 917/917/917 918/918/918 919/919/919 920/920/920
f 921/921/921 922/922/922 923/923/923 924/924/924
f 925/925/925 926/926/926 927/927/927 928/928/928
f 929/929/929 930/930/930 931/931/931 932/932/932
f 933/933/933 934/934/934 935/935/935 936/936/936
f 937/937/937 938/938/938 939/939/939 940/940/940
f 941/941/941 942/942/942 943/943/943 944/944/944
f 945/945/945 946/946/946 947/947/947 948/948/948
f 949/949/949 950/950/950 951/951/951 952/952/952
f 953/953/953 954/954/954 955/955/955 956/956/956
f 957/957/957 958/958/958 959/959/959 960/960/960
f 961/961/961 962/962/962 963/963/963 964/964/964
f 965/965/965 966/966/966 967/967/967 968/968/968
f 969/969/969 970/970/970 971/971/971 972/972/972
f 973/973/973 974/974/974 975/975/975 976/976/976
f 977/977/977 978/978/978 979/979/979 980/980/980
f 981/981/981 982/982/982 983/983/983 984/984/984
f 985/985/985 986/986/986 987/987/987 988/988/988
f 989/989/989 990/990/990 991/991/991 992/992/992
f 993/993/993 994/994/994 995/995/995 996/996/996
f 997/997/997 998/998/998 999/999/999 1000/1000/1000
f 1001/1001/1001 1002/1002/1002 1003/1003/1003 1004/1004/1004
f 1005/1005/1005 1006/1006/1006 1007/1007/1007 1008/1008/1008
f 1009/1009/1009 1010/1010/1010 1011/1011/1011 1012/1012/1012
f 1013/1013/1013 1014/1014/1014 1015/1015/1015 1016/1016/1016
f 1017/1017/1017 1018/1018/1018 1019/1019/1019 1020/1020/1020
f 1021/1021/1021 1022/1022/1022 1023/1023/1023 1024/1024/1024
f 1025/1025/1025 1026/1026/1026 1027/1027/1027 1028/1028/1028
f 1029/1029/1029 1030/1030/1030 1031/1031/1031 1032/1032/1032
f 1033/1033/1033 1034/1034/1034 1035/1035/1035 1036/1036/1036
f 1037/1037/1037 1038/1038/1038 1039/1039/1039 1040/1040/1040
f 1041/1041/1041 1042/1042/1042 1043/1043/1043 1044/1044/1044
f 1045/1045/1045 1046/1046/1046 1047/1047/1047 1048/1048/1048
f 1049/1049/1049 1050/1050/1050 1051/1051/1051 1052/1052/1052
f 1053/1053/1053 1054/1054/1054 1055/1055/1055 1056/1056/1056
f 1057/1057/1057 1058/1058/1058 1059/1059/1059 1060/1060/1060
f 1061/1061/1061 1062/1062/1062 1063/1063/1063 1064/1064/1064
f 1065/1065/1065 1066/1066/1066 1067/1067/1067 1068/1068/1068
f 1069/1069/1069 1070/1070/1070 1071/1071/1071 1072/1072/1072
f 1073/1073/1073 1074/1074/1074 1075/1075/1075 1076/1076/1076
f 1077/1077/1077 1078/1078/1078 1079/1079/1079 1080/1080/1080
f 1081/1081/1081 1082/1082/1082 1083/1083/1083 1084/1084/1084
f 1085/1085/1085 1086/1086/1086 1087/1087/1087 1088/1088/1088
f 1089/1089/1089 1090/1090/1090 1091/1091/1091 1092/1092/1092
f 1093/1093/1093 1094/1094/1094 1095/1095/1095 1096/1096/1096
f 1097/1097/1097 1098/1098/1098 1099/1099/1099 1100/1100/1100
f 1101/1101/1101 1102/1102/1102 1103/1103/1103 1104/1104/1104
f 1105/1105/1105 1106/1106/1106 1107/1107/1107 1108/1108/1108
f 1109/1109/1109 1110/1110/1110 1111/1111/1111 1112/1112/1112
f 1113/1113/1113 1114/1114/1114 1115/1115/1115 1116/1116/1116
f 1117/1117/1117 1118/1118/1118 1119/1119/1119 1120/1120/1120
f 1121/1121/1121 1122/1122/1122 1123/1123/1123 1124/1124/1124
f 1125/1125/1125 1126/1126/1126 1127/1127/1127 1128/1128/1128
f 1129/1129/1129 1130/1130/1130 1131/1131/1131 1132/1132/1132
f 1133/1133/1133 1134/1134/1134 1135/1135/1135 1136/1136/1136
f 1137/1137/1137 1138/1138/1138 1139/1139/1139 1140/1140/1140
f 1141/1141/1141 1142/1142/1142 1143/1143/1143 1144/1144/1144
f 1145/1145/1145 1146/1146/1146 1147/1147/1147 1148/1148/1148
f 1149/1149/1149 1150/1150/1150 1151/1151/1151 1152/1152/1152
f 1153/1153/1153 1154/1154/1154 1155/1155/1155 1156/1156/1156
f 1157/1157/1157 1158/1158/1158 1159/1159/1159 1160/1160/1160
f 1161/1161/1161 1162/1162/1162 1163/1163/1163 1164/1164/1164
f 1165/1165/1165 1166/1166/1166 1167/1167/1167 1168/1168/1168
f 1169/1169/1169 1170/1170/1170 1171/1171/1171 1172/1172/1172
f 1173/1173/1173 1174/1174/1174 1175/1175/1175 1176/1176/1176
f 1177/1177/1177 1178/1178/1178 1179/1179/1179 1180/1180/1180
f 1181/1181/1181 1182/1182/1182 1183/1183/1183 1184/1184/1184
f 1185/1185/1185 1186/1186/1186 1187/1187/1187 1188/1188/1188
f 1189/1189/1189 1190/1190/1190 1191/1191/1191 1192/1192/1192
f 1193/1193/1193 1194/1194/1194 1195/1195/1195 1196/1196/1196
usemtl gold
f 1197/1197/1197 1198/1198/1198 1199/1199/1199 1200/1200/1200
f 1201/1201/1201 1202/1202/1202 1203/1203/1203 1204/1204/1204
f 1205/1205/1205 1206/1206/1206 1207/1207/1207 1208/1208/1208
f 1209/1209/1209 1210/1210/1210 1211/1211/1211 1212/1212/1212
f 1213/1213/1213 1214/1214/1214 1215/1215/1215 1216/1216/1216
f 1217/1217/1217 1218/1218/1218 1219/1219/1219 1220/1220/1220
f 1221/1221/1221 1222/1222/1222 1223/1223/1223 1224/1224/1224
f 1225/1225/1225 1226/1226/1226 1227/1227/1227 1228/1228/1228
f 1229/1229/1229 1230/1230/1230 1231/1231/1231 1232/1232/1232
f 1233/1233/1233 1234/1234/1234 1235/1235/1235 1236/1236/1236
f 1237/1237/1237 1238/1238/1238 1239/1239/1239 1240/1240/1240
f 1241/1241/1241 1242/1242/1242 1243/1243/1243 1244/1244/1244
f 1245/1245/1245 1246/1246/1246 1247/1247/1247 1248/1248/1248
f 1249/1249/1249 1250/1250/1250 1251/1251/1251 1252/1252/1252
f 1253/1253/1253 1254/1254/1254 1255/1255/1255 1256/1256/1256
f 1257/1257/1257 1258/1258/1258 1259/1259/1259 1260/1260/1260
f 1261/1261/1261 1262/1262/1262 1263/1263/1263 1264/1264/1264
f 1265/1265/1265 1266/1266/1266 1267/1267/1267 1268/1268/1268
f 1269/1269/1269 1270/1270/1270 1271/1271/1271 1272/1272/1272
f 1273/1273/1273 1274/1274/1274 1275/1275/1275 1276/1276/1276
f 1277/1277/1277 1278/1278/1278 1279/1279/1279 1280/1280/1280
f 1281/1281/1281 1282/1282/1282 1283/1283/1283 1284/1284/1284
f 1285/1285/1285 1286/1286/1286 1287/1287/1287 1288/1288/1288
f 1289/1289/1289 1290/1290/1290 1291/1291/1291 1292/1292/1292
f 1293/1293/1293 1294/1294/1294 1295/1295/1295 1296/1296/1296
f 1297/1297/1297 1298/1298/1298 1299/1299/1299 1300/1300/1300
f 1301/1301/1301 1302/1302/1302 1303/1303/1303 1304/1304/1304
f 1305/1305/1305 1306/1306/1306 1307/1307/1307 1308/1308/1308
f 1309/1309/1309 1310/1310/1310 1311/1311/1311 1312/1312/1312
f 1313/1313/1313 1314/1314/1314 1315/1315/1315 1316/1316/1316
f 1317/1317/1317 1318/1318/1318 1319/1319/1319 1320/1320/1320
f 1321/1321/1321 1322/1322/1322 1323/1323/1323 1324/1324/1324
f 1325/1325/1325 1326/1326/1326 1327/1327/1327 1328/1328/1328
f 1329/1329/1329 1330/1330/1330 1331/1331/1331 1332/1332/1332
f 1333/1333/1333 1334/1334/1334 1335/1335/1335 1336/1336/1336
f 1337/1337/1337 1338/1338/1338 1339/1339/1339 1340/1340/1340
f 1341/1341/1341 1342/1342/1342 1343/1343/1343 1344/1344/1344
f 1345/1345/1345 1346/1346/1346 1347/1347/1347 1348/1348/1348
f 1349/1349/1349 1350/1350/1350 1351/1351/1351 1352/1352/1352
f 1353/1353/1353 1354/1354/1354 1355/1355/1355 1356/1356/1356
f 1357/1357/1357 1358/1358/1358 1359/1359/1359 1360/1360/1360
f 1361/1361/1361 1362/1362/1362 1363/1363/1363 1364/1364/1364
f 1365/1365/1365 1366/1366/1366 1367/1367/1367 1368/1368/1368
f 1369/1369/1369 1370/1370/1370 1371/1371/1371 1372/1372/1372
f 1373/1373/1373 1374/1374/1374 1375/1375/1375 1376/1376/1376
f 1377/1377/1377 1378/1378/1378 1379/1379/1379 1380/1380/1380
f 1381/1381/1381 1382/1382/1382 1383/1383/1383 1384/1384/1384
f 1385/1385/1385 1386/1386/1386 1387/1387/1387 1388/1388/1388
f 1389/1389/1389 1390/1390/1390 1391/1391/1391 1392/1392/1392
f 1393/1393/1393 1394/1394/1394 1395/1395/1395 1396/1396/1396
f 1397/1397/1397 1398/1398/1398 1399/1399/1399 1400/1400/1400
f 1401/1401/1401 1402/1402/1402 1403/1403/1403 1404/1404/1404
f 1405/1405/1405 1406/1406/1406 1407/1407/1407 1408/1408/1408
f 1409/1409/1409 1410/1410/1410 1411/1411/1411 1412/1412/1412
f 1413/1413/1413 1414/1414/1414 1415/1415/1415 1416/1416/1416
f 1417/1417/1417 1418/1418/1418 1419/1419/1419 1420/1420/1420
usemtl ivory
f 1421/1421/1421 1422/1422/1422 1423/1423/1423 1424/1424/1424
f 1425/1425/1425 1426/1426/1426 1427/1427/1427 1428/1428/1428
f 1429/1429/1429 1430/1430/1430 1431/1431/1431 1432/1432/1432
f 1433/1433/1433 1434/1434/1434 1435/1435/1435 1436/1436/1436
f 1437/1437/1437 1438/1438/1438 1439/1439/1439 1440/1440/1440
f 1441/1441/1441 1442/1442/1442 1443/1443/1443 1444/1444/1444
f 1445/1445/1445 1446/1446/1446 1447/1447/1447 1448/1448/1448
f 1449/1449/1449 1450/1450/1450 1451/1451/1451 1452/1452/1452
f 1453/1453/1453 1454/1454/1454 1455/1455/1455 1456/1456/1456
f 1457/1457/1457 1458/1458/1458 1459/1459/1459 1460/1460/1460
f 1461/1461/1461 1462/1462/1462 1463/1463/1463 1464/1464/1464
f 1465/1465/1465 1466/1466/1466 1467/1467/1467 1468/1468/1468
f 1469/1469/1469 1470/1470/1470 1471/1471/1471 1472/1472/1472
f 1473/1473/1473 1474/1474/1474 1475/1475/1475 1476/1476/1476
f 1477/1477/1477 1478/1478/1478 1479/1479/1479 1480/1480/1480
f 1481/1481/1481 1482/1482/1482 1483/1483/1483 1484/1484/1484
f 1485/1485/1485 1486/1486/1486 1487/1487/1487 1488/1488/1488
f 1489/1489/1489 1490/1490/1490 1491/1491/1491 1492/1492/1492
f 1493/1493/1493 1494/1494/1494 1495/1495/1495 1496/1496/1496
f 1497/1497/1497 1498/1498/1498 1499/1499/1499 1500/1500/1500
usemtl gold
f 1501/1501/1501 1502/1502/1502 1503/1503/1503 1504/1504/1504
f 1505/1505/1505 1506/1506/1506 1507/1507/1507 1508/1508/1508
f 1509/1509/1509 1510/1510/1510 1511/1511/1511 1512/1512/1512
f 1513/1513/1513 1514/1514/1514 1515/1515/1515 1516/1516/1516
f 1517/1517/1517 1518/1518/1518 1519/1519/1519 1520/1520/1520
f 1521/1521/1521 1522/1522/1522 1523/1523/1523 1524/1524/1524
f 1525/1525/1525 1526/1526/1526 1527/1527/1527 1528/1528/1528
f 1529/1529/1529 1530/1530/1530 1531/1531/1531 1532/1532/1532
f 1533/1533/1533 1534/1534/1534 1535/1535/1535 1536/1536/1536
f 1537/1537/1537 1538/1538/1538 1539/1539/1539 1540/1540/1540
f 1541/1541/1541 1542/1542/1542 1543/1543/1543 1544/1544/1544
f 1545/1545/1545 1546/1546/1546 1547/1547/1547 1548/1548/1548
f 1549/1549/1549 1550/1550/1550 1551/1551/1551 1552/1552/1552
f 1553/1553/1553 1554/1554/1554 1555/1555/1555 1556/1556/1556
f 1557/1557/1557 1558/1558/1558 1559/1559/1559 1560/1560/1560
f 1561/1561/1561 1562/1562/1562 1563/1563/1563 1564/1564/1564
f 1565/1565/1565 1566/1566/1566 1567/1567/1567 1568/1568/1568
f 1569/1569/1569 1570/1570/1570 1571/1571/1571 1572/1572/1572
f 1573/1573/1573 1574/1574/1574 1575/1575/1575 1576/1576/1576
f 1577/1577/1577 1578/1578/1578 1579/1579/1579 1580/1580/1580
f 1581/1581/1581 1582/1582/1582 1583/1583/1583 1584/1584/1584
f 1585/1585/1585 1586/1586/1586 1587/1587/1587 1588/1588/1588
f 1589/1589/1589 1590/1590/1590 1591/1591/1591 1592/1592/1592
f 1593/1593/1593 1594/1594/1594 1595/1595/1595 1596/1596/1596
f 1597/1597/1597 1598/1598/1598 1599/1599/1599 1600/1600/1600
f 1601/1601/1601 1602/1602/1602 1603/1603/1603 1604/1604/1604
f 1605/1605/1605 1606/1606/1606 1607/1607/1607 1608/1608/1608
f 1609/1609/1609 1610/1610/1610 1611/1611/1611 1612/1612/1612
f 1613/1613/1613 1614/1614/1614 1615/1615/1615 1616/1616/1616
f 1617/1617/1617 1618/1618/1618 1619/1619/1619 1620/1620/1620
f 1621/1621/1621 1622/1622/1622 1623/1623/1623 1624/1624/1624
f 1625/1625/1625 1626/1626/1626 1627/1627/1627 1628/1628/1628
f 1629/1629/1629 1630/1630/1630 1631/1631/1631 1632/1632/1632
f 1633/1633/1633 1634/1634/1634 1635/1635/1635 1636/1636/1636
f 1637/1637/1637 1638/1638/1638 1639/1639/1639 1640/1640/1640
f 1641/1641/1641 1642/1642/1642 1643/1643/1643 1644/1644/1644
f 1645/1645/1645 1646/1646/1646 1647/1647/1647 1648/1648/1648
f 1649/1649/1649 1650/1650/1650 1651/1651/1651 1652/1652/1652
f 1653/1653/1653 1654/1654/1654 1655/1655/1655 1656/1656/1656
f 1657/1657/1657 1658/1658/1658 1659/1659/1659 1660/1660/1660
f 1661/1661/1661 1662/1662/1662 1663/1663/1663 1664/1664/1664
f 1665/1665/1665 1666/1666/1666 1667/1667/1667 1668/1668/1668
f 1669/1669/1669 1670/1670/1670 1671/1671/1671 1672/1672/1672
f 1673/1673/1673 1674/1674/1674 1675/1675/1675 1676/1676/1676
f 1677/1677/1677 1678/1678/1678 1679/1679/1679 1680/1680/1680
f 1681/1681/1681 1682/1682/1682 1683/1683/1683 1684/1684/1684
f 1685/1685/1685 1686/1686/1686 1687/1687/1687 1688/1688/1688
f 1689/1689/1689 1690/1690/1690 1691/1691/1691 1692/1692/1692
f 1693/1693/1693 1694/1694/1694 1695/1695/1695 1696/1696/1696
f 1697/1697/1697 1698/1698/1698 1699/1699/1699 1700/1700/1700
f 1701/1701/1701 1702/1702/1702 1703/1703/1703 1704/1704/1704
f 1705/1705/1705 1706/1706/1706 1707/1707/1707 1708/1708/1708
f 1709/1709/1709 1710/1710/1710 1711/1711/1711 1712/1712/1712
f 1713/1713/1713 1714/1714/1714 1715/1715/1715 1716/1716/1716
f 1717/1717/1717 1718/1718/1718 1719/1719/1719 1720/1720/1720
f 1721/1721/1721 1722/1722/1722 1723/1723/1723 1724/1724/1724
f 1725/1725/1725 1726/1726/1726 1727/1727/1727 1728/1728/1728
f 1729/1729/1729 1730/1730/1730 1731/1731/1731 1732/1732/1732
f 1733/1733/1733 1734/1734/1734 1735/1735/1735 1736/1736/1736
f 1737/1737/1737 1738/1738/1738 1739/1739/1739 1740/1740/1740
f 1741/1741/1741 1742/1742/1742 1743/1743/1743 1744/1744/1744
f 1745/1745/1745 1746/1746/1746 1747/1747/1747 1748/1748/1748
f 1749/1749/1749 1750/1750/1750 1751/1751/1751 1752/1752/1752
f 1753/1753/1753 1754/1754/1754 1755/1755/1755 1756/1756/1756
f 1757/1757/1757 1758/1758/1758 1759/1759/1759 1760/1760/1760
f 1761/1761/1761 1762/1762/1762 1763/1763/1763 1764/1764/1764
f 1765/1765/1765 1766/1766/1766 1767/1767/1767 1768/1768/1768
f 1769/1769/1769 1770/1770/1770 1771/1771/1771 1772/1772/1772
f 1773/1773/1773 1774/1774/1774 1775/1775/1775 1776/1776/1776
f 1777/1777/1777 1778/1778/1778 1779/1779/1779 1780/1780/1780
f 1781/1781/1781 1782/1782/1782 1783/1783/1783 1784/1784/1784
f 1785/1785/1785 1786/1786/1786 1787/1787/1787 1788/1788/1788
f 1789/1789/1789 1790/1790/1790 1791/1791/1791 1792/1792/1792
f 1793/1793/1793 1794/1794/1794 1795/1795/1795 1796/1796/1796
f 1797/1797/1797 1798/1798/1798 1799/1799/1799 1800/1800/1800
f 1801/1801/1801 1802/1802/1802 1803/1803/1803 1804/1804/1804
f 1805/1805/1805 1806/1806/1806 1807/1807/1807 1808/1808/1808
f 1809/1809/1809 1810/1810/1810 1811/1811/1811 1812/1812/1812
f 1813/1813/1813 1814/1814/1814 1815/1815/1815 1816/1816/1816
f 1817/1817/1817 1818/1818/1818 1819/1819/1819 1820/1820/1820
f 1821/1821/1821 1822/1822/1822 1823/1823/1823 1824/1824/1824
f 1825/1825/1825 1826/1826/1826 1827/1827/1827 1828/1828/1828
f 1829/1829/1829 1830/1830/1830 1831/1831/1831 1832/1832/1832
f 1833/1833/1833 1834/1834/1834 1835/1835/1835 1836/1836/1836
f 1837/1837/1837 1838/1838/1838 1839/1839/1839 1840/1840/1840
f 1841/1841/1841 1842/1842/1842 1843/1843/1843 1844/1844/1844
f 1845/1845/1845 1846/1846/1846 1847/1847/1847 1848/1848/1848
f 1849/1849/1849 1850/1850/1850 1851/1851/1851 1852/1852/1852
f 1853/1853/1853 1854/1854/1854 1855/1855/1855 1856/1856/1856
f 1857/1857/1857 1858/1858/1858 1859/1859/1859 1860/1860/1860
f 1861/1861/1861 1862/1862/1862 1863/1863/1863 1864/1864/1864
f 1865/1865/1865 1866/1866/1866 1867/1867/1867 1868/1868/1868
f 1869/1869/1869 1870/1870/1870 1871/1871/1871 1872/1872/1872
f 1873/1873/1873 1874/1874/1874 1875/1875/1875 1876/1876/1876
f 1877/1877/1877 1878/1878/1878 1879/1879/1879 1880/1880/1880
f 1881/1881/1881 1882/1882/1882 1883/1883/1883 1884/1884/1884
f 1885/1885/1885 1886/1886/1886 1887/1887/1887 1888/1888/1888
f 1889/1889/1889 1890/1890/1890 1891/1891/1891 1892/1892/1892
f 1893/1893/1893 1894/1894/1894 1895/1895/1895 1896/1896/1896
f 1897/1897/1897 1898/1898/1898 1899/1899/1899 1900/1900/1900
f 1901/1901/1901 1902/1902/1902 1903/1903/1903 1904/1904/1904
f 1905/1905/1905 1906/1906/1906 1907/1907/1907 1908/1908/1908
f 1909/1909/1909 1910/1910/1910 1911/1911/1911 1912/1912/1912
f 1913/1913/1913 1914/1914/1914 1915/1915/1915 1916/1916/1916
f 1917/1917/1917 1918/1918/1918 1919/1919/1919 1920/1920/1920
f 1921/1921/1921 1922/1922/1922 1923/1923/1923 1924/1924/1924
f 1925/1925/1925 1926/1926/1926 1927/1927/1927 1928/1928/1928
f 1929/1929/1929 1930/1930/1930 1931/1931/1931 1932/1932/1932
f 1933/1933/1933 1934/1934/1934 1935/1935/1935 1936/1936/1936
f 1937/1937/1937 1938/1938/1938 1939/1939/1939 1940/1940/1940
f 1941/1941/1941 1942/1942/1942 1943/1943/1943 1944/1944/1944
f 1945/1945/1945 1946/1946/1946 1947/1947/1947 1948/1948/1948
f 1949/1949/1949 1950/1950/1950 1951/1951/1951 1952/1952/1952
f 1953/1953/1953 1954/1954/1954 1955/1955/1955 1956/1956/1956
f 1957/1957/1957 1958/1958/1958 1959/1959/1959 1960/1960/1960
f 1961/1961/1961 1962/1962/1962 1963/1963/1963 1964/1964/1964
f 1965/1965/1965 1966/1966/1966 1967/1967/1967 1968/1968/1968
f 1969/1969/1969 1970/1970/1970 1971/1971/1971 1972/1972/1972
f 1973/1973/1973 1974/1974/1974 1975/1975/1975 1976/1976/1976
f 1977/1977/1977 1978/1978/1978 1979/1979/1979 1980/1980/1980
f 1981/1981/1981 1982/1982/1982 1983/1983/1983 1984/1984/1984
f 1985/1985/1985 1986/1986/1986 1987/1987/1987 1988/1988/1988
f 1989/1989/1989 1990/1990/1990 1991/1991/1991 1992/1992/1992
f 1993/1993/1993 1994/1994/1994 1995/1995/1995 1996/1996/1996
f 1997/1997/1997 1998/1998/1998 1999/1999/1999 2000/2000/2000
f 2001/2001/2001 2002/2002/2002 2003/2003/2003 2004/2004/2004
f 2005/2005/2005 2006/2006/2006 2007/2007/2007 2008/2008/2008
f 2009/2009/2009 2010/2010/2010 2011/2011/2011 2012/2012/2012
f 2013/2013/2013 2014/2014/2014 2015/2015/2015 2016/2016/2016
f 2017/2017/2017 2018/2018/2018 2019/2019/2019 2020/2020/2020
f 2021/2021/2021 2022/2022/2022 2023/2023/2023 2024/2024/2024
f 2025/2025/2025 2026/2026/2026 2027/2027/2027 2028/2028/2028
f 2029/2029/2029 2030/2030/2030 2031/2031/2031 2032/2032/2032
f 2033/2033/2033 2034/2034/2034 2035/2035/2035 2036/2036/2036
f 2037/2037/2037 2038/2038/2038 2039/2039/2039 2040/2040/2040
f 2041/2041/2041 2042/2042/2042 2043/2043/2043 2044/2044/2044
f 2045/2045/2045 2046/2046/2046 2047/2047/2047 2048/2048/2048
f 2049/2049/2049 2050/2050/2050 2051/2051/2051 2052/2052/2052
f 2053/2053/2053 2054/2054/2054 2055/2055/2055 2056/2056/2056
f 2057/2057/2057 2058/2058/2058 2059/2059/2059 2060/2060/2060
f 2061/2061/2061 2062/2062/2062 2063/2063/2063 2064/2064/2064
f 2065/2065/2065 2066/2066/2066 2067/2067/2067 2068/2068/2068
f 2069/2069/2069 2070/2070/2070 2071/2071/2071 2072/2072/2072
f 2073/2073/2073 2074/2074/2074 2075/2075/2075 2076/2076/2076
f 2077/2077/2077 2078/2078/2078 2079/2079/2079 2080/2080/2080
f 2081/2081/2081 2082/2082/2082 2083/2083/2083 2084/2084/2084
f 2085/2085/2085 2086/2086/2086 2087/2087/2087 2088/2088/2088
f 2089/2089/2089 2090/2090/2090 2091/2091/2091 2092/2092/2092
f 2093/2093/2093 2094/2094/2094 2095/2095/2095 2096/2096/2096
f 2097/2097/2097 2098/2098/2098 2099/2099/2099 2100/2100/2100
f 2101/2101/2101 2102/2102/2102 2103/2103/2103 2104/2104/2104
f 2105/2105/2105 2106/2106/2106 2107/2107/2107 2108/2108/2108
f 2109/2109/2109 2110/2110/2110 2111/2111/2111 2112/2112/2112
f 2113/2113/2113 2114/2114/2114 2115/2115/2115 2116/2116/2116
f 2117/2117/2117 2118/2118/2118 2119/2119/2119 2120/2120/2120
f 2121/2121/2121 2122/2122/2122 2123/2123/2123 2124/2124/2124
f 2125/2125/2125 2126/2126/2126 2127/2127/2127 2128/2128/2128
f 2129/2129/2129 2130/2130/2130 2131/2131/2131 2132/2132/2132
f 2133/2133/2133 2134/2134/2134 2135/2135/2135 2136/2136/2136
f 2137/2137/2137 2138/2138/2138 2139/2139/2139 2140/2140/2140
f 2141/2141/2141 2142/2142/2142 2143/2143/2143 2144/2144/2144
f 2145/2145/2145 2146/2146/2146 2147/2147/2147 2148/2148/2148
f 2149/2149/2149 2150/2150/2150 2151/2151/2151 2152/2152/2152
f 2153/2153/2153 2154/2154/2154 2155/2155/2155 2156/2156/2156
f 2157/2157/2157 2158/2158/2158 2159/2159/2159 2160/2160/2160
f 2161/2161/2161 2162/2162/2162 2163/2163/2163 2164/2164/2164
f 2165/2165/2165 2166/2166/2166 2167/2167/2167 2168/2168/2168
f 2169/2169/2169 2170/2170/2170 2171/2171/2171 2172/2172/2172
f 2173/2173/2173 2174/2174/2174 2175/2175/2175 2176/2176/2176
f 2177/2177/2177 2178/2178/2178 2179/2179/2179 2180/2180/2180
f 2181/2181/2181 2182/2182/2182 2183/2183/2183 2184/2184/2184
f 2185/2185/2185 2186/2186/2186 2187/2187/2187 2188/2188/2188
f 2189/2189/2189 2190/2190/2190 2191/2191/2191 2192/2192/2192
f 2193/2193/2193 2194/2194/2194 2195/2195/2195 2196/2196/2196
f 2197/2197/2197 2198/2198/2198 2199/2199/2199 2200/2200/2200
f 2201/2201/2201 2202/2202/2202 2203/2203/2203 2204/2204/2204
f 2205/2205/2205 2206/2206/2206 2207/2207/2207 2208/2208/2208
f 2209/2209/2209 2210/2210/2210 2211/2211/2211 2212/2212/2212
f 2213/2213/2213 2214/2214/2214 2215/2215/2215 2216/2216/2216
f 2217/2217/2217 2218/2218/2218 2219/2219/2219 2220/2220/2220
f 2221/2221/2221 2222/2222/2222 2223/2223/2223 2224/2224/2224
f 2225/2225/2225 2226/2226/2226 2227/2227/2227 2228/2228/2228
f 2229/2229/2229 2230/2230/2230 2231/2231/2231 2232/2232/2232
f 2233/2233/2233 2234/2234/2234 2235/2235/2235 2236/2236/2236
f 2237/2237/2237 2238/2238/2238 2239/2239/2239 2240/2240/2240
f 2241/2241/2241 2242/2242/2242 2243/2243/2243 2244/2244/2244
f 2245/2245/2245 2246/2246/2246 2247/2247/2247 2248/2248/2248
f 2249/2249/2249 2250/2250/2250 2251/2251/2251 2252/2252/2252
f 2253/2253/2253 2254/2254/2254 2255/2255/2255 2256/2256/2256
f 2257/2257/2257 2258/2258/2258 2259/2259/2259 2260/2260/2260
f 2261/2261/2261 2262/2262/2262 2263/2263/2263 2264/2264/2264
f 2265/2265/2265 2266/2266/2266 2267/2267/2267 2268/2268/2268
f 2269/2269/2269 2270/2270/2270 2271/2271/2271 2272/2272/2272
f 2273/2273/2273 2274/2274/2274 2275/2275/2275 2276/2276/2276
f 2277/2277/2277 2278/2278/2278 2279/2279/2279 2280/2280/2280
f 2281/2281/2281 2282/2282/2282 2283/2283/2283 2284/2284/2284
f 2285/2285/2285 2286/2286/2286 2287/2287/2287 2288/2288/2288
f 2289/2289/2289 2290/2290/2290 2291/2291/2291 2292/2292/2292
f 2293/2293/2293 2294/2294/2294 2295/2295/2295 2296/2296/2296
f 2297/2297/2297 2298/2298/2298 2299/2299/2299 2300/2300/2300
f 2301/2301/2301 2302/2302/2302 2303/2303/2303 2304/2304/2304
f 2305/2305/2305 2306/2306/2306 2307/2307/2307 2308/2308/2308
f 2309/2309/2309 2310/2310/2310 2311/2311/2311 2312/2312/2312
f 2313/2313/2313 2314/2314/2314 2315/2315/2315 2316/2316/2316
f 2317/2317/2317 2318/2318/2318 2319/2319/2319 2320/2320/2320
f 2321/2321/2321 2322/2322/2322 2323/2323/2323 2324/2324/2324
f 2325/2325/2325 2326/2326/2326 2327/2327/2327 2328/2328/2328
f 2329/2329/2329 2330/2330/2330 2331/2331/2331 2332/2332/2332
f 2333/2333/2333 2334/2334/2334 2335/2335/2335 2336/2336/2336
f 2337/2337/2337 2338/2338/2338 2339/2339/2339 2340/2340/2340
f 2341/2341/2341 2342/2342/2342 2343/2343/2343 2344/2344/2344
f 2345/2345/2345 2346/2346/2346 2347/2347/2347 2348/2348/2348
f 2349/2349/2349 2350/2350/2350 2351/2351/2351 2352/2352/2352
f 2353/2353/2353 2354/2354/2354 2355/2355/2355 2356/2356/2356
f 2357/2357/2357 2358/2358/2358 2359/2359/2359 2360/2360/2360
f 2361/2361/2361 2362/2362/2362 2363/2363/2363 2364/2364/2364
f 2365/2365/2365 2366/2366/2366 2367/2367/2367 2368/2368/2368
f 2369/2369/2369 2370/2370/2370 2371/2371/2371 2372/2372/2372
f 2373/2373/2373 2374/2374/2374 2375/2375/2375 2376/2376/2376
f 2377/2377/2377 2378/2378/2378 2379/2379/2379 2380/2380/2380
f 2381/2381/2381 2382/2382/2382 2383/2383/2383 2384/2384/2384
f 2385/2385/2385 2386/2386/2386 2387/2387/2387 2388/2388/2388
f 2389/2389/2389 2390/2390/2390 2391/2391/2391 2392/2392/2392
f 2393/2393/2393 2394/2394/2394 2395/2395/2395 2396/2396/2396
f 2397/2397/2397 2398/2398/2398 2399/2399/2399 2400/2400/2400 2401/2401/2401 2402/2402/2402 2403/2403/2403 2404/2404/2404
f 2405/2405/2405 2406/2406/2406 2407/2407/2407 2408/2408/2408 2409/2409/2409 2410/2410/2410 2411/2411/2411 2412/2412/2412
f 2413/2413/2413 2414/2414/2414 2415/2415/2415
f 2416/2416/2416 2417/2417/2417 2418/2418/2418 2419/2419/2419
f 2420/2420/2420 2421/2421/2421 2422/2422/2422 2423/2423/2423
f 2424/2424/2424 2425/2425/2425 2426/2426/2426 2427/2427/2427
f 2428/2428/2428 2429/2429/2429 2430/2430/2430 2431/2431/2431
f 2432/2432/2432 2433/2433/2433 2434/2434/2434
f 2435/2435/2435 2436/2436/2436 2437/2437/2437
f 2438/2438/2438 2439/2439/2439 2440/2440/2440 2441/2441/2441
f 2442/2442/2442 2443/2443/2443 2444/2444/2444 2445/2445/2445
f 2446/2446/2446 2447/2447/2447 2448/2448/2448 2449/2449/2449
f 2450/2450/2450 2451/2451/2451 2452/2452/2452 2453/2453/2453
f 2454/2454/2454 2455/2455/2455 2456/2456/2456
f 2457/2457/2457 2458/2458/2458 2459/2459/2459
f 2460/2460/2460 2461/2461/2461 2462/2462/2462 2463/2463/2463
f 2464/2464/2464 2465/2465/2465 2466/2466/2466 2467/2467/2467
f 2468/2468/2468 2469/2469/2469 2470/2470/2470 2471/2471/2471
f 2472/2472/2472 2473/2473/2473 2474/2474/2474 2475/2475/2475
f 2476/2476/2476 2477/2477/2477 2478/2478/2478
f 2479/2479/2479 2480/2480/2480 2481/2481/2481
f 2482/2482/2482 2483/2483/2483 2484/2484/2484 2485/2485/2485
f 2486/2486/2486 2487/2487/2487 2488/2488/2488 2489/2489/2489
f 2490/2490/2490 2491/2491/2491 2492/2492/2492 2493/2493/2493
f 2494/2494/2494 2495/2495/2495 2496/2496/2496 2497/2497/2497
f 2498/2498/2498 2499/2499/2499 2500/2500/2500
f 2501/2501/2501 2502/2502/2502 2503/2503/2503
f 2504/2504/2504 2505/2505/2505 2506/2506/2506 2507/2507/2507
f 2508/2508/2508 2509/2509/2509 2510/2510/2510 2511/2511/2511
f 2512/2512/2512 2513/2513/2513 2514/2514/2514 2515/2515/2515
f 2516/2516/2516 2517/2517/2517 2518/2518/2518 2519/2519/2519
f 2520/2520/2520 2521/2521/2521 2522/2522/2522
f 2523/2523/2523 2524/2524/2524 2525/2525/2525
f 2526/2526/2526 2527/2527/2527 2528/2528/2528 2529/2529/2529
f 2530/2530/2530 2531/2531/2531 2532/2532/2532 2533/2533/2533
f 2534/2534/2534 2535/2535/2535 2536/2536/2536 2537/2537/2537
f 2538/2538/2538 2539/2539/2539 2540/2540/2540 2541/2541/2541
f 2542/2542/2542 2543/2543/2543 2544/2544/2544
f 2545/2545/2545 2546/2546/2546 2547/2547/2547
f 2548/2548/2548 2549/2549/2549 2550/2550/2550 2551/2551/2551
f 2552/2552/2552 2553/2553/2553 2554/2554/2554 2555/2555/2555
f 2556/2556/2556 2557/2557/2557 2558/2558/2558 2559/2559/2559
f 2560/2560/2560 2561/2561/2561 2562/2562/2562 2563/2563/2563
f 2564/2564/2564 2565/2565/2565 2566/2566/2566
f 2567/2567/2567 2568/2568/2568 2569/2569/2569
f 2570/2570/2570 2571/2571/2571 2572/2572/2572 2573/2573/2573
f 2574/2574/2574 2575/2575/2575 2576/2576/2576 2577/2577/2577
f 2578/2578/2578 2579/2579/2579 2580/2580/2580 2581/2581/2581
f 2582/2582/2582 2583/2583/2583 2584/2584/2584 2585/2585/2585
f 2586/2586/2586 2587/2587/2587 2588/2588/2588
f 2589/2589/2589 2590/2590/2590 2591/2591/2591
f 2592/2592/2592 2593/2593/2593 2594/2594/2594 2595/2595/2595
f 2596/2596/2596 2597/2597/2597 2598/2598/2598 2599/2599/2599
f 2600/2600/2600 2601/2601/2601 2602/2602/2602 2603/2603/2603
f 2604/2604/2604 2605/2605/2605 2606/2606/2606 2607/2607/2607
f 2608/2608/2608 2609/2609/2609 2610/2610/2610
f 2611/2611/2611 2612/2612/2612 2613/2613/2613
f 2614/2614/2614 2615/2615/2615 2616/2616/2616 2617/2617/2617
f 2618/2618/2618 2619/2619/2619 2620/2620/2620 2621/2621/2621
f 2622/2622/2622 2623/2623/2623 2624/2624/2624 2625/2625/2625
f 2626/2626/2626 2627/2627/2627 2628/2628/2628 2629/2629/2629
f 2630/2630/2630 2631/2631/2631 2632/2632/2632
f 2633/2633/2633 2634/2634/2634 2635/2635/2635
f 2636/2636/2636 2637/2637/2637 2638/2638/2638 2639/2639/2639
f 2640/2640/2640 2641/2641/2641 2642/2642/2642 2643/2643/2643
f 2644/2644/2644 2645/2645/2645 2646/2646/2646 2647/2647/2647
f 2648/2648/2648 2649/2649/2649 2650/2650/2650 2651/2651/2651
f 2652/2652/2652 2653/2653/2653 2654/2654/2654
f 2655/2655/2655 2656/2656/2656 2657/2657/2657
f 2658/2658/2658 2659/2659/2659 2660/2660/2660 2661/2661/2661
f 2662/2662/2662 2663/2663/2663 2664/2664/2664 2665/2665/2665
f 2666/2666/2666 2667/2667/2667 2668/2668/2668 2669/2669/2669
f 2670/2670/2670 2671/2671/2671 2672/2672/2672 2673/2673/2673
f 2674/2674/2674 2675/2675/2675 2676/2676/2676
f 2677/2677/2677 2678/2678/2678 2679/2679/2679
f 2680/2680/2680 2681/2681/2681 2682/2682/2682 2683/2683/2683
f 2684/2684/2684 2685/2685/2685 2686/2686/2686 2687/2687/2687
f 2688/2688/2688 2689/2689/2689 2690/2690/2690 2691/2691/2691
f 2692/2692/2692 2693/2693/2693 2694/2694/2694 2695/2695/2695
f 2696/2696/2696 2697/2697/2697 2698/2698/2698
f 2699/2699/2699 2700/2700/2700 2701/2701/2701
f 2702/2702/2702 2703/2703/2703 2704/2704/2704 2705/2705/2705
f 2706/2706/2706 2707/2707/2707 2708/2708/2708 2709/2709/2709
f 2710/2710/2710 2711/2711/2711 2712/2712/2712 2713/2713/2713
f 2714/2714/2714 2715/2715/2715 2716/2716/2716 2717/2717/2717
f 2718/2718/2718 2719/2719/2719 2720/2720/2720
f 2721/2721/2721 2722/2722/2722 2723/2723/2723
f 2724/2724/2724 2725/2725/2725 2726/2726/2726 2727/2727/2727
f 2728/2728/2728 2729/2729/2729 2730/2730/2730 2731/2731/2731
f 2732/2732/2732 2733/2733/2733 2734/2734/2734 2735/2735/2735
f 2736/2736/2736 2737/2737/2737 2738/2738/2738 2739/2739/2739
f 2740/2740/2740 2741/2741/2741 2742/2742/2742
f 2743/2743/2743 2744/2744/2744 2745/2745/2745
f 2746/2746/2746 2747/2747/2747 2748/2748/2748 2749/2749/2749
f 2750/2750/2750 2751/2751/2751 2752/2752/2752 2753/2753/2753
f 2754/2754/2754 2755/2755/2755 2756/2756/2756 2757/2757/2757
f 2758/2758/2758 2759/2759/2759 2760/2760/2760 2761/2761/2761
f 2762/2762/2762 2763/2763/2763 2764/2764/2764
usemtl ivory
f 2765/2765/2765 2766/2766/2766 2767/2767/2767 2768/2768/2768
f 2769/2769/2769 2770/2770/2770 2771/2771/2771 2772/2772/2772
f 2773/2773/2773 2774/2774/2774 2775/2775/2775 2776/2776/2776
f 2777/2777/2777 2778/2778/2778 2779/2779/2779 2780/2780/2780
f 2781/2781/2781 2782/2782/2782 2783/2783/2783 2784/2784/2784
f 2785/2785/2785 2786/2786/2786 2787/2787/2787 2788/2788/2788
f 2789/2789/2789 2790/2790/2790 2791/2791/2791 2792/2792/2792
f 2793/2793/2793 2794/2794/2794 2795/2795/2795 2796/2796/2796
f 2797/2797/2797 2798/2798/2798 2799/2799/2799 2800/2800/2800
f 2801/2801/2801 2802/2802/2802 2803/2803/2803 2804/2804/2804
f 2805/2805/2805 2806/2806/2806 2807/2807/2807 2808/2808/2808
f 2809/2809/2809 2810/2810/2810 2811/2811/2811 2812/2812/2812
f 2813/2813/2813 2814/2814/2814 2815/2815/2815 2816/2816/2816
f 2817/2817/2817 2818/2818/2818 2819/2819/2819 2820/2820/2820
f 2821/2821/2821 2822/2822/2822 2823/2823/2823 2824/2824/2824
f 2825/2825/2825 2826/2826/2826 2827/2827/2827 2828/2828/2828
f 2829/2829/2829 2830/2830/2830 2831/2831/2831 2832/2832/2832
f 2833/2833/2833 2834/2834/2834 2835/2835/2835 2836/2836/2836
f 2837/2837/2837 2838/2838/2838 2839/2839/2839 2840/2840/2840
f 2841/2841/2841 2842/2842/2842 2843/2843/2843 2844/2844/2844
f 2845/2845/2845 2846/2846/2846 2847/2847/2847 2848/2848/2848
f 2849/2849/2849 2850/2850/2850 2851/2851/2851 2852/2852/2852
f 2853/2853/2853 2854/2854/2854 2855/2855/2855 2856/2856/2856
f 2857/2857/2857 2858/2858/2858 2859/2859/2859 2860/2860/2860
f 2861/2861/2861 2862/2862/2862 2863/2863/2863 2864/2864/2864
f 2865/2865/2865 2866/2866/2866 2867/2867/2867 2868/2868/2868
f 2869/2869/2869 2870/2870/2870 2871/2871/2871 2872/2872/2872
f 2873/2873/2873 2874/2874/2874 2875/2875/2875 2876/2876/2876
f 2877/2877/2877 2878/2878/2878 2879/2879/2879 2880/2880/2880
f 2881/2881/2881 2882/2882/2882 2883/2883/2883 2884/2884/2884
f 2885/2885/2885 2886/2886/2886 2887/2887/2887 2888/2888/2888
f 2889/2889/2889 2890/2890/2890 2891/2891/2891 2892/2892/2892
f 2893/2893/2893 2894/2894/2894 2895/2895/2895 2896/2896/2896
f 2897/2897/2897 2898/2898/2898 2899/2899/2899 2900/2900/2900
f 2901/2901/2901 2902/2902/2902 2903/2903/2903 2904/2904/2904
f 2905/2905/2905 2906/2906/2906 2907/2907/2907 2908/2908/2908
f 2909/2909/2909 2910/2910/2910 2911/2911/2911 2912/2912/2912
f 2913/2913/2913 2914/2914/2914 2915/2915/2915 2916/2916/2916
f 2917/2917/2917 2918/2918/2918 2919/2919/2919 2920/2920/2920
f 2921/2921/2921 2922/2922/2922 2923/2923/2923 2924/2924/2924
f 2925/2925/2925 2926/2926/2926 2927/2927/2927 2928/2928/2928
f 2929/2929/2929 2930/2930/2930 2931/2931/2931 2932/2932/2932
f 2933/2933/2933 2934/2934/2934 2935/2935/2935 2936/2936/2936
f 2937/2937/2937 2938/2938/2938 2939/2939/2939 2940/2940/2940
f 2941/2941/2941 2942/2942/2942 2943/2943/2943 2944/2944/2944
f 2945/2945/2945 2946/2946/2946 2947/2947/2947 2948/2948/2948
f 2949/2949/2949 2950/2950/2950 2951/2951/2951 2952/2952/2952
f 2953/2953/2953 2954/2954/2954 2955/2955/2955 2956/2956/2956
f 2957/2957/2957 2958/2958/2958 2959/2959/2959 2960/2960/2960
f 2961/2961/2961 2962/2962/2962 2963/2963/2963 2964/2964/2964
f 2965/2965/2965 2966/2966/2966 2967/2967/2967 2968/2968/2968
f 2969/2969/2969 2970/2970/2970 2971/2971/2971 2972/2972/2972
f 2973/2973/2973 2974/2974/2974 2975/2975/2975 2976/2976/2976
f 2977/2977/2977 2978/2978/2978 2979/2979/2979 2980/2980/2980
f 2981/2981/2981 2982/2982/2982 2983/2983/2983 2984/2984/2984
f 2985/2985/2985 2986/2986/2986 2987/2987/2987 2988/2988/2988
f 2989/2989/2989 2990/2990/2990 2991/2991/2991 2992/2992/2992
f 2993/2993/2993 2994/2994/2994 2995/2995/2995 2996/2996/2996
f 2997/2997/2997 2998/2998/2998 2999/2999/2999 3000/3000/3000
f 3001/3001/3001 3002/3002/3002 3003/3003/3003 3004/3004/3004
f 3005/3005/3005 3006/3006/3006 3007/3007/3007 3008/3008/3008
f 3009/3009/3009 3010/3010/3010 3011/3011/3011 3012/3012/3012
f 3013/3013/3013 3014/3014/3014 3015/3015/3015 3016/3016/3016
f 3017/3017/3017 3018/3018/3018 3019/3019/3019 3020/3020/3020
f 3021/3021/3021 3022/3022/3022 3023/3023/3023 3024/3024/3024
f 3025/3025/3025 3026/3026/3026 3027/3027/3027 3028/3028/3028
f 3029/3029/3029 3030/3030/3030 3031/3031/3031 3032/3032/3032
f 3033/3033/3033 3034/3034/3034 3035/3035/3035 3036/3036/3036
f 3037/3037/3037 3038/3038/3038 3039/3039/3039 3040/3040/3040
f 3041/3041/3041 3042/3042/3042 3043/3043/3043 3044/3044/3044
f 3045/3045/3045 3046/3046/3046 3047/3047/3047 3048/3048/3048
f 3049/3049/3049 3050/3050/3050 3051/3051/3051 3052/3052/3052
f 3053/3053/3053 3054/3054/3054 3055/3055/3055 3056/3056/3056
f 3057/3057/3057 3058/3058/3058 3059/3059/3059 3060/3060/3060
f 3061/3061/3061 3062/3062/3062 3063/3063/3063 3064/3064/3064
f 3065/3065/3065 3066/3066/3066 3067/3067/3067 3068/3068/3068
f 3069/3069/3069 3070/3070/3070 3071/3071/3071 3072/3072/3072
f 3073/3073/3073 3074/3074/3074 3075/3075/3075 3076/3076/3076
f 3077/3077/3077 3078/3078/3078 3079/3079/3079 3080/3080/3080
f 3081/3081/3081 3082/3082/3082 3083/3083/3083 3084/3084/3084
f 3085/3085/3085 3086/3086/3086 3087/3087/3087 3088/3088/3088
f 3089/3089/3089 3090/3090/3090 3091/3091/3091 3092/3092/3092
f 3093/3093/3093 3094/3094/3094 3095/3095/3095 3096/3096/3096
f 3097/3097/3097 3098/3098/3098 3099/3099/3099 3100/3100/3100
f 3101/3101/3101 3102/3102/3102 3103/3103/3103 3104/3104/3104
f 3105/3105/3105 3106/3106/3106 3107/3107/3107 3108/3108/3108
f 3109/3109/3109 3110/3110/3110 3111/3111/3111 3112/3112/3112
f 3113/3113/3113 3114/3114/3114 3115/3115/3115 3116/3116/3116
f 3117/3117/3117 3118/3118/3118 3119/3119/3119 3120/3120/3120
f 3121/3121/3121 3122/3122/3122 3123/3123/3123 3124/3124/3124
f 3125/3125/3125 3126/3126/3126 3127/3127/3127 3128/3128/3128
f 3129/3129/3129 3130/3130/3130 3131/3131/3131 3132/3132/3132
f 3133/3133/3133 3134/3134/3134 3135/3135/3135 3136/3136/3136
f 3137/3137/3137 3138/3138/3138 3139/3139/3139 3140/3140/3140
f 3141/3141/3141 3142/3142/3142 3143/3143/3143 3144/3144/3144
f 3145/3145/3145 3146/3146/3146 3147/3147/3147 3148/3148/3148
f 3149/3149/3149 3150/3150/3150 3151/3151/3151 3152/3152/3152 3153/3153/3153 3154/3154/3154
f 3155/3155/3155 3156/3156/3156 3157/3157/3157 3158/3158/3158 3159/3159/3159 3160/3160/3160
usemtl crimson
f 3161/3161/3161 3162/3162/3162 3163/3163/3163
f 3164/3164/3164 3165/3165/3165 3166/3166/3166 3167/3167/3167
f 3168/3168/3168 3169/3169/3169 3170/3170/3170 3171/3171/3171
f 3172/3172/3172 3173/3173/3173 3174/3174/3174 3175/3175/3175
f 3176/3176/3176 3177/3177/3177 3178/3178/3178 3179/3179/3179
f 3180/3180/3180 3181/3181/3181 3182/3182/3182 3183/3183/3183
f 3184/3184/3184 3185/3185/3185 3186/3186/3186 3187/3187/3187
f 3188/3188/3188 3189/3189/3189 3190/3190/3190 3191/3191/3191
f 3192/3192/3192 3193/3193/3193 3194/3194/3194 3195/3195/3195
f 3196/3196/3196 3197/3197/3197 3198/3198/3198
f 3199/3199/3199 3200/3200/3200 3201/3201/3201
f 3202/3202/3202 3203/3203/3203 3204/3204/3204 3205/3205/3205
f 3206/3206/3206 3207/3207/3207 3208/3208/3208 3209/3209/3209
f 3210/3210/3210 3211/3211/3211 3212/3212/3212 3213/3213/3213
f 3214/3214/3214 3215/3215/3215 3216/3216/3216 3217/3217/3217
f 3218/3218/3218 3219/3219/3219 3220/3220/3220 3221/3221/3221
f 3222/3222/3222 3223/3223/3223 3224/3224/3224 3225/3225/3225
f 3226/3226/3226 3227/3227/3227 3228/3228/3228 3229/3229/3229
f 3230/3230/3230 3231/3231/3231 3232/3232/3232 3233/3233/3233
f 3234/3234/3234 3235/3235/3235 3236/3236/3236
f 3237/3237/3237 3238/3238/3238 3239/3239/3239
f 3240/3240/3240 3241/3241/3241 3242/3242/3242 3243/3243/3243
f 3244/3244/3244 3245/3245/3245 3246/3246/3246 3247/3247/3247
f 3248/3248/3248 3249/3249/3249 3250/3250/3250 3251/3251/3251
f 3252/3252/3252 3253/3253/3253 3254/3254/3254 3255/3255/3255
f 3256/3256/3256 3257/3257/3257 3258/3258/3258 3259/3259/3259
f 3260/3260/3260 3261/3261/3261 3262/3262/3262 3263/3263/3263
f 3264/3264/3264 3265/3265/3265 3266/3266/3266 3267/3267/3267
f 3268/3268/3268 3269/3269/3269 3270/3270/3270 3271/3271/3271
f 3272/3272/3272 3273/3273/3273 3274/3274/3274
f 3275/3275/3275 3276/3276/3276 3277/3277/3277
f 3278/3278/3278 3279/3279/3279 3280/3280/3280 3281/3281/3281
f 3282/3282/3282 3283/3283/3283 3284/3284/3284 3285/3285/3285
f 3286/3286/3286 3287/3287/3287 3288/3288/3288 3289/3289/3289
f 3290/3290/3290 3291/3291/3291 3292/3292/3292 3293/3293/3293
f 3294/3294/3294 3295/3295/3295 3296/3296/3296 3297/3297/3297
f 3298/3298/3298 3299/3299/3299 3300/3300/3300 3301/3301/3301
f 3302/3302/3302 3303/3303/3303 3304/3304/3304 3305/3305/3305
f 3306/3306/3306 3307/3307/3307 3308/3308/3308 3309/3309/3309
f 3310/3310/3310 3311/3311/3311 3312/3312/3312
f 3313/3313/3313 3314/3314/3314 3315/3315/3315
f 3316/3316/3316 3317/3317/3317 3318/3318/3318 3319/3319/3319
f 3320/3320/3320 3321/3321/3321 3322/3322/3322 3323/3323/3323
f 3324/3324/3324 3325/3325/3325 3326/3326/3326 3327/3327/3327
f 3328/3328/3328 3329/3329/3329 3330/3330/3330 3331/3331/3331
f 3332/3332/3332 3333/3333/3333 3334/3334/3334 3335/3335/3335
f 3336/3336/3336 3337/3337/3337 3338/3338/3338 3339/3339/3339
f 3340/3340/3340 3341/3341/3341 3342/3342/3342 3343/3343/3343
f 3344/3344/3344 3345/3345/3345 3346/3346/3346 3347/3347/3347
f 3348/3348/3348 3349/3349/3349 3350/3350/3350
f 3351/3351/3351 3352/3352/3352 3353/3353/3353
f 3354/3354/3354 3355/3355/3355 3356/3356/3356 3357/3357/3357
f 3358/3358/3358 3359/3359/3359 3360/3360/3360 3361/3361/3361
f 3362/3362/3362 3363/3363/3363 3364/3364/3364 3365/3365/3365
f 3366/3366/3366 3367/3367/3367 3368/3368/3368 3369/3369/3369
f 3370/3370/3370 3371/3371/3371 3372/3372/3372 3373/3373/3373
f 3374/3374/3374 3375/3375/3375 3376/3376/3376 3377/3377/3377
f 3378/3378/3378 3379/3379/3379 3380/3380/3380 3381/3381/3381
f 3382/3382/3382 3383/3383/3383 3384/3384/3384 3385/3385/3385
f 3386/3386/3386 3387/3387/3387 3388/3388/3388
f 3389/3389/3389 3390/3390/3390 3391/3391/3391
f 3392/3392/3392 3393/3393/3393 3394/3394/3394 3395/3395/3395
f 3396/3396/3396 3397/3397/3397 3398/3398/3398 3399/3399/3399
f 3400/3400/3400 3401/3401/3401 3402/3402/3402 3403/3403/3403
f 3404/3404/3404 3405/3405/3405 3406/3406/3406 3407/3407/3407
f 3408/3408/3408 3409/3409/3409 3410/3410/3410 3411/3411/3411
f 3412/3412/3412 3413/3413/3413 3414/3414/3414 3415/3415/3415
f 3416/3416/3416 3417/3417/3417 3418/3418/3418 3419/3419/3419
f 3420/3420/3420 3421/3421/3421 3422/3422/3422 3423/3423/3423
f 3424/3424/3424 3425/3425/3425 3426/3426/3426
f 3427/3427/3427 3428/3428/3428 3429/3429/3429
f 3430/3430/3430 3431/3431/3431 3432/3432/3432 3433/3433/3433
f 3434/3434/3434 3435/3435/3435 3436/3436/3436 3437/3437/3437
f 3438/3438/3438 3439/3439/3439 3440/3440/3440 3441/3441/3441
f 3442/3442/3442 3443/3443/3443 3444/3444/3444 3445/3445/3445
f 3446/3446/3446 3447/3447/3447 3448/3448/3448 3449/3449/3449
f 3450/3450/3450 3451/3451/3451 3452/3452/3452 3453/3453/3453
f 3454/3454/3454 3455/3455/3455 3456/3456/3456 3457/3457/3457
f 3458/3458/3458 3459/3459/3459 3460/3460/3460 3461/3461/3461
f 3462/3462/3462 3463/3463/3463 3464/3464/3464
f 3465/3465/3465 3466/3466/3466 3467/3467/3467
f 3468/3468/3468 3469/3469/3469 3470/3470/3470 3471/3471/3471
f 3472/3472/3472 3473/3473/3473 3474/3474/3474 3475/3475/3475
f 3476/3476/3476 3477/3477/3477 3478/3478/3478 3479/3479/3479
f 3480/3480/3480 3481/3481/3481 3482/3482/3482 3483/3483/3483
f 3484/3484/3484 3485/3485/3485 3486/3486/3486 3487/3487/3487
f 3488/3488/3488 3489/3489/3489 3490/3490/3490 3491/3491/3491
f 3492/3492/3492 3493/3493/3493 3494/3494/3494 3495/3495/3495
f 3496/3496/3496 3497/3497/3497 3498/3498/3498 3499/3499/3499
f 3500/3500/3500 3501/3501/3501 3502/3502/3502
f 3503/3503/3503 3504/3504/3504 3505/3505/3505
f 3506/3506/3506 3507/3507/3507 3508/3508/3508 3509/3509/3509
f 3510/3510/3510 3511/3511/3511 3512/3512/3512 3513/3513/3513
f 3514/3514/3514 3515/3515/3515 3516/3516/3516 3517/3517/3517
f 3518/3518/3518 3519/3519/3519 3520/3520/3520 3521/3521/3521
f 3522/3522/3522 3523/3523/3523 3524/3524/3524 3525/3525/3525
f 3526/3526/3526 3527/3527/3527 3528/3528/3528 3529/3529/3529
f 3530/3530/3530 3531/3531/3531 3532/3532/3532 3533/3533/3533
f 3534/3534/3534 3535/3535/3535 3536/3536/3536 3537/3537/3537
f 3538/3538/3538 3539/3539/3539 3540/3540/3540
f 3541/3541/3541 3542/3542/3542 3543/3543/3543
f 3544/3544/3544 3545/3545/3545 3546/3546/3546 3547/3547/3547
f 3548/3548/3548 3549/3549/3549 3550/3550/3550 3551/3551/3551
f 3552/3552/3552 3553/3553/3553 3554/3554/3554 3555/3555/3555
f 3556/3556/3556 3557/3557/3557 3558/3558/3558 3559/3559/3559
f 3560/3560/3560 3561/3561/3561 3562/3562/3562 3563/3563/3563
f 3564/3564/3564 3565/3565/3565 3566/3566/3566 3567/3567/3567
f 3568/3568/3568 3569/3569/3569 3570/3570/3570 3571/3571/3571
f 3572/3572/3572 3573/3573/3573 3574/3574/3574 3575/3575/3575
f 3576/3576/3576 3577/3577/3577 3578/3578/3578
f 3579/3579/3579 3580/3580/3580 3581/3581/3581
f 3582/3582/3582 3583/3583/3583 3584/3584/3584 3585/3585/3585
f 3586/3586/3586 3587/3587/3587 3588/3588/3588 3589/3589/3589
f 3590/3590/3590 3591/3591/3591 3592/3592/3592 3593/3593/3593
f 3594/3594/3594 3595/3595/3595 3596/3596/3596 3597/3597/3597
f 3598/3598/3598 3599/3599/3599 3600/3600/3600 3601/3601/3601
f 3602/3602/3602 3603/3603/3603 3604/3604/3604 3605/3605/3605
f 3606/3606/3606 3607/3607/3607 3608/3608/3608 3609/3609/3609
f 3610/3610/3610 3611/3611/3611 3612/3612/3612 3613/3613/3613
f 3614/3614/3614 3615/3615/3615 3616/3616/3616
f 3617/3617/3617 3618/3618/3618 3619/3619/3619
f 3620/3620/3620 3621/3621/3621 3622/3622/3622 3623/3623/3623
f 3624/3624/3624 3625/3625/3625 3626/3626/3626 3627/3627/3627
f 3628/3628/3628 3629/3629/3629 3630/3630/3630 3631/3631/3631
f 3632/3632/3632 3633/3633/3633 3634/3634/3634 3635/3635/3635
f 3636/3636/3636 3637/3637/3637 3638/3638/3638 3639/3639/3639
f 3640/3640/3640 3641/3641/3641 3642/3642/3642 3643/3643/3643
f 3644/3644/3644 3645/3645/3645 3646/3646/3646 3647/3647/3647
f 3648/3648/3648 3649/3649/3649 3650/3650/3650 3651/3651/3651
f 3652/3652/3652 3653/3653/3653 3654/3654/3654
f 3655/3655/3655 3656/3656/3656 3657/3657/3657
f 3658/3658/3658 3659/3659/3659 3660/3660/3660 3661/3661/3661
f 3662/3662/3662 3663/3663/3663 3664/3664/3664 3665/3665/3665
f 3666/3666/3666 3667/3667/3667 3668/3668/3668 3669/3669/3669
f 3670/3670/3670 3671/3671/3671 3672/3672/3672 3673/3673/3673
f 3674/3674/3674 3675/3675/3675 3676/3676/3676 3677/3677/3677
f 3678/3678/3678 3679/3679/3679 3680/3680/3680 3681/3681/3681
f 3682/3682/3682 3683/3683/3683 3684/3684/3684 3685/3685/3685
f 3686/3686/3686 3687/3687/3687 3688/3688/3688 3689/3689/3689
f 3690/3690/3690 3691/3691/3691 3692/3692/3692
f 3693/3693/3693 3694/3694/3694 3695/3695/3695
f 3696/3696/3696 3697/3697/3697 3698/3698/3698 3699/3699/3699
f 3700/3700/3700 3701/3701/3701 3702/3702/3702 3703/3703/3703
f 3704/3704/3704 3705/3705/3705 3706/3706/3706 3707/3707/3707
f 3708/3708/3708 3709/3709/3709 3710/3710/3710 3711/3711/3711
f 3712/3712/3712 3713/3713/3713 3714/3714/3714 3715/3715/3715
f 3716/3716/3716 3717/3717/3717 3718/3718/3718 3719/3719/3719
f 3720/3720/3720 3721/3721/3721 3722/3722/3722 3723/3723/3723
f 3724/3724/3724 3725/3725/3725 3726/3726/3726 3727/3727/3727
f 3728/3728/3728 3729/3729/3729 3730/3730/3730
f 3731/3731/3731 3732/3732/3732 3733/3733/3733
f 3734/3734/3734 3735/3735/3735 3736/3736/3736 3737/3737/3737
f 3738/3738/3738 3739/3739/3739 3740/3740/3740 3741/3741/3741
f 3742/3742/3742 3743/3743/3743 3744/3744/3744 3745/3745/3745
f 3746/3746/3746 3747/3747/3747 3748/3748/3748 3749/3749/3749
f 3750/3750/3750 3751/3751/3751 3752/3752/3752 3753/3753/3753
f 3754/3754/3754 3755/3755/3755 3756/3756/3756 3757/3757/3757
f 3758/3758/3758 3759/3759/3759 3760/3760/3760 3761/3761/3761
f 3762/3762/3762 3763/3763/3763 3764/3764/3764 3765/3765/3765
f 3766/3766/3766 3767/3767/3767 3768/3768/3768
usemtl gold
f 3769/3769/3769 3770/3770/3770 3771/3771/3771
f 3772/3772/3772 3773/3773/3773 3774/3774/3774 3775/3775/3775
f 3776/3776/3776 3777/3777/3777 3778/3778/3778 3779/3779/3779
f 3780/3780/3780 3781/3781/3781 3782/3782/3782 3783/3783/3783
f 3784/3784/3784 3785/3785/3785 3786/3786/3786 3787/3787/3787
f 3788/3788/3788 3789/3789/3789 3790/3790/3790 3791/3791/3791
f 3792/3792/3792 3793/3793/3793 3794/3794/3794
f 3795/3795/3795 3796/3796/3796 3797/3797/3797
f 3798/3798/3798 3799/3799/3799 3800/3800/3800 3801/3801/3801
f 3802/3802/3802 3803/3803/3803 3804/3804/3804 3805/3805/3805
f 3806/3806/3806 3807/3807/3807 3808/3808/3808 3809/3809/3809
f 3810/3810/3810 3811/3811/3811 3812/3812/3812 3813/3813/3813
f 3814/3814/3814 3815/3815/3815 3816/3816/3816 3817/3817/3817
f 3818/3818/3818 3819/3819/3819 3820/3820/3820
f 3821/3821/3821 3822/3822/3822 3823/3823/3823
f 3824/3824/3824 3825/3825/3825 3826/3826/3826 3827/3827/3827
f 3828/3828/3828 3829/3829/3829 3830/3830/3830 3831/3831/3831
f 3832/3832/3832 3833/3833/3833 3834/3834/3834 3835/3835/3835
f 3836/3836/3836 3837/3837/3837 3838/3838/3838 3839/3839/3839
f 3840/3840/3840 3841/3841/3841 3842/3842/3842 3843/3843/3843
f 3844/3844/3844 3845/3845/3845 3846/3846/3846
f 3847/3847/3847 3848/3848/3848 3849/3849/3849
f 3850/3850/3850 3851/3851/3851 3852/3852/3852 3853/3853/3853
f 3854/3854/3854 3855/3855/3855 3856/3856/3856 3857/3857/3857
f 3858/3858/3858 3859/3859/3859 3860/3860/3860 3861/3861/3861
f 3862/3862/3862 3863/3863/3863 3864/3864/3864 3865/3865/3865
f 3866/3866/3866 3867/3867/3867 3868/3868/3868 3869/3869/3869
f 3870/3870/3870 3871/3871/3871 3872/3872/3872
f 3873/3873/3873 3874/3874/3874 3875/3875/3875
f 3876/3876/3876 3877/3877/3877 3878/3878/3878 3879/3879/3879
f 3880/3880/3880 3881/3881/3881 3882/3882/3882 3883/3883/3883
f 3884/3884/3884 3885/3885/3885 3886/3886/3886 3887/3887/3887
f 3888/3888/3888 3889/3889/3889 3890/3890/3890 3891/3891/3891
f 3892/3892/3892 3893/3893/3893 3894/3894/3894 3895/3895/3895
f 3896/3896/3896 3897/3897/3897 3898/3898/3898
f 3899/3899/3899 3900/3900/3900 3901/3901/3901
f 3902/3902/3902 3903/3903/3903 3904/3904/3904 3905/3905/3905
f 3906/3906/3906 3907/3907/3907 3908/3908/3908 3909/3909/3909
f 3910/3910/3910 3911/3911/3911 3912/3912/3912 3913/3913/3913
f 3914/3914/3914 3915/3915/3915 3916/3916/3916 3917/3917/3917
f 3918/3918/3918 3919/3919/3919 3920/3920/3920 3921/3921/3921
f 3922/3922/3922 3923/3923/3923 3924/3924/3924
f 3925/3925/3925 3926/3926/3926 3927/3927/3927
f 3928/3928/3928 3929/3929/3929 3930/3930/3930 3931/3931/3931
f 3932/3932/3932 3933/3933/3933 3934/3934/3934 3935/3935/3935
f 3936/3936/3936 3937/3937/3937 3938/3938/3938 3939/3939/3939
f 3940/3940/3940 3941/3941/3941 3942/3942/3942 3943/3943/3943
f 3944/3944/3944 3945/3945/3945 3946/3946/3946 3947/3947/3947
f 3948/3948/3948 3949/3949/3949 3950/3950/3950
f 3951/3951/3951 3952/3952/3952 3953/3953/3953
f 3954/3954/3954 3955/3955/3955 3956/3956/3956 3957/3957/3957
f 3958/3958/3958 3959/3959/3959 3960/3960/3960 3961/3961/3961
f 3962/3962/3962 3963/3963/3963 3964/3964/3964 3965/3965/3965
f 3966/3966/3966 3967/3967/3967 3968/3968/3968 3969/3969/3969
f 3970/3970/3970 3971/3971/3971 3972/3972/3972 3973/3973/3973
f 3974/3974/3974 3975/3975/3975 3976/3976/3976
f 3977/3977/3977 3978/3978/3978 3979/3979/3979
f 3980/3980/3980 3981/3981/3981 3982/3982/3982 3983/3983/3983
f 3984/3984/3984 3985/3985/3985 3986/3986/3986 3987/3987/3987
f 3988/3988/3988 3989/3989/3989 3990/3990/3990 3991/3991/3991
f 3992/3992/3992 3993/3993/3993 3994/3994/3994 3995/3995/3995
f 3996/3996/3996 3997/3997/3997 3998/3998/3998 3999/3999/3999
f 4000/4000/4000 4001/4001/4001 4002/4002/4002
f 4003/4003/4003 4004/4004/4004 4005/4005/4005
f 4006/4006/4006 4007/4007/4007 4008/4008/4008 4009/4009/4009
f 4010/4010/4010 4011/4011/4011 4012/4012/4012 4013/4013/4013
f 4014/4014/4014 4015/4015/4015 4016/4016/4016 4017/4017/4017
f 4018/4018/4018 4019/4019/4019 4020/4020/4020 4021/4021/4021
f 4022/4022/4022 4023/4023/4023 4024/4024/4024 4025/4025/4025
f 4026/4026/4026 4027/4027/4027 4028/4028/4028
usemtl silver
f 4029/4029/4029 4030/4030/4030 4031/4031/4031 4032/4032/4032
f 4033/4033/4033 4034/4034/4034 4035/4035/4035 4036/4036/4036
f 4037/4037/4037 4038/4038/4038 4039/4039/4039 4040/4040/4040
f 4041/4041/4041 4042/4042/4042 4043/4043/4043 4044/4044/4044
f 4045/4045/4045 4046/4046/4046 4047/4047/4047 4048/4048/4048
f 4049/4049/4049 4050/4050/4050 4051/4051/4051 4052/4052/4052
f 4053/4053/4053 4054/4054/4054 4055/4055/4055 4056/4056/4056
f 4057/4057/4057 4058/4058/4058 4059/4059/4059 4060/4060/4060
f 4061/4061/4061 4062/4062/4062 4063/4063/4063 4064/4064/4064
f 4065/4065/4065 4066/4066/4066 4067/4067/4067 4068/4068/4068
f 4069/4069/4069 4070/4070/4070 4071/4071/4071 4072/4072/4072
f 4073/4073/4073 4074/4074/4074 4075/4075/4075 4076/4076/4076
f 4077/4077/4077 4078/4078/4078 4079/4079/4079 4080/4080/4080
f 4081/4081/4081 4082/4082/4082 4083/4083/4083 4084/4084/4084
f 4085/4085/4085 4086/4086/4086 4087/4087/4087 4088/4088/4088
f 4089/4089/4089 4090/4090/4090 4091/4091/4091 4092/4092/4092
f 4093/4093/4093 4094/4094/4094 4095/4095/4095 4096/4096/4096
f 4097/4097/4097 4098/4098/4098 4099/4099/4099 4100/4100/4100
f 4101/4101/4101 4102/4102/4102 4103/4103/4103 4104/4104/4104
f 4105/4105/4105 4106/4106/4106 4107/4107/4107 4108/4108/4108
f 4109/4109/4109 4110/4110/4110 4111/4111/4111 4112/4112/4112
f 4113/4113/4113 4114/4114/4114 4115/4115/4115 4116/4116/4116
f 4117/4117/4117 4118/4118/4118 4119/4119/4119 4120/4120/4120
f 4121/4121/4121 4122/4122/4122 4123/4123/4123 4124/4124/4124
f 4125/4125/4125 4126/4126/4126 4127/4127/4127 4128/4128/4128
f 4129/4129/4129 4130/4130/4130 4131/4131/4131 4132/4132/4132
f 4133/4133/4133 4134/4134/4134 4135/4135/4135 4136/4136/4136
f 4137/4137/4137 4138/4138/4138 4139/4139/4139 4140/4140/4140
f 4141/4141/4141 4142/4142/4142 4143/4143/4143 4144/4144/4144
f 4145/4145/4145 4146/4146/4146 4147/4147/4147 4148/4148/4148
f 4149/4149/4149 4150/4150/4150 4151/4151/4151 4152/4152/4152
f 4153/4153/4153 4154/4154/4154 4155/4155/4155 4156/4156/4156
f 4157/4157/4157 4158/4158/4158 4159/4159/4159 4160/4160/4160
f 4161/4161/4161 4162/4162/4162 4163/4163/4163 4164/4164/4164
f 4165/4165/4165 4166/4166/4166 4167/4167/4167 4168/4168/4168
f 4169/4169/4169 4170/4170/4170 4171/4171/4171 4172/4172/4172
f 4173/4173/4173 4174/4174/4174 4175/4175/4175 4176/4176/4176
f 4177/4177/4177 4178/4178/4178 4179/4179/4179 4180/4180/4180
f 4181/4181/4181 4182/4182/4182 4183/4183/4183 4184/4184/4184
f 4185/4185/4185 4186/4186/4186 4187/4187/4187 4188/4188/4188
f 4189/4189/4189 4190/4190/4190 4191/4191/4191 4192/4192/4192
f 4193/4193/4193 4194/4194/4194 4195/4195/4195 4196/4196/4196
f 4197/4197/4197 4198/4198/4198 4199/4199/4199 4200/4200/4200
f 4201/4201/4201 4202/4202/4202 4203/4203/4203 4204/4204/4204
f 4205/4205/4205 4206/4206/4206 4207/4207/4207 4208/4208/4208
f 4209/4209/4209 4210/4210/4210 4211/4211/4211 4212/4212/4212
f 4213/4213/4213 4214/4214/4214 4215/4215/4215 4216/4216/4216
f 4217/4217/4217 4218/4218/4218 4219/4219/4219 4220/4220/4220
f 4221/4221/4221 4222/4222/4222 4223/4223/4223 4224/4224/4224
f 4225/4225/4225 4226/4226/4226 4227/4227/4227 4228/4228/4228
f 4229/4229/4229 4230/4230/4230 4231/4231/4231 4232/4232/4232
f 4233/4233/4233 4234/4234/4234 4235/4235/4235 4236/4236/4236
f 4237/4237/4237 4238/4238/4238 4239/4239/4239 4240/4240/4240
f 4241/4241/4241 4242/4242/4242 4243/4243/4243 4244/4244/4244
f 4245/4245/4245 4246/4246/4246 4247/4247/4247 4248/4248/4248
f 4249/4249/4249 4250/4250/4250 4251/4251/4251 4252/4252/4252
f 4253/4253/4253 4254/4254/4254 4255/4255/4255 4256/4256/4256
f 4257/4257/4257 4258/4258/4258 4259/4259/4259 4260/4260/4260
f 4261/4261/4261 4262/4262/4262 4263/4263/4263 4264/4264/4264
f 4265/4265/4265 4266/4266/4266 4267/4267/4267 4268/4268/4268
f 4269/4269/4269 4270/4270/4270 4271/4271/4271 4272/4272/4272
f 4273/4273/4273 4274/4274/4274 4275/4275/4275 4276/4276/4276
f 4277/4277/4277 4278/4278/4278 4279/4279/4279 4280/4280/4280
f 4281/4281/4281 4282/4282/4282 4283/4283/4283 4284/4284/4284
f 4285/4285/4285 4286/4286/4286 4287/4287/4287 4288/4288/4288
f 4289/4289/4289 4290/4290/4290 4291/4291/4291 4292/4292/4292
f 4293/4293/4293 4294/4294/4294 4295/4295/4295 4296/4296/4296
f 4297/4297/4297 4298/4298/4298 4299/4299/4299 4300/4300/4300
f 4301/4301/4301 4302/4302/4302 4303/4303/4303 4304/4304/4304
f 4305/4305/4305 4306/4306/4306 4307/4307/4307 4308/4308/4308
f 4309/4309/4309 4310/4310/4310 4311/4311/4311 4312/4312/4312
f 4313/4313/4313 4314/4314/4314 4315/4315/4315 4316/4316/4316
f 4317/4317/4317 4318/4318/4318 4319/4319/4319 4320/4320/4320
f 4321/4321/4321 4322/4322/4322 4323/4323/4323 4324/4324/4324
f 4325/4325/4325 4326/4326/4326 4327/4327/4327 4328/4328/4328
f 4329/4329/4329 4330/4330/4330 4331/4331/4331 4332/4332/4332
f 4333/4333/4333 4334/4334/4334 4335/4335/4335 4336/4336/4336
f 4337/4337/4337 4338/4338/4338 4339/4339/4339 4340/4340/4340
f 4341/4341/4341 4342/4342/4342 4343/4343/4343 4344/4344/4344
f 4345/4345/4345 4346/4346/4346 4347/4347/4347 4348/4348/4348
f 4349/4349/4349 4350/4350/4350 4351/4351/4351 4352/4352/4352
f 4353/4353/4353 4354/4354/4354 4355/4355/4355 4356/4356/4356
f 4357/4357/4357 4358/4358/4358 4359/4359/4359 4360/4360/4360
f 4361/4361/4361 4362/4362/4362 4363/4363/4363 4364/4364/4364
f 4365/4365/4365 4366/4366/4366 4367/4367/4367 4368/4368/4368
f 4369/4369/4369 4370/4370/4370 4371/4371/4371 4372/4372/4372
f 4373/4373/4373 4374/4374/4374 4375/4375/4375 4376/4376/4376
f 4377/4377/4377 4378/4378/4378 4379/4379/4379 4380/4380/4380
f 4381/4381/4381 4382/4382/4382 4383/4383/4383 4384/4384/4384
f 4385/4385/4385 4386/4386/4386 4387/4387/4387 4388/4388/4388
f 4389/4389/4389 4390/4390/4390 4391/4391/4391 4392/4392/4392
f 4393/4393/4393 4394/4394/4394 4395/4395/4395 4396/4396/4396
f 4397/4397/4397 4398/4398/4398 4399/4399/4399 4400/4400/4400
f 4401/4401/4401 4402/4402/4402 4403/4403/4403 4404/4404/4404
f 4405/4405/4405 4406/4406/4406 4407/4407/4407 4408/4408/4408
f 4409/4409/4409 4410/4410/4410 4411/4411/4411 4412/4412/4412
f 4413/4413/4413 4414/4414/4414 4415/4415/4415 4416/4416/4416
f 4417/4417/4417 4418/4418/4418 4419/4419/4419 4420/4420/4420
f 4421/4421/4421 4422/4422/4422 4423/4423/4423 4424/4424/4424
f 4425/4425/4425 4426/4426/4426 4427/4427/4427 4428/4428/4428
f 4429/4429/4429 4430/4430/4430 4431/4431/4431 4432/4432/4432
f 4433/4433/4433 4434/4434/4434 4435/4435/4435 4436/4436/4436
f 4437/4437/4437 4438/4438/4438 4439/4439/4439 4440/4440/4440
f 4441/4441/4441 4442/4442/4442 4443/4443/4443 4444/4444/4444
f 4445/4445/4445 4446/4446/4446 4447/4447/4447 4448/4448/4448
f 4449/4449/4449 4450/4450/4450 4451/4451/4451 4452/4452/4452
f 4453/4453/4453 4454/4454/4454 4455/4455/4455 4456/4456/4456
f 4457/4457/4457 4458/4458/4458 4459/4459/4459 4460/4460/4460
f 4461/4461/4461 4462/4462/4462 4463/4463/4463 4464/4464/4464
f 4465/4465/4465 4466/4466/4466 4467/4467/4467 4468/4468/4468
f 4469/4469/4469 4470/4470/4470 4471/4471/4471 4472/4472/4472
f 4473/4473/4473 4474/4474/4474 4475/4475/4475 4476/4476/4476
f 4477/4477/4477 4478/4478/4478 4479/4479/4479 4480/4480/4480
f 4481/4481/4481 4482/4482/4482 4483/4483/4483 4484/4484/4484
f 4485/4485/4485 4486/4486/4486 4487/4487/4487 4488/4488/4488
f 4489/4489/4489 4490/4490/4490 4491/4491/4491 4492/4492/4492
f 4493/4493/4493 4494/4494/4494 4495/4495/4495 4496/4496/4496
f 4497/4497/4497 4498/4498/4498 4499/4499/4499 4500/4500/4500
f 4501/4501/4501 4502/4502/4502 4503/4503/4503 4504/4504/4504
f 4505/4505/4505 4506/4506/4506 4507/4507/4507 4508/4508/4508
f 4509/4509/4509 4510/4510/4510 4511/4511/4511 4512/4512/4512
f 4513/4513/4513 4514/4514/4514 4515/4515/4515 4516/4516/4516
f 4517/4517/4517 4518/4518/4518 4519/4519/4519 4520/4520/4520
f 4521/4521/4521 4522/4522/4522 4523/4523/4523 4524/4524/4524
f 4525/4525/4525 4526/4526/4526 4527/4527/4527 4528/4528/4528
f 4529/4529/4529 4530/4530/4530 4531/4531/4531 4532/4532/4532
f 4533/4533/4533 4534/4534/4534 4535/4535/4535 4536/4536/4536
f 4537/4537/4537 4538/4538/4538 4539/4539/4539 4540/4540/4540
f 4541/4541/4541 4542/4542/4542 4543/4543/4543 4544/4544/4544
f 4545/4545/4545 4546/4546/4546 4547/4547/4547 4548/4548/4548
f 4549/4549/4549 4550/4550/4550 4551/4551/4551 4552/4552/4552
f 4553/4553/4553 4554/4554/4554 4555/4555/4555 4556/4556/4556
f 4557/4557/4557 4558/4558/4558 4559/4559/4559 4560/4560/4560
f 4561/4561/4561 4562/4562/4562 4563/4563/4563 4564/4564/4564
f 4565/4565/4565 4566/4566/4566 4567/4567/4567 4568/4568/4568
f 4569/4569/4569 4570/4570/4570 4571/4571/4571 4572/4572/4572
f 4573/4573/4573 4574/4574/4574 4575/4575/4575 4576/4576/4576
f 4577/4577/4577 4578/4578/4578 4579/4579/4579 4580/4580/4580
f 4581/4581/4581 4582/4582/4582 4583/4583/4583 4584/4584/4584
f 4585/4585/4585 4586/4586/4586 4587/4587/4587 4588/4588/4588
f 4589/4589/4589 4590/4590/4590 4591/4591/4591 4592/4592/4592
f 4593/4593/4593 4594/4594/4594 4595/4595/4595 4596/4596/4596
f 4597/4597/4597 4598/4598/4598 4599/4599/4599 4600/4600/4600
f 4601/4601/4601 4602/4602/4602 4603/4603/4603 4604/4604/4604
f 4605/4605/4605 4606/4606/4606 4607/4607/4607 4608/4608/4608
f 4609/4609/4609 4610/4610/4610 4611/4611/4611 4612/4612/4612
f 4613/4613/4613 4614/4614/4614 4615/4615/4615 4616/4616/4616
f 4617/4617/4617 4618/4618/4618 4619/4619/4619 4620/4620/4620
f 4621/4621/4621 4622/4622/4622 4623/4623/4623 4624/4624/4624
f 4625/4625/4625 4626/4626/4626 4627/4627/4627 4628/4628/4628
f 4629/4629/4629 4630/4630/4630 4631/4631/4631 4632/4632/4632
f 4633/4633/4633 4634/4634/4634 4635/4635/4635 4636/4636/4636
f 4637/4637/4637 4638/4638/4638 4639/4639/4639 4640/4640/4640
f 4641/4641/4641 4642/4642/4642 4643/4643/4643 4644/4644/4644
f 4645/4645/4645 4646/4646/4646 4647/4647/4647 4648/4648/4648
f 4649/4649/4649 4650/4650/4650 4651/4651/4651 4652/4652/4652
f 4653/4653/4653 4654/4654/4654 4655/4655/4655 4656/4656/4656
f 4657/4657/4657 4658/4658/4658 4659/4659/4659 4660/4660/4660
f 4661/4661/4661 4662/4662/4662 4663/4663/4663 4664/4664/4664
f 4665/4665/4665 4666/4666/4666 4667/4667/4667 4668/4668/4668
f 4669/4669/4669 4670/4670/4670 4671/4671/4671 4672/4672/4672
f 4673/4673/4673 4674/4674/4674 4675/4675/4675 4676/4676/4676
f 4677/4677/4677 4678/4678/4678 4679/4679/4679 4680/4680/4680
f 4681/4681/4681 4682/4682/4682 4683/4683/4683 4684/4684/4684
f 4685/4685/4685 4686/4686/4686 4687/4687/4687 4688/4688/4688
f 4689/4689/4689 4690/4690/4690 4691/4691/4691 4692/4692/4692
f 4693/4693/4693 4694/4694/4694 4695/4695/4695 4696/4696/4696
f 4697/4697/4697 4698/4698/4698 4699/4699/4699 4700/4700/4700
f 4701/4701/4701 4702/4702/4702 4703/4703/4703 4704/4704/4704
f 4705/4705/4705 4706/4706/4706 4707/4707/4707 4708/4708/4708
f 4709/4709/4709 4710/4710/4710 4711/4711/4711 4712/4712/4712
f 4713/4713/4713 4714/4714/4714 4715/4715/4715 4716/4716/4716
f 4717/4717/4717 4718/4718/4718 4719/4719/4719 4720/4720/4720
f 4721/4721/4721 4722/4722/4722 4723/4723/4723 4724/4724/4724
f 4725/4725/4725 4726/4726/4726 4727/4727/4727 4728/4728/4728
f 4729/4729/4729 4730/4730/4730 4731/4731/4731 4732/4732/4732
f 4733/4733/4733 4734/4734/4734 4735/4735/4735 4736/4736/4736
f 4737/4737/4737 4738/4738/4738 4739/4739/4739 4740/4740/4740
f 4741/4741/4741 4742/4742/4742 4743/4743/4743 4744/4744/4744
f 4745/4745/4745 4746/4746/4746 4747/4747/4747 4748/4748/4748
f 4749/4749/4749 4750/4750/4750 4751/4751/4751 4752/4752/4752
f 4753/4753/4753 4754/4754/4754 4755/4755/4755 4756/4756/4756
f 4757/4757/4757 4758/4758/4758 4759/4759/4759 4760/4760/4760
f 4761/4761/4761 4762/4762/4762 4763/4763/4763 4764/4764/4764
f 4765/4765/4765 4766/4766/4766 4767/4767/4767 4768/4768/4768
f 4769/4769/4769 4770/4770/4770 4771/4771/4771 4772/4772/4772
f 4773/4773/4773 4774/4774/4774 4775/4775/4775 4776/4776/4776
f 4777/4777/4777 4778/4778/4778 4779/4779/4779 4780/4780/4780
f 4781/4781/4781 4782/4782/4782 4783/4783/4783 4784/4784/4784
f 4785/4785/4785 4786/4786/4786 4787/4787/4787 4788/4788/4788
f 4789/4789/4789 4790/4790/4790 4791/4791/4791 4792/4792/4792
f 4793/4793/4793 4794/4794/4794 4795/4795/4795 4796/4796/4796
usemtl cyan
f 4797/4797/4797 4798/4798/4798 4799/4799/4799
f 4800/4800/4800 4801/4801/4801 4802/4802/4802
f 4803/4803/4803 4804/4804/4804 4805/4805/4805
f 4806/4806/4806 4807/4807/4807 4808/4808/4808
f 4809/4809/4809 4810/4810/4810 4811/4811/4811
f 4812/4812/4812 4813/4813/4813 4814/4814/4814
f 4815/4815/4815 4816/4816/4816 4817/4817/4817
f 4818/4818/4818 4819/4819/4819 4820/4820/4820
f 4821/4821/4821 4822/4822/4822 4823/4823/4823
f 4824/4824/4824 4825/4825/4825 4826/4826/4826
f 4827/4827/4827 4828/4828/4828 4829/4829/4829
f 4830/4830/4830 4831/4831/4831 4832/4832/4832
f 4833/4833/4833 4834/4834/4834 4835/4835/4835
f 4836/4836/4836 4837/4837/4837 4838/4838/4838
f 4839/4839/4839 4840/4840/4840 4841/4841/4841
f 4842/4842/4842 4843/4843/4843 4844/4844/4844
f 4845/4845/4845 4846/4846/4846 4847/4847/4847
f 4848/4848/4848 4849/4849/4849 4850/4850/4850
f 4851/4851/4851 4852/4852/4852 4853/4853/4853
f 4854/4854/4854 4855/4855/4855 4856/4856/4856
f 4857/4857/4857 4858/4858/4858 4859/4859/4859
f 4860/4860/4860 4861/4861/4861 4862/4862/4862
f 4863/4863/4863 4864/4864/4864 4865/4865/4865
f 4866/4866/4866 4867/4867/4867 4868/4868/4868
usemtl silver
f 4869/4869/4869 4870/4870/4870 4871/4871/4871 4872/4872/4872
f 4873/4873/4873 4874/4874/4874 4875/4875/4875 4876/4876/4876
f 4877/4877/4877 4878/4878/4878 4879/4879/4879 4880/4880/4880
f 4881/4881/4881 4882/4882/4882 4883/4883/4883 4884/4884/4884
f 4885/4885/4885 4886/4886/4886 4887/4887/4887 4888/4888/4888
f 4889/4889/4889 4890/4890/4890 4891/4891/4891 4892/4892/4892
f 4893/4893/4893 4894/4894/4894 4895/4895/4895 4896/4896/4896
f 4897/4897/4897 4898/4898/4898 4899/4899/4899 4900/4900/4900
f 4901/4901/4901 4902/4902/4902 4903/4903/4903 4904/4904/4904
f 4905/4905/4905 4906/4906/4906 4907/4907/4907 4908/4908/4908
f 4909/4909/4909 4910/4910/4910 4911/4911/4911 4912/4912/4912 4913/4913/4913
f 4914/4914/4914 4915/4915/4915 4916/4916/4916 4917/4917/4917 4918/4918/4918
usemtl azure
f 4919/4919/4919 4920/4920/4920 4921/4921/4921
f 4922/4922/4922 4923/4923/4923 4924/4924/4924
f 4925/4925/4925 4926/4926/4926 4927/4927/4927
f 4928/4928/4928 4929/4929/4929 4930/4930/4930
f 4931/4931/4931 4932/4932/4932 4933/4933/4933
f 4934/4934/4934 4935/4935/4935 4936/4936/4936
f 4937/4937/4937 4938/4938/4938 4939/4939/4939
f 4940/4940/4940 4941/4941/4941 4942/4942/4942
usemtl silver
f 4943/4943/4943 4944/4944/4944 4945/4945/4945 4946/4946/4946
f 4947/4947/4947 4948/4948/4948 4949/4949/4949 4950/4950/4950
f 4951/4951/4951 4952/4952/4952 4953/4953/4953 4954/4954/4954
f 4955/4955/4955 4956/4956/4956 4957/4957/4957 4958/4958/4958
f 4959/4959/4959 4960/4960/4960 4961/4961/4961 4962/4962/4962
f 4963/4963/4963 4964/4964/4964 4965/4965/4965 4966/4966/4966
f 4967/4967/4967 4968/4968/4968 4969/4969/4969 4970/4970/4970
f 4971/4971/4971 4972/4972/4972 4973/4973/4973 4974/4974/4974
f 4975/4975/4975 4976/4976/4976 4977/4977/4977 4978/4978/4978
f 4979/4979/4979 4980/4980/4980 4981/4981/4981 4982/4982/4982
f 4983/4983/4983 4984/4984/4984 4985/4985/4985 4986/4986/4986 4987/4987/4987
f 4988/4988/4988 4989/4989/4989 4990/4990/4990 4991/4991/4991 4992/4992/4992
usemtl azure
f 4993/4993/4993 4994/4994/4994 4995/4995/4995
f 4996/4996/4996 4997/4997/4997 4998/4998/4998
f 4999/4999/4999 5000/5000/5000 5001/5001/5001
f 5002/5002/5002 5003/5003/5003 5004/5004/5004
f 5005/5005/5005 5006/5006/5006 5007/5007/5007
f 5008/5008/5008 5009/5009/5009 5010/5010/5010
f 5011/5011/5011 5012/5012/5012 5013/5013/5013
f 5014/5014/5014 5015/5015/5015 5016/5016/5016
usemtl cyan
f 5017/5017/5017 5018/5018/5018 5019/5019/5019 5020/5020/5020
f 5021/5021/5021 5022/5022/5022 5023/5023/5023 5024/5024/5024
f 5025/5025/5025 5026/5026/5026 5027/5027/5027 5028/5028/5028
f 5029/5029/5029 5030/5030/5030 5031/5031/5031 5032/5032/5032
f 5033/5033/5033 5034/5034/5034 5035/5035/5035 5036/5036/5036
f 5037/5037/5037 5038/5038/5038 5039/5039/5039 5040/5040/5040
f 5041/5041/5041 5042/5042/5042 5043/5043/5043 5044/5044/5044
f 5045/5045/5045 5046/5046/5046 5047/5047/5047 5048/5048/5048
f 5049/5049/5049 5050/5050/5050 5051/5051/5051 5052/5052/5052
f 5053/5053/5053 5054/5054/5054 5055/5055/5055 5056/5056/5056
f 5057/5057/5057 5058/5058/5058 5059/5059/5059 5060/5060/5060
f 5061/5061/5061 5062/5062/5062 5063/5063/5063 5064/5064/5064
f 5065/5065/5065 5066/5066/5066 5067/5067/5067 5068/5068/5068
f 5069/5069/5069 5070/5070/5070 5071/5071/5071 5072/5072/5072
f 5073/5073/5073 5074/5074/5074 5075/5075/5075 5076/5076/5076
f 5077/5077/5077 5078/5078/5078 5079/5079/5079 5080/5080/5080
f 5081/5081/5081 5082/5082/5082 5083/5083/5083 5084/5084/5084
f 5085/5085/5085 5086/5086/5086 5087/5087/5087 5088/5088/5088
f 5089/5089/5089 5090/5090/5090 5091/5091/5091 5092/5092/5092
f 5093/5093/5093 5094/5094/5094 5095/5095/5095 5096/5096/5096
