# Frieren Arcana anime-style mesh
mtllib arcana_materials.mtl
v 0.86000 0.46000 0.50000
v 0.85308 0.46000 0.57023
v 0.50000 0.46000 0.50000
v 0.87000 0.50000 0.50000
v 0.86289 0.50000 0.57218
v 0.85308 0.46000 0.57023
v 0.86000 0.46000 0.50000
v 0.84000 0.54000 0.50000
v 0.83347 0.54000 0.56633
v 0.86289 0.50000 0.57218
v 0.87000 0.50000 0.50000
v 0.50000 0.54000 0.50000
v 0.83347 0.54000 0.56633
v 0.84000 0.54000 0.50000
v 0.85308 0.46000 0.57023
v 0.83260 0.46000 0.63777
v 0.50000 0.46000 0.50000
v 0.86289 0.50000 0.57218
v 0.84184 0.50000 0.64159
v 0.83260 0.46000 0.63777
v 0.85308 0.46000 0.57023
v 0.83347 0.54000 0.56633
v 0.81412 0.54000 0.63011
v 0.84184 0.50000 0.64159
v 0.86289 0.50000 0.57218
v 0.50000 0.54000 0.50000
v 0.81412 0.54000 0.63011
v 0.83347 0.54000 0.56633
v 0.83260 0.46000 0.63777
v 0.79933 0.46000 0.70001
v 0.50000 0.46000 0.50000
v 0.84184 0.50000 0.64159
v 0.80764 0.50000 0.70556
v 0.79933 0.46000 0.70001
v 0.83260 0.46000 0.63777
v 0.81412 0.54000 0.63011
v 0.78270 0.54000 0.68889
v 0.80764 0.50000 0.70556
v 0.84184 0.50000 0.64159
v 0.50000 0.54000 0.50000
v 0.78270 0.54000 0.68889
v 0.81412 0.54000 0.63011
v 0.79933 0.46000 0.70001
v 0.75456 0.46000 0.75456
v 0.50000 0.46000 0.50000
v 0.80764 0.50000 0.70556
v 0.76163 0.50000 0.76163
v 0.75456 0.46000 0.75456
v 0.79933 0.46000 0.70001
v 0.78270 0.54000 0.68889
v 0.74042 0.54000 0.74042
v 0.76163 0.50000 0.76163
v 0.80764 0.50000 0.70556
v 0.50000 0.54000 0.50000
v 0.74042 0.54000 0.74042
v 0.78270 0.54000 0.68889
v 0.75456 0.46000 0.75456
v 0.70001 0.46000 0.79933
v 0.50000 0.46000 0.50000
v 0.76163 0.50000 0.76163
v 0.70556 0.50000 0.80764
v 0.70001 0.46000 0.79933
v 0.75456 0.46000 0.75456
v 0.74042 0.54000 0.74042
v 0.68889 0.54000 0.78270
v 0.70556 0.50000 0.80764
v 0.76163 0.50000 0.76163
v 0.50000 0.54000 0.50000
v 0.68889 0.54000 0.78270
v 0.74042 0.54000 0.74042
v 0.70001 0.46000 0.79933
v 0.63777 0.46000 0.83260
v 0.50000 0.46000 0.50000
v 0.70556 0.50000 0.80764
v 0.64159 0.50000 0.84184
v 0.63777 0.46000 0.83260
v 0.70001 0.46000 0.79933
v 0.68889 0.54000 0.78270
v 0.63011 0.54000 0.81412
v 0.64159 0.50000 0.84184
v 0.70556 0.50000 0.80764
v 0.50000 0.54000 0.50000
v 0.63011 0.54000 0.81412
v 0.68889 0.54000 0.78270
v 0.63777 0.46000 0.83260
v 0.57023 0.46000 0.85308
v 0.50000 0.46000 0.50000
v 0.64159 0.50000 0.84184
v 0.57218 0.50000 0.86289
v 0.57023 0.46000 0.85308
v 0.63777 0.46000 0.83260
v 0.63011 0.54000 0.81412
v 0.56633 0.54000 0.83347
v 0.57218 0.50000 0.86289
v 0.64159 0.50000 0.84184
v 0.50000 0.54000 0.50000
v 0.56633 0.54000 0.83347
v 0.63011 0.54000 0.81412
v 0.57023 0.46000 0.85308
v 0.50000 0.46000 0.86000
v 0.50000 0.46000 0.50000
v 0.57218 0.50000 0.86289
v 0.50000 0.50000 0.87000
v 0.50000 0.46000 0.86000
v 0.57023 0.46000 0.85308
v 0.56633 0.54000 0.83347
v 0.50000 0.54000 0.84000
v 0.50000 0.50000 0.87000
v 0.57218 0.50000 0.86289
v 0.50000 0.54000 0.50000
v 0.50000 0.54000 0.84000
v 0.56633 0.54000 0.83347
v 0.50000 0.46000 0.86000
v 0.42977 0.46000 0.85308
v 0.50000 0.46000 0.50000
v 0.50000 0.50000 0.87000
v 0.42782 0.50000 0.86289
v 0.42977 0.46000 0.85308
v 0.50000 0.46000 0.86000
v 0.50000 0.54000 0.84000
v 0.43367 0.54000 0.83347
v 0.42782 0.50000 0.86289
v 0.50000 0.50000 0.87000
v 0.50000 0.54000 0.50000
v 0.43367 0.54000 0.83347
v 0.50000 0.54000 0.84000
v 0.42977 0.46000 0.85308
v 0.36223 0.46000 0.83260
v 0.50000 0.46000 0.50000
v 0.42782 0.50000 0.86289
v 0.35841 0.50000 0.84184
v 0.36223 0.46000 0.83260
v 0.42977 0.46000 0.85308
v 0.43367 0.54000 0.83347
v 0.36989 0.54000 0.81412
v 0.35841 0.50000 0.84184
v 0.42782 0.50000 0.86289
v 0.50000 0.54000 0.50000
v 0.36989 0.54000 0.81412
v 0.43367 0.54000 0.83347
v 0.36223 0.46000 0.83260
v 0.29999 0.46000 0.79933
v 0.50000 0.46000 0.50000
v 0.35841 0.50000 0.84184
v 0.29444 0.50000 0.80764
v 0.29999 0.46000 0.79933
v 0.36223 0.46000 0.83260
v 0.36989 0.54000 0.81412
v 0.31111 0.54000 0.78270
v 0.29444 0.50000 0.80764
v 0.35841 0.50000 0.84184
v 0.50000 0.54000 0.50000
v 0.31111 0.54000 0.78270
v 0.36989 0.54000 0.81412
v 0.29999 0.46000 0.79933
v 0.24544 0.46000 0.75456
v 0.50000 0.46000 0.50000
v 0.29444 0.50000 0.80764
v 0.23837 0.50000 0.76163
v 0.24544 0.46000 0.75456
v 0.29999 0.46000 0.79933
v 0.31111 0.54000 0.78270
v 0.25958 0.54000 0.74042
v 0.23837 0.50000 0.76163
v 0.29444 0.50000 0.80764
v 0.50000 0.54000 0.50000
v 0.25958 0.54000 0.74042
v 0.31111 0.54000 0.78270
v 0.24544 0.46000 0.75456
v 0.20067 0.46000 0.70001
v 0.50000 0.46000 0.50000
v 0.23837 0.50000 0.76163
v 0.19236 0.50000 0.70556
v 0.20067 0.46000 0.70001
v 0.24544 0.46000 0.75456
v 0.25958 0.54000 0.74042
v 0.21730 0.54000 0.68889
v 0.19236 0.50000 0.70556
v 0.23837 0.50000 0.76163
v 0.50000 0.54000 0.50000
v 0.21730 0.54000 0.68889
v 0.25958 0.54000 0.74042
v 0.20067 0.46000 0.70001
v 0.16740 0.46000 0.63777
v 0.50000 0.46000 0.50000
v 0.19236 0.50000 0.70556
v 0.15816 0.50000 0.64159
v 0.16740 0.46000 0.63777
v 0.20067 0.46000 0.70001
v 0.21730 0.54000 0.68889
v 0.18588 0.54000 0.63011
v 0.15816 0.50000 0.64159
v 0.19236 0.50000 0.70556
v 0.50000 0.54000 0.50000
v 0.18588 0.54000 0.63011
v 0.21730 0.54000 0.68889
v 0.16740 0.46000 0.63777
v 0.14692 0.46000 0.57023
v 0.50000 0.46000 0.50000
v 0.15816 0.50000 0.64159
v 0.13711 0.50000 0.57218
v 0.14692 0.46000 0.57023
v 0.16740 0.46000 0.63777
v 0.18588 0.54000 0.63011
v 0.16653 0.54000 0.56633
v 0.13711 0.50000 0.57218
v 0.15816 0.50000 0.64159
v 0.50000 0.54000 0.50000
v 0.16653 0.54000 0.56633
v 0.18588 0.54000 0.63011
v 0.14692 0.46000 0.57023
v 0.14000 0.46000 0.50000
v 0.50000 0.46000 0.50000
v 0.13711 0.50000 0.57218
v 0.13000 0.50000 0.50000
v 0.14000 0.46000 0.50000
v 0.14692 0.46000 0.57023
v 0.16653 0.54000 0.56633
v 0.16000 0.54000 0.50000
v 0.13000 0.50000 0.50000
v 0.13711 0.50000 0.57218
v 0.50000 0.54000 0.50000
v 0.16000 0.54000 0.50000
v 0.16653 0.54000 0.56633
v 0.14000 0.46000 0.50000
v 0.14692 0.46000 0.42977
v 0.50000 0.46000 0.50000
v 0.13000 0.50000 0.50000
v 0.13711 0.50000 0.42782
v 0.14692 0.46000 0.42977
v 0.14000 0.46000 0.50000
v 0.16000 0.54000 0.50000
v 0.16653 0.54000 0.43367
v 0.13711 0.50000 0.42782
v 0.13000 0.50000 0.50000
v 0.50000 0.54000 0.50000
v 0.16653 0.54000 0.43367
v 0.16000 0.54000 0.50000
v 0.14692 0.46000 0.42977
v 0.16740 0.46000 0.36223
v 0.50000 0.46000 0.50000
v 0.13711 0.50000 0.42782
v 0.15816 0.50000 0.35841
v 0.16740 0.46000 0.36223
v 0.14692 0.46000 0.42977
v 0.16653 0.54000 0.43367
v 0.18588 0.54000 0.36989
v 0.15816 0.50000 0.35841
v 0.13711 0.50000 0.42782
v 0.50000 0.54000 0.50000
v 0.18588 0.54000 0.36989
v 0.16653 0.54000 0.43367
v 0.16740 0.46000 0.36223
v 0.20067 0.46000 0.29999
v 0.50000 0.46000 0.50000
v 0.15816 0.50000 0.35841
v 0.19236 0.50000 0.29444
v 0.20067 0.46000 0.29999
v 0.16740 0.46000 0.36223
v 0.18588 0.54000 0.36989
v 0.21730 0.54000 0.31111
v 0.19236 0.50000 0.29444
v 0.15816 0.50000 0.35841
v 0.50000 0.54000 0.50000
v 0.21730 0.54000 0.31111
v 0.18588 0.54000 0.36989
v 0.20067 0.46000 0.29999
v 0.24544 0.46000 0.24544
v 0.50000 0.46000 0.50000
v 0.19236 0.50000 0.29444
v 0.23837 0.50000 0.23837
v 0.24544 0.46000 0.24544
v 0.20067 0.46000 0.29999
v 0.21730 0.54000 0.31111
v 0.25958 0.54000 0.25958
v 0.23837 0.50000 0.23837
v 0.19236 0.50000 0.29444
v 0.50000 0.54000 0.50000
v 0.25958 0.54000 0.25958
v 0.21730 0.54000 0.31111
v 0.24544 0.46000 0.24544
v 0.29999 0.46000 0.20067
v 0.50000 0.46000 0.50000
v 0.23837 0.50000 0.23837
v 0.29444 0.50000 0.19236
v 0.29999 0.46000 0.20067
v 0.24544 0.46000 0.24544
v 0.25958 0.54000 0.25958
v 0.31111 0.54000 0.21730
v 0.29444 0.50000 0.19236
v 0.23837 0.50000 0.23837
v 0.50000 0.54000 0.50000
v 0.31111 0.54000 0.21730
v 0.25958 0.54000 0.25958
v 0.29999 0.46000 0.20067
v 0.36223 0.46000 0.16740
v 0.50000 0.46000 0.50000
v 0.29444 0.50000 0.19236
v 0.35841 0.50000 0.15816
v 0.36223 0.46000 0.16740
v 0.29999 0.46000 0.20067
v 0.31111 0.54000 0.21730
v 0.36989 0.54000 0.18588
v 0.35841 0.50000 0.15816
v 0.29444 0.50000 0.19236
v 0.50000 0.54000 0.50000
v 0.36989 0.54000 0.18588
v 0.31111 0.54000 0.21730
v 0.36223 0.46000 0.16740
v 0.42977 0.46000 0.14692
v 0.50000 0.46000 0.50000
v 0.35841 0.50000 0.15816
v 0.42782 0.50000 0.13711
v 0.42977 0.46000 0.14692
v 0.36223 0.46000 0.16740
v 0.36989 0.54000 0.18588
v 0.43367 0.54000 0.16653
v 0.42782 0.50000 0.13711
v 0.35841 0.50000 0.15816
v 0.50000 0.54000 0.50000
v 0.43367 0.54000 0.16653
v 0.36989 0.54000 0.18588
v 0.42977 0.46000 0.14692
v 0.50000 0.46000 0.14000
v 0.50000 0.46000 0.50000
v 0.42782 0.50000 0.13711
v 0.50000 0.50000 0.13000
v 0.50000 0.46000 0.14000
v 0.42977 0.46000 0.14692
v 0.43367 0.54000 0.16653
v 0.50000 0.54000 0.16000
v 0.50000 0.50000 0.13000
v 0.42782 0.50000 0.13711
v 0.50000 0.54000 0.50000
v 0.50000 0.54000 0.16000
v 0.43367 0.54000 0.16653
v 0.50000 0.46000 0.14000
v 0.57023 0.46000 0.14692
v 0.50000 0.46000 0.50000
v 0.50000 0.50000 0.13000
v 0.57218 0.50000 0.13711
v 0.57023 0.46000 0.14692
v 0.50000 0.46000 0.14000
v 0.50000 0.54000 0.16000
v 0.56633 0.54000 0.16653
v 0.57218 0.50000 0.13711
v 0.50000 0.50000 0.13000
v 0.50000 0.54000 0.50000
v 0.56633 0.54000 0.16653
v 0.50000 0.54000 0.16000
v 0.57023 0.46000 0.14692
v 0.63777 0.46000 0.16740
v 0.50000 0.46000 0.50000
v 0.57218 0.50000 0.13711
v 0.64159 0.50000 0.15816
v 0.63777 0.46000 0.16740
v 0.57023 0.46000 0.14692
v 0.56633 0.54000 0.16653
v 0.63011 0.54000 0.18588
v 0.64159 0.50000 0.15816
v 0.57218 0.50000 0.13711
v 0.50000 0.54000 0.50000
v 0.63011 0.54000 0.18588
v 0.56633 0.54000 0.16653
v 0.63777 0.46000 0.16740
v 0.70001 0.46000 0.20067
v 0.50000 0.46000 0.50000
v 0.64159 0.50000 0.15816
v 0.70556 0.50000 0.19236
v 0.70001 0.46000 0.20067
v 0.63777 0.46000 0.16740
v 0.63011 0.54000 0.18588
v 0.68889 0.54000 0.21730
v 0.70556 0.50000 0.19236
v 0.64159 0.50000 0.15816
v 0.50000 0.54000 0.50000
v 0.68889 0.54000 0.21730
v 0.63011 0.54000 0.18588
v 0.70001 0.46000 0.20067
v 0.75456 0.46000 0.24544
v 0.50000 0.46000 0.50000
v 0.70556 0.50000 0.19236
v 0.76163 0.50000 0.23837
v 0.75456 0.46000 0.24544
v 0.70001 0.46000 0.20067
v 0.68889 0.54000 0.21730
v 0.74042 0.54000 0.25958
v 0.76163 0.50000 0.23837
v 0.70556 0.50000 0.19236
v 0.50000 0.54000 0.50000
v 0.74042 0.54000 0.25958
v 0.68889 0.54000 0.21730
v 0.75456 0.46000 0.24544
v 0.79933 0.46000 0.29999
v 0.50000 0.46000 0.50000
v 0.76163 0.50000 0.23837
v 0.80764 0.50000 0.29444
v 0.79933 0.46000 0.29999
v 0.75456 0.46000 0.24544
v 0.74042 0.54000 0.25958
v 0.78270 0.54000 0.31111
v 0.80764 0.50000 0.29444
v 0.76163 0.50000 0.23837
v 0.50000 0.54000 0.50000
v 0.78270 0.54000 0.31111
v 0.74042 0.54000 0.25958
v 0.79933 0.46000 0.29999
v 0.83260 0.46000 0.36223
v 0.50000 0.46000 0.50000
v 0.80764 0.50000 0.29444
v 0.84184 0.50000 0.35841
v 0.83260 0.46000 0.36223
v 0.79933 0.46000 0.29999
v 0.78270 0.54000 0.31111
v 0.81412 0.54000 0.36989
v 0.84184 0.50000 0.35841
v 0.80764 0.50000 0.29444
v 0.50000 0.54000 0.50000
v 0.81412 0.54000 0.36989
v 0.78270 0.54000 0.31111
v 0.83260 0.46000 0.36223
v 0.85308 0.46000 0.42977
v 0.50000 0.46000 0.50000
v 0.84184 0.50000 0.35841
v 0.86289 0.50000 0.42782
v 0.85308 0.46000 0.42977
v 0.83260 0.46000 0.36223
v 0.81412 0.54000 0.36989
v 0.83347 0.54000 0.43367
v 0.86289 0.50000 0.42782
v 0.84184 0.50000 0.35841
v 0.50000 0.54000 0.50000
v 0.83347 0.54000 0.43367
v 0.81412 0.54000 0.36989
v 0.85308 0.46000 0.42977
v 0.86000 0.46000 0.50000
v 0.50000 0.46000 0.50000
v 0.86289 0.50000 0.42782
v 0.87000 0.50000 0.50000
v 0.86000 0.46000 0.50000
v 0.85308 0.46000 0.42977
v 0.83347 0.54000 0.43367
v 0.84000 0.54000 0.50000
v 0.87000 0.50000 0.50000
v 0.86289 0.50000 0.42782
v 0.50000 0.54000 0.50000
v 0.84000 0.54000 0.50000
v 0.83347 0.54000 0.43367
v 0.84500 0.54800 0.50000
v 0.84075 0.54800 0.55397
v 0.82594 0.53500 0.55162
v 0.83000 0.53500 0.50000
v 0.83000 0.56000 0.50000
v 0.82594 0.56000 0.55162
v 0.84075 0.54800 0.55397
v 0.84500 0.54800 0.50000
v 0.84075 0.54800 0.55397
v 0.82811 0.54800 0.60661
v 0.81385 0.53500 0.60198
v 0.82594 0.53500 0.55162
v 0.82594 0.56000 0.55162
v 0.81385 0.56000 0.60198
v 0.82811 0.54800 0.60661
v 0.84075 0.54800 0.55397
v 0.82811 0.54800 0.60661
v 0.80740 0.54800 0.65663
v 0.79403 0.53500 0.64982
v 0.81385 0.53500 0.60198
v 0.81385 0.56000 0.60198
v 0.79403 0.56000 0.64982
v 0.80740 0.54800 0.65663
v 0.82811 0.54800 0.60661
v 0.80740 0.54800 0.65663
v 0.77911 0.54800 0.70279
v 0.76698 0.53500 0.69397
v 0.79403 0.53500 0.64982
v 0.79403 0.56000 0.64982
v 0.76698 0.56000 0.69397
v 0.77911 0.54800 0.70279
v 0.80740 0.54800 0.65663
v 0.77911 0.54800 0.70279
v 0.74395 0.54800 0.74395
v 0.73335 0.53500 0.73335
v 0.76698 0.53500 0.69397
v 0.76698 0.56000 0.69397
v 0.73335 0.56000 0.73335
v 0.74395 0.54800 0.74395
v 0.77911 0.54800 0.70279
v 0.74395 0.54800 0.74395
v 0.70279 0.54800 0.77911
v 0.69397 0.53500 0.76698
v 0.73335 0.53500 0.73335
v 0.73335 0.56000 0.73335
v 0.69397 0.56000 0.76698
v 0.70279 0.54800 0.77911
v 0.74395 0.54800 0.74395
v 0.70279 0.54800 0.77911
v 0.65663 0.54800 0.80740
v 0.64982 0.53500 0.79403
v 0.69397 0.53500 0.76698
v 0.69397 0.56000 0.76698
v 0.64982 0.56000 0.79403
v 0.65663 0.54800 0.80740
v 0.70279 0.54800 0.77911
v 0.65663 0.54800 0.80740
v 0.60661 0.54800 0.82811
v 0.60198 0.53500 0.81385
v 0.64982 0.53500 0.79403
v 0.64982 0.56000 0.79403
v 0.60198 0.56000 0.81385
v 0.60661 0.54800 0.82811
v 0.65663 0.54800 0.80740
v 0.60661 0.54800 0.82811
v 0.55397 0.54800 0.84075
v 0.55162 0.53500 0.82594
v 0.60198 0.53500 0.81385
v 0.60198 0.56000 0.81385
v 0.55162 0.56000 0.82594
v 0.55397 0.54800 0.84075
v 0.60661 0.54800 0.82811
v 0.55397 0.54800 0.84075
v 0.50000 0.54800 0.84500
v 0.50000 0.53500 0.83000
v 0.55162 0.53500 0.82594
v 0.55162 0.56000 0.82594
v 0.50000 0.56000 0.83000
v 0.50000 0.54800 0.84500
v 0.55397 0.54800 0.84075
v 0.50000 0.54800 0.84500
v 0.44603 0.54800 0.84075
v 0.44838 0.53500 0.82594
v 0.50000 0.53500 0.83000
v 0.50000 0.56000 0.83000
v 0.44838 0.56000 0.82594
v 0.44603 0.54800 0.84075
v 0.50000 0.54800 0.84500
v 0.44603 0.54800 0.84075
v 0.39339 0.54800 0.82811
v 0.39802 0.53500 0.81385
v 0.44838 0.53500 0.82594
v 0.44838 0.56000 0.82594
v 0.39802 0.56000 0.81385
v 0.39339 0.54800 0.82811
v 0.44603 0.54800 0.84075
v 0.39339 0.54800 0.82811
v 0.34337 0.54800 0.80740
v 0.35018 0.53500 0.79403
v 0.39802 0.53500 0.81385
v 0.39802 0.56000 0.81385
v 0.35018 0.56000 0.79403
v 0.34337 0.54800 0.80740
v 0.39339 0.54800 0.82811
v 0.34337 0.54800 0.80740
v 0.29721 0.54800 0.77911
v 0.30603 0.53500 0.76698
v 0.35018 0.53500 0.79403
v 0.35018 0.56000 0.79403
v 0.30603 0.56000 0.76698
v 0.29721 0.54800 0.77911
v 0.34337 0.54800 0.80740
v 0.29721 0.54800 0.77911
v 0.25605 0.54800 0.74395
v 0.26665 0.53500 0.73335
v 0.30603 0.53500 0.76698
v 0.30603 0.56000 0.76698
v 0.26665 0.56000 0.73335
v 0.25605 0.54800 0.74395
v 0.29721 0.54800 0.77911
v 0.25605 0.54800 0.74395
v 0.22089 0.54800 0.70279
v 0.23302 0.53500 0.69397
v 0.26665 0.53500 0.73335
v 0.26665 0.56000 0.73335
v 0.23302 0.56000 0.69397
v 0.22089 0.54800 0.70279
v 0.25605 0.54800 0.74395
v 0.22089 0.54800 0.70279
v 0.19260 0.54800 0.65663
v 0.20597 0.53500 0.64982
v 0.23302 0.53500 0.69397
v 0.23302 0.56000 0.69397
v 0.20597 0.56000 0.64982
v 0.19260 0.54800 0.65663
v 0.22089 0.54800 0.70279
v 0.19260 0.54800 0.65663
v 0.17189 0.54800 0.60661
v 0.18615 0.53500 0.60198
v 0.20597 0.53500 0.64982
v 0.20597 0.56000 0.64982
v 0.18615 0.56000 0.60198
v 0.17189 0.54800 0.60661
v 0.19260 0.54800 0.65663
v 0.17189 0.54800 0.60661
v 0.15925 0.54800 0.55397
v 0.17406 0.53500 0.55162
v 0.18615 0.53500 0.60198
v 0.18615 0.56000 0.60198
v 0.17406 0.56000 0.55162
v 0.15925 0.54800 0.55397
v 0.17189 0.54800 0.60661
v 0.15925 0.54800 0.55397
v 0.15500 0.54800 0.50000
v 0.17000 0.53500 0.50000
v 0.17406 0.53500 0.55162
v 0.17406 0.56000 0.55162
v 0.17000 0.56000 0.50000
v 0.15500 0.54800 0.50000
v 0.15925 0.54800 0.55397
v 0.15500 0.54800 0.50000
v 0.15925 0.54800 0.44603
v 0.17406 0.53500 0.44838
v 0.17000 0.53500 0.50000
v 0.17000 0.56000 0.50000
v 0.17406 0.56000 0.44838
v 0.15925 0.54800 0.44603
v 0.15500 0.54800 0.50000
v 0.15925 0.54800 0.44603
v 0.17189 0.54800 0.39339
v 0.18615 0.53500 0.39802
v 0.17406 0.53500 0.44838
v 0.17406 0.56000 0.44838
v 0.18615 0.56000 0.39802
v 0.17189 0.54800 0.39339
v 0.15925 0.54800 0.44603
v 0.17189 0.54800 0.39339
v 0.19260 0.54800 0.34337
v 0.20597 0.53500 0.35018
v 0.18615 0.53500 0.39802
v 0.18615 0.56000 0.39802
v 0.20597 0.56000 0.35018
v 0.19260 0.54800 0.34337
v 0.17189 0.54800 0.39339
v 0.19260 0.54800 0.34337
v 0.22089 0.54800 0.29721
v 0.23302 0.53500 0.30603
v 0.20597 0.53500 0.35018
v 0.20597 0.56000 0.35018
v 0.23302 0.56000 0.30603
v 0.22089 0.54800 0.29721
v 0.19260 0.54800 0.34337
v 0.22089 0.54800 0.29721
v 0.25605 0.54800 0.25605
v 0.26665 0.53500 0.26665
v 0.23302 0.53500 0.30603
v 0.23302 0.56000 0.30603
v 0.26665 0.56000 0.26665
v 0.25605 0.54800 0.25605
v 0.22089 0.54800 0.29721
v 0.25605 0.54800 0.25605
v 0.29721 0.54800 0.22089
v 0.30603 0.53500 0.23302
v 0.26665 0.53500 0.26665
v 0.26665 0.56000 0.26665
v 0.30603 0.56000 0.23302
v 0.29721 0.54800 0.22089
v 0.25605 0.54800 0.25605
v 0.29721 0.54800 0.22089
v 0.34337 0.54800 0.19260
v 0.35018 0.53500 0.20597
v 0.30603 0.53500 0.23302
v 0.30603 0.56000 0.23302
v 0.35018 0.56000 0.20597
v 0.34337 0.54800 0.19260
v 0.29721 0.54800 0.22089
v 0.34337 0.54800 0.19260
v 0.39339 0.54800 0.17189
v 0.39802 0.53500 0.18615
v 0.35018 0.53500 0.20597
v 0.35018 0.56000 0.20597
v 0.39802 0.56000 0.18615
v 0.39339 0.54800 0.17189
v 0.34337 0.54800 0.19260
v 0.39339 0.54800 0.17189
v 0.44603 0.54800 0.15925
v 0.44838 0.53500 0.17406
v 0.39802 0.53500 0.18615
v 0.39802 0.56000 0.18615
v 0.44838 0.56000 0.17406
v 0.44603 0.54800 0.15925
v 0.39339 0.54800 0.17189
v 0.44603 0.54800 0.15925
v 0.50000 0.54800 0.15500
v 0.50000 0.53500 0.17000
v 0.44838 0.53500 0.17406
v 0.44838 0.56000 0.17406
v 0.50000 0.56000 0.17000
v 0.50000 0.54800 0.15500
v 0.44603 0.54800 0.15925
v 0.50000 0.54800 0.15500
v 0.55397 0.54800 0.15925
v 0.55162 0.53500 0.17406
v 0.50000 0.53500 0.17000
v 0.50000 0.56000 0.17000
v 0.55162 0.56000 0.17406
v 0.55397 0.54800 0.15925
v 0.50000 0.54800 0.15500
v 0.55397 0.54800 0.15925
v 0.60661 0.54800 0.17189
v 0.60198 0.53500 0.18615
v 0.55162 0.53500 0.17406
v 0.55162 0.56000 0.17406
v 0.60198 0.56000 0.18615
v 0.60661 0.54800 0.17189
v 0.55397 0.54800 0.15925
v 0.60661 0.54800 0.17189
v 0.65663 0.54800 0.19260
v 0.64982 0.53500 0.20597
v 0.60198 0.53500 0.18615
v 0.60198 0.56000 0.18615
v 0.64982 0.56000 0.20597
v 0.65663 0.54800 0.19260
v 0.60661 0.54800 0.17189
v 0.65663 0.54800 0.19260
v 0.70279 0.54800 0.22089
v 0.69397 0.53500 0.23302
v 0.64982 0.53500 0.20597
v 0.64982 0.56000 0.20597
v 0.69397 0.56000 0.23302
v 0.70279 0.54800 0.22089
v 0.65663 0.54800 0.19260
v 0.70279 0.54800 0.22089
v 0.74395 0.54800 0.25605
v 0.73335 0.53500 0.26665
v 0.69397 0.53500 0.23302
v 0.69397 0.56000 0.23302
v 0.73335 0.56000 0.26665
v 0.74395 0.54800 0.25605
v 0.70279 0.54800 0.22089
v 0.74395 0.54800 0.25605
v 0.77911 0.54800 0.29721
v 0.76698 0.53500 0.30603
v 0.73335 0.53500 0.26665
v 0.73335 0.56000 0.26665
v 0.76698 0.56000 0.30603
v 0.77911 0.54800 0.29721
v 0.74395 0.54800 0.25605
v 0.77911 0.54800 0.29721
v 0.80740 0.54800 0.34337
v 0.79403 0.53500 0.35018
v 0.76698 0.53500 0.30603
v 0.76698 0.56000 0.30603
v 0.79403 0.56000 0.35018
v 0.80740 0.54800 0.34337
v 0.77911 0.54800 0.29721
v 0.80740 0.54800 0.34337
v 0.82811 0.54800 0.39339
v 0.81385 0.53500 0.39802
v 0.79403 0.53500 0.35018
v 0.79403 0.56000 0.35018
v 0.81385 0.56000 0.39802
v 0.82811 0.54800 0.39339
v 0.80740 0.54800 0.34337
v 0.82811 0.54800 0.39339
v 0.84075 0.54800 0.44603
v 0.82594 0.53500 0.44838
v 0.81385 0.53500 0.39802
v 0.81385 0.56000 0.39802
v 0.82594 0.56000 0.44838
v 0.84075 0.54800 0.44603
v 0.82811 0.54800 0.39339
v 0.84075 0.54800 0.44603
v 0.84500 0.54800 0.50000
v 0.83000 0.53500 0.50000
v 0.82594 0.53500 0.44838
v 0.82594 0.56000 0.44838
v 0.83000 0.56000 0.50000
v 0.84500 0.54800 0.50000
v 0.84075 0.54800 0.44603
v 0.71000 0.54500 0.50000
v 0.70596 0.54500 0.54097
v 0.69616 0.53500 0.53902
v 0.70000 0.53500 0.50000
v 0.70000 0.55500 0.50000
v 0.69616 0.55500 0.53902
v 0.70596 0.54500 0.54097
v 0.71000 0.54500 0.50000
v 0.70596 0.54500 0.54097
v 0.69401 0.54500 0.58036
v 0.68478 0.53500 0.57654
v 0.69616 0.53500 0.53902
v 0.69616 0.55500 0.53902
v 0.68478 0.55500 0.57654
v 0.69401 0.54500 0.58036
v 0.70596 0.54500 0.54097
v 0.69401 0.54500 0.58036
v 0.67461 0.54500 0.61667
v 0.66629 0.53500 0.61111
v 0.68478 0.53500 0.57654
v 0.68478 0.55500 0.57654
v 0.66629 0.55500 0.61111
v 0.67461 0.54500 0.61667
v 0.69401 0.54500 0.58036
v 0.67461 0.54500 0.61667
v 0.64849 0.54500 0.64849
v 0.64142 0.53500 0.64142
v 0.66629 0.53500 0.61111
v 0.66629 0.55500 0.61111
v 0.64142 0.55500 0.64142
v 0.64849 0.54500 0.64849
v 0.67461 0.54500 0.61667
v 0.64849 0.54500 0.64849
v 0.61667 0.54500 0.67461
v 0.61111 0.53500 0.66629
v 0.64142 0.53500 0.64142
v 0.64142 0.55500 0.64142
v 0.61111 0.55500 0.66629
v 0.61667 0.54500 0.67461
v 0.64849 0.54500 0.64849
v 0.61667 0.54500 0.67461
v 0.58036 0.54500 0.69401
v 0.57654 0.53500 0.68478
v 0.61111 0.53500 0.66629
v 0.61111 0.55500 0.66629
v 0.57654 0.55500 0.68478
v 0.58036 0.54500 0.69401
v 0.61667 0.54500 0.67461
v 0.58036 0.54500 0.69401
v 0.54097 0.54500 0.70596
v 0.53902 0.53500 0.69616
v 0.57654 0.53500 0.68478
v 0.57654 0.55500 0.68478
v 0.53902 0.55500 0.69616
v 0.54097 0.54500 0.70596
v 0.58036 0.54500 0.69401
v 0.54097 0.54500 0.70596
v 0.50000 0.54500 0.71000
v 0.50000 0.53500 0.70000
v 0.53902 0.53500 0.69616
v 0.53902 0.55500 0.69616
v 0.50000 0.55500 0.70000
v 0.50000 0.54500 0.71000
v 0.54097 0.54500 0.70596
v 0.50000 0.54500 0.71000
v 0.45903 0.54500 0.70596
v 0.46098 0.53500 0.69616
v 0.50000 0.53500 0.70000
v 0.50000 0.55500 0.70000
v 0.46098 0.55500 0.69616
v 0.45903 0.54500 0.70596
v 0.50000 0.54500 0.71000
v 0.45903 0.54500 0.70596
v 0.41964 0.54500 0.69401
v 0.42346 0.53500 0.68478
v 0.46098 0.53500 0.69616
v 0.46098 0.55500 0.69616
v 0.42346 0.55500 0.68478
v 0.41964 0.54500 0.69401
v 0.45903 0.54500 0.70596
v 0.41964 0.54500 0.69401
v 0.38333 0.54500 0.67461
v 0.38889 0.53500 0.66629
v 0.42346 0.53500 0.68478
v 0.42346 0.55500 0.68478
v 0.38889 0.55500 0.66629
v 0.38333 0.54500 0.67461
v 0.41964 0.54500 0.69401
v 0.38333 0.54500 0.67461
v 0.35151 0.54500 0.64849
v 0.35858 0.53500 0.64142
v 0.38889 0.53500 0.66629
v 0.38889 0.55500 0.66629
v 0.35858 0.55500 0.64142
v 0.35151 0.54500 0.64849
v 0.38333 0.54500 0.67461
v 0.35151 0.54500 0.64849
v 0.32539 0.54500 0.61667
v 0.33371 0.53500 0.61111
v 0.35858 0.53500 0.64142
v 0.35858 0.55500 0.64142
v 0.33371 0.55500 0.61111
v 0.32539 0.54500 0.61667
v 0.35151 0.54500 0.64849
v 0.32539 0.54500 0.61667
v 0.30599 0.54500 0.58036
v 0.31522 0.53500 0.57654
v 0.33371 0.53500 0.61111
v 0.33371 0.55500 0.61111
v 0.31522 0.55500 0.57654
v 0.30599 0.54500 0.58036
v 0.32539 0.54500 0.61667
v 0.30599 0.54500 0.58036
v 0.29404 0.54500 0.54097
v 0.30384 0.53500 0.53902
v 0.31522 0.53500 0.57654
v 0.31522 0.55500 0.57654
v 0.30384 0.55500 0.53902
v 0.29404 0.54500 0.54097
v 0.30599 0.54500 0.58036
v 0.29404 0.54500 0.54097
v 0.29000 0.54500 0.50000
v 0.30000 0.53500 0.50000
v 0.30384 0.53500 0.53902
v 0.30384 0.55500 0.53902
v 0.30000 0.55500 0.50000
v 0.29000 0.54500 0.50000
v 0.29404 0.54500 0.54097
v 0.29000 0.54500 0.50000
v 0.29404 0.54500 0.45903
v 0.30384 0.53500 0.46098
v 0.30000 0.53500 0.50000
v 0.30000 0.55500 0.50000
v 0.30384 0.55500 0.46098
v 0.29404 0.54500 0.45903
v 0.29000 0.54500 0.50000
v 0.29404 0.54500 0.45903
v 0.30599 0.54500 0.41964
v 0.31522 0.53500 0.42346
v 0.30384 0.53500 0.46098
v 0.30384 0.55500 0.46098
v 0.31522 0.55500 0.42346
v 0.30599 0.54500 0.41964
v 0.29404 0.54500 0.45903
v 0.30599 0.54500 0.41964
v 0.32539 0.54500 0.38333
v 0.33371 0.53500 0.38889
v 0.31522 0.53500 0.42346
v 0.31522 0.55500 0.42346
v 0.33371 0.55500 0.38889
v 0.32539 0.54500 0.38333
v 0.30599 0.54500 0.41964
v 0.32539 0.54500 0.38333
v 0.35151 0.54500 0.35151
v 0.35858 0.53500 0.35858
v 0.33371 0.53500 0.38889
v 0.33371 0.55500 0.38889
v 0.35858 0.55500 0.35858
v 0.35151 0.54500 0.35151
v 0.32539 0.54500 0.38333
v 0.35151 0.54500 0.35151
v 0.38333 0.54500 0.32539
v 0.38889 0.53500 0.33371
v 0.35858 0.53500 0.35858
v 0.35858 0.55500 0.35858
v 0.38889 0.55500 0.33371
v 0.38333 0.54500 0.32539
v 0.35151 0.54500 0.35151
v 0.38333 0.54500 0.32539
v 0.41964 0.54500 0.30599
v 0.42346 0.53500 0.31522
v 0.38889 0.53500 0.33371
v 0.38889 0.55500 0.33371
v 0.42346 0.55500 0.31522
v 0.41964 0.54500 0.30599
v 0.38333 0.54500 0.32539
v 0.41964 0.54500 0.30599
v 0.45903 0.54500 0.29404
v 0.46098 0.53500 0.30384
v 0.42346 0.53500 0.31522
v 0.42346 0.55500 0.31522
v 0.46098 0.55500 0.30384
v 0.45903 0.54500 0.29404
v 0.41964 0.54500 0.30599
v 0.45903 0.54500 0.29404
v 0.50000 0.54500 0.29000
v 0.50000 0.53500 0.30000
v 0.46098 0.53500 0.30384
v 0.46098 0.55500 0.30384
v 0.50000 0.55500 0.30000
v 0.50000 0.54500 0.29000
v 0.45903 0.54500 0.29404
v 0.50000 0.54500 0.29000
v 0.54097 0.54500 0.29404
v 0.53902 0.53500 0.30384
v 0.50000 0.53500 0.30000
v 0.50000 0.55500 0.30000
v 0.53902 0.55500 0.30384
v 0.54097 0.54500 0.29404
v 0.50000 0.54500 0.29000
v 0.54097 0.54500 0.29404
v 0.58036 0.54500 0.30599
v 0.57654 0.53500 0.31522
v 0.53902 0.53500 0.30384
v 0.53902 0.55500 0.30384
v 0.57654 0.55500 0.31522
v 0.58036 0.54500 0.30599
v 0.54097 0.54500 0.29404
v 0.58036 0.54500 0.30599
v 0.61667 0.54500 0.32539
v 0.61111 0.53500 0.33371
v 0.57654 0.53500 0.31522
v 0.57654 0.55500 0.31522
v 0.61111 0.55500 0.33371
v 0.61667 0.54500 0.32539
v 0.58036 0.54500 0.30599
v 0.61667 0.54500 0.32539
v 0.64849 0.54500 0.35151
v 0.64142 0.53500 0.35858
v 0.61111 0.53500 0.33371
v 0.61111 0.55500 0.33371
v 0.64142 0.55500 0.35858
v 0.64849 0.54500 0.35151
v 0.61667 0.54500 0.32539
v 0.64849 0.54500 0.35151
v 0.67461 0.54500 0.38333
v 0.66629 0.53500 0.38889
v 0.64142 0.53500 0.35858
v 0.64142 0.55500 0.35858
v 0.66629 0.55500 0.38889
v 0.67461 0.54500 0.38333
v 0.64849 0.54500 0.35151
v 0.67461 0.54500 0.38333
v 0.69401 0.54500 0.41964
v 0.68478 0.53500 0.42346
v 0.66629 0.53500 0.38889
v 0.66629 0.55500 0.38889
v 0.68478 0.55500 0.42346
v 0.69401 0.54500 0.41964
v 0.67461 0.54500 0.38333
v 0.69401 0.54500 0.41964
v 0.70596 0.54500 0.45903
v 0.69616 0.53500 0.46098
v 0.68478 0.53500 0.42346
v 0.68478 0.55500 0.42346
v 0.69616 0.55500 0.46098
v 0.70596 0.54500 0.45903
v 0.69401 0.54500 0.41964
v 0.70596 0.54500 0.45903
v 0.71000 0.54500 0.50000
v 0.70000 0.53500 0.50000
v 0.69616 0.53500 0.46098
v 0.69616 0.55500 0.46098
v 0.70000 0.55500 0.50000
v 0.71000 0.54500 0.50000
v 0.70596 0.54500 0.45903
v 0.67995 0.49164 0.50000
v 0.67452 0.50836 0.54243
v 0.65000 0.54500 0.50000
v 0.71906 0.47807 0.50000
v 0.71137 0.50174 0.56010
v 0.67452 0.50836 0.54243
v 0.67995 0.49164 0.50000
v 0.76056 0.52835 0.50000
v 0.75603 0.54228 0.53536
v 0.71137 0.50174 0.56010
v 0.71906 0.47807 0.50000
v 0.78315 0.58826 0.50000
v 0.75603 0.54228 0.53536
v 0.76056 0.52835 0.50000
v 0.67452 0.50836 0.54243
v 0.66141 0.54871 0.56000
v 0.65000 0.54500 0.50000
v 0.71137 0.50174 0.56010
v 0.69280 0.55891 0.58500
v 0.66141 0.54871 0.56000
v 0.67452 0.50836 0.54243
v 0.75603 0.54228 0.53536
v 0.74511 0.57590 0.55000
v 0.69280 0.55891 0.58500
v 0.71137 0.50174 0.56010
v 0.78315 0.58826 0.50000
v 0.74511 0.57590 0.55000
v 0.75603 0.54228 0.53536
v 0.66141 0.54871 0.56000
v 0.64830 0.58906 0.54243
v 0.65000 0.54500 0.50000
v 0.69280 0.55891 0.58500
v 0.67422 0.61607 0.56010
v 0.64830 0.58906 0.54243
v 0.66141 0.54871 0.56000
v 0.74511 0.57590 0.55000
v 0.73418 0.60953 0.53536
v 0.67422 0.61607 0.56010
v 0.69280 0.55891 0.58500
v 0.78315 0.58826 0.50000
v 0.73418 0.60953 0.53536
v 0.74511 0.57590 0.55000
v 0.64830 0.58906 0.54243
v 0.64287 0.60577 0.50000
v 0.65000 0.54500 0.50000
v 0.67422 0.61607 0.56010
v 0.66653 0.63975 0.50000
v 0.64287 0.60577 0.50000
v 0.64830 0.58906 0.54243
v 0.73418 0.60953 0.53536
v 0.72965 0.62345 0.50000
v 0.66653 0.63975 0.50000
v 0.67422 0.61607 0.56010
v 0.78315 0.58826 0.50000
v 0.72965 0.62345 0.50000
v 0.73418 0.60953 0.53536
v 0.64287 0.60577 0.50000
v 0.64830 0.58906 0.45757
v 0.65000 0.54500 0.50000
v 0.66653 0.63975 0.50000
v 0.67422 0.61607 0.43990
v 0.64830 0.58906 0.45757
v 0.64287 0.60577 0.50000
v 0.72965 0.62345 0.50000
v 0.73418 0.60953 0.46464
v 0.67422 0.61607 0.43990
v 0.66653 0.63975 0.50000
v 0.78315 0.58826 0.50000
v 0.73418 0.60953 0.46464
v 0.72965 0.62345 0.50000
v 0.64830 0.58906 0.45757
v 0.66141 0.54871 0.44000
v 0.65000 0.54500 0.50000
v 0.67422 0.61607 0.43990
v 0.69280 0.55891 0.41500
v 0.66141 0.54871 0.44000
v 0.64830 0.58906 0.45757
v 0.73418 0.60953 0.46464
v 0.74511 0.57590 0.45000
v 0.69280 0.55891 0.41500
v 0.67422 0.61607 0.43990
v 0.78315 0.58826 0.50000
v 0.74511 0.57590 0.45000
v 0.73418 0.60953 0.46464
v 0.66141 0.54871 0.44000
v 0.67452 0.50836 0.45757
v 0.65000 0.54500 0.50000
v 0.69280 0.55891 0.41500
v 0.71137 0.50174 0.43990
v 0.67452 0.50836 0.45757
v 0.66141 0.54871 0.44000
v 0.74511 0.57590 0.45000
v 0.75603 0.54228 0.46464
v 0.71137 0.50174 0.43990
v 0.69280 0.55891 0.41500
v 0.78315 0.58826 0.50000
v 0.75603 0.54228 0.46464
v 0.74511 0.57590 0.45000
v 0.67452 0.50836 0.45757
v 0.67995 0.49164 0.50000
v 0.65000 0.54500 0.50000
v 0.71137 0.50174 0.43990
v 0.71906 0.47807 0.50000
v 0.67995 0.49164 0.50000
v 0.67452 0.50836 0.45757
v 0.75603 0.54228 0.46464
v 0.76056 0.52835 0.50000
v 0.71906 0.47807 0.50000
v 0.71137 0.50174 0.43990
v 0.78315 0.58826 0.50000
v 0.76056 0.52835 0.50000
v 0.75603 0.54228 0.46464
v 0.58998 0.49164 0.65584
v 0.55052 0.50836 0.67235
v 0.57500 0.54500 0.62990
v 0.60953 0.47807 0.68971
v 0.55363 0.50174 0.71310
v 0.55052 0.50836 0.67235
v 0.58998 0.49164 0.65584
v 0.63028 0.52835 0.72565
v 0.59740 0.54228 0.73941
v 0.55363 0.50174 0.71310
v 0.60953 0.47807 0.68971
v 0.64157 0.58826 0.74521
v 0.59740 0.54228 0.73941
v 0.63028 0.52835 0.72565
v 0.55052 0.50836 0.67235
v 0.52874 0.54871 0.66979
v 0.57500 0.54500 0.62990
v 0.55363 0.50174 0.71310
v 0.52279 0.55891 0.70947
v 0.52874 0.54871 0.66979
v 0.55052 0.50836 0.67235
v 0.59740 0.54228 0.73941
v 0.57925 0.57590 0.73727
v 0.52279 0.55891 0.70947
v 0.55363 0.50174 0.71310
v 0.64157 0.58826 0.74521
v 0.57925 0.57590 0.73727
v 0.59740 0.54228 0.73941
v 0.52874 0.54871 0.66979
v 0.53741 0.58906 0.64965
v 0.57500 0.54500 0.62990
v 0.52279 0.55891 0.70947
v 0.53506 0.61607 0.68093
v 0.53741 0.58906 0.64965
v 0.52874 0.54871 0.66979
v 0.57925 0.57590 0.73727
v 0.58647 0.60953 0.72048
v 0.53506 0.61607 0.68093
v 0.52279 0.55891 0.70947
v 0.64157 0.58826 0.74521
v 0.58647 0.60953 0.72048
v 0.57925 0.57590 0.73727
v 0.53741 0.58906 0.64965
v 0.57144 0.60577 0.62373
v 0.57500 0.54500 0.62990
v 0.53506 0.61607 0.68093
v 0.58327 0.63975 0.64422
v 0.57144 0.60577 0.62373
v 0.53741 0.58906 0.64965
v 0.58647 0.60953 0.72048
v 0.61483 0.62345 0.69889
v 0.58327 0.63975 0.64422
v 0.53506 0.61607 0.68093
v 0.64157 0.58826 0.74521
v 0.61483 0.62345 0.69889
v 0.58647 0.60953 0.72048
v 0.57144 0.60577 0.62373
v 0.61089 0.58906 0.60722
v 0.57500 0.54500 0.62990
v 0.58327 0.63975 0.64422
v 0.63916 0.61607 0.62083
v 0.61089 0.58906 0.60722
v 0.57144 0.60577 0.62373
v 0.61483 0.62345 0.69889
v 0.64771 0.60953 0.68513
v 0.63916 0.61607 0.62083
v 0.58327 0.63975 0.64422
v 0.64157 0.58826 0.74521
v 0.64771 0.60953 0.68513
v 0.61483 0.62345 0.69889
v 0.61089 0.58906 0.60722
v 0.63267 0.54871 0.60979
v 0.57500 0.54500 0.62990
v 0.63916 0.61607 0.62083
v 0.67001 0.55891 0.62447
v 0.63267 0.54871 0.60979
v 0.61089 0.58906 0.60722
v 0.64771 0.60953 0.68513
v 0.66585 0.57590 0.68727
v 0.67001 0.55891 0.62447
v 0.63916 0.61607 0.62083
v 0.64157 0.58826 0.74521
v 0.66585 0.57590 0.68727
v 0.64771 0.60953 0.68513
v 0.63267 0.54871 0.60979
v 0.62400 0.50836 0.62993
v 0.57500 0.54500 0.62990
v 0.67001 0.55891 0.62447
v 0.65774 0.50174 0.65300
v 0.62400 0.50836 0.62993
v 0.63267 0.54871 0.60979
v 0.66585 0.57590 0.68727
v 0.65863 0.54228 0.70405
v 0.65774 0.50174 0.65300
v 0.67001 0.55891 0.62447
v 0.64157 0.58826 0.74521
v 0.65863 0.54228 0.70405
v 0.66585 0.57590 0.68727
v 0.62400 0.50836 0.62993
v 0.58998 0.49164 0.65584
v 0.57500 0.54500 0.62990
v 0.65774 0.50174 0.65300
v 0.60953 0.47807 0.68971
v 0.58998 0.49164 0.65584
v 0.62400 0.50836 0.62993
v 0.65863 0.54228 0.70405
v 0.63028 0.52835 0.72565
v 0.60953 0.47807 0.68971
v 0.65774 0.50174 0.65300
v 0.64157 0.58826 0.74521
v 0.63028 0.52835 0.72565
v 0.65863 0.54228 0.70405
v 0.41002 0.49164 0.65584
v 0.37600 0.50836 0.62993
v 0.42500 0.54500 0.62990
v 0.39047 0.47807 0.68971
v 0.34226 0.50174 0.65300
v 0.37600 0.50836 0.62993
v 0.41002 0.49164 0.65584
v 0.36972 0.52835 0.72565
v 0.34137 0.54228 0.70405
v 0.34226 0.50174 0.65300
v 0.39047 0.47807 0.68971
v 0.35843 0.58826 0.74521
v 0.34137 0.54228 0.70405
v 0.36972 0.52835 0.72565
v 0.37600 0.50836 0.62993
v 0.36733 0.54871 0.60979
v 0.42500 0.54500 0.62990
v 0.34226 0.50174 0.65300
v 0.32999 0.55891 0.62447
v 0.36733 0.54871 0.60979
v 0.37600 0.50836 0.62993
v 0.34137 0.54228 0.70405
v 0.33415 0.57590 0.68727
v 0.32999 0.55891 0.62447
v 0.34226 0.50174 0.65300
v 0.35843 0.58826 0.74521
v 0.33415 0.57590 0.68727
v 0.34137 0.54228 0.70405
v 0.36733 0.54871 0.60979
v 0.38911 0.58906 0.60722
v 0.42500 0.54500 0.62990
v 0.32999 0.55891 0.62447
v 0.36084 0.61607 0.62083
v 0.38911 0.58906 0.60722
v 0.36733 0.54871 0.60979
v 0.33415 0.57590 0.68727
v 0.35229 0.60953 0.68513
v 0.36084 0.61607 0.62083
v 0.32999 0.55891 0.62447
v 0.35843 0.58826 0.74521
v 0.35229 0.60953 0.68513
v 0.33415 0.57590 0.68727
v 0.38911 0.58906 0.60722
v 0.42856 0.60577 0.62373
v 0.42500 0.54500 0.62990
v 0.36084 0.61607 0.62083
v 0.41673 0.63975 0.64422
v 0.42856 0.60577 0.62373
v 0.38911 0.58906 0.60722
v 0.35229 0.60953 0.68513
v 0.38517 0.62345 0.69889
v 0.41673 0.63975 0.64422
v 0.36084 0.61607 0.62083
v 0.35843 0.58826 0.74521
v 0.38517 0.62345 0.69889
v 0.35229 0.60953 0.68513
v 0.42856 0.60577 0.62373
v 0.46259 0.58906 0.64965
v 0.42500 0.54500 0.62990
v 0.41673 0.63975 0.64422
v 0.46494 0.61607 0.68093
v 0.46259 0.58906 0.64965
v 0.42856 0.60577 0.62373
v 0.38517 0.62345 0.69889
v 0.41353 0.60953 0.72048
v 0.46494 0.61607 0.68093
v 0.41673 0.63975 0.64422
v 0.35843 0.58826 0.74521
v 0.41353 0.60953 0.72048
v 0.38517 0.62345 0.69889
v 0.46259 0.58906 0.64965
v 0.47126 0.54871 0.66979
v 0.42500 0.54500 0.62990
v 0.46494 0.61607 0.68093
v 0.47721 0.55891 0.70947
v 0.47126 0.54871 0.66979
v 0.46259 0.58906 0.64965
v 0.41353 0.60953 0.72048
v 0.42075 0.57590 0.73727
v 0.47721 0.55891 0.70947
v 0.46494 0.61607 0.68093
v 0.35843 0.58826 0.74521
v 0.42075 0.57590 0.73727
v 0.41353 0.60953 0.72048
v 0.47126 0.54871 0.66979
v 0.44948 0.50836 0.67235
v 0.42500 0.54500 0.62990
v 0.47721 0.55891 0.70947
v 0.44637 0.50174 0.71310
v 0.44948 0.50836 0.67235
v 0.47126 0.54871 0.66979
v 0.42075 0.57590 0.73727
v 0.40260 0.54228 0.73941
v 0.44637 0.50174 0.71310
v 0.47721 0.55891 0.70947
v 0.35843 0.58826 0.74521
v 0.40260 0.54228 0.73941
v 0.42075 0.57590 0.73727
v 0.44948 0.50836 0.67235
v 0.41002 0.49164 0.65584
v 0.42500 0.54500 0.62990
v 0.44637 0.50174 0.71310
v 0.39047 0.47807 0.68971
v 0.41002 0.49164 0.65584
v 0.44948 0.50836 0.67235
v 0.40260 0.54228 0.73941
v 0.36972 0.52835 0.72565
v 0.39047 0.47807 0.68971
v 0.44637 0.50174 0.71310
v 0.35843 0.58826 0.74521
v 0.36972 0.52835 0.72565
v 0.40260 0.54228 0.73941
v 0.32005 0.49164 0.50000
v 0.32548 0.50836 0.45757
v 0.35000 0.54500 0.50000
v 0.28094 0.47807 0.50000
v 0.28863 0.50174 0.43990
v 0.32548 0.50836 0.45757
v 0.32005 0.49164 0.50000
v 0.23944 0.52835 0.50000
v 0.24397 0.54228 0.46464
v 0.28863 0.50174 0.43990
v 0.28094 0.47807 0.50000
v 0.21685 0.58826 0.50000
v 0.24397 0.54228 0.46464
v 0.23944 0.52835 0.50000
v 0.32548 0.50836 0.45757
v 0.33859 0.54871 0.44000
v 0.35000 0.54500 0.50000
v 0.28863 0.50174 0.43990
v 0.30720 0.55891 0.41500
v 0.33859 0.54871 0.44000
v 0.32548 0.50836 0.45757
v 0.24397 0.54228 0.46464
v 0.25489 0.57590 0.45000
v 0.30720 0.55891 0.41500
v 0.28863 0.50174 0.43990
v 0.21685 0.58826 0.50000
v 0.25489 0.57590 0.45000
v 0.24397 0.54228 0.46464
v 0.33859 0.54871 0.44000
v 0.35170 0.58906 0.45757
v 0.35000 0.54500 0.50000
v 0.30720 0.55891 0.41500
v 0.32578 0.61607 0.43990
v 0.35170 0.58906 0.45757
v 0.33859 0.54871 0.44000
v 0.25489 0.57590 0.45000
v 0.26582 0.60953 0.46464
v 0.32578 0.61607 0.43990
v 0.30720 0.55891 0.41500
v 0.21685 0.58826 0.50000
v 0.26582 0.60953 0.46464
v 0.25489 0.57590 0.45000
v 0.35170 0.58906 0.45757
v 0.35713 0.60577 0.50000
v 0.35000 0.54500 0.50000
v 0.32578 0.61607 0.43990
v 0.33347 0.63975 0.50000
v 0.35713 0.60577 0.50000
v 0.35170 0.58906 0.45757
v 0.26582 0.60953 0.46464
v 0.27035 0.62345 0.50000
v 0.33347 0.63975 0.50000
v 0.32578 0.61607 0.43990
v 0.21685 0.58826 0.50000
v 0.27035 0.62345 0.50000
v 0.26582 0.60953 0.46464
v 0.35713 0.60577 0.50000
v 0.35170 0.58906 0.54243
v 0.35000 0.54500 0.50000
v 0.33347 0.63975 0.50000
v 0.32578 0.61607 0.56010
v 0.35170 0.58906 0.54243
v 0.35713 0.60577 0.50000
v 0.27035 0.62345 0.50000
v 0.26582 0.60953 0.53536
v 0.32578 0.61607 0.56010
v 0.33347 0.63975 0.50000
v 0.21685 0.58826 0.50000
v 0.26582 0.60953 0.53536
v 0.27035 0.62345 0.50000
v 0.35170 0.58906 0.54243
v 0.33859 0.54871 0.56000
v 0.35000 0.54500 0.50000
v 0.32578 0.61607 0.56010
v 0.30720 0.55891 0.58500
v 0.33859 0.54871 0.56000
v 0.35170 0.58906 0.54243
v 0.26582 0.60953 0.53536
v 0.25489 0.57590 0.55000
v 0.30720 0.55891 0.58500
v 0.32578 0.61607 0.56010
v 0.21685 0.58826 0.50000
v 0.25489 0.57590 0.55000
v 0.26582 0.60953 0.53536
v 0.33859 0.54871 0.56000
v 0.32548 0.50836 0.54243
v 0.35000 0.54500 0.50000
v 0.30720 0.55891 0.58500
v 0.28863 0.50174 0.56010
v 0.32548 0.50836 0.54243
v 0.33859 0.54871 0.56000
v 0.25489 0.57590 0.55000
v 0.24397 0.54228 0.53536
v 0.28863 0.50174 0.56010
v 0.30720 0.55891 0.58500
v 0.21685 0.58826 0.50000
v 0.24397 0.54228 0.53536
v 0.25489 0.57590 0.55000
v 0.32548 0.50836 0.54243
v 0.32005 0.49164 0.50000
v 0.35000 0.54500 0.50000
v 0.28863 0.50174 0.56010
v 0.28094 0.47807 0.50000
v 0.32005 0.49164 0.50000
v 0.32548 0.50836 0.54243
v 0.24397 0.54228 0.53536
v 0.23944 0.52835 0.50000
v 0.28094 0.47807 0.50000
v 0.28863 0.50174 0.56010
v 0.21685 0.58826 0.50000
v 0.23944 0.52835 0.50000
v 0.24397 0.54228 0.53536
v 0.41002 0.49164 0.34416
v 0.44948 0.50836 0.32765
v 0.42500 0.54500 0.37010
v 0.39047 0.47807 0.31029
v 0.44637 0.50174 0.28690
v 0.44948 0.50836 0.32765
v 0.41002 0.49164 0.34416
v 0.36972 0.52835 0.27435
v 0.40260 0.54228 0.26059
v 0.44637 0.50174 0.28690
v 0.39047 0.47807 0.31029
v 0.35843 0.58826 0.25479
v 0.40260 0.54228 0.26059
v 0.36972 0.52835 0.27435
v 0.44948 0.50836 0.32765
v 0.47126 0.54871 0.33021
v 0.42500 0.54500 0.37010
v 0.44637 0.50174 0.28690
v 0.47721 0.55891 0.29053
v 0.47126 0.54871 0.33021
v 0.44948 0.50836 0.32765
v 0.40260 0.54228 0.26059
v 0.42075 0.57590 0.26273
v 0.47721 0.55891 0.29053
v 0.44637 0.50174 0.28690
v 0.35843 0.58826 0.25479
v 0.42075 0.57590 0.26273
v 0.40260 0.54228 0.26059
v 0.47126 0.54871 0.33021
v 0.46259 0.58906 0.35035
v 0.42500 0.54500 0.37010
v 0.47721 0.55891 0.29053
v 0.46494 0.61607 0.31907
v 0.46259 0.58906 0.35035
v 0.47126 0.54871 0.33021
v 0.42075 0.57590 0.26273
v 0.41353 0.60953 0.27952
v 0.46494 0.61607 0.31907
v 0.47721 0.55891 0.29053
v 0.35843 0.58826 0.25479
v 0.41353 0.60953 0.27952
v 0.42075 0.57590 0.26273
v 0.46259 0.58906 0.35035
v 0.42856 0.60577 0.37627
v 0.42500 0.54500 0.37010
v 0.46494 0.61607 0.31907
v 0.41673 0.63975 0.35578
v 0.42856 0.60577 0.37627
v 0.46259 0.58906 0.35035
v 0.41353 0.60953 0.27952
v 0.38517 0.62345 0.30111
v 0.41673 0.63975 0.35578
v 0.46494 0.61607 0.31907
v 0.35843 0.58826 0.25479
v 0.38517 0.62345 0.30111
v 0.41353 0.60953 0.27952
v 0.42856 0.60577 0.37627
v 0.38911 0.58906 0.39278
v 0.42500 0.54500 0.37010
v 0.41673 0.63975 0.35578
v 0.36084 0.61607 0.37917
v 0.38911 0.58906 0.39278
v 0.42856 0.60577 0.37627
v 0.38517 0.62345 0.30111
v 0.35229 0.60953 0.31487
v 0.36084 0.61607 0.37917
v 0.41673 0.63975 0.35578
v 0.35843 0.58826 0.25479
v 0.35229 0.60953 0.31487
v 0.38517 0.62345 0.30111
v 0.38911 0.58906 0.39278
v 0.36733 0.54871 0.39021
v 0.42500 0.54500 0.37010
v 0.36084 0.61607 0.37917
v 0.32999 0.55891 0.37553
v 0.36733 0.54871 0.39021
v 0.38911 0.58906 0.39278
v 0.35229 0.60953 0.31487
v 0.33415 0.57590 0.31273
v 0.32999 0.55891 0.37553
v 0.36084 0.61607 0.37917
v 0.35843 0.58826 0.25479
v 0.33415 0.57590 0.31273
v 0.35229 0.60953 0.31487
v 0.36733 0.54871 0.39021
v 0.37600 0.50836 0.37007
v 0.42500 0.54500 0.37010
v 0.32999 0.55891 0.37553
v 0.34226 0.50174 0.34700
v 0.37600 0.50836 0.37007
v 0.36733 0.54871 0.39021
v 0.33415 0.57590 0.31273
v 0.34137 0.54228 0.29595
v 0.34226 0.50174 0.34700
v 0.32999 0.55891 0.37553
v 0.35843 0.58826 0.25479
v 0.34137 0.54228 0.29595
v 0.33415 0.57590 0.31273
v 0.37600 0.50836 0.37007
v 0.41002 0.49164 0.34416
v 0.42500 0.54500 0.37010
v 0.34226 0.50174 0.34700
v 0.39047 0.47807 0.31029
v 0.41002 0.49164 0.34416
v 0.37600 0.50836 0.37007
v 0.34137 0.54228 0.29595
v 0.36972 0.52835 0.27435
v 0.39047 0.47807 0.31029
v 0.34226 0.50174 0.34700
v 0.35843 0.58826 0.25479
v 0.36972 0.52835 0.27435
v 0.34137 0.54228 0.29595
v 0.58998 0.49164 0.34416
v 0.62400 0.50836 0.37007
v 0.57500 0.54500 0.37010
v 0.60953 0.47807 0.31029
v 0.65774 0.50174 0.34700
v 0.62400 0.50836 0.37007
v 0.58998 0.49164 0.34416
v 0.63028 0.52835 0.27435
v 0.65863 0.54228 0.29595
v 0.65774 0.50174 0.34700
v 0.60953 0.47807 0.31029
v 0.64157 0.58826 0.25479
v 0.65863 0.54228 0.29595
v 0.63028 0.52835 0.27435
v 0.62400 0.50836 0.37007
v 0.63267 0.54871 0.39021
v 0.57500 0.54500 0.37010
v 0.65774 0.50174 0.34700
v 0.67001 0.55891 0.37553
v 0.63267 0.54871 0.39021
v 0.62400 0.50836 0.37007
v 0.65863 0.54228 0.29595
v 0.66585 0.57590 0.31273
v 0.67001 0.55891 0.37553
v 0.65774 0.50174 0.34700
v 0.64157 0.58826 0.25479
v 0.66585 0.57590 0.31273
v 0.65863 0.54228 0.29595
v 0.63267 0.54871 0.39021
v 0.61089 0.58906 0.39278
v 0.57500 0.54500 0.37010
v 0.67001 0.55891 0.37553
v 0.63916 0.61607 0.37917
v 0.61089 0.58906 0.39278
v 0.63267 0.54871 0.39021
v 0.66585 0.57590 0.31273
v 0.64771 0.60953 0.31487
v 0.63916 0.61607 0.37917
v 0.67001 0.55891 0.37553
v 0.64157 0.58826 0.25479
v 0.64771 0.60953 0.31487
v 0.66585 0.57590 0.31273
v 0.61089 0.58906 0.39278
v 0.57144 0.60577 0.37627
v 0.57500 0.54500 0.37010
v 0.63916 0.61607 0.37917
v 0.58327 0.63975 0.35578
v 0.57144 0.60577 0.37627
v 0.61089 0.58906 0.39278
v 0.64771 0.60953 0.31487
v 0.61483 0.62345 0.30111
v 0.58327 0.63975 0.35578
v 0.63916 0.61607 0.37917
v 0.64157 0.58826 0.25479
v 0.61483 0.62345 0.30111
v 0.64771 0.60953 0.31487
v 0.57144 0.60577 0.37627
v 0.53741 0.58906 0.35035
v 0.57500 0.54500 0.37010
v 0.58327 0.63975 0.35578
v 0.53506 0.61607 0.31907
v 0.53741 0.58906 0.35035
v 0.57144 0.60577 0.37627
v 0.61483 0.62345 0.30111
v 0.58647 0.60953 0.27952
v 0.53506 0.61607 0.31907
v 0.58327 0.63975 0.35578
v 0.64157 0.58826 0.25479
v 0.58647 0.60953 0.27952
v 0.61483 0.62345 0.30111
v 0.53741 0.58906 0.35035
v 0.52874 0.54871 0.33021
v 0.57500 0.54500 0.37010
v 0.53506 0.61607 0.31907
v 0.52279 0.55891 0.29053
v 0.52874 0.54871 0.33021
v 0.53741 0.58906 0.35035
v 0.58647 0.60953 0.27952
v 0.57925 0.57590 0.26273
v 0.52279 0.55891 0.29053
v 0.53506 0.61607 0.31907
v 0.64157 0.58826 0.25479
v 0.57925 0.57590 0.26273
v 0.58647 0.60953 0.27952
v 0.52874 0.54871 0.33021
v 0.55052 0.50836 0.32765
v 0.57500 0.54500 0.37010
v 0.52279 0.55891 0.29053
v 0.55363 0.50174 0.28690
v 0.55052 0.50836 0.32765
v 0.52874 0.54871 0.33021
v 0.57925 0.57590 0.26273
v 0.59740 0.54228 0.26059
v 0.55363 0.50174 0.28690
v 0.52279 0.55891 0.29053
v 0.64157 0.58826 0.25479
v 0.59740 0.54228 0.26059
v 0.57925 0.57590 0.26273
v 0.55052 0.50836 0.32765
v 0.58998 0.49164 0.34416
v 0.57500 0.54500 0.37010
v 0.55363 0.50174 0.28690
v 0.60953 0.47807 0.31029
v 0.58998 0.49164 0.34416
v 0.55052 0.50836 0.32765
v 0.59740 0.54228 0.26059
v 0.63028 0.52835 0.27435
v 0.60953 0.47807 0.31029
v 0.55363 0.50174 0.28690
v 0.64157 0.58826 0.25479
v 0.63028 0.52835 0.27435
v 0.59740 0.54228 0.26059
v 0.76093 0.59000 0.56941
v 0.76093 0.56000 0.58341
v 0.77493 0.56000 0.56941
v 0.77493 0.56000 0.56941
v 0.76093 0.56000 0.58341
v 0.76093 0.56000 0.56941
v 0.76093 0.59000 0.56941
v 0.74693 0.56000 0.56941
v 0.76093 0.56000 0.58341
v 0.76093 0.56000 0.58341
v 0.74693 0.56000 0.56941
v 0.76093 0.56000 0.56941
v 0.76093 0.59000 0.56941
v 0.76093 0.56000 0.55541
v 0.74693 0.56000 0.56941
v 0.74693 0.56000 0.56941
v 0.76093 0.56000 0.55541
v 0.76093 0.56000 0.56941
v 0.76093 0.59000 0.56941
v 0.77493 0.56000 0.56941
v 0.76093 0.56000 0.55541
v 0.76093 0.56000 0.55541
v 0.77493 0.56000 0.56941
v 0.76093 0.56000 0.56941
v 0.69126 0.59000 0.69057
v 0.69126 0.56000 0.70457
v 0.70526 0.56000 0.69057
v 0.70526 0.56000 0.69057
v 0.69126 0.56000 0.70457
v 0.69126 0.56000 0.69057
v 0.69126 0.59000 0.69057
v 0.67726 0.56000 0.69057
v 0.69126 0.56000 0.70457
v 0.69126 0.56000 0.70457
v 0.67726 0.56000 0.69057
v 0.69126 0.56000 0.69057
v 0.69126 0.59000 0.69057
v 0.69126 0.56000 0.67657
v 0.67726 0.56000 0.69057
v 0.67726 0.56000 0.69057
v 0.69126 0.56000 0.67657
v 0.69126 0.56000 0.69057
v 0.69126 0.59000 0.69057
v 0.70526 0.56000 0.69057
v 0.69126 0.56000 0.67657
v 0.69126 0.56000 0.67657
v 0.70526 0.56000 0.69057
v 0.69126 0.56000 0.69057
v 0.57035 0.59000 0.76067
v 0.57035 0.56000 0.77467
v 0.58435 0.56000 0.76067
v 0.58435 0.56000 0.76067
v 0.57035 0.56000 0.77467
v 0.57035 0.56000 0.76067
v 0.57035 0.59000 0.76067
v 0.55635 0.56000 0.76067
v 0.57035 0.56000 0.77467
v 0.57035 0.56000 0.77467
v 0.55635 0.56000 0.76067
v 0.57035 0.56000 0.76067
v 0.57035 0.59000 0.76067
v 0.57035 0.56000 0.74667
v 0.55635 0.56000 0.76067
v 0.55635 0.56000 0.76067
v 0.57035 0.56000 0.74667
v 0.57035 0.56000 0.76067
v 0.57035 0.59000 0.76067
v 0.58435 0.56000 0.76067
v 0.57035 0.56000 0.74667
v 0.57035 0.56000 0.74667
v 0.58435 0.56000 0.76067
v 0.57035 0.56000 0.76067
v 0.43059 0.59000 0.76093
v 0.43059 0.56000 0.77493
v 0.44459 0.56000 0.76093
v 0.44459 0.56000 0.76093
v 0.43059 0.56000 0.77493
v 0.43059 0.56000 0.76093
v 0.43059 0.59000 0.76093
v 0.41659 0.56000 0.76093
v 0.43059 0.56000 0.77493
v 0.43059 0.56000 0.77493
v 0.41659 0.56000 0.76093
v 0.43059 0.56000 0.76093
v 0.43059 0.59000 0.76093
v 0.43059 0.56000 0.74693
v 0.41659 0.56000 0.76093
v 0.41659 0.56000 0.76093
v 0.43059 0.56000 0.74693
v 0.43059 0.56000 0.76093
v 0.43059 0.59000 0.76093
v 0.44459 0.56000 0.76093
v 0.43059 0.56000 0.74693
v 0.43059 0.56000 0.74693
v 0.44459 0.56000 0.76093
v 0.43059 0.56000 0.76093
v 0.30943 0.59000 0.69126
v 0.30943 0.56000 0.70526
v 0.32343 0.56000 0.69126
v 0.32343 0.56000 0.69126
v 0.30943 0.56000 0.70526
v 0.30943 0.56000 0.69126
v 0.30943 0.59000 0.69126
v 0.29543 0.56000 0.69126
v 0.30943 0.56000 0.70526
v 0.30943 0.56000 0.70526
v 0.29543 0.56000 0.69126
v 0.30943 0.56000 0.69126
v 0.30943 0.59000 0.69126
v 0.30943 0.56000 0.67726
v 0.29543 0.56000 0.69126
v 0.29543 0.56000 0.69126
v 0.30943 0.56000 0.67726
v 0.30943 0.56000 0.69126
v 0.30943 0.59000 0.69126
v 0.32343 0.56000 0.69126
v 0.30943 0.56000 0.67726
v 0.30943 0.56000 0.67726
v 0.32343 0.56000 0.69126
v 0.30943 0.56000 0.69126
v 0.23933 0.59000 0.57035
v 0.23933 0.56000 0.58435
v 0.25333 0.56000 0.57035
v 0.25333 0.56000 0.57035
v 0.23933 0.56000 0.58435
v 0.23933 0.56000 0.57035
v 0.23933 0.59000 0.57035
v 0.22533 0.56000 0.57035
v 0.23933 0.56000 0.58435
v 0.23933 0.56000 0.58435
v 0.22533 0.56000 0.57035
v 0.23933 0.56000 0.57035
v 0.23933 0.59000 0.57035
v 0.23933 0.56000 0.55635
v 0.22533 0.56000 0.57035
v 0.22533 0.56000 0.57035
v 0.23933 0.56000 0.55635
v 0.23933 0.56000 0.57035
v 0.23933 0.59000 0.57035
v 0.25333 0.56000 0.57035
v 0.23933 0.56000 0.55635
v 0.23933 0.56000 0.55635
v 0.25333 0.56000 0.57035
v 0.23933 0.56000 0.57035
v 0.23907 0.59000 0.43059
v 0.23907 0.56000 0.44459
v 0.25307 0.56000 0.43059
v 0.25307 0.56000 0.43059
v 0.23907 0.56000 0.44459
v 0.23907 0.56000 0.43059
v 0.23907 0.59000 0.43059
v 0.22507 0.56000 0.43059
v 0.23907 0.56000 0.44459
v 0.23907 0.56000 0.44459
v 0.22507 0.56000 0.43059
v 0.23907 0.56000 0.43059
v 0.23907 0.59000 0.43059
v 0.23907 0.56000 0.41659
v 0.22507 0.56000 0.43059
v 0.22507 0.56000 0.43059
v 0.23907 0.56000 0.41659
v 0.23907 0.56000 0.43059
v 0.23907 0.59000 0.43059
v 0.25307 0.56000 0.43059
v 0.23907 0.56000 0.41659
v 0.23907 0.56000 0.41659
v 0.25307 0.56000 0.43059
v 0.23907 0.56000 0.43059
v 0.30874 0.59000 0.30943
v 0.30874 0.56000 0.32343
v 0.32274 0.56000 0.30943
v 0.32274 0.56000 0.30943
v 0.30874 0.56000 0.32343
v 0.30874 0.56000 0.30943
v 0.30874 0.59000 0.30943
v 0.29474 0.56000 0.30943
v 0.30874 0.56000 0.32343
v 0.30874 0.56000 0.32343
v 0.29474 0.56000 0.30943
v 0.30874 0.56000 0.30943
v 0.30874 0.59000 0.30943
v 0.30874 0.56000 0.29543
v 0.29474 0.56000 0.30943
v 0.29474 0.56000 0.30943
v 0.30874 0.56000 0.29543
v 0.30874 0.56000 0.30943
v 0.30874 0.59000 0.30943
v 0.32274 0.56000 0.30943
v 0.30874 0.56000 0.29543
v 0.30874 0.56000 0.29543
v 0.32274 0.56000 0.30943
v 0.30874 0.56000 0.30943
v 0.42965 0.59000 0.23933
v 0.42965 0.56000 0.25333
v 0.44365 0.56000 0.23933
v 0.44365 0.56000 0.23933
v 0.42965 0.56000 0.25333
v 0.42965 0.56000 0.23933
v 0.42965 0.59000 0.23933
v 0.41565 0.56000 0.23933
v 0.42965 0.56000 0.25333
v 0.42965 0.56000 0.25333
v 0.41565 0.56000 0.23933
v 0.42965 0.56000 0.23933
v 0.42965 0.59000 0.23933
v 0.42965 0.56000 0.22533
v 0.41565 0.56000 0.23933
v 0.41565 0.56000 0.23933
v 0.42965 0.56000 0.22533
v 0.42965 0.56000 0.23933
v 0.42965 0.59000 0.23933
v 0.44365 0.56000 0.23933
v 0.42965 0.56000 0.22533
v 0.42965 0.56000 0.22533
v 0.44365 0.56000 0.23933
v 0.42965 0.56000 0.23933
v 0.56941 0.59000 0.23907
v 0.56941 0.56000 0.25307
v 0.58341 0.56000 0.23907
v 0.58341 0.56000 0.23907
v 0.56941 0.56000 0.25307
v 0.56941 0.56000 0.23907
v 0.56941 0.59000 0.23907
v 0.55541 0.56000 0.23907
v 0.56941 0.56000 0.25307
v 0.56941 0.56000 0.25307
v 0.55541 0.56000 0.23907
v 0.56941 0.56000 0.23907
v 0.56941 0.59000 0.23907
v 0.56941 0.56000 0.22507
v 0.55541 0.56000 0.23907
v 0.55541 0.56000 0.23907
v 0.56941 0.56000 0.22507
v 0.56941 0.56000 0.23907
v 0.56941 0.59000 0.23907
v 0.58341 0.56000 0.23907
v 0.56941 0.56000 0.22507
v 0.56941 0.56000 0.22507
v 0.58341 0.56000 0.23907
v 0.56941 0.56000 0.23907
v 0.69057 0.59000 0.30874
v 0.69057 0.56000 0.32274
v 0.70457 0.56000 0.30874
v 0.70457 0.56000 0.30874
v 0.69057 0.56000 0.32274
v 0.69057 0.56000 0.30874
v 0.69057 0.59000 0.30874
v 0.67657 0.56000 0.30874
v 0.69057 0.56000 0.32274
v 0.69057 0.56000 0.32274
v 0.67657 0.56000 0.30874
v 0.69057 0.56000 0.30874
v 0.69057 0.59000 0.30874
v 0.69057 0.56000 0.29474
v 0.67657 0.56000 0.30874
v 0.67657 0.56000 0.30874
v 0.69057 0.56000 0.29474
v 0.69057 0.56000 0.30874
v 0.69057 0.59000 0.30874
v 0.70457 0.56000 0.30874
v 0.69057 0.56000 0.29474
v 0.69057 0.56000 0.29474
v 0.70457 0.56000 0.30874
v 0.69057 0.56000 0.30874
v 0.76067 0.59000 0.42965
v 0.76067 0.56000 0.44365
v 0.77467 0.56000 0.42965
v 0.77467 0.56000 0.42965
v 0.76067 0.56000 0.44365
v 0.76067 0.56000 0.42965
v 0.76067 0.59000 0.42965
v 0.74667 0.56000 0.42965
v 0.76067 0.56000 0.44365
v 0.76067 0.56000 0.44365
v 0.74667 0.56000 0.42965
v 0.76067 0.56000 0.42965
v 0.76067 0.59000 0.42965
v 0.76067 0.56000 0.41565
v 0.74667 0.56000 0.42965
v 0.74667 0.56000 0.42965
v 0.76067 0.56000 0.41565
v 0.76067 0.56000 0.42965
v 0.76067 0.59000 0.42965
v 0.77467 0.56000 0.42965
v 0.76067 0.56000 0.41565
v 0.76067 0.56000 0.41565
v 0.77467 0.56000 0.42965
v 0.76067 0.56000 0.42965
v 0.53249 0.51073 0.50000
v 0.52927 0.51073 0.51410
v 0.50000 0.50500 0.50000
v 0.56106 0.52723 0.50000
v 0.55502 0.52723 0.52650
v 0.52927 0.51073 0.51410
v 0.53249 0.51073 0.50000
v 0.58227 0.55250 0.50000
v 0.57412 0.55250 0.53570
v 0.55502 0.52723 0.52650
v 0.56106 0.52723 0.50000
v 0.59356 0.58350 0.50000
v 0.58429 0.58350 0.54059
v 0.57412 0.55250 0.53570
v 0.58227 0.55250 0.50000
v 0.59356 0.61650 0.50000
v 0.58429 0.61650 0.54059
v 0.58429 0.58350 0.54059
v 0.59356 0.58350 0.50000
v 0.58227 0.64750 0.50000
v 0.57412 0.64750 0.53570
v 0.58429 0.61650 0.54059
v 0.59356 0.61650 0.50000
v 0.56106 0.67277 0.50000
v 0.55502 0.67277 0.52650
v 0.57412 0.64750 0.53570
v 0.58227 0.64750 0.50000
v 0.53249 0.68927 0.50000
v 0.52927 0.68927 0.51410
v 0.55502 0.67277 0.52650
v 0.56106 0.67277 0.50000
v 0.50000 0.69500 0.50000
v 0.52927 0.68927 0.51410
v 0.53249 0.68927 0.50000
v 0.52927 0.51073 0.51410
v 0.52026 0.51073 0.52540
v 0.50000 0.50500 0.50000
v 0.55502 0.52723 0.52650
v 0.53807 0.52723 0.54774
v 0.52026 0.51073 0.52540
v 0.52927 0.51073 0.51410
v 0.57412 0.55250 0.53570
v 0.55130 0.55250 0.56432
v 0.53807 0.52723 0.54774
v 0.55502 0.52723 0.52650
v 0.58429 0.58350 0.54059
v 0.55833 0.58350 0.57315
v 0.55130 0.55250 0.56432
v 0.57412 0.55250 0.53570
v 0.58429 0.61650 0.54059
v 0.55833 0.61650 0.57315
v 0.55833 0.58350 0.57315
v 0.58429 0.58350 0.54059
v 0.57412 0.64750 0.53570
v 0.55130 0.64750 0.56432
v 0.55833 0.61650 0.57315
v 0.58429 0.61650 0.54059
v 0.55502 0.67277 0.52650
v 0.53807 0.67277 0.54774
v 0.55130 0.64750 0.56432
v 0.57412 0.64750 0.53570
v 0.52927 0.68927 0.51410
v 0.52026 0.68927 0.52540
v 0.53807 0.67277 0.54774
v 0.55502 0.67277 0.52650
v 0.50000 0.69500 0.50000
v 0.52026 0.68927 0.52540
v 0.52927 0.68927 0.51410
v 0.52026 0.51073 0.52540
v 0.50723 0.51073 0.53168
v 0.50000 0.50500 0.50000
v 0.53807 0.52723 0.54774
v 0.51359 0.52723 0.55953
v 0.50723 0.51073 0.53168
v 0.52026 0.51073 0.52540
v 0.55130 0.55250 0.56432
v 0.51831 0.55250 0.58021
v 0.51359 0.52723 0.55953
v 0.53807 0.52723 0.54774
v 0.55833 0.58350 0.57315
v 0.52082 0.58350 0.59121
v 0.51831 0.55250 0.58021
v 0.55130 0.55250 0.56432
v 0.55833 0.61650 0.57315
v 0.52082 0.61650 0.59121
v 0.52082 0.58350 0.59121
v 0.55833 0.58350 0.57315
v 0.55130 0.64750 0.56432
v 0.51831 0.64750 0.58021
v 0.52082 0.61650 0.59121
v 0.55833 0.61650 0.57315
v 0.53807 0.67277 0.54774
v 0.51359 0.67277 0.55953
v 0.51831 0.64750 0.58021
v 0.55130 0.64750 0.56432
v 0.52026 0.68927 0.52540
v 0.50723 0.68927 0.53168
v 0.51359 0.67277 0.55953
v 0.53807 0.67277 0.54774
v 0.50000 0.69500 0.50000
v 0.50723 0.68927 0.53168
v 0.52026 0.68927 0.52540
v 0.50723 0.51073 0.53168
v 0.49277 0.51073 0.53168
v 0.50000 0.50500 0.50000
v 0.51359 0.52723 0.55953
v 0.48641 0.52723 0.55953
v 0.49277 0.51073 0.53168
v 0.50723 0.51073 0.53168
v 0.51831 0.55250 0.58021
v 0.48169 0.55250 0.58021
v 0.48641 0.52723 0.55953
v 0.51359 0.52723 0.55953
v 0.52082 0.58350 0.59121
v 0.47918 0.58350 0.59121
v 0.48169 0.55250 0.58021
v 0.51831 0.55250 0.58021
v 0.52082 0.61650 0.59121
v 0.47918 0.61650 0.59121
v 0.47918 0.58350 0.59121
v 0.52082 0.58350 0.59121
v 0.51831 0.64750 0.58021
v 0.48169 0.64750 0.58021
v 0.47918 0.61650 0.59121
v 0.52082 0.61650 0.59121
v 0.51359 0.67277 0.55953
v 0.48641 0.67277 0.55953
v 0.48169 0.64750 0.58021
v 0.51831 0.64750 0.58021
v 0.50723 0.68927 0.53168
v 0.49277 0.68927 0.53168
v 0.48641 0.67277 0.55953
v 0.51359 0.67277 0.55953
v 0.50000 0.69500 0.50000
v 0.49277 0.68927 0.53168
v 0.50723 0.68927 0.53168
v 0.49277 0.51073 0.53168
v 0.47974 0.51073 0.52540
v 0.50000 0.50500 0.50000
v 0.48641 0.52723 0.55953
v 0.46193 0.52723 0.54774
v 0.47974 0.51073 0.52540
v 0.49277 0.51073 0.53168
v 0.48169 0.55250 0.58021
v 0.44870 0.55250 0.56432
v 0.46193 0.52723 0.54774
v 0.48641 0.52723 0.55953
v 0.47918 0.58350 0.59121
v 0.44167 0.58350 0.57315
v 0.44870 0.55250 0.56432
v 0.48169 0.55250 0.58021
v 0.47918 0.61650 0.59121
v 0.44167 0.61650 0.57315
v 0.44167 0.58350 0.57315
v 0.47918 0.58350 0.59121
v 0.48169 0.64750 0.58021
v 0.44870 0.64750 0.56432
v 0.44167 0.61650 0.57315
v 0.47918 0.61650 0.59121
v 0.48641 0.67277 0.55953
v 0.46193 0.67277 0.54774
v 0.44870 0.64750 0.56432
v 0.48169 0.64750 0.58021
v 0.49277 0.68927 0.53168
v 0.47974 0.68927 0.52540
v 0.46193 0.67277 0.54774
v 0.48641 0.67277 0.55953
v 0.50000 0.69500 0.50000
v 0.47974 0.68927 0.52540
v 0.49277 0.68927 0.53168
v 0.47974 0.51073 0.52540
v 0.47073 0.51073 0.51410
v 0.50000 0.50500 0.50000
v 0.46193 0.52723 0.54774
v 0.44498 0.52723 0.52650
v 0.47073 0.51073 0.51410
v 0.47974 0.51073 0.52540
v 0.44870 0.55250 0.56432
v 0.42588 0.55250 0.53570
v 0.44498 0.52723 0.52650
v 0.46193 0.52723 0.54774
v 0.44167 0.58350 0.57315
v 0.41571 0.58350 0.54059
v 0.42588 0.55250 0.53570
v 0.44870 0.55250 0.56432
v 0.44167 0.61650 0.57315
v 0.41571 0.61650 0.54059
v 0.41571 0.58350 0.54059
v 0.44167 0.58350 0.57315
v 0.44870 0.64750 0.56432
v 0.42588 0.64750 0.53570
v 0.41571 0.61650 0.54059
v 0.44167 0.61650 0.57315
v 0.46193 0.67277 0.54774
v 0.44498 0.67277 0.52650
v 0.42588 0.64750 0.53570
v 0.44870 0.64750 0.56432
v 0.47974 0.68927 0.52540
v 0.47073 0.68927 0.51410
v 0.44498 0.67277 0.52650
v 0.46193 0.67277 0.54774
v 0.50000 0.69500 0.50000
v 0.47073 0.68927 0.51410
v 0.47974 0.68927 0.52540
v 0.47073 0.51073 0.51410
v 0.46751 0.51073 0.50000
v 0.50000 0.50500 0.50000
v 0.44498 0.52723 0.52650
v 0.43894 0.52723 0.50000
v 0.46751 0.51073 0.50000
v 0.47073 0.51073 0.51410
v 0.42588 0.55250 0.53570
v 0.41773 0.55250 0.50000
v 0.43894 0.52723 0.50000
v 0.44498 0.52723 0.52650
v 0.41571 0.58350 0.54059
v 0.40644 0.58350 0.50000
v 0.41773 0.55250 0.50000
v 0.42588 0.55250 0.53570
v 0.41571 0.61650 0.54059
v 0.40644 0.61650 0.50000
v 0.40644 0.58350 0.50000
v 0.41571 0.58350 0.54059
v 0.42588 0.64750 0.53570
v 0.41773 0.64750 0.50000
v 0.40644 0.61650 0.50000
v 0.41571 0.61650 0.54059
v 0.44498 0.67277 0.52650
v 0.43894 0.67277 0.50000
v 0.41773 0.64750 0.50000
v 0.42588 0.64750 0.53570
v 0.47073 0.68927 0.51410
v 0.46751 0.68927 0.50000
v 0.43894 0.67277 0.50000
v 0.44498 0.67277 0.52650
v 0.50000 0.69500 0.50000
v 0.46751 0.68927 0.50000
v 0.47073 0.68927 0.51410
v 0.46751 0.51073 0.50000
v 0.47073 0.51073 0.48590
v 0.50000 0.50500 0.50000
v 0.43894 0.52723 0.50000
v 0.44498 0.52723 0.47350
v 0.47073 0.51073 0.48590
v 0.46751 0.51073 0.50000
v 0.41773 0.55250 0.50000
v 0.42588 0.55250 0.46430
v 0.44498 0.52723 0.47350
v 0.43894 0.52723 0.50000
v 0.40644 0.58350 0.50000
v 0.41571 0.58350 0.45941
v 0.42588 0.55250 0.46430
v 0.41773 0.55250 0.50000
v 0.40644 0.61650 0.50000
v 0.41571 0.61650 0.45941
v 0.41571 0.58350 0.45941
v 0.40644 0.58350 0.50000
v 0.41773 0.64750 0.50000
v 0.42588 0.64750 0.46430
v 0.41571 0.61650 0.45941
v 0.40644 0.61650 0.50000
v 0.43894 0.67277 0.50000
v 0.44498 0.67277 0.47350
v 0.42588 0.64750 0.46430
v 0.41773 0.64750 0.50000
v 0.46751 0.68927 0.50000
v 0.47073 0.68927 0.48590
v 0.44498 0.67277 0.47350
v 0.43894 0.67277 0.50000
v 0.50000 0.69500 0.50000
v 0.47073 0.68927 0.48590
v 0.46751 0.68927 0.50000
v 0.47073 0.51073 0.48590
v 0.47974 0.51073 0.47460
v 0.50000 0.50500 0.50000
v 0.44498 0.52723 0.47350
v 0.46193 0.52723 0.45226
v 0.47974 0.51073 0.47460
v 0.47073 0.51073 0.48590
v 0.42588 0.55250 0.46430
v 0.44870 0.55250 0.43568
v 0.46193 0.52723 0.45226
v 0.44498 0.52723 0.47350
v 0.41571 0.58350 0.45941
v 0.44167 0.58350 0.42685
v 0.44870 0.55250 0.43568
v 0.42588 0.55250 0.46430
v 0.41571 0.61650 0.45941
v 0.44167 0.61650 0.42685
v 0.44167 0.58350 0.42685
v 0.41571 0.58350 0.45941
v 0.42588 0.64750 0.46430
v 0.44870 0.64750 0.43568
v 0.44167 0.61650 0.42685
v 0.41571 0.61650 0.45941
v 0.44498 0.67277 0.47350
v 0.46193 0.67277 0.45226
v 0.44870 0.64750 0.43568
v 0.42588 0.64750 0.46430
v 0.47073 0.68927 0.48590
v 0.47974 0.68927 0.47460
v 0.46193 0.67277 0.45226
v 0.44498 0.67277 0.47350
v 0.50000 0.69500 0.50000
v 0.47974 0.68927 0.47460
v 0.47073 0.68927 0.48590
v 0.47974 0.51073 0.47460
v 0.49277 0.51073 0.46832
v 0.50000 0.50500 0.50000
v 0.46193 0.52723 0.45226
v 0.48641 0.52723 0.44047
v 0.49277 0.51073 0.46832
v 0.47974 0.51073 0.47460
v 0.44870 0.55250 0.43568
v 0.48169 0.55250 0.41979
v 0.48641 0.52723 0.44047
v 0.46193 0.52723 0.45226
v 0.44167 0.58350 0.42685
v 0.47918 0.58350 0.40879
v 0.48169 0.55250 0.41979
v 0.44870 0.55250 0.43568
v 0.44167 0.61650 0.42685
v 0.47918 0.61650 0.40879
v 0.47918 0.58350 0.40879
v 0.44167 0.58350 0.42685
v 0.44870 0.64750 0.43568
v 0.48169 0.64750 0.41979
v 0.47918 0.61650 0.40879
v 0.44167 0.61650 0.42685
v 0.46193 0.67277 0.45226
v 0.48641 0.67277 0.44047
v 0.48169 0.64750 0.41979
v 0.44870 0.64750 0.43568
v 0.47974 0.68927 0.47460
v 0.49277 0.68927 0.46832
v 0.48641 0.67277 0.44047
v 0.46193 0.67277 0.45226
v 0.50000 0.69500 0.50000
v 0.49277 0.68927 0.46832
v 0.47974 0.68927 0.47460
v 0.49277 0.51073 0.46832
v 0.50723 0.51073 0.46832
v 0.50000 0.50500 0.50000
v 0.48641 0.52723 0.44047
v 0.51359 0.52723 0.44047
v 0.50723 0.51073 0.46832
v 0.49277 0.51073 0.46832
v 0.48169 0.55250 0.41979
v 0.51831 0.55250 0.41979
v 0.51359 0.52723 0.44047
v 0.48641 0.52723 0.44047
v 0.47918 0.58350 0.40879
v 0.52082 0.58350 0.40879
v 0.51831 0.55250 0.41979
v 0.48169 0.55250 0.41979
v 0.47918 0.61650 0.40879
v 0.52082 0.61650 0.40879
v 0.52082 0.58350 0.40879
v 0.47918 0.58350 0.40879
v 0.48169 0.64750 0.41979
v 0.51831 0.64750 0.41979
v 0.52082 0.61650 0.40879
v 0.47918 0.61650 0.40879
v 0.48641 0.67277 0.44047
v 0.51359 0.67277 0.44047
v 0.51831 0.64750 0.41979
v 0.48169 0.64750 0.41979
v 0.49277 0.68927 0.46832
v 0.50723 0.68927 0.46832
v 0.51359 0.67277 0.44047
v 0.48641 0.67277 0.44047
v 0.50000 0.69500 0.50000
v 0.50723 0.68927 0.46832
v 0.49277 0.68927 0.46832
v 0.50723 0.51073 0.46832
v 0.52026 0.51073 0.47460
v 0.50000 0.50500 0.50000
v 0.51359 0.52723 0.44047
v 0.53807 0.52723 0.45226
v 0.52026 0.51073 0.47460
v 0.50723 0.51073 0.46832
v 0.51831 0.55250 0.41979
v 0.55130 0.55250 0.43568
v 0.53807 0.52723 0.45226
v 0.51359 0.52723 0.44047
v 0.52082 0.58350 0.40879
v 0.55833 0.58350 0.42685
v 0.55130 0.55250 0.43568
v 0.51831 0.55250 0.41979
v 0.52082 0.61650 0.40879
v 0.55833 0.61650 0.42685
v 0.55833 0.58350 0.42685
v 0.52082 0.58350 0.40879
v 0.51831 0.64750 0.41979
v 0.55130 0.64750 0.43568
v 0.55833 0.61650 0.42685
v 0.52082 0.61650 0.40879
v 0.51359 0.67277 0.44047
v 0.53807 0.67277 0.45226
v 0.55130 0.64750 0.43568
v 0.51831 0.64750 0.41979
v 0.50723 0.68927 0.46832
v 0.52026 0.68927 0.47460
v 0.53807 0.67277 0.45226
v 0.51359 0.67277 0.44047
v 0.50000 0.69500 0.50000
v 0.52026 0.68927 0.47460
v 0.50723 0.68927 0.46832
v 0.52026 0.51073 0.47460
v 0.52927 0.51073 0.48590
v 0.50000 0.50500 0.50000
v 0.53807 0.52723 0.45226
v 0.55502 0.52723 0.47350
v 0.52927 0.51073 0.48590
v 0.52026 0.51073 0.47460
v 0.55130 0.55250 0.43568
v 0.57412 0.55250 0.46430
v 0.55502 0.52723 0.47350
v 0.53807 0.52723 0.45226
v 0.55833 0.58350 0.42685
v 0.58429 0.58350 0.45941
v 0.57412 0.55250 0.46430
v 0.55130 0.55250 0.43568
v 0.55833 0.61650 0.42685
v 0.58429 0.61650 0.45941
v 0.58429 0.58350 0.45941
v 0.55833 0.58350 0.42685
v 0.55130 0.64750 0.43568
v 0.57412 0.64750 0.46430
v 0.58429 0.61650 0.45941
v 0.55833 0.61650 0.42685
v 0.53807 0.67277 0.45226
v 0.55502 0.67277 0.47350
v 0.57412 0.64750 0.46430
v 0.55130 0.64750 0.43568
v 0.52026 0.68927 0.47460
v 0.52927 0.68927 0.48590
v 0.55502 0.67277 0.47350
v 0.53807 0.67277 0.45226
v 0.50000 0.69500 0.50000
v 0.52927 0.68927 0.48590
v 0.52026 0.68927 0.47460
v 0.52927 0.51073 0.48590
v 0.53249 0.51073 0.50000
v 0.50000 0.50500 0.50000
v 0.55502 0.52723 0.47350
v 0.56106 0.52723 0.50000
v 0.53249 0.51073 0.50000
v 0.52927 0.51073 0.48590
v 0.57412 0.55250 0.46430
v 0.58227 0.55250 0.50000
v 0.56106 0.52723 0.50000
v 0.55502 0.52723 0.47350
v 0.58429 0.58350 0.45941
v 0.59356 0.58350 0.50000
v 0.58227 0.55250 0.50000
v 0.57412 0.55250 0.46430
v 0.58429 0.61650 0.45941
v 0.59356 0.61650 0.50000
v 0.59356 0.58350 0.50000
v 0.58429 0.58350 0.45941
v 0.57412 0.64750 0.46430
v 0.58227 0.64750 0.50000
v 0.59356 0.61650 0.50000
v 0.58429 0.61650 0.45941
v 0.55502 0.67277 0.47350
v 0.56106 0.67277 0.50000
v 0.58227 0.64750 0.50000
v 0.57412 0.64750 0.46430
v 0.52927 0.68927 0.48590
v 0.53249 0.68927 0.50000
v 0.56106 0.67277 0.50000
v 0.55502 0.67277 0.47350
v 0.50000 0.69500 0.50000
v 0.53249 0.68927 0.50000
v 0.52927 0.68927 0.48590
v 0.63000 0.60725 0.50338
v 0.62244 0.60260 0.50027
v 0.61932 0.59073 0.52573
v 0.62674 0.59503 0.52960
v 0.62244 0.60260 0.50027
v 0.62533 0.59436 0.49679
v 0.62216 0.58235 0.52253
v 0.61932 0.59073 0.52573
v 0.62533 0.59436 0.49679
v 0.63467 0.59391 0.49774
v 0.63133 0.58147 0.52443
v 0.62216 0.58235 0.52253
v 0.63467 0.59391 0.49774
v 0.63756 0.60188 0.50182
v 0.63416 0.58930 0.52880
v 0.63133 0.58147 0.52443
v 0.63756 0.60188 0.50182
v 0.63000 0.60725 0.50338
v 0.62674 0.59503 0.52960
v 0.63416 0.58930 0.52880
v 0.62674 0.59503 0.52960
v 0.61932 0.59073 0.52573
v 0.61027 0.57980 0.54917
v 0.61713 0.58341 0.55450
v 0.61932 0.59073 0.52573
v 0.62216 0.58235 0.52253
v 0.61289 0.57116 0.54654
v 0.61027 0.57980 0.54917
v 0.62216 0.58235 0.52253
v 0.63133 0.58147 0.52443
v 0.62136 0.56943 0.55023
v 0.61289 0.57116 0.54654
v 0.63133 0.58147 0.52443
v 0.63416 0.58930 0.52880
v 0.62398 0.57701 0.55516
v 0.62136 0.56943 0.55023
v 0.63416 0.58930 0.52880
v 0.62674 0.59503 0.52960
v 0.61713 0.58341 0.55450
v 0.62398 0.57701 0.55516
v 0.61713 0.58341 0.55450
v 0.61027 0.57980 0.54917
v 0.59569 0.56999 0.57021
v 0.60164 0.57300 0.57684
v 0.61027 0.57980 0.54917
v 0.61289 0.57116 0.54654
v 0.59796 0.56112 0.56807
v 0.59569 0.56999 0.57021
v 0.61289 0.57116 0.54654
v 0.62136 0.56943 0.55023
v 0.60531 0.55864 0.57338
v 0.59796 0.56112 0.56807
v 0.62136 0.56943 0.55023
v 0.62398 0.57701 0.55516
v 0.60759 0.56598 0.57880
v 0.60531 0.55864 0.57338
v 0.62398 0.57701 0.55516
v 0.61713 0.58341 0.55450
v 0.60164 0.57300 0.57684
v 0.60759 0.56598 0.57880
v 0.60164 0.57300 0.57684
v 0.59569 0.56999 0.57021
v 0.57631 0.56180 0.58777
v 0.58105 0.56430 0.59550
v 0.59569 0.56999 0.57021
v 0.59796 0.56112 0.56807
v 0.57812 0.55273 0.58605
v 0.57631 0.56180 0.58777
v 0.59796 0.56112 0.56807
v 0.60531 0.55864 0.57338
v 0.58399 0.54963 0.59271
v 0.57812 0.55273 0.58605
v 0.60531 0.55864 0.57338
v 0.60759 0.56598 0.57880
v 0.58580 0.55677 0.59855
v 0.58399 0.54963 0.59271
v 0.60759 0.56598 0.57880
v 0.60164 0.57300 0.57684
v 0.58105 0.56430 0.59550
v 0.58580 0.55677 0.59855
v 0.58105 0.56430 0.59550
v 0.57631 0.56180 0.58777
v 0.55310 0.55564 0.60098
v 0.55640 0.55775 0.60953
v 0.57631 0.56180 0.58777
v 0.57812 0.55273 0.58605
v 0.55436 0.54643 0.59958
v 0.55310 0.55564 0.60098
v 0.57812 0.55273 0.58605
v 0.58399 0.54963 0.59271
v 0.55845 0.54284 0.60726
v 0.55436 0.54643 0.59958
v 0.58399 0.54963 0.59271
v 0.58580 0.55677 0.59855
v 0.55971 0.54984 0.61341
v 0.55845 0.54284 0.60726
v 0.58580 0.55677 0.59855
v 0.58105 0.56430 0.59550
v 0.55640 0.55775 0.60953
v 0.55971 0.54984 0.61341
v 0.55640 0.55775 0.60953
v 0.55310 0.55564 0.60098
v 0.52723 0.55181 0.60919
v 0.52893 0.55369 0.61825
v 0.55310 0.55564 0.60098
v 0.55436 0.54643 0.59958
v 0.52788 0.54251 0.60798
v 0.52723 0.55181 0.60919
v 0.55436 0.54643 0.59958
v 0.55845 0.54284 0.60726
v 0.52997 0.53863 0.61629
v 0.52788 0.54251 0.60798
v 0.55845 0.54284 0.60726
v 0.55971 0.54984 0.61341
v 0.53062 0.54554 0.62263
v 0.52997 0.53863 0.61629
v 0.55971 0.54984 0.61341
v 0.55640 0.55775 0.60953
v 0.52893 0.55369 0.61825
v 0.53062 0.54554 0.62263
v 0.52893 0.55369 0.61825
v 0.52723 0.55181 0.60919
v 0.50000 0.55052 0.61197
v 0.50000 0.55231 0.62120
v 0.52723 0.55181 0.60919
v 0.52788 0.54251 0.60798
v 0.50000 0.54118 0.61082
v 0.50000 0.55052 0.61197
v 0.52788 0.54251 0.60798
v 0.52997 0.53863 0.61629
v 0.50000 0.53721 0.61935
v 0.50000 0.54118 0.61082
v 0.52997 0.53863 0.61629
v 0.53062 0.54554 0.62263
v 0.50000 0.54408 0.62576
v 0.50000 0.53721 0.61935
v 0.53062 0.54554 0.62263
v 0.52893 0.55369 0.61825
v 0.50000 0.55231 0.62120
v 0.50000 0.54408 0.62576
v 0.50000 0.55231 0.62120
v 0.50000 0.55052 0.61197
v 0.47277 0.55181 0.60919
v 0.47107 0.55369 0.61825
v 0.50000 0.55052 0.61197
v 0.50000 0.54118 0.61082
v 0.47212 0.54251 0.60798
v 0.47277 0.55181 0.60919
v 0.50000 0.54118 0.61082
v 0.50000 0.53721 0.61935
v 0.47003 0.53863 0.61629
v 0.47212 0.54251 0.60798
v 0.50000 0.53721 0.61935
v 0.50000 0.54408 0.62576
v 0.46938 0.54554 0.62263
v 0.47003 0.53863 0.61629
v 0.50000 0.54408 0.62576
v 0.50000 0.55231 0.62120
v 0.47107 0.55369 0.61825
v 0.46938 0.54554 0.62263
v 0.47107 0.55369 0.61825
v 0.47277 0.55181 0.60919
v 0.44690 0.55564 0.60098
v 0.44360 0.55775 0.60953
v 0.47277 0.55181 0.60919
v 0.47212 0.54251 0.60798
v 0.44564 0.54643 0.59958
v 0.44690 0.55564 0.60098
v 0.47212 0.54251 0.60798
v 0.47003 0.53863 0.61629
v 0.44155 0.54284 0.60726
v 0.44564 0.54643 0.59958
v 0.47003 0.53863 0.61629
v 0.46938 0.54554 0.62263
v 0.44029 0.54984 0.61341
v 0.44155 0.54284 0.60726
v 0.46938 0.54554 0.62263
v 0.47107 0.55369 0.61825
v 0.44360 0.55775 0.60953
v 0.44029 0.54984 0.61341
v 0.44360 0.55775 0.60953
v 0.44690 0.55564 0.60098
v 0.42369 0.56180 0.58777
v 0.41895 0.56430 0.59550
v 0.44690 0.55564 0.60098
v 0.44564 0.54643 0.59958
v 0.42188 0.55273 0.58605
v 0.42369 0.56180 0.58777
v 0.44564 0.54643 0.59958
v 0.44155 0.54284 0.60726
v 0.41601 0.54963 0.59271
v 0.42188 0.55273 0.58605
v 0.44155 0.54284 0.60726
v 0.44029 0.54984 0.61341
v 0.41420 0.55677 0.59855
v 0.41601 0.54963 0.59271
v 0.44029 0.54984 0.61341
v 0.44360 0.55775 0.60953
v 0.41895 0.56430 0.59550
v 0.41420 0.55677 0.59855
v 0.41895 0.56430 0.59550
v 0.42369 0.56180 0.58777
v 0.40431 0.56999 0.57021
v 0.39836 0.57300 0.57684
v 0.42369 0.56180 0.58777
v 0.42188 0.55273 0.58605
v 0.40204 0.56112 0.56807
v 0.40431 0.56999 0.57021
v 0.42188 0.55273 0.58605
v 0.41601 0.54963 0.59271
v 0.39469 0.55864 0.57338
v 0.40204 0.56112 0.56807
v 0.41601 0.54963 0.59271
v 0.41420 0.55677 0.59855
v 0.39241 0.56598 0.57880
v 0.39469 0.55864 0.57338
v 0.41420 0.55677 0.59855
v 0.41895 0.56430 0.59550
v 0.39836 0.57300 0.57684
v 0.39241 0.56598 0.57880
v 0.39836 0.57300 0.57684
v 0.40431 0.56999 0.57021
v 0.38973 0.57980 0.54917
v 0.38287 0.58341 0.55450
v 0.40431 0.56999 0.57021
v 0.40204 0.56112 0.56807
v 0.38711 0.57116 0.54654
v 0.38973 0.57980 0.54917
v 0.40204 0.56112 0.56807
v 0.39469 0.55864 0.57338
v 0.37864 0.56943 0.55023
v 0.38711 0.57116 0.54654
v 0.39469 0.55864 0.57338
v 0.39241 0.56598 0.57880
v 0.37602 0.57701 0.55516
v 0.37864 0.56943 0.55023
v 0.39241 0.56598 0.57880
v 0.39836 0.57300 0.57684
v 0.38287 0.58341 0.55450
v 0.37602 0.57701 0.55516
v 0.38287 0.58341 0.55450
v 0.38973 0.57980 0.54917
v 0.38068 0.59073 0.52573
v 0.37326 0.59503 0.52960
v 0.38973 0.57980 0.54917
v 0.38711 0.57116 0.54654
v 0.37784 0.58235 0.52253
v 0.38068 0.59073 0.52573
v 0.38711 0.57116 0.54654
v 0.37864 0.56943 0.55023
v 0.36867 0.58147 0.52443
v 0.37784 0.58235 0.52253
v 0.37864 0.56943 0.55023
v 0.37602 0.57701 0.55516
v 0.36584 0.58930 0.52880
v 0.36867 0.58147 0.52443
v 0.37602 0.57701 0.55516
v 0.38287 0.58341 0.55450
v 0.37326 0.59503 0.52960
v 0.36584 0.58930 0.52880
v 0.37326 0.59503 0.52960
v 0.38068 0.59073 0.52573
v 0.37761 0.60224 0.50104
v 0.37000 0.60725 0.50338
v 0.38068 0.59073 0.52573
v 0.37784 0.58235 0.52253
v 0.37470 0.59413 0.49726
v 0.37761 0.60224 0.50104
v 0.37784 0.58235 0.52253
v 0.36867 0.58147 0.52443
v 0.36530 0.59413 0.49726
v 0.37470 0.59413 0.49726
v 0.36867 0.58147 0.52443
v 0.36584 0.58930 0.52880
v 0.36239 0.60224 0.50104
v 0.36530 0.59413 0.49726
v 0.36584 0.58930 0.52880
v 0.37326 0.59503 0.52960
v 0.37000 0.60725 0.50338
v 0.36239 0.60224 0.50104
v 0.37000 0.60725 0.50338
v 0.37761 0.60224 0.50104
v 0.38068 0.61375 0.47636
v 0.37326 0.61948 0.47716
v 0.37761 0.60224 0.50104
v 0.37470 0.59413 0.49726
v 0.37784 0.60592 0.47200
v 0.38068 0.61375 0.47636
v 0.37470 0.59413 0.49726
v 0.36530 0.59413 0.49726
v 0.36867 0.60680 0.47010
v 0.37784 0.60592 0.47200
v 0.36530 0.59413 0.49726
v 0.36239 0.60224 0.50104
v 0.36584 0.61518 0.47329
v 0.36867 0.60680 0.47010
v 0.36239 0.60224 0.50104
v 0.37000 0.60725 0.50338
v 0.37326 0.61948 0.47716
v 0.36584 0.61518 0.47329
v 0.37326 0.61948 0.47716
v 0.38068 0.61375 0.47636
v 0.38973 0.62468 0.45292
v 0.38287 0.63109 0.45226
v 0.38068 0.61375 0.47636
v 0.37784 0.60592 0.47200
v 0.38711 0.61711 0.44799
v 0.38973 0.62468 0.45292
v 0.37784 0.60592 0.47200
v 0.36867 0.60680 0.47010
v 0.37864 0.61883 0.44430
v 0.38711 0.61711 0.44799
v 0.36867 0.60680 0.47010
v 0.36584 0.61518 0.47329
v 0.37602 0.62747 0.44693
v 0.37864 0.61883 0.44430
v 0.36584 0.61518 0.47329
v 0.37326 0.61948 0.47716
v 0.38287 0.63109 0.45226
v 0.37602 0.62747 0.44693
v 0.38287 0.63109 0.45226
v 0.38973 0.62468 0.45292
v 0.40431 0.63449 0.43188
v 0.39836 0.64151 0.42992
v 0.38973 0.62468 0.45292
v 0.38711 0.61711 0.44799
v 0.40204 0.62715 0.42646
v 0.40431 0.63449 0.43188
v 0.38711 0.61711 0.44799
v 0.37864 0.61883 0.44430
v 0.39469 0.62963 0.42115
v 0.40204 0.62715 0.42646
v 0.37864 0.61883 0.44430
v 0.37602 0.62747 0.44693
v 0.39241 0.63850 0.42329
v 0.39469 0.62963 0.42115
v 0.37602 0.62747 0.44693
v 0.38287 0.63109 0.45226
v 0.39836 0.64151 0.42992
v 0.39241 0.63850 0.42329
v 0.39836 0.64151 0.42992
v 0.40431 0.63449 0.43188
v 0.42369 0.64268 0.41432
v 0.41895 0.65020 0.41127
v 0.40431 0.63449 0.43188
v 0.40204 0.62715 0.42646
v 0.42188 0.63553 0.40848
v 0.42369 0.64268 0.41432
v 0.40204 0.62715 0.42646
v 0.39469 0.62963 0.42115
v 0.41601 0.63864 0.40182
v 0.42188 0.63553 0.40848
v 0.39469 0.62963 0.42115
v 0.39241 0.63850 0.42329
v 0.41420 0.64771 0.40354
v 0.41601 0.63864 0.40182
v 0.39241 0.63850 0.42329
v 0.39836 0.64151 0.42992
v 0.41895 0.65020 0.41127
v 0.41420 0.64771 0.40354
v 0.41895 0.65020 0.41127
v 0.42369 0.64268 0.41432
v 0.44690 0.64884 0.40111
v 0.44360 0.65675 0.39723
v 0.42369 0.64268 0.41432
v 0.42188 0.63553 0.40848
v 0.44564 0.64184 0.39495
v 0.44690 0.64884 0.40111
v 0.42188 0.63553 0.40848
v 0.41601 0.63864 0.40182
v 0.44155 0.64542 0.38727
v 0.44564 0.64184 0.39495
v 0.41601 0.63864 0.40182
v 0.41420 0.64771 0.40354
v 0.44029 0.65464 0.38868
v 0.44155 0.64542 0.38727
v 0.41420 0.64771 0.40354
v 0.41895 0.65020 0.41127
v 0.44360 0.65675 0.39723
v 0.44029 0.65464 0.38868
v 0.44360 0.65675 0.39723
v 0.44690 0.64884 0.40111
v 0.47277 0.65267 0.39290
v 0.47107 0.66081 0.38851
v 0.44690 0.64884 0.40111
v 0.44564 0.64184 0.39495
v 0.47212 0.64576 0.38655
v 0.47277 0.65267 0.39290
v 0.44564 0.64184 0.39495
v 0.44155 0.64542 0.38727
v 0.47003 0.64963 0.37824
v 0.47212 0.64576 0.38655
v 0.44155 0.64542 0.38727
v 0.44029 0.65464 0.38868
v 0.46938 0.65894 0.37946
v 0.47003 0.64963 0.37824
v 0.44029 0.65464 0.38868
v 0.44360 0.65675 0.39723
v 0.47107 0.66081 0.38851
v 0.46938 0.65894 0.37946
v 0.47107 0.66081 0.38851
v 0.47277 0.65267 0.39290
v 0.50000 0.65397 0.39012
v 0.50000 0.66219 0.38556
v 0.47277 0.65267 0.39290
v 0.47212 0.64576 0.38655
v 0.50000 0.64709 0.38371
v 0.50000 0.65397 0.39012
v 0.47212 0.64576 0.38655
v 0.47003 0.64963 0.37824
v 0.50000 0.65106 0.37518
v 0.50000 0.64709 0.38371
v 0.47003 0.64963 0.37824
v 0.46938 0.65894 0.37946
v 0.50000 0.66040 0.37633
v 0.50000 0.65106 0.37518
v 0.46938 0.65894 0.37946
v 0.47107 0.66081 0.38851
v 0.50000 0.66219 0.38556
v 0.50000 0.66040 0.37633
v 0.50000 0.66219 0.38556
v 0.50000 0.65397 0.39012
v 0.52723 0.65267 0.39290
v 0.52893 0.66081 0.38851
v 0.50000 0.65397 0.39012
v 0.50000 0.64709 0.38371
v 0.52788 0.64576 0.38655
v 0.52723 0.65267 0.39290
v 0.50000 0.64709 0.38371
v 0.50000 0.65106 0.37518
v 0.52997 0.64963 0.37824
v 0.52788 0.64576 0.38655
v 0.50000 0.65106 0.37518
v 0.50000 0.66040 0.37633
v 0.53062 0.65894 0.37946
v 0.52997 0.64963 0.37824
v 0.50000 0.66040 0.37633
v 0.50000 0.66219 0.38556
v 0.52893 0.66081 0.38851
v 0.53062 0.65894 0.37946
v 0.52893 0.66081 0.38851
v 0.52723 0.65267 0.39290
v 0.55310 0.64884 0.40111
v 0.55640 0.65675 0.39723
v 0.52723 0.65267 0.39290
v 0.52788 0.64576 0.38655
v 0.55436 0.64184 0.39495
v 0.55310 0.64884 0.40111
v 0.52788 0.64576 0.38655
v 0.52997 0.64963 0.37824
v 0.55845 0.64542 0.38727
v 0.55436 0.64184 0.39495
v 0.52997 0.64963 0.37824
v 0.53062 0.65894 0.37946
v 0.55971 0.65464 0.38868
v 0.55845 0.64542 0.38727
v 0.53062 0.65894 0.37946
v 0.52893 0.66081 0.38851
v 0.55640 0.65675 0.39723
v 0.55971 0.65464 0.38868
v 0.55640 0.65675 0.39723
v 0.55310 0.64884 0.40111
v 0.57631 0.64268 0.41432
v 0.58105 0.65020 0.41127
v 0.55310 0.64884 0.40111
v 0.55436 0.64184 0.39495
v 0.57812 0.63553 0.40848
v 0.57631 0.64268 0.41432
v 0.55436 0.64184 0.39495
v 0.55845 0.64542 0.38727
v 0.58399 0.63864 0.40182
v 0.57812 0.63553 0.40848
v 0.55845 0.64542 0.38727
v 0.55971 0.65464 0.38868
v 0.58580 0.64771 0.40354
v 0.58399 0.63864 0.40182
v 0.55971 0.65464 0.38868
v 0.55640 0.65675 0.39723
v 0.58105 0.65020 0.41127
v 0.58580 0.64771 0.40354
v 0.58105 0.65020 0.41127
v 0.57631 0.64268 0.41432
v 0.59569 0.63449 0.43188
v 0.60164 0.64151 0.42992
v 0.57631 0.64268 0.41432
v 0.57812 0.63553 0.40848
v 0.59796 0.62715 0.42646
v 0.59569 0.63449 0.43188
v 0.57812 0.63553 0.40848
v 0.58399 0.63864 0.40182
v 0.60531 0.62963 0.42115
v 0.59796 0.62715 0.42646
v 0.58399 0.63864 0.40182
v 0.58580 0.64771 0.40354
v 0.60759 0.63850 0.42329
v 0.60531 0.62963 0.42115
v 0.58580 0.64771 0.40354
v 0.58105 0.65020 0.41127
v 0.60164 0.64151 0.42992
v 0.60759 0.63850 0.42329
v 0.60164 0.64151 0.42992
v 0.59569 0.63449 0.43188
v 0.61027 0.62468 0.45292
v 0.61713 0.63109 0.45226
v 0.59569 0.63449 0.43188
v 0.59796 0.62715 0.42646
v 0.61289 0.61711 0.44799
v 0.61027 0.62468 0.45292
v 0.59796 0.62715 0.42646
v 0.60531 0.62963 0.42115
v 0.62136 0.61883 0.44430
v 0.61289 0.61711 0.44799
v 0.60531 0.62963 0.42115
v 0.60759 0.63850 0.42329
v 0.62398 0.62747 0.44693
v 0.62136 0.61883 0.44430
v 0.60759 0.63850 0.42329
v 0.60164 0.64151 0.42992
v 0.61713 0.63109 0.45226
v 0.62398 0.62747 0.44693
v 0.61713 0.63109 0.45226
v 0.61027 0.62468 0.45292
v 0.61932 0.61375 0.47636
v 0.62674 0.61948 0.47716
v 0.61027 0.62468 0.45292
v 0.61289 0.61711 0.44799
v 0.62216 0.60592 0.47200
v 0.61932 0.61375 0.47636
v 0.61289 0.61711 0.44799
v 0.62136 0.61883 0.44430
v 0.63133 0.60680 0.47010
v 0.62216 0.60592 0.47200
v 0.62136 0.61883 0.44430
v 0.62398 0.62747 0.44693
v 0.63416 0.61518 0.47329
v 0.63133 0.60680 0.47010
v 0.62398 0.62747 0.44693
v 0.61713 0.63109 0.45226
v 0.62674 0.61948 0.47716
v 0.63416 0.61518 0.47329
v 0.62674 0.61948 0.47716
v 0.61932 0.61375 0.47636
v 0.62244 0.60188 0.50182
v 0.63000 0.60725 0.50338
v 0.61932 0.61375 0.47636
v 0.62216 0.60592 0.47200
v 0.62533 0.59391 0.49774
v 0.62244 0.60188 0.50182
v 0.62216 0.60592 0.47200
v 0.63133 0.60680 0.47010
v 0.63467 0.59436 0.49679
v 0.62533 0.59391 0.49774
v 0.63133 0.60680 0.47010
v 0.63416 0.61518 0.47329
v 0.63756 0.60260 0.50027
v 0.63467 0.59436 0.49679
v 0.63416 0.61518 0.47329
v 0.62674 0.61948 0.47716
v 0.63000 0.60725 0.50338
v 0.63756 0.60260 0.50027
vt 0.6250 0.7109
vt 0.6250 0.7109
vt 0.6250 0.7109
vt 0.6250 0.7109
vt 0.6250 0.7109
vt 0.6250 0.7109
vt 0.6250 0.7109
vt 0.6250 0.6250
vt 0.6250 0.6250
vt 0.6250 0.6250
vt 0.6250 0.6250
vt 0.6250 0.5391
vt 0.6250 0.5391
vt 0.6250 0.5391
vt 0.6250 0.7109
vt 0.6250 0.7109
vt 0.6250 0.7109
vt 0.6250 0.7109
vt 0.6250 0.7109
vt 0.6250 0.7109
vt 0.6250 0.7109
vt 0.6250 0.6250
vt 0.6250 0.6250
vt 0.6250 0.6250
vt 0.6250 0.6250
vt 0.6250 0.5391
vt 0.6250 0.5391
vt 0.6250 0.5391
vt 0.6250 0.7109
vt 0.6250 0.7109
vt 0.6250 0.7109
vt 0.6250 0.7109
vt 0.6250 0.7109
vt 0.6250 0.7109
vt 0.6250 0.7109
vt 0.6250 0.6250
vt 0.6250 0.6250
vt 0.6250 0.6250
vt 0.6250 0.6250
vt 0.6250 0.5391
vt 0.6250 0.5391
vt 0.6250 0.5391
vt 0.6250 0.7109
vt 0.6250 0.7109
vt 0.6250 0.7109
vt 0.6250 0.7109
vt 0.6250 0.7109
vt 0.6250 0.7109
vt 0.6250 0.7109
vt 0.6250 0.5391
vt 0.6250 0.5391
vt 0.6250 0.5391
vt 0.6250 0.5391
vt 0.6250 0.5391
vt 0.6250 0.5391
vt 0.6250 0.5391
vt 0.6250 0.7109
vt 0.6250 0.7109
vt 0.6250 0.7109
vt 0.6250 0.6250
vt 0.6250 0.6250
vt 0.6250 0.6250
vt 0.6250 0.6250
vt 0.6250 0.5391
vt 0.6250 0.5391
vt 0.6250 0.5391
vt 0.6250 0.5391
vt 0.6250 0.5391
vt 0.6250 0.5391
vt 0.6250 0.5391
vt 0.6250 0.7109
vt 0.6250 0.7109
vt 0.6250 0.7109
vt 0.6250 0.6250
vt 0.6250 0.6250
vt 0.6250 0.6250
vt 0.6250 0.6250
vt 0.6250 0.5391
vt 0.6250 0.5391
vt 0.6250 0.5391
vt 0.6250 0.5391
vt 0.6250 0.5391
vt 0.6250 0.5391
vt 0.6250 0.5391
vt 0.6250 0.7109
vt 0.6250 0.7109
vt 0.6250 0.7109
vt 0.6250 0.6250
vt 0.6250 0.6250
vt 0.6250 0.6250
vt 0.6250 0.6250
vt 0.6250 0.5391
vt 0.6250 0.5391
vt 0.6250 0.5391
vt 0.6250 0.5391
vt 0.6250 0.5391
vt 0.6250 0.5391
vt 0.6250 0.5391
vt 0.6250 0.7109
vt 0.6250 0.7109
vt 0.6250 0.7109
vt 0.6250 0.6250
vt 0.6250 0.6250
vt 0.6250 0.6250
vt 0.6250 0.6250
vt 0.6250 0.5391
vt 0.6250 0.5391
vt 0.6250 0.5391
vt 0.6250 0.5391
vt 0.6250 0.5391
vt 0.6250 0.5391
vt 0.6250 0.5391
vt 0.6250 0.7109
vt 0.6250 0.7109
vt 0.6250 0.7109
vt 0.6250 0.6250
vt 0.6250 0.6250
vt 0.6250 0.6250
vt 0.6250 0.6250
vt 0.6250 0.5391
vt 0.6250 0.5391
vt 0.6250 0.5391
vt 0.6250 0.5391
vt 0.6250 0.5391
vt 0.6250 0.5391
vt 0.6250 0.5391
vt 0.6250 0.7109
vt 0.6250 0.7109
vt 0.6250 0.7109
vt 0.6250 0.6250
vt 0.6250 0.6250
vt 0.6250 0.6250
vt 0.6250 0.6250
vt 0.6250 0.5391
vt 0.6250 0.5391
vt 0.6250 0.5391
vt 0.6250 0.5391
vt 0.6250 0.5391
vt 0.6250 0.5391
vt 0.6250 0.5391
vt 0.6250 0.7109
vt 0.6250 0.7109
vt 0.6250 0.7109
vt 0.6250 0.6250
vt 0.6250 0.6250
vt 0.6250 0.6250
vt 0.6250 0.6250
vt 0.6250 0.5391
vt 0.6250 0.5391
vt 0.6250 0.5391
vt 0.6250 0.5391
vt 0.6250 0.5391
vt 0.6250 0.5391
vt 0.6250 0.5391
vt 0.6250 0.7109
vt 0.6250 0.7109
vt 0.6250 0.7109
vt 0.6250 0.6250
vt 0.6250 0.6250
vt 0.6250 0.6250
vt 0.6250 0.6250
vt 0.6250 0.5391
vt 0.6250 0.5391
vt 0.6250 0.5391
vt 0.6250 0.5391
vt 0.6250 0.5391
vt 0.6250 0.5391
vt 0.6250 0.5391
vt 0.6250 0.7109
vt 0.6250 0.7109
vt 0.6250 0.7109
vt 0.6250 0.6250
vt 0.6250 0.6250
vt 0.6250 0.6250
vt 0.6250 0.6250
vt 0.6250 0.5391
vt 0.6250 0.5391
vt 0.6250 0.5391
vt 0.6250 0.5391
vt 0.6250 0.5391
vt 0.6250 0.5391
vt 0.6250 0.5391
vt 0.6250 0.7109
vt 0.6250 0.7109
vt 0.6250 0.7109
vt 0.6250 0.6250
vt 0.6250 0.6250
vt 0.6250 0.6250
vt 0.6250 0.6250
vt 0.6250 0.5391
vt 0.6250 0.5391
vt 0.6250 0.5391
vt 0.6250 0.5391
vt 0.6250 0.5391
vt 0.6250 0.5391
vt 0.6250 0.5391
vt 0.6250 0.7109
vt 0.6250 0.7109
vt 0.6250 0.7109
vt 0.6250 0.6250
vt 0.6250 0.6250
vt 0.6250 0.6250
vt 0.6250 0.6250
vt 0.6250 0.5391
vt 0.6250 0.5391
vt 0.6250 0.5391
vt 0.6250 0.5391
vt 0.6250 0.5391
vt 0.6250 0.5391
vt 0.6250 0.5391
vt 0.6250 0.7109
vt 0.6250 0.7109
vt 0.6250 0.7109
vt 0.6250 0.6250
vt 0.6250 0.6250
vt 0.6250 0.6250
vt 0.6250 0.6250
vt 0.6250 0.5391
vt 0.6250 0.5391
vt 0.6250 0.5391
vt 0.6250 0.5391
vt 0.6250 0.5391
vt 0.6250 0.5391
vt 0.6250 0.5391
vt 0.6250 0.7109
vt 0.6250 0.7109
vt 0.6250 0.7109
vt 0.6250 0.6250
vt 0.6250 0.6250
vt 0.6250 0.6250
vt 0.6250 0.6250
vt 0.6250 0.5391
vt 0.6250 0.5391
vt 0.6250 0.5391
vt 0.6250 0.5391
vt 0.6250 0.5391
vt 0.6250 0.5391
vt 0.6250 0.5391
vt 0.6250 0.7109
vt 0.6250 0.7109
vt 0.6250 0.7109
vt 0.6250 0.6250
vt 0.6250 0.6250
vt 0.6250 0.6250
vt 0.6250 0.6250
vt 0.6250 0.5391
vt 0.6250 0.5391
vt 0.6250 0.5391
vt 0.6250 0.5391
vt 0.6250 0.5391
vt 0.6250 0.5391
vt 0.6250 0.5391
vt 0.6250 0.7109
vt 0.6250 0.7109
vt 0.6250 0.7109
vt 0.6250 0.7109
vt 0.6250 0.7109
vt 0.6250 0.7109
vt 0.6250 0.7109
vt 0.6250 0.5391
vt 0.6250 0.5391
vt 0.6250 0.5391
vt 0.6250 0.5391
vt 0.6250 0.5391
vt 0.6250 0.5391
vt 0.6250 0.5391
vt 0.6250 0.7109
vt 0.6250 0.7109
vt 0.6250 0.7109
vt 0.6250 0.7109
vt 0.6250 0.7109
vt 0.6250 0.7109
vt 0.6250 0.7109
vt 0.6250 0.6250
vt 0.6250 0.6250
vt 0.6250 0.6250
vt 0.6250 0.6250
vt 0.6250 0.5391
vt 0.6250 0.5391
vt 0.6250 0.5391
vt 0.6250 0.7109
vt 0.6250 0.7109
vt 0.6250 0.7109
vt 0.6250 0.7109
vt 0.6250 0.7109
vt 0.6250 0.7109
vt 0.6250 0.7109
vt 0.6250 0.6250
vt 0.6250 0.6250
vt 0.6250 0.6250
vt 0.6250 0.6250
vt 0.6250 0.5391
vt 0.6250 0.5391
vt 0.6250 0.5391
vt 0.6250 0.7109
vt 0.6250 0.7109
vt 0.6250 0.7109
vt 0.6250 0.7109
vt 0.6250 0.7109
vt 0.6250 0.7109
vt 0.6250 0.7109
vt 0.6250 0.6250
vt 0.6250 0.6250
vt 0.6250 0.6250
vt 0.6250 0.6250
vt 0.6250 0.5391
vt 0.6250 0.5391
vt 0.6250 0.5391
vt 0.6250 0.7109
vt 0.6250 0.7109
vt 0.6250 0.7109
vt 0.6250 0.7109
vt 0.6250 0.7109
vt 0.6250 0.7109
vt 0.6250 0.7109
vt 0.6250 0.6250
vt 0.6250 0.6250
vt 0.6250 0.6250
vt 0.6250 0.6250
vt 0.6250 0.5391
vt 0.6250 0.5391
vt 0.6250 0.5391
vt 0.6250 0.7109
vt 0.6250 0.7109
vt 0.6250 0.7109
vt 0.6250 0.7109
vt 0.6250 0.7109
vt 0.6250 0.7109
vt 0.6250 0.7109
vt 0.6250 0.6250
vt 0.6250 0.6250
vt 0.6250 0.6250
vt 0.6250 0.6250
vt 0.6250 0.5391
vt 0.6250 0.5391
vt 0.6250 0.5391
vt 0.6250 0.7109
vt 0.6250 0.7109
vt 0.6250 0.7109
vt 0.6250 0.7109
vt 0.6250 0.7109
vt 0.6250 0.7109
vt 0.6250 0.7109
vt 0.6250 0.6250
vt 0.6250 0.6250
vt 0.6250 0.6250
vt 0.6250 0.6250
vt 0.6250 0.5391
vt 0.6250 0.5391
vt 0.6250 0.5391
vt 0.6250 0.7109
vt 0.6250 0.7109
vt 0.6250 0.7109
vt 0.6250 0.7109
vt 0.6250 0.7109
vt 0.6250 0.7109
vt 0.6250 0.7109
vt 0.6250 0.6250
vt 0.6250 0.6250
vt 0.6250 0.6250
vt 0.6250 0.6250
vt 0.6250 0.5391
vt 0.6250 0.5391
vt 0.6250 0.5391
vt 0.6250 0.7109
vt 0.6250 0.7109
vt 0.6250 0.7109
vt 0.6250 0.7109
vt 0.6250 0.7109
vt 0.6250 0.7109
vt 0.6250 0.7109
vt 0.6250 0.6250
vt 0.6250 0.6250
vt 0.6250 0.6250
vt 0.6250 0.6250
vt 0.6250 0.5391
vt 0.6250 0.5391
vt 0.6250 0.5391
vt 0.6250 0.7109
vt 0.6250 0.7109
vt 0.6250 0.7109
vt 0.6250 0.7109
vt 0.6250 0.7109
vt 0.6250 0.7109
vt 0.6250 0.7109
vt 0.6250 0.6250
vt 0.6250 0.6250
vt 0.6250 0.6250
vt 0.6250 0.6250
vt 0.6250 0.5391
vt 0.6250 0.5391
vt 0.6250 0.5391
vt 0.6250 0.7109
vt 0.6250 0.7109
vt 0.6250 0.7109
vt 0.6250 0.7109
vt 0.6250 0.7109
vt 0.6250 0.7109
vt 0.6250 0.7109
vt 0.6250 0.6250
vt 0.6250 0.6250
vt 0.6250 0.6250
vt 0.6250 0.6250
vt 0.6250 0.5391
vt 0.6250 0.5391
vt 0.6250 0.5391
vt 0.6250 0.7109
vt 0.6250 0.7109
vt 0.6250 0.7109
vt 0.6250 0.7109
vt 0.6250 0.7109
vt 0.6250 0.7109
vt 0.6250 0.7109
vt 0.6250 0.6250
vt 0.6250 0.6250
vt 0.6250 0.6250
vt 0.6250 0.6250
vt 0.6250 0.5391
vt 0.6250 0.5391
vt 0.6250 0.5391
vt 0.6250 0.7109
vt 0.6250 0.7109
vt 0.6250 0.7109
vt 0.6250 0.7109
vt 0.6250 0.7109
vt 0.6250 0.7109
vt 0.6250 0.7109
vt 0.6250 0.6250
vt 0.6250 0.6250
vt 0.6250 0.6250
vt 0.6250 0.6250
vt 0.6250 0.5391
vt 0.6250 0.5391
vt 0.6250 0.5391
vt 0.6250 0.7109
vt 0.6250 0.7109
vt 0.6250 0.7109
vt 0.6250 0.7109
vt 0.6250 0.7109
vt 0.6250 0.7109
vt 0.6250 0.7109
vt 0.6250 0.6250
vt 0.6250 0.6250
vt 0.6250 0.6250
vt 0.6250 0.6250
vt 0.6250 0.5391
vt 0.6250 0.5391
vt 0.6250 0.5391
vt 0.3750 0.7109
vt 0.3750 0.7109
vt 0.3750 0.7109
vt 0.3750 0.7109
vt 0.3750 0.6250
vt 0.3750 0.6250
vt 0.3750 0.6250
vt 0.3750 0.6250
vt 0.3750 0.7109
vt 0.3750 0.7109
vt 0.3750 0.7109
vt 0.3750 0.7109
vt 0.3750 0.5391
vt 0.3750 0.5391
vt 0.3750 0.5391
vt 0.3750 0.5391
vt 0.3750 0.7109
vt 0.3750 0.7109
vt 0.3750 0.7109
vt 0.3750 0.7109
vt 0.3750 0.5391
vt 0.3750 0.5391
vt 0.3750 0.5391
vt 0.3750 0.5391
vt 0.3750 0.7109
vt 0.3750 0.7109
vt 0.3750 0.7109
vt 0.3750 0.7109
vt 0.3750 0.5391
vt 0.3750 0.5391
vt 0.3750 0.5391
vt 0.3750 0.5391
vt 0.3750 0.7109
vt 0.3750 0.7109
vt 0.3750 0.7109
vt 0.3750 0.7109
vt 0.3750 0.5391
vt 0.3750 0.5391
vt 0.3750 0.5391
vt 0.3750 0.5391
vt 0.3750 0.7109
vt 0.3750 0.7109
vt 0.3750 0.7109
vt 0.3750 0.7109
vt 0.3750 0.5391
vt 0.3750 0.5391
vt 0.3750 0.5391
vt 0.3750 0.5391
vt 0.3750 0.7109
vt 0.3750 0.7109
vt 0.3750 0.7109
vt 0.3750 0.7109
vt 0.3750 0.5391
vt 0.3750 0.5391
vt 0.3750 0.5391
vt 0.3750 0.5391
vt 0.3750 0.7109
vt 0.3750 0.7109
vt 0.3750 0.7109
vt 0.3750 0.7109
vt 0.3750 0.5391
vt 0.3750 0.5391
vt 0.3750 0.5391
vt 0.3750 0.5391
vt 0.3750 0.7109
vt 0.3750 0.7109
vt 0.3750 0.7109
vt 0.3750 0.7109
vt 0.3750 0.5391
vt 0.3750 0.5391
vt 0.3750 0.5391
vt 0.3750 0.5391
vt 0.3750 0.7109
vt 0.3750 0.7109
vt 0.3750 0.7109
vt 0.3750 0.7109
vt 0.3750 0.5391
vt 0.3750 0.5391
vt 0.3750 0.5391
vt 0.3750 0.5391
vt 0.3750 0.7109
vt 0.3750 0.7109
vt 0.3750 0.7109
vt 0.3750 0.7109
vt 0.3750 0.5391
vt 0.3750 0.5391
vt 0.3750 0.5391
vt 0.3750 0.5391
vt 0.3750 0.7109
vt 0.3750 0.7109
vt 0.3750 0.7109
vt 0.3750 0.7109
vt 0.3750 0.5391
vt 0.3750 0.5391
vt 0.3750 0.5391
vt 0.3750 0.5391
vt 0.3750 0.7109
vt 0.3750 0.7109
vt 0.3750 0.7109
vt 0.3750 0.7109
vt 0.3750 0.5391
vt 0.3750 0.5391
vt 0.3750 0.5391
vt 0.3750 0.5391
vt 0.3750 0.7109
vt 0.3750 0.7109
vt 0.3750 0.7109
vt 0.3750 0.7109
vt 0.3750 0.5391
vt 0.3750 0.5391
vt 0.3750 0.5391
vt 0.3750 0.5391
vt 0.3750 0.7109
vt 0.3750 0.7109
vt 0.3750 0.7109
vt 0.3750 0.7109
vt 0.3750 0.5391
vt 0.3750 0.5391
vt 0.3750 0.5391
vt 0.3750 0.5391
vt 0.3750 0.7109
vt 0.3750 0.7109
vt 0.3750 0.7109
vt 0.3750 0.7109
vt 0.3750 0.5391
vt 0.3750 0.5391
vt 0.3750 0.5391
vt 0.3750 0.5391
vt 0.3750 0.7109
vt 0.3750 0.7109
vt 0.3750 0.7109
vt 0.3750 0.7109
vt 0.3750 0.5391
vt 0.3750 0.5391
vt 0.3750 0.5391
vt 0.3750 0.5391
vt 0.3750 0.7109
vt 0.3750 0.7109
vt 0.3750 0.7109
vt 0.3750 0.7109
vt 0.3750 0.5391
vt 0.3750 0.5391
vt 0.3750 0.5391
vt 0.3750 0.5391
vt 0.3750 0.7109
vt 0.3750 0.7109
vt 0.3750 0.7109
vt 0.3750 0.7109
vt 0.3750 0.5391
vt 0.3750 0.5391
vt 0.3750 0.5391
vt 0.3750 0.5391
vt 0.3750 0.7109
vt 0.3750 0.7109
vt 0.3750 0.7109
vt 0.3750 0.7109
vt 0.3750 0.5391
vt 0.3750 0.5391
vt 0.3750 0.5391
vt 0.3750 0.5391
vt 0.3750 0.7109
vt 0.3750 0.7109
vt 0.3750 0.7109
vt 0.3750 0.7109
vt 0.3750 0.5391
vt 0.3750 0.5391
vt 0.3750 0.5391
vt 0.3750 0.5391
vt 0.3750 0.7109
vt 0.3750 0.7109
vt 0.3750 0.7109
vt 0.3750 0.7109
vt 0.3750 0.5391
vt 0.3750 0.5391
vt 0.3750 0.5391
vt 0.3750 0.5391
vt 0.3750 0.7109
vt 0.3750 0.7109
vt 0.3750 0.7109
vt 0.3750 0.7109
vt 0.3750 0.5391
vt 0.3750 0.5391
vt 0.3750 0.5391
vt 0.3750 0.5391
vt 0.3750 0.7109
vt 0.3750 0.7109
vt 0.3750 0.7109
vt 0.3750 0.7109
vt 0.3750 0.5391
vt 0.3750 0.5391
vt 0.3750 0.5391
vt 0.3750 0.5391
vt 0.3750 0.7109
vt 0.3750 0.7109
vt 0.3750 0.7109
vt 0.3750 0.7109
vt 0.3750 0.5391
vt 0.3750 0.5391
vt 0.3750 0.5391
vt 0.3750 0.5391
vt 0.3750 0.7109
vt 0.3750 0.7109
vt 0.3750 0.7109
vt 0.3750 0.7109
vt 0.3750 0.5391
vt 0.3750 0.5391
vt 0.3750 0.5391
vt 0.3750 0.5391
vt 0.3750 0.7109
vt 0.3750 0.7109
vt 0.3750 0.7109
vt 0.3750 0.7109
vt 0.3750 0.5391
vt 0.3750 0.5391
vt 0.3750 0.5391
vt 0.3750 0.5391
vt 0.3750 0.7109
vt 0.3750 0.7109
vt 0.3750 0.7109
vt 0.3750 0.7109
vt 0.3750 0.6250
vt 0.3750 0.6250
vt 0.3750 0.6250
vt 0.3750 0.6250
vt 0.3750 0.7109
vt 0.3750 0.7109
vt 0.3750 0.7109
vt 0.3750 0.7109
vt 0.3750 0.6250
vt 0.3750 0.6250
vt 0.3750 0.6250
vt 0.3750 0.6250
vt 0.3750 0.7109
vt 0.3750 0.7109
vt 0.3750 0.7109
vt 0.3750 0.7109
vt 0.3750 0.6250
vt 0.3750 0.6250
vt 0.3750 0.6250
vt 0.3750 0.6250
vt 0.3750 0.7109
vt 0.3750 0.7109
vt 0.3750 0.7109
vt 0.3750 0.7109
vt 0.3750 0.6250
vt 0.3750 0.6250
vt 0.3750 0.6250
vt 0.3750 0.6250
vt 0.3750 0.7109
vt 0.3750 0.7109
vt 0.3750 0.7109
vt 0.3750 0.7109
vt 0.3750 0.6250
vt 0.3750 0.6250
vt 0.3750 0.6250
vt 0.3750 0.6250
vt 0.3750 0.7109
vt 0.3750 0.7109
vt 0.3750 0.7109
vt 0.3750 0.7109
vt 0.3750 0.6250
vt 0.3750 0.6250
vt 0.3750 0.6250
vt 0.3750 0.6250
vt 0.3750 0.7109
vt 0.3750 0.7109
vt 0.3750 0.7109
vt 0.3750 0.7109
vt 0.3750 0.6250
vt 0.3750 0.6250
vt 0.3750 0.6250
vt 0.3750 0.6250
vt 0.3750 0.7109
vt 0.3750 0.7109
vt 0.3750 0.7109
vt 0.3750 0.7109
vt 0.3750 0.6250
vt 0.3750 0.6250
vt 0.3750 0.6250
vt 0.3750 0.6250
vt 0.3750 0.7109
vt 0.3750 0.7109
vt 0.3750 0.7109
vt 0.3750 0.7109
vt 0.3750 0.6250
vt 0.3750 0.6250
vt 0.3750 0.6250
vt 0.3750 0.6250
vt 0.3750 0.7109
vt 0.3750 0.7109
vt 0.3750 0.7109
vt 0.3750 0.7109
vt 0.3750 0.6250
vt 0.3750 0.6250
vt 0.3750 0.6250
vt 0.3750 0.6250
vt 0.3750 0.7109
vt 0.3750 0.7109
vt 0.3750 0.7109
vt 0.3750 0.7109
vt 0.3750 0.6250
vt 0.3750 0.6250
vt 0.3750 0.6250
vt 0.3750 0.6250
vt 0.3750 0.7109
vt 0.3750 0.7109
vt 0.3750 0.7109
vt 0.3750 0.7109
vt 0.3750 0.6250
vt 0.3750 0.6250
vt 0.3750 0.6250
vt 0.3750 0.6250
vt 0.3750 0.7109
vt 0.3750 0.7109
vt 0.3750 0.7109
vt 0.3750 0.7109
vt 0.3750 0.6250
vt 0.3750 0.6250
vt 0.3750 0.6250
vt 0.3750 0.6250
vt 0.6250 0.2109
vt 0.6250 0.2109
vt 0.6250 0.2109
vt 0.6250 0.2109
vt 0.6250 0.1250
vt 0.6250 0.1250
vt 0.6250 0.1250
vt 0.6250 0.1250
vt 0.6250 0.2109
vt 0.6250 0.2109
vt 0.6250 0.2109
vt 0.6250 0.2109
vt 0.6250 0.1250
vt 0.6250 0.1250
vt 0.6250 0.1250
vt 0.6250 0.1250
vt 0.6250 0.2109
vt 0.6250 0.2109
vt 0.6250 0.2109
vt 0.6250 0.2109
vt 0.6250 0.0391
vt 0.6250 0.0391
vt 0.6250 0.0391
vt 0.6250 0.0391
vt 0.6250 0.2109
vt 0.6250 0.2109
vt 0.6250 0.2109
vt 0.6250 0.2109
vt 0.6250 0.0391
vt 0.6250 0.0391
vt 0.6250 0.0391
vt 0.6250 0.0391
vt 0.6250 0.2109
vt 0.6250 0.2109
vt 0.6250 0.2109
vt 0.6250 0.2109
vt 0.6250 0.0391
vt 0.6250 0.0391
vt 0.6250 0.0391
vt 0.6250 0.0391
vt 0.6250 0.2109
vt 0.6250 0.2109
vt 0.6250 0.2109
vt 0.6250 0.2109
vt 0.6250 0.0391
vt 0.6250 0.0391
vt 0.6250 0.0391
vt 0.6250 0.0391
vt 0.6250 0.2109
vt 0.6250 0.2109
vt 0.6250 0.2109
vt 0.6250 0.2109
vt 0.6250 0.0391
vt 0.6250 0.0391
vt 0.6250 0.0391
vt 0.6250 0.0391
vt 0.6250 0.2109
vt 0.6250 0.2109
vt 0.6250 0.2109
vt 0.6250 0.2109
vt 0.6250 0.0391
vt 0.6250 0.0391
vt 0.6250 0.0391
vt 0.6250 0.0391
vt 0.6250 0.2109
vt 0.6250 0.2109
vt 0.6250 0.2109
vt 0.6250 0.2109
vt 0.6250 0.0391
vt 0.6250 0.0391
vt 0.6250 0.0391
vt 0.6250 0.0391
vt 0.6250 0.2109
vt 0.6250 0.2109
vt 0.6250 0.2109
vt 0.6250 0.2109
vt 0.6250 0.0391
vt 0.6250 0.0391
vt 0.6250 0.0391
vt 0.6250 0.0391
vt 0.6250 0.2109
vt 0.6250 0.2109
vt 0.6250 0.2109
vt 0.6250 0.2109
vt 0.6250 0.0391
vt 0.6250 0.0391
vt 0.6250 0.0391
vt 0.6250 0.0391
vt 0.6250 0.2109
vt 0.6250 0.2109
vt 0.6250 0.2109
vt 0.6250 0.2109
vt 0.6250 0.0391
vt 0.6250 0.0391
vt 0.6250 0.0391
vt 0.6250 0.0391
vt 0.6250 0.2109
vt 0.6250 0.2109
vt 0.6250 0.2109
vt 0.6250 0.2109
vt 0.6250 0.0391
vt 0.6250 0.0391
vt 0.6250 0.0391
vt 0.6250 0.0391
vt 0.6250 0.2109
vt 0.6250 0.2109
vt 0.6250 0.2109
vt 0.6250 0.2109
vt 0.6250 0.0391
vt 0.6250 0.0391
vt 0.6250 0.0391
vt 0.6250 0.0391
vt 0.6250 0.2109
vt 0.6250 0.2109
vt 0.6250 0.2109
vt 0.6250 0.2109
vt 0.6250 0.0391
vt 0.6250 0.0391
vt 0.6250 0.0391
vt 0.6250 0.0391
vt 0.6250 0.2109
vt 0.6250 0.2109
vt 0.6250 0.2109
vt 0.6250 0.2109
vt 0.6250 0.0391
vt 0.6250 0.0391
vt 0.6250 0.0391
vt 0.6250 0.0391
vt 0.6250 0.2109
vt 0.6250 0.2109
vt 0.6250 0.2109
vt 0.6250 0.2109
vt 0.6250 0.0391
vt 0.6250 0.0391
vt 0.6250 0.0391
vt 0.6250 0.0391
vt 0.6250 0.2109
vt 0.6250 0.2109
vt 0.6250 0.2109
vt 0.6250 0.2109
vt 0.6250 0.0391
vt 0.6250 0.0391
vt 0.6250 0.0391
vt 0.6250 0.0391
vt 0.6250 0.2109
vt 0.6250 0.2109
vt 0.6250 0.2109
vt 0.6250 0.2109
vt 0.6250 0.0391
vt 0.6250 0.0391
vt 0.6250 0.0391
vt 0.6250 0.0391
vt 0.6250 0.2109
vt 0.6250 0.2109
vt 0.6250 0.2109
vt 0.6250 0.2109
vt 0.6250 0.0391
vt 0.6250 0.0391
vt 0.6250 0.0391
vt 0.6250 0.0391
vt 0.6250 0.2109
vt 0.6250 0.2109
vt 0.6250 0.2109
vt 0.6250 0.2109
vt 0.6250 0.1250
vt 0.6250 0.1250
vt 0.6250 0.1250
vt 0.6250 0.1250
vt 0.6250 0.2109
vt 0.6250 0.2109
vt 0.6250 0.2109
vt 0.6250 0.2109
vt 0.6250 0.1250
vt 0.6250 0.1250
vt 0.6250 0.1250
vt 0.6250 0.1250
vt 0.6250 0.2109
vt 0.6250 0.2109
vt 0.6250 0.2109
vt 0.6250 0.2109
vt 0.6250 0.1250
vt 0.6250 0.1250
vt 0.6250 0.1250
vt 0.6250 0.1250
vt 0.6250 0.2109
vt 0.6250 0.2109
vt 0.6250 0.2109
vt 0.6250 0.2109
vt 0.6250 0.1250
vt 0.6250 0.1250
vt 0.6250 0.1250
vt 0.6250 0.1250
vt 0.6250 0.2109
vt 0.6250 0.2109
vt 0.6250 0.2109
vt 0.6250 0.2109
vt 0.6250 0.1250
vt 0.6250 0.1250
vt 0.6250 0.1250
vt 0.6250 0.1250
vt 0.6250 0.2109
vt 0.6250 0.2109
vt 0.6250 0.2109
vt 0.6250 0.2109
vt 0.6250 0.1250
vt 0.6250 0.1250
vt 0.6250 0.1250
vt 0.6250 0.1250
vt 0.6250 0.2109
vt 0.6250 0.2109
vt 0.6250 0.2109
vt 0.6250 0.2109
vt 0.6250 0.1250
vt 0.6250 0.1250
vt 0.6250 0.1250
vt 0.6250 0.1250
vt 0.6250 0.2109
vt 0.6250 0.2109
vt 0.6250 0.2109
vt 0.6250 0.2109
vt 0.6250 0.1250
vt 0.6250 0.1250
vt 0.6250 0.1250
vt 0.6250 0.1250
vt 0.6250 0.2109
vt 0.6250 0.2109
vt 0.6250 0.2109
vt 0.6250 0.2109
vt 0.6250 0.1250
vt 0.6250 0.1250
vt 0.6250 0.1250
vt 0.6250 0.1250
vt 0.6250 0.2109
vt 0.6250 0.2109
vt 0.6250 0.2109
vt 0.6250 0.2109
vt 0.6250 0.1250
vt 0.6250 0.1250
vt 0.6250 0.1250
vt 0.6250 0.1250
vt 0.6250 0.2109
vt 0.6250 0.2109
vt 0.6250 0.2109
vt 0.6250 0.2109
vt 0.6250 0.1250
vt 0.6250 0.1250
vt 0.6250 0.1250
vt 0.6250 0.1250
vt 0.6250 0.2109
vt 0.6250 0.2109
vt 0.6250 0.2109
vt 0.6250 0.2109
vt 0.6250 0.1250
vt 0.6250 0.1250
vt 0.6250 0.1250
vt 0.6250 0.1250
vt 0.1250 0.1250
vt 0.1250 0.1250
vt 0.1250 0.1250
vt 0.1250 0.2109
vt 0.1250 0.2109
vt 0.1250 0.2109
vt 0.1250 0.2109
vt 0.1250 0.2109
vt 0.1250 0.2109
vt 0.1250 0.2109
vt 0.1250 0.2109
vt 0.1250 0.2109
vt 0.1250 0.2109
vt 0.1250 0.2109
vt 0.1250 0.1250
vt 0.1250 0.1250
vt 0.1250 0.1250
vt 0.1250 0.1250
vt 0.1250 0.1250
vt 0.1250 0.1250
vt 0.1250 0.1250
vt 0.1250 0.1250
vt 0.1250 0.1250
vt 0.1250 0.1250
vt 0.1250 0.1250
vt 0.1250 0.1250
vt 0.1250 0.1250
vt 0.1250 0.1250
vt 0.1250 0.1250
vt 0.1250 0.1250
vt 0.1250 0.1250
vt 0.1250 0.0391
vt 0.1250 0.0391
vt 0.1250 0.0391
vt 0.1250 0.0391
vt 0.1250 0.0391
vt 0.1250 0.0391
vt 0.1250 0.0391
vt 0.1250 0.0391
vt 0.1250 0.0391
vt 0.1250 0.0391
vt 0.1250 0.0391
vt 0.1250 0.1250
vt 0.1250 0.1250
vt 0.1250 0.1250
vt 0.1250 0.0391
vt 0.1250 0.0391
vt 0.1250 0.0391
vt 0.1250 0.0391
vt 0.1250 0.0391
vt 0.1250 0.0391
vt 0.1250 0.0391
vt 0.1250 0.0391
vt 0.1250 0.0391
vt 0.1250 0.0391
vt 0.1250 0.0391
vt 0.1250 0.1250
vt 0.1250 0.1250
vt 0.1250 0.1250
vt 0.1250 0.0391
vt 0.1250 0.0391
vt 0.1250 0.0391
vt 0.1250 0.0391
vt 0.1250 0.0391
vt 0.1250 0.0391
vt 0.1250 0.0391
vt 0.1250 0.0391
vt 0.1250 0.1250
vt 0.1250 0.1250
vt 0.1250 0.1250
vt 0.1250 0.1250
vt 0.1250 0.1250
vt 0.1250 0.1250
vt 0.1250 0.1250
vt 0.1250 0.1250
vt 0.1250 0.1250
vt 0.1250 0.1250
vt 0.1250 0.2109
vt 0.1250 0.2109
vt 0.1250 0.2109
vt 0.1250 0.2109
vt 0.1250 0.2109
vt 0.1250 0.2109
vt 0.1250 0.2109
vt 0.1250 0.1250
vt 0.1250 0.1250
vt 0.1250 0.1250
vt 0.1250 0.2109
vt 0.1250 0.2109
vt 0.1250 0.2109
vt 0.1250 0.2109
vt 0.1250 0.2109
vt 0.1250 0.2109
vt 0.1250 0.2109
vt 0.1250 0.2109
vt 0.1250 0.2109
vt 0.1250 0.2109
vt 0.1250 0.2109
vt 0.1250 0.2109
vt 0.1250 0.2109
vt 0.1250 0.2109
vt 0.1250 0.2109
vt 0.1250 0.2109
vt 0.1250 0.2109
vt 0.1250 0.2109
vt 0.1250 0.2109
vt 0.1250 0.2109
vt 0.1250 0.2109
vt 0.1250 0.2109
vt 0.1250 0.2109
vt 0.1250 0.2109
vt 0.1250 0.2109
vt 0.6250 0.2109
vt 0.6250 0.2109
vt 0.6250 0.2109
vt 0.6250 0.2109
vt 0.6250 0.2109
vt 0.6250 0.2109
vt 0.6250 0.2109
vt 0.6250 0.2109
vt 0.6250 0.2109
vt 0.6250 0.2109
vt 0.6250 0.2109
vt 0.6250 0.1250
vt 0.6250 0.1250
vt 0.6250 0.1250
vt 0.6250 0.2109
vt 0.6250 0.2109
vt 0.6250 0.2109
vt 0.6250 0.1250
vt 0.6250 0.1250
vt 0.6250 0.1250
vt 0.6250 0.1250
vt 0.6250 0.0391
vt 0.6250 0.0391
vt 0.6250 0.0391
vt 0.6250 0.0391
vt 0.6250 0.0391
vt 0.6250 0.0391
vt 0.6250 0.0391
vt 0.6250 0.2109
vt 0.6250 0.2109
vt 0.6250 0.2109
vt 0.6250 0.1250
vt 0.6250 0.1250
vt 0.6250 0.1250
vt 0.6250 0.1250
vt 0.6250 0.0391
vt 0.6250 0.0391
vt 0.6250 0.0391
vt 0.6250 0.0391
vt 0.6250 0.0391
vt 0.6250 0.0391
vt 0.6250 0.0391
vt 0.6250 0.2109
vt 0.6250 0.2109
vt 0.6250 0.2109
vt 0.6250 0.1250
vt 0.6250 0.1250
vt 0.6250 0.1250
vt 0.6250 0.1250
vt 0.6250 0.0391
vt 0.6250 0.0391
vt 0.6250 0.0391
vt 0.6250 0.0391
vt 0.6250 0.0391
vt 0.6250 0.0391
vt 0.6250 0.0391
vt 0.6250 0.2109
vt 0.6250 0.2109
vt 0.6250 0.2109
vt 0.6250 0.1250
vt 0.6250 0.1250
vt 0.6250 0.1250
vt 0.6250 0.1250
vt 0.6250 0.0391
vt 0.6250 0.0391
vt 0.6250 0.0391
vt 0.6250 0.0391
vt 0.6250 0.0391
vt 0.6250 0.0391
vt 0.6250 0.0391
vt 0.6250 0.2109
vt 0.6250 0.2109
vt 0.6250 0.2109
vt 0.6250 0.2109
vt 0.6250 0.2109
vt 0.6250 0.2109
vt 0.6250 0.2109
vt 0.6250 0.1250
vt 0.6250 0.1250
vt 0.6250 0.1250
vt 0.6250 0.1250
vt 0.6250 0.1250
vt 0.6250 0.1250
vt 0.6250 0.1250
vt 0.6250 0.2109
vt 0.6250 0.2109
vt 0.6250 0.2109
vt 0.6250 0.2109
vt 0.6250 0.2109
vt 0.6250 0.2109
vt 0.6250 0.2109
vt 0.6250 0.2109
vt 0.6250 0.2109
vt 0.6250 0.2109
vt 0.6250 0.2109
vt 0.6250 0.2109
vt 0.6250 0.2109
vt 0.6250 0.2109
vt 0.6250 0.2109
vt 0.6250 0.2109
vt 0.6250 0.2109
vt 0.6250 0.2109
vt 0.6250 0.2109
vt 0.6250 0.2109
vt 0.6250 0.2109
vt 0.6250 0.2109
vt 0.6250 0.2109
vt 0.6250 0.2109
vt 0.6250 0.2109
vt 0.6250 0.2109
vt 0.6250 0.2109
vt 0.6250 0.2109
vt 0.1250 0.2109
vt 0.1250 0.2109
vt 0.1250 0.2109
vt 0.1250 0.2109
vt 0.1250 0.2109
vt 0.1250 0.2109
vt 0.1250 0.2109
vt 0.1250 0.1250
vt 0.1250 0.1250
vt 0.1250 0.1250
vt 0.1250 0.1250
vt 0.1250 0.1250
vt 0.1250 0.1250
vt 0.1250 0.1250
vt 0.1250 0.2109
vt 0.1250 0.2109
vt 0.1250 0.2109
vt 0.1250 0.2109
vt 0.1250 0.2109
vt 0.1250 0.2109
vt 0.1250 0.2109
vt 0.1250 0.1250
vt 0.1250 0.1250
vt 0.1250 0.1250
vt 0.1250 0.1250
vt 0.1250 0.0391
vt 0.1250 0.0391
vt 0.1250 0.0391
vt 0.1250 0.2109
vt 0.1250 0.2109
vt 0.1250 0.2109
vt 0.1250 0.2109
vt 0.1250 0.2109
vt 0.1250 0.2109
vt 0.1250 0.2109
vt 0.1250 0.0391
vt 0.1250 0.0391
vt 0.1250 0.0391
vt 0.1250 0.0391
vt 0.1250 0.0391
vt 0.1250 0.0391
vt 0.1250 0.0391
vt 0.1250 0.2109
vt 0.1250 0.2109
vt 0.1250 0.2109
vt 0.1250 0.1250
vt 0.1250 0.1250
vt 0.1250 0.1250
vt 0.1250 0.1250
vt 0.1250 0.0391
vt 0.1250 0.0391
vt 0.1250 0.0391
vt 0.1250 0.0391
vt 0.1250 0.0391
vt 0.1250 0.0391
vt 0.1250 0.0391
vt 0.1250 0.2109
vt 0.1250 0.2109
vt 0.1250 0.2109
vt 0.1250 0.1250
vt 0.1250 0.1250
vt 0.1250 0.1250
vt 0.1250 0.1250
vt 0.1250 0.0391
vt 0.1250 0.0391
vt 0.1250 0.0391
vt 0.1250 0.0391
vt 0.1250 0.0391
vt 0.1250 0.0391
vt 0.1250 0.0391
vt 0.1250 0.2109
vt 0.1250 0.2109
vt 0.1250 0.2109
vt 0.1250 0.2109
vt 0.1250 0.2109
vt 0.1250 0.2109
vt 0.1250 0.2109
vt 0.1250 0.0391
vt 0.1250 0.0391
vt 0.1250 0.0391
vt 0.1250 0.0391
vt 0.1250 0.0391
vt 0.1250 0.0391
vt 0.1250 0.0391
vt 0.1250 0.2109
vt 0.1250 0.2109
vt 0.1250 0.2109
vt 0.1250 0.2109
vt 0.1250 0.2109
vt 0.1250 0.2109
vt 0.1250 0.2109
vt 0.1250 0.1250
vt 0.1250 0.1250
vt 0.1250 0.1250
vt 0.1250 0.1250
vt 0.1250 0.1250
vt 0.1250 0.1250
vt 0.1250 0.1250
vt 0.1250 0.2109
vt 0.1250 0.2109
vt 0.1250 0.2109
vt 0.1250 0.2109
vt 0.1250 0.2109
vt 0.1250 0.2109
vt 0.1250 0.2109
vt 0.1250 0.1250
vt 0.1250 0.1250
vt 0.1250 0.1250
vt 0.1250 0.1250
vt 0.1250 0.1250
vt 0.1250 0.1250
vt 0.1250 0.1250
vt 0.6250 0.2109
vt 0.6250 0.2109
vt 0.6250 0.2109
vt 0.6250 0.2109
vt 0.6250 0.2109
vt 0.6250 0.2109
vt 0.6250 0.2109
vt 0.6250 0.2109
vt 0.6250 0.2109
vt 0.6250 0.2109
vt 0.6250 0.2109
vt 0.6250 0.1250
vt 0.6250 0.1250
vt 0.6250 0.1250
vt 0.6250 0.2109
vt 0.6250 0.2109
vt 0.6250 0.2109
vt 0.6250 0.2109
vt 0.6250 0.2109
vt 0.6250 0.2109
vt 0.6250 0.2109
vt 0.6250 0.2109
vt 0.6250 0.2109
vt 0.6250 0.2109
vt 0.6250 0.2109
vt 0.6250 0.1250
vt 0.6250 0.1250
vt 0.6250 0.1250
vt 0.6250 0.2109
vt 0.6250 0.2109
vt 0.6250 0.2109
vt 0.6250 0.2109
vt 0.6250 0.2109
vt 0.6250 0.2109
vt 0.6250 0.2109
vt 0.6250 0.1250
vt 0.6250 0.1250
vt 0.6250 0.1250
vt 0.6250 0.1250
vt 0.6250 0.1250
vt 0.6250 0.1250
vt 0.6250 0.1250
vt 0.6250 0.2109
vt 0.6250 0.2109
vt 0.6250 0.2109
vt 0.6250 0.1250
vt 0.6250 0.1250
vt 0.6250 0.1250
vt 0.6250 0.1250
vt 0.6250 0.0391
vt 0.6250 0.0391
vt 0.6250 0.0391
vt 0.6250 0.0391
vt 0.6250 0.0391
vt 0.6250 0.0391
vt 0.6250 0.0391
vt 0.6250 0.2109
vt 0.6250 0.2109
vt 0.6250 0.2109
vt 0.6250 0.1250
vt 0.6250 0.1250
vt 0.6250 0.1250
vt 0.6250 0.1250
vt 0.6250 0.0391
vt 0.6250 0.0391
vt 0.6250 0.0391
vt 0.6250 0.0391
vt 0.6250 0.0391
vt 0.6250 0.0391
vt 0.6250 0.0391
vt 0.6250 0.2109
vt 0.6250 0.2109
vt 0.6250 0.2109
vt 0.6250 0.1250
vt 0.6250 0.1250
vt 0.6250 0.1250
vt 0.6250 0.1250
vt 0.6250 0.0391
vt 0.6250 0.0391
vt 0.6250 0.0391
vt 0.6250 0.0391
vt 0.6250 0.0391
vt 0.6250 0.0391
vt 0.6250 0.0391
vt 0.6250 0.2109
vt 0.6250 0.2109
vt 0.6250 0.2109
vt 0.6250 0.2109
vt 0.6250 0.2109
vt 0.6250 0.2109
vt 0.6250 0.2109
vt 0.6250 0.0391
vt 0.6250 0.0391
vt 0.6250 0.0391
vt 0.6250 0.0391
vt 0.6250 0.0391
vt 0.6250 0.0391
vt 0.6250 0.0391
vt 0.6250 0.2109
vt 0.6250 0.2109
vt 0.6250 0.2109
vt 0.6250 0.2109
vt 0.6250 0.2109
vt 0.6250 0.2109
vt 0.6250 0.2109
vt 0.6250 0.1250
vt 0.6250 0.1250
vt 0.6250 0.1250
vt 0.6250 0.1250
vt 0.6250 0.1250
vt 0.6250 0.1250
vt 0.6250 0.1250
vt 0.1250 0.2109
vt 0.1250 0.2109
vt 0.1250 0.2109
vt 0.1250 0.2109
vt 0.1250 0.2109
vt 0.1250 0.2109
vt 0.1250 0.2109
vt 0.1250 0.2109
vt 0.1250 0.2109
vt 0.1250 0.2109
vt 0.1250 0.2109
vt 0.1250 0.2109
vt 0.1250 0.2109
vt 0.1250 0.2109
vt 0.1250 0.2109
vt 0.1250 0.2109
vt 0.1250 0.2109
vt 0.1250 0.2109
vt 0.1250 0.2109
vt 0.1250 0.2109
vt 0.1250 0.2109
vt 0.1250 0.2109
vt 0.1250 0.2109
vt 0.1250 0.2109
vt 0.1250 0.2109
vt 0.1250 0.2109
vt 0.1250 0.2109
vt 0.1250 0.2109
vt 0.1250 0.1250
vt 0.1250 0.1250
vt 0.1250 0.1250
vt 0.1250 0.2109
vt 0.1250 0.2109
vt 0.1250 0.2109
vt 0.1250 0.2109
vt 0.1250 0.2109
vt 0.1250 0.2109
vt 0.1250 0.2109
vt 0.1250 0.2109
vt 0.1250 0.2109
vt 0.1250 0.2109
vt 0.1250 0.2109
vt 0.1250 0.1250
vt 0.1250 0.1250
vt 0.1250 0.1250
vt 0.1250 0.0391
vt 0.1250 0.0391
vt 0.1250 0.0391
vt 0.1250 0.0391
vt 0.1250 0.0391
vt 0.1250 0.0391
vt 0.1250 0.0391
vt 0.1250 0.0391
vt 0.1250 0.1250
vt 0.1250 0.1250
vt 0.1250 0.1250
vt 0.1250 0.1250
vt 0.1250 0.1250
vt 0.1250 0.1250
vt 0.1250 0.0391
vt 0.1250 0.0391
vt 0.1250 0.0391
vt 0.1250 0.0391
vt 0.1250 0.0391
vt 0.1250 0.0391
vt 0.1250 0.0391
vt 0.1250 0.0391
vt 0.1250 0.0391
vt 0.1250 0.0391
vt 0.1250 0.0391
vt 0.1250 0.1250
vt 0.1250 0.1250
vt 0.1250 0.1250
vt 0.1250 0.0391
vt 0.1250 0.0391
vt 0.1250 0.0391
vt 0.1250 0.0391
vt 0.1250 0.0391
vt 0.1250 0.0391
vt 0.1250 0.0391
vt 0.1250 0.0391
vt 0.1250 0.0391
vt 0.1250 0.0391
vt 0.1250 0.0391
vt 0.1250 0.1250
vt 0.1250 0.1250
vt 0.1250 0.1250
vt 0.1250 0.1250
vt 0.1250 0.1250
vt 0.1250 0.1250
vt 0.1250 0.1250
vt 0.1250 0.1250
vt 0.1250 0.1250
vt 0.1250 0.1250
vt 0.1250 0.1250
vt 0.1250 0.1250
vt 0.1250 0.1250
vt 0.1250 0.1250
vt 0.1250 0.2109
vt 0.1250 0.2109
vt 0.1250 0.2109
vt 0.1250 0.2109
vt 0.1250 0.2109
vt 0.1250 0.2109
vt 0.1250 0.2109
vt 0.1250 0.2109
vt 0.1250 0.2109
vt 0.1250 0.2109
vt 0.1250 0.2109
vt 0.1250 0.2109
vt 0.1250 0.2109
vt 0.1250 0.2109
vt 0.6250 0.1250
vt 0.6250 0.1250
vt 0.6250 0.1250
vt 0.6250 0.2109
vt 0.6250 0.2109
vt 0.6250 0.2109
vt 0.6250 0.2109
vt 0.6250 0.2109
vt 0.6250 0.2109
vt 0.6250 0.2109
vt 0.6250 0.2109
vt 0.6250 0.2109
vt 0.6250 0.2109
vt 0.6250 0.2109
vt 0.6250 0.1250
vt 0.6250 0.1250
vt 0.6250 0.1250
vt 0.6250 0.2109
vt 0.6250 0.2109
vt 0.6250 0.2109
vt 0.6250 0.2109
vt 0.6250 0.2109
vt 0.6250 0.2109
vt 0.6250 0.2109
vt 0.6250 0.2109
vt 0.6250 0.2109
vt 0.6250 0.2109
vt 0.6250 0.2109
vt 0.6250 0.1250
vt 0.6250 0.1250
vt 0.6250 0.1250
vt 0.6250 0.1250
vt 0.6250 0.1250
vt 0.6250 0.1250
vt 0.6250 0.1250
vt 0.6250 0.1250
vt 0.6250 0.1250
vt 0.6250 0.1250
vt 0.6250 0.1250
vt 0.6250 0.1250
vt 0.6250 0.1250
vt 0.6250 0.1250
vt 0.6250 0.0391
vt 0.6250 0.0391
vt 0.6250 0.0391
vt 0.6250 0.0391
vt 0.6250 0.0391
vt 0.6250 0.0391
vt 0.6250 0.0391
vt 0.6250 0.0391
vt 0.6250 0.0391
vt 0.6250 0.0391
vt 0.6250 0.0391
vt 0.6250 0.1250
vt 0.6250 0.1250
vt 0.6250 0.1250
vt 0.6250 0.0391
vt 0.6250 0.0391
vt 0.6250 0.0391
vt 0.6250 0.0391
vt 0.6250 0.0391
vt 0.6250 0.0391
vt 0.6250 0.0391
vt 0.6250 0.0391
vt 0.6250 0.0391
vt 0.6250 0.0391
vt 0.6250 0.0391
vt 0.6250 0.1250
vt 0.6250 0.1250
vt 0.6250 0.1250
vt 0.6250 0.1250
vt 0.6250 0.1250
vt 0.6250 0.1250
vt 0.6250 0.0391
vt 0.6250 0.0391
vt 0.6250 0.0391
vt 0.6250 0.0391
vt 0.6250 0.1250
vt 0.6250 0.1250
vt 0.6250 0.1250
vt 0.6250 0.1250
vt 0.6250 0.1250
vt 0.6250 0.1250
vt 0.6250 0.1250
vt 0.6250 0.1250
vt 0.6250 0.1250
vt 0.6250 0.1250
vt 0.6250 0.1250
vt 0.6250 0.1250
vt 0.6250 0.1250
vt 0.6250 0.1250
vt 0.6250 0.2109
vt 0.6250 0.2109
vt 0.6250 0.2109
vt 0.6250 0.2109
vt 0.6250 0.2109
vt 0.6250 0.2109
vt 0.6250 0.2109
vt 0.6250 0.1250
vt 0.6250 0.1250
vt 0.6250 0.1250
vt 0.6250 0.2109
vt 0.6250 0.2109
vt 0.6250 0.2109
vt 0.6250 0.2109
vt 0.6250 0.2109
vt 0.6250 0.2109
vt 0.6250 0.2109
vt 0.6250 0.2109
vt 0.6250 0.2109
vt 0.6250 0.2109
vt 0.6250 0.2109
vt 0.6250 0.3750
vt 0.6250 0.3750
vt 0.6250 0.3750
vt 0.6250 0.4609
vt 0.6250 0.4609
vt 0.6250 0.4609
vt 0.6250 0.2891
vt 0.6250 0.2891
vt 0.6250 0.2891
vt 0.6250 0.4609
vt 0.6250 0.4609
vt 0.6250 0.4609
vt 0.6250 0.3750
vt 0.6250 0.3750
vt 0.6250 0.3750
vt 0.6250 0.4609
vt 0.6250 0.4609
vt 0.6250 0.4609
vt 0.6250 0.4609
vt 0.6250 0.4609
vt 0.6250 0.4609
vt 0.6250 0.4609
vt 0.6250 0.4609
vt 0.6250 0.4609
vt 0.3750 0.6250
vt 0.3750 0.6250
vt 0.3750 0.6250
vt 0.3750 0.7109
vt 0.3750 0.7109
vt 0.3750 0.7109
vt 0.3750 0.5391
vt 0.3750 0.5391
vt 0.3750 0.5391
vt 0.3750 0.7109
vt 0.3750 0.7109
vt 0.3750 0.7109
vt 0.3750 0.6250
vt 0.3750 0.6250
vt 0.3750 0.6250
vt 0.3750 0.7109
vt 0.3750 0.7109
vt 0.3750 0.7109
vt 0.3750 0.7109
vt 0.3750 0.7109
vt 0.3750 0.7109
vt 0.3750 0.7109
vt 0.3750 0.7109
vt 0.3750 0.7109
vt 0.6250 0.3750
vt 0.6250 0.3750
vt 0.6250 0.3750
vt 0.6250 0.4609
vt 0.6250 0.4609
vt 0.6250 0.4609
vt 0.6250 0.2891
vt 0.6250 0.2891
vt 0.6250 0.2891
vt 0.6250 0.4609
vt 0.6250 0.4609
vt 0.6250 0.4609
vt 0.6250 0.3750
vt 0.6250 0.3750
vt 0.6250 0.3750
vt 0.6250 0.4609
vt 0.6250 0.4609
vt 0.6250 0.4609
vt 0.6250 0.4609
vt 0.6250 0.4609
vt 0.6250 0.4609
vt 0.6250 0.4609
vt 0.6250 0.4609
vt 0.6250 0.4609
vt 0.3750 0.6250
vt 0.3750 0.6250
vt 0.3750 0.6250
vt 0.3750 0.7109
vt 0.3750 0.7109
vt 0.3750 0.7109
vt 0.3750 0.5391
vt 0.3750 0.5391
vt 0.3750 0.5391
vt 0.3750 0.7109
vt 0.3750 0.7109
vt 0.3750 0.7109
vt 0.3750 0.6250
vt 0.3750 0.6250
vt 0.3750 0.6250
vt 0.3750 0.7109
vt 0.3750 0.7109
vt 0.3750 0.7109
vt 0.3750 0.7109
vt 0.3750 0.7109
vt 0.3750 0.7109
vt 0.3750 0.7109
vt 0.3750 0.7109
vt 0.3750 0.7109
vt 0.6250 0.3750
vt 0.6250 0.3750
vt 0.6250 0.3750
vt 0.6250 0.4609
vt 0.6250 0.4609
vt 0.6250 0.4609
vt 0.6250 0.2891
vt 0.6250 0.2891
vt 0.6250 0.2891
vt 0.6250 0.4609
vt 0.6250 0.4609
vt 0.6250 0.4609
vt 0.6250 0.3750
vt 0.6250 0.3750
vt 0.6250 0.3750
vt 0.6250 0.4609
vt 0.6250 0.4609
vt 0.6250 0.4609
vt 0.6250 0.4609
vt 0.6250 0.4609
vt 0.6250 0.4609
vt 0.6250 0.4609
vt 0.6250 0.4609
vt 0.6250 0.4609
vt 0.3750 0.6250
vt 0.3750 0.6250
vt 0.3750 0.6250
vt 0.3750 0.7109
vt 0.3750 0.7109
vt 0.3750 0.7109
vt 0.3750 0.5391
vt 0.3750 0.5391
vt 0.3750 0.5391
vt 0.3750 0.7109
vt 0.3750 0.7109
vt 0.3750 0.7109
vt 0.3750 0.6250
vt 0.3750 0.6250
vt 0.3750 0.6250
vt 0.3750 0.7109
vt 0.3750 0.7109
vt 0.3750 0.7109
vt 0.3750 0.7109
vt 0.3750 0.7109
vt 0.3750 0.7109
vt 0.3750 0.7109
vt 0.3750 0.7109
vt 0.3750 0.7109
vt 0.6250 0.3750
vt 0.6250 0.3750
vt 0.6250 0.3750
vt 0.6250 0.4609
vt 0.6250 0.4609
vt 0.6250 0.4609
vt 0.6250 0.2891
vt 0.6250 0.2891
vt 0.6250 0.2891
vt 0.6250 0.4609
vt 0.6250 0.4609
vt 0.6250 0.4609
vt 0.6250 0.3750
vt 0.6250 0.3750
vt 0.6250 0.3750
vt 0.6250 0.4609
vt 0.6250 0.4609
vt 0.6250 0.4609
vt 0.6250 0.4609
vt 0.6250 0.4609
vt 0.6250 0.4609
vt 0.6250 0.4609
vt 0.6250 0.4609
vt 0.6250 0.4609
vt 0.3750 0.6250
vt 0.3750 0.6250
vt 0.3750 0.6250
vt 0.3750 0.7109
vt 0.3750 0.7109
vt 0.3750 0.7109
vt 0.3750 0.5391
vt 0.3750 0.5391
vt 0.3750 0.5391
vt 0.3750 0.7109
vt 0.3750 0.7109
vt 0.3750 0.7109
vt 0.3750 0.6250
vt 0.3750 0.6250
vt 0.3750 0.6250
vt 0.3750 0.7109
vt 0.3750 0.7109
vt 0.3750 0.7109
vt 0.3750 0.7109
vt 0.3750 0.7109
vt 0.3750 0.7109
vt 0.3750 0.7109
vt 0.3750 0.7109
vt 0.3750 0.7109
vt 0.6250 0.3750
vt 0.6250 0.3750
vt 0.6250 0.3750
vt 0.6250 0.4609
vt 0.6250 0.4609
vt 0.6250 0.4609
vt 0.6250 0.2891
vt 0.6250 0.2891
vt 0.6250 0.2891
vt 0.6250 0.4609
vt 0.6250 0.4609
vt 0.6250 0.4609
vt 0.6250 0.3750
vt 0.6250 0.3750
vt 0.6250 0.3750
vt 0.6250 0.4609
vt 0.6250 0.4609
vt 0.6250 0.4609
vt 0.6250 0.4609
vt 0.6250 0.4609
vt 0.6250 0.4609
vt 0.6250 0.4609
vt 0.6250 0.4609
vt 0.6250 0.4609
vt 0.3750 0.6250
vt 0.3750 0.6250
vt 0.3750 0.6250
vt 0.3750 0.7109
vt 0.3750 0.7109
vt 0.3750 0.7109
vt 0.3750 0.5391
vt 0.3750 0.5391
vt 0.3750 0.5391
vt 0.3750 0.7109
vt 0.3750 0.7109
vt 0.3750 0.7109
vt 0.3750 0.6250
vt 0.3750 0.6250
vt 0.3750 0.6250
vt 0.3750 0.7109
vt 0.3750 0.7109
vt 0.3750 0.7109
vt 0.3750 0.7109
vt 0.3750 0.7109
vt 0.3750 0.7109
vt 0.3750 0.7109
vt 0.3750 0.7109
vt 0.3750 0.7109
vt 0.6250 0.3750
vt 0.6250 0.3750
vt 0.6250 0.3750
vt 0.6250 0.4609
vt 0.6250 0.4609
vt 0.6250 0.4609
vt 0.6250 0.2891
vt 0.6250 0.2891
vt 0.6250 0.2891
vt 0.6250 0.4609
vt 0.6250 0.4609
vt 0.6250 0.4609
vt 0.6250 0.3750
vt 0.6250 0.3750
vt 0.6250 0.3750
vt 0.6250 0.4609
vt 0.6250 0.4609
vt 0.6250 0.4609
vt 0.6250 0.4609
vt 0.6250 0.4609
vt 0.6250 0.4609
vt 0.6250 0.4609
vt 0.6250 0.4609
vt 0.6250 0.4609
vt 0.3750 0.6250
vt 0.3750 0.6250
vt 0.3750 0.6250
vt 0.3750 0.7109
vt 0.3750 0.7109
vt 0.3750 0.7109
vt 0.3750 0.5391
vt 0.3750 0.5391
vt 0.3750 0.5391
vt 0.3750 0.7109
vt 0.3750 0.7109
vt 0.3750 0.7109
vt 0.3750 0.6250
vt 0.3750 0.6250
vt 0.3750 0.6250
vt 0.3750 0.7109
vt 0.3750 0.7109
vt 0.3750 0.7109
vt 0.3750 0.7109
vt 0.3750 0.7109
vt 0.3750 0.7109
vt 0.3750 0.7109
vt 0.3750 0.7109
vt 0.3750 0.7109
vt 0.1250 0.7109
vt 0.1250 0.7109
vt 0.1250 0.7109
vt 0.1250 0.7109
vt 0.1250 0.7109
vt 0.1250 0.7109
vt 0.1250 0.7109
vt 0.1250 0.7109
vt 0.1250 0.7109
vt 0.1250 0.7109
vt 0.1250 0.7109
vt 0.1250 0.7109
vt 0.1250 0.7109
vt 0.1250 0.7109
vt 0.1250 0.7109
vt 0.1250 0.7109
vt 0.1250 0.7109
vt 0.1250 0.7109
vt 0.1250 0.7109
vt 0.1250 0.6250
vt 0.1250 0.6250
vt 0.1250 0.6250
vt 0.1250 0.6250
vt 0.1250 0.6250
vt 0.1250 0.6250
vt 0.1250 0.6250
vt 0.1250 0.6250
vt 0.1250 0.5391
vt 0.1250 0.5391
vt 0.1250 0.5391
vt 0.1250 0.5391
vt 0.1250 0.5391
vt 0.1250 0.5391
vt 0.1250 0.5391
vt 0.1250 0.7109
vt 0.1250 0.7109
vt 0.1250 0.7109
vt 0.1250 0.7109
vt 0.1250 0.7109
vt 0.1250 0.7109
vt 0.1250 0.7109
vt 0.1250 0.7109
vt 0.1250 0.7109
vt 0.1250 0.7109
vt 0.1250 0.7109
vt 0.1250 0.7109
vt 0.1250 0.7109
vt 0.1250 0.7109
vt 0.1250 0.7109
vt 0.1250 0.6250
vt 0.1250 0.6250
vt 0.1250 0.6250
vt 0.1250 0.6250
vt 0.1250 0.6250
vt 0.1250 0.6250
vt 0.1250 0.6250
vt 0.1250 0.6250
vt 0.1250 0.5391
vt 0.1250 0.5391
vt 0.1250 0.5391
vt 0.1250 0.5391
vt 0.1250 0.5391
vt 0.1250 0.5391
vt 0.1250 0.5391
vt 0.1250 0.5391
vt 0.1250 0.5391
vt 0.1250 0.5391
vt 0.1250 0.5391
vt 0.1250 0.7109
vt 0.1250 0.7109
vt 0.1250 0.7109
vt 0.1250 0.7109
vt 0.1250 0.7109
vt 0.1250 0.7109
vt 0.1250 0.7109
vt 0.1250 0.7109
vt 0.1250 0.7109
vt 0.1250 0.7109
vt 0.1250 0.7109
vt 0.1250 0.6250
vt 0.1250 0.6250
vt 0.1250 0.6250
vt 0.1250 0.6250
vt 0.1250 0.6250
vt 0.1250 0.6250
vt 0.1250 0.6250
vt 0.1250 0.6250
vt 0.1250 0.5391
vt 0.1250 0.5391
vt 0.1250 0.5391
vt 0.1250 0.5391
vt 0.1250 0.5391
vt 0.1250 0.5391
vt 0.1250 0.5391
vt 0.1250 0.5391
vt 0.1250 0.5391
vt 0.1250 0.5391
vt 0.1250 0.5391
vt 0.1250 0.5391
vt 0.1250 0.5391
vt 0.1250 0.5391
vt 0.1250 0.5391
vt 0.1250 0.7109
vt 0.1250 0.7109
vt 0.1250 0.7109
vt 0.1250 0.7109
vt 0.1250 0.7109
vt 0.1250 0.7109
vt 0.1250 0.7109
vt 0.1250 0.7109
vt 0.1250 0.7109
vt 0.1250 0.7109
vt 0.1250 0.7109
vt 0.1250 0.6250
vt 0.1250 0.6250
vt 0.1250 0.6250
vt 0.1250 0.6250
vt 0.1250 0.5391
vt 0.1250 0.5391
vt 0.1250 0.5391
vt 0.1250 0.5391
vt 0.1250 0.5391
vt 0.1250 0.5391
vt 0.1250 0.5391
vt 0.1250 0.5391
vt 0.1250 0.5391
vt 0.1250 0.5391
vt 0.1250 0.5391
vt 0.1250 0.5391
vt 0.1250 0.5391
vt 0.1250 0.5391
vt 0.1250 0.5391
vt 0.1250 0.5391
vt 0.1250 0.5391
vt 0.1250 0.5391
vt 0.1250 0.5391
vt 0.1250 0.7109
vt 0.1250 0.7109
vt 0.1250 0.7109
vt 0.1250 0.7109
vt 0.1250 0.7109
vt 0.1250 0.7109
vt 0.1250 0.7109
vt 0.1250 0.6250
vt 0.1250 0.6250
vt 0.1250 0.6250
vt 0.1250 0.6250
vt 0.1250 0.6250
vt 0.1250 0.6250
vt 0.1250 0.6250
vt 0.1250 0.6250
vt 0.1250 0.5391
vt 0.1250 0.5391
vt 0.1250 0.5391
vt 0.1250 0.5391
vt 0.1250 0.5391
vt 0.1250 0.5391
vt 0.1250 0.5391
vt 0.1250 0.5391
vt 0.1250 0.5391
vt 0.1250 0.5391
vt 0.1250 0.5391
vt 0.1250 0.5391
vt 0.1250 0.5391
vt 0.1250 0.5391
vt 0.1250 0.5391
vt 0.1250 0.5391
vt 0.1250 0.5391
vt 0.1250 0.5391
vt 0.1250 0.5391
vt 0.1250 0.7109
vt 0.1250 0.7109
vt 0.1250 0.7109
vt 0.1250 0.7109
vt 0.1250 0.7109
vt 0.1250 0.7109
vt 0.1250 0.7109
vt 0.1250 0.6250
vt 0.1250 0.6250
vt 0.1250 0.6250
vt 0.1250 0.6250
vt 0.1250 0.6250
vt 0.1250 0.6250
vt 0.1250 0.6250
vt 0.1250 0.6250
vt 0.1250 0.5391
vt 0.1250 0.5391
vt 0.1250 0.5391
vt 0.1250 0.5391
vt 0.1250 0.5391
vt 0.1250 0.5391
vt 0.1250 0.5391
vt 0.1250 0.5391
vt 0.1250 0.5391
vt 0.1250 0.5391
vt 0.1250 0.5391
vt 0.1250 0.5391
vt 0.1250 0.5391
vt 0.1250 0.5391
vt 0.1250 0.5391
vt 0.1250 0.5391
vt 0.1250 0.5391
vt 0.1250 0.5391
vt 0.1250 0.5391
vt 0.1250 0.7109
vt 0.1250 0.7109
vt 0.1250 0.7109
vt 0.1250 0.7109
vt 0.1250 0.7109
vt 0.1250 0.7109
vt 0.1250 0.7109
vt 0.1250 0.7109
vt 0.1250 0.7109
vt 0.1250 0.7109
vt 0.1250 0.7109
vt 0.1250 0.6250
vt 0.1250 0.6250
vt 0.1250 0.6250
vt 0.1250 0.6250
vt 0.1250 0.6250
vt 0.1250 0.6250
vt 0.1250 0.6250
vt 0.1250 0.6250
vt 0.1250 0.5391
vt 0.1250 0.5391
vt 0.1250 0.5391
vt 0.1250 0.5391
vt 0.1250 0.5391
vt 0.1250 0.5391
vt 0.1250 0.5391
vt 0.1250 0.5391
vt 0.1250 0.5391
vt 0.1250 0.5391
vt 0.1250 0.5391
vt 0.1250 0.5391
vt 0.1250 0.5391
vt 0.1250 0.5391
vt 0.1250 0.5391
vt 0.1250 0.7109
vt 0.1250 0.7109
vt 0.1250 0.7109
vt 0.1250 0.7109
vt 0.1250 0.7109
vt 0.1250 0.7109
vt 0.1250 0.7109
vt 0.1250 0.7109
vt 0.1250 0.7109
vt 0.1250 0.7109
vt 0.1250 0.7109
vt 0.1250 0.6250
vt 0.1250 0.6250
vt 0.1250 0.6250
vt 0.1250 0.6250
vt 0.1250 0.6250
vt 0.1250 0.6250
vt 0.1250 0.6250
vt 0.1250 0.6250
vt 0.1250 0.5391
vt 0.1250 0.5391
vt 0.1250 0.5391
vt 0.1250 0.5391
vt 0.1250 0.5391
vt 0.1250 0.5391
vt 0.1250 0.5391
vt 0.1250 0.5391
vt 0.1250 0.5391
vt 0.1250 0.5391
vt 0.1250 0.5391
vt 0.1250 0.5391
vt 0.1250 0.5391
vt 0.1250 0.5391
vt 0.1250 0.5391
vt 0.1250 0.7109
vt 0.1250 0.7109
vt 0.1250 0.7109
vt 0.1250 0.7109
vt 0.1250 0.7109
vt 0.1250 0.7109
vt 0.1250 0.7109
vt 0.1250 0.7109
vt 0.1250 0.7109
vt 0.1250 0.7109
vt 0.1250 0.7109
vt 0.1250 0.7109
vt 0.1250 0.7109
vt 0.1250 0.7109
vt 0.1250 0.7109
vt 0.1250 0.6250
vt 0.1250 0.6250
vt 0.1250 0.6250
vt 0.1250 0.6250
vt 0.1250 0.6250
vt 0.1250 0.6250
vt 0.1250 0.6250
vt 0.1250 0.6250
vt 0.1250 0.5391
vt 0.1250 0.5391
vt 0.1250 0.5391
vt 0.1250 0.5391
vt 0.1250 0.5391
vt 0.1250 0.5391
vt 0.1250 0.5391
vt 0.1250 0.5391
vt 0.1250 0.5391
vt 0.1250 0.5391
vt 0.1250 0.5391
vt 0.1250 0.7109
vt 0.1250 0.7109
vt 0.1250 0.7109
vt 0.1250 0.7109
vt 0.1250 0.7109
vt 0.1250 0.7109
vt 0.1250 0.7109
vt 0.1250 0.7109
vt 0.1250 0.7109
vt 0.1250 0.7109
vt 0.1250 0.7109
vt 0.1250 0.7109
vt 0.1250 0.7109
vt 0.1250 0.7109
vt 0.1250 0.7109
vt 0.1250 0.7109
vt 0.1250 0.7109
vt 0.1250 0.7109
vt 0.1250 0.7109
vt 0.1250 0.6250
vt 0.1250 0.6250
vt 0.1250 0.6250
vt 0.1250 0.6250
vt 0.1250 0.6250
vt 0.1250 0.6250
vt 0.1250 0.6250
vt 0.1250 0.6250
vt 0.1250 0.5391
vt 0.1250 0.5391
vt 0.1250 0.5391
vt 0.1250 0.5391
vt 0.1250 0.5391
vt 0.1250 0.5391
vt 0.1250 0.5391
vt 0.1250 0.7109
vt 0.1250 0.7109
vt 0.1250 0.7109
vt 0.1250 0.7109
vt 0.1250 0.7109
vt 0.1250 0.7109
vt 0.1250 0.7109
vt 0.1250 0.7109
vt 0.1250 0.7109
vt 0.1250 0.7109
vt 0.1250 0.7109
vt 0.1250 0.7109
vt 0.1250 0.7109
vt 0.1250 0.7109
vt 0.1250 0.7109
vt 0.1250 0.7109
vt 0.1250 0.7109
vt 0.1250 0.7109
vt 0.1250 0.7109
vt 0.1250 0.7109
vt 0.1250 0.7109
vt 0.1250 0.7109
vt 0.1250 0.7109
vt 0.1250 0.6250
vt 0.1250 0.6250
vt 0.1250 0.6250
vt 0.1250 0.6250
vt 0.1250 0.6250
vt 0.1250 0.6250
vt 0.1250 0.6250
vt 0.1250 0.6250
vt 0.1250 0.5391
vt 0.1250 0.5391
vt 0.1250 0.5391
vt 0.1250 0.7109
vt 0.1250 0.7109
vt 0.1250 0.7109
vt 0.1250 0.7109
vt 0.1250 0.7109
vt 0.1250 0.7109
vt 0.1250 0.7109
vt 0.1250 0.7109
vt 0.1250 0.7109
vt 0.1250 0.7109
vt 0.1250 0.7109
vt 0.1250 0.7109
vt 0.1250 0.7109
vt 0.1250 0.7109
vt 0.1250 0.7109
vt 0.1250 0.7109
vt 0.1250 0.7109
vt 0.1250 0.7109
vt 0.1250 0.7109
vt 0.1250 0.7109
vt 0.1250 0.7109
vt 0.1250 0.7109
vt 0.1250 0.7109
vt 0.1250 0.6250
vt 0.1250 0.6250
vt 0.1250 0.6250
vt 0.1250 0.6250
vt 0.1250 0.6250
vt 0.1250 0.6250
vt 0.1250 0.6250
vt 0.1250 0.6250
vt 0.1250 0.5391
vt 0.1250 0.5391
vt 0.1250 0.5391
vt 0.1250 0.7109
vt 0.1250 0.7109
vt 0.1250 0.7109
vt 0.1250 0.7109
vt 0.1250 0.7109
vt 0.1250 0.7109
vt 0.1250 0.7109
vt 0.1250 0.7109
vt 0.1250 0.7109
vt 0.1250 0.7109
vt 0.1250 0.7109
vt 0.1250 0.7109
vt 0.1250 0.7109
vt 0.1250 0.7109
vt 0.1250 0.7109
vt 0.1250 0.7109
vt 0.1250 0.7109
vt 0.1250 0.7109
vt 0.1250 0.7109
vt 0.1250 0.7109
vt 0.1250 0.7109
vt 0.1250 0.7109
vt 0.1250 0.7109
vt 0.1250 0.6250
vt 0.1250 0.6250
vt 0.1250 0.6250
vt 0.1250 0.6250
vt 0.1250 0.6250
vt 0.1250 0.6250
vt 0.1250 0.6250
vt 0.1250 0.6250
vt 0.1250 0.5391
vt 0.1250 0.5391
vt 0.1250 0.5391
vt 0.1250 0.7109
vt 0.1250 0.7109
vt 0.1250 0.7109
vt 0.1250 0.7109
vt 0.1250 0.7109
vt 0.1250 0.7109
vt 0.1250 0.7109
vt 0.1250 0.7109
vt 0.1250 0.7109
vt 0.1250 0.7109
vt 0.1250 0.7109
vt 0.1250 0.7109
vt 0.1250 0.7109
vt 0.1250 0.7109
vt 0.1250 0.7109
vt 0.1250 0.7109
vt 0.1250 0.7109
vt 0.1250 0.7109
vt 0.1250 0.7109
vt 0.1250 0.7109
vt 0.1250 0.7109
vt 0.1250 0.7109
vt 0.1250 0.7109
vt 0.1250 0.6250
vt 0.1250 0.6250
vt 0.1250 0.6250
vt 0.1250 0.6250
vt 0.1250 0.5391
vt 0.1250 0.5391
vt 0.1250 0.5391
vt 0.1250 0.5391
vt 0.1250 0.5391
vt 0.1250 0.5391
vt 0.1250 0.5391
vt 0.3750 0.5391
vt 0.3750 0.5391
vt 0.3750 0.5391
vt 0.3750 0.5391
vt 0.3750 0.6250
vt 0.3750 0.6250
vt 0.3750 0.6250
vt 0.3750 0.6250
vt 0.3750 0.7109
vt 0.3750 0.7109
vt 0.3750 0.7109
vt 0.3750 0.7109
vt 0.3750 0.7109
vt 0.3750 0.7109
vt 0.3750 0.7109
vt 0.3750 0.7109
vt 0.3750 0.5391
vt 0.3750 0.5391
vt 0.3750 0.5391
vt 0.3750 0.5391
vt 0.3750 0.5391
vt 0.3750 0.5391
vt 0.3750 0.5391
vt 0.3750 0.5391
vt 0.3750 0.6250
vt 0.3750 0.6250
vt 0.3750 0.6250
vt 0.3750 0.6250
vt 0.3750 0.7109
vt 0.3750 0.7109
vt 0.3750 0.7109
vt 0.3750 0.7109
vt 0.3750 0.7109
vt 0.3750 0.7109
vt 0.3750 0.7109
vt 0.3750 0.7109
vt 0.3750 0.5391
vt 0.3750 0.5391
vt 0.3750 0.5391
vt 0.3750 0.5391
vt 0.3750 0.5391
vt 0.3750 0.5391
vt 0.3750 0.5391
vt 0.3750 0.5391
vt 0.3750 0.6250
vt 0.3750 0.6250
vt 0.3750 0.6250
vt 0.3750 0.6250
vt 0.3750 0.7109
vt 0.3750 0.7109
vt 0.3750 0.7109
vt 0.3750 0.7109
vt 0.3750 0.7109
vt 0.3750 0.7109
vt 0.3750 0.7109
vt 0.3750 0.7109
vt 0.3750 0.5391
vt 0.3750 0.5391
vt 0.3750 0.5391
vt 0.3750 0.5391
vt 0.3750 0.5391
vt 0.3750 0.5391
vt 0.3750 0.5391
vt 0.3750 0.5391
vt 0.3750 0.7109
vt 0.3750 0.7109
vt 0.3750 0.7109
vt 0.3750 0.7109
vt 0.3750 0.7109
vt 0.3750 0.7109
vt 0.3750 0.7109
vt 0.3750 0.7109
vt 0.3750 0.7109
vt 0.3750 0.7109
vt 0.3750 0.7109
vt 0.3750 0.7109
vt 0.3750 0.5391
vt 0.3750 0.5391
vt 0.3750 0.5391
vt 0.3750 0.5391
vt 0.3750 0.5391
vt 0.3750 0.5391
vt 0.3750 0.5391
vt 0.3750 0.5391
vt 0.3750 0.7109
vt 0.3750 0.7109
vt 0.3750 0.7109
vt 0.3750 0.7109
vt 0.3750 0.7109
vt 0.3750 0.7109
vt 0.3750 0.7109
vt 0.3750 0.7109
vt 0.3750 0.7109
vt 0.3750 0.7109
vt 0.3750 0.7109
vt 0.3750 0.7109
vt 0.3750 0.5391
vt 0.3750 0.5391
vt 0.3750 0.5391
vt 0.3750 0.5391
vt 0.3750 0.5391
vt 0.3750 0.5391
vt 0.3750 0.5391
vt 0.3750 0.5391
vt 0.3750 0.7109
vt 0.3750 0.7109
vt 0.3750 0.7109
vt 0.3750 0.7109
vt 0.3750 0.7109
vt 0.3750 0.7109
vt 0.3750 0.7109
vt 0.3750 0.7109
vt 0.3750 0.7109
vt 0.3750 0.7109
vt 0.3750 0.7109
vt 0.3750 0.7109
vt 0.3750 0.5391
vt 0.3750 0.5391
vt 0.3750 0.5391
vt 0.3750 0.5391
vt 0.3750 0.5391
vt 0.3750 0.5391
vt 0.3750 0.5391
vt 0.3750 0.5391
vt 0.3750 0.7109
vt 0.3750 0.7109
vt 0.3750 0.7109
vt 0.3750 0.7109
vt 0.3750 0.7109
vt 0.3750 0.7109
vt 0.3750 0.7109
vt 0.3750 0.7109
vt 0.3750 0.7109
vt 0.3750 0.7109
vt 0.3750 0.7109
vt 0.3750 0.7109
vt 0.3750 0.5391
vt 0.3750 0.5391
vt 0.3750 0.5391
vt 0.3750 0.5391
vt 0.3750 0.5391
vt 0.3750 0.5391
vt 0.3750 0.5391
vt 0.3750 0.5391
vt 0.3750 0.7109
vt 0.3750 0.7109
vt 0.3750 0.7109
vt 0.3750 0.7109
vt 0.3750 0.7109
vt 0.3750 0.7109
vt 0.3750 0.7109
vt 0.3750 0.7109
vt 0.3750 0.7109
vt 0.3750 0.7109
vt 0.3750 0.7109
vt 0.3750 0.7109
vt 0.3750 0.5391
vt 0.3750 0.5391
vt 0.3750 0.5391
vt 0.3750 0.5391
vt 0.3750 0.5391
vt 0.3750 0.5391
vt 0.3750 0.5391
vt 0.3750 0.5391
vt 0.3750 0.7109
vt 0.3750 0.7109
vt 0.3750 0.7109
vt 0.3750 0.7109
vt 0.3750 0.7109
vt 0.3750 0.7109
vt 0.3750 0.7109
vt 0.3750 0.7109
vt 0.3750 0.6250
vt 0.3750 0.6250
vt 0.3750 0.6250
vt 0.3750 0.6250
vt 0.3750 0.5391
vt 0.3750 0.5391
vt 0.3750 0.5391
vt 0.3750 0.5391
vt 0.3750 0.5391
vt 0.3750 0.5391
vt 0.3750 0.5391
vt 0.3750 0.5391
vt 0.3750 0.7109
vt 0.3750 0.7109
vt 0.3750 0.7109
vt 0.3750 0.7109
vt 0.3750 0.7109
vt 0.3750 0.7109
vt 0.3750 0.7109
vt 0.3750 0.7109
vt 0.3750 0.6250
vt 0.3750 0.6250
vt 0.3750 0.6250
vt 0.3750 0.6250
vt 0.3750 0.5391
vt 0.3750 0.5391
vt 0.3750 0.5391
vt 0.3750 0.5391
vt 0.3750 0.5391
vt 0.3750 0.5391
vt 0.3750 0.5391
vt 0.3750 0.5391
vt 0.3750 0.7109
vt 0.3750 0.7109
vt 0.3750 0.7109
vt 0.3750 0.7109
vt 0.3750 0.7109
vt 0.3750 0.7109
vt 0.3750 0.7109
vt 0.3750 0.7109
vt 0.3750 0.6250
vt 0.3750 0.6250
vt 0.3750 0.6250
vt 0.3750 0.6250
vt 0.3750 0.5391
vt 0.3750 0.5391
vt 0.3750 0.5391
vt 0.3750 0.5391
vt 0.3750 0.5391
vt 0.3750 0.5391
vt 0.3750 0.5391
vt 0.3750 0.5391
vt 0.3750 0.7109
vt 0.3750 0.7109
vt 0.3750 0.7109
vt 0.3750 0.7109
vt 0.3750 0.7109
vt 0.3750 0.7109
vt 0.3750 0.7109
vt 0.3750 0.7109
vt 0.3750 0.6250
vt 0.3750 0.6250
vt 0.3750 0.6250
vt 0.3750 0.6250
vt 0.3750 0.5391
vt 0.3750 0.5391
vt 0.3750 0.5391
vt 0.3750 0.5391
vt 0.3750 0.5391
vt 0.3750 0.5391
vt 0.3750 0.5391
vt 0.3750 0.5391
vt 0.3750 0.7109
vt 0.3750 0.7109
vt 0.3750 0.7109
vt 0.3750 0.7109
vt 0.3750 0.7109
vt 0.3750 0.7109
vt 0.3750 0.7109
vt 0.3750 0.7109
vt 0.3750 0.6250
vt 0.3750 0.6250
vt 0.3750 0.6250
vt 0.3750 0.6250
vt 0.3750 0.5391
vt 0.3750 0.5391
vt 0.3750 0.5391
vt 0.3750 0.5391
vt 0.3750 0.5391
vt 0.3750 0.5391
vt 0.3750 0.5391
vt 0.3750 0.5391
vt 0.3750 0.7109
vt 0.3750 0.7109
vt 0.3750 0.7109
vt 0.3750 0.7109
vt 0.3750 0.7109
vt 0.3750 0.7109
vt 0.3750 0.7109
vt 0.3750 0.7109
vt 0.3750 0.6250
vt 0.3750 0.6250
vt 0.3750 0.6250
vt 0.3750 0.6250
vt 0.3750 0.5391
vt 0.3750 0.5391
vt 0.3750 0.5391
vt 0.3750 0.5391
vt 0.3750 0.5391
vt 0.3750 0.5391
vt 0.3750 0.5391
vt 0.3750 0.5391
vt 0.3750 0.7109
vt 0.3750 0.7109
vt 0.3750 0.7109
vt 0.3750 0.7109
vt 0.3750 0.7109
vt 0.3750 0.7109
vt 0.3750 0.7109
vt 0.3750 0.7109
vt 0.3750 0.6250
vt 0.3750 0.6250
vt 0.3750 0.6250
vt 0.3750 0.6250
vt 0.3750 0.5391
vt 0.3750 0.5391
vt 0.3750 0.5391
vt 0.3750 0.5391
vt 0.3750 0.5391
vt 0.3750 0.5391
vt 0.3750 0.5391
vt 0.3750 0.5391
vt 0.3750 0.7109
vt 0.3750 0.7109
vt 0.3750 0.7109
vt 0.3750 0.7109
vt 0.3750 0.7109
vt 0.3750 0.7109
vt 0.3750 0.7109
vt 0.3750 0.7109
vt 0.3750 0.6250
vt 0.3750 0.6250
vt 0.3750 0.6250
vt 0.3750 0.6250
vt 0.3750 0.5391
vt 0.3750 0.5391
vt 0.3750 0.5391
vt 0.3750 0.5391
vt 0.3750 0.5391
vt 0.3750 0.5391
vt 0.3750 0.5391
vt 0.3750 0.5391
vt 0.3750 0.7109
vt 0.3750 0.7109
vt 0.3750 0.7109
vt 0.3750 0.7109
vt 0.3750 0.7109
vt 0.3750 0.7109
vt 0.3750 0.7109
vt 0.3750 0.7109
vt 0.3750 0.6250
vt 0.3750 0.6250
vt 0.3750 0.6250
vt 0.3750 0.6250
vt 0.3750 0.5391
vt 0.3750 0.5391
vt 0.3750 0.5391
vt 0.3750 0.5391
vt 0.3750 0.5391
vt 0.3750 0.5391
vt 0.3750 0.5391
vt 0.3750 0.5391
vt 0.3750 0.7109
vt 0.3750 0.7109
vt 0.3750 0.7109
vt 0.3750 0.7109
vt 0.3750 0.7109
vt 0.3750 0.7109
vt 0.3750 0.7109
vt 0.3750 0.7109
vt 0.3750 0.7109
vt 0.3750 0.7109
vt 0.3750 0.7109
vt 0.3750 0.7109
vt 0.3750 0.5391
vt 0.3750 0.5391
vt 0.3750 0.5391
vt 0.3750 0.5391
vt 0.3750 0.5391
vt 0.3750 0.5391
vt 0.3750 0.5391
vt 0.3750 0.5391
vt 0.3750 0.7109
vt 0.3750 0.7109
vt 0.3750 0.7109
vt 0.3750 0.7109
vt 0.3750 0.7109
vt 0.3750 0.7109
vt 0.3750 0.7109
vt 0.3750 0.7109
vt 0.3750 0.7109
vt 0.3750 0.7109
vt 0.3750 0.7109
vt 0.3750 0.7109
vt 0.3750 0.5391
vt 0.3750 0.5391
vt 0.3750 0.5391
vt 0.3750 0.5391
vt 0.3750 0.5391
vt 0.3750 0.5391
vt 0.3750 0.5391
vt 0.3750 0.5391
vt 0.3750 0.7109
vt 0.3750 0.7109
vt 0.3750 0.7109
vt 0.3750 0.7109
vt 0.3750 0.7109
vt 0.3750 0.7109
vt 0.3750 0.7109
vt 0.3750 0.7109
vt 0.3750 0.7109
vt 0.3750 0.7109
vt 0.3750 0.7109
vt 0.3750 0.7109
vt 0.3750 0.5391
vt 0.3750 0.5391
vt 0.3750 0.5391
vt 0.3750 0.5391
vt 0.3750 0.5391
vt 0.3750 0.5391
vt 0.3750 0.5391
vt 0.3750 0.5391
vt 0.3750 0.7109
vt 0.3750 0.7109
vt 0.3750 0.7109
vt 0.3750 0.7109
vt 0.3750 0.7109
vt 0.3750 0.7109
vt 0.3750 0.7109
vt 0.3750 0.7109
vt 0.3750 0.7109
vt 0.3750 0.7109
vt 0.3750 0.7109
vt 0.3750 0.7109
vt 0.3750 0.5391
vt 0.3750 0.5391
vt 0.3750 0.5391
vt 0.3750 0.5391
vt 0.3750 0.5391
vt 0.3750 0.5391
vt 0.3750 0.5391
vt 0.3750 0.5391
vt 0.3750 0.7109
vt 0.3750 0.7109
vt 0.3750 0.7109
vt 0.3750 0.7109
vt 0.3750 0.7109
vt 0.3750 0.7109
vt 0.3750 0.7109
vt 0.3750 0.7109
vt 0.3750 0.7109
vt 0.3750 0.7109
vt 0.3750 0.7109
vt 0.3750 0.7109
vt 0.3750 0.5391
vt 0.3750 0.5391
vt 0.3750 0.5391
vt 0.3750 0.5391
vt 0.3750 0.5391
vt 0.3750 0.5391
vt 0.3750 0.5391
vt 0.3750 0.5391
vt 0.3750 0.6250
vt 0.3750 0.6250
vt 0.3750 0.6250
vt 0.3750 0.6250
vt 0.3750 0.7109
vt 0.3750 0.7109
vt 0.3750 0.7109
vt 0.3750 0.7109
vt 0.3750 0.7109
vt 0.3750 0.7109
vt 0.3750 0.7109
vt 0.3750 0.7109
vt 0.3750 0.5391
vt 0.3750 0.5391
vt 0.3750 0.5391
vt 0.3750 0.5391
vt 0.3750 0.5391
vt 0.3750 0.5391
vt 0.3750 0.5391
vt 0.3750 0.5391
vt 0.3750 0.6250
vt 0.3750 0.6250
vt 0.3750 0.6250
vt 0.3750 0.6250
vt 0.3750 0.7109
vt 0.3750 0.7109
vt 0.3750 0.7109
vt 0.3750 0.7109
vt 0.3750 0.7109
vt 0.3750 0.7109
vt 0.3750 0.7109
vt 0.3750 0.7109
vt 0.3750 0.5391
vt 0.3750 0.5391
vt 0.3750 0.5391
vt 0.3750 0.5391
vt 0.3750 0.5391
vt 0.3750 0.5391
vt 0.3750 0.5391
vt 0.3750 0.5391
vt 0.3750 0.6250
vt 0.3750 0.6250
vt 0.3750 0.6250
vt 0.3750 0.6250
vt 0.3750 0.7109
vt 0.3750 0.7109
vt 0.3750 0.7109
vt 0.3750 0.7109
vt 0.3750 0.7109
vt 0.3750 0.7109
vt 0.3750 0.7109
vt 0.3750 0.7109
vt 0.3750 0.5391
vt 0.3750 0.5391
vt 0.3750 0.5391
vt 0.3750 0.5391
vt 0.3750 0.5391
vt 0.3750 0.5391
vt 0.3750 0.5391
vt 0.3750 0.5391
vt 0.3750 0.6250
vt 0.3750 0.6250
vt 0.3750 0.6250
vt 0.3750 0.6250
vt 0.3750 0.7109
vt 0.3750 0.7109
vt 0.3750 0.7109
vt 0.3750 0.7109
vt 0.3750 0.7109
vt 0.3750 0.7109
vt 0.3750 0.7109
vt 0.3750 0.7109
vt 0.3750 0.5391
vt 0.3750 0.5391
vt 0.3750 0.5391
vt 0.3750 0.5391
vt 0.3750 0.5391
vt 0.3750 0.5391
vt 0.3750 0.5391
vt 0.3750 0.5391
vt 0.3750 0.6250
vt 0.3750 0.6250
vt 0.3750 0.6250
vt 0.3750 0.6250
vt 0.3750 0.7109
vt 0.3750 0.7109
vt 0.3750 0.7109
vt 0.3750 0.7109
vt 0.3750 0.7109
vt 0.3750 0.7109
vt 0.3750 0.7109
vt 0.3750 0.7109
vt 0.3750 0.5391
vt 0.3750 0.5391
vt 0.3750 0.5391
vt 0.3750 0.5391
vt 0.3750 0.5391
vt 0.3750 0.5391
vt 0.3750 0.5391
vt 0.3750 0.5391
vt 0.3750 0.6250
vt 0.3750 0.6250
vt 0.3750 0.6250
vt 0.3750 0.6250
vt 0.3750 0.7109
vt 0.3750 0.7109
vt 0.3750 0.7109
vt 0.3750 0.7109
vt 0.3750 0.7109
vt 0.3750 0.7109
vt 0.3750 0.7109
vt 0.3750 0.7109
vt 0.3750 0.5391
vt 0.3750 0.5391
vt 0.3750 0.5391
vt 0.3750 0.5391
vn 0.0000 -1.0000 0.0000
vn 0.0000 -1.0000 0.0000
vn 0.0000 -1.0000 0.0000
vn 0.9655 -0.2425 0.0951
vn 0.9655 -0.2425 0.0951
vn 0.9655 -0.2425 0.0951
vn 0.9655 -0.2425 0.0951
vn 0.7961 0.6000 0.0784
vn 0.7961 0.6000 0.0784
vn 0.7961 0.6000 0.0784
vn 0.7961 0.6000 0.0784
vn 0.0000 1.0000 0.0000
vn 0.0000 1.0000 0.0000
vn 0.0000 1.0000 0.0000
vn 0.0000 -1.0000 0.0000
vn 0.0000 -1.0000 0.0000
vn 0.0000 -1.0000 0.0000
vn 0.9284 -0.2425 0.2816
vn 0.9284 -0.2425 0.2816
vn 0.9284 -0.2425 0.2816
vn 0.9284 -0.2425 0.2816
vn 0.7656 0.6000 0.2322
vn 0.7656 0.6000 0.2322
vn 0.7656 0.6000 0.2322
vn 0.7656 0.6000 0.2322
vn 0.0000 1.0000 0.0000
vn 0.0000 1.0000 0.0000
vn 0.0000 1.0000 0.0000
vn 0.0000 -1.0000 0.0000
vn 0.0000 -1.0000 0.0000
vn 0.0000 -1.0000 0.0000
vn 0.8556 -0.2425 0.4573
vn 0.8556 -0.2425 0.4573
vn 0.8556 -0.2425 0.4573
vn 0.8556 -0.2425 0.4573
vn 0.7055 0.6000 0.3771
vn 0.7055 0.6000 0.3771
vn 0.7055 0.6000 0.3771
vn 0.7055 0.6000 0.3771
vn 0.0000 1.0000 0.0000
vn 0.0000 1.0000 0.0000
vn 0.0000 1.0000 0.0000
vn 0.0000 -1.0000 0.0000
vn 0.0000 -1.0000 0.0000
vn 0.0000 -1.0000 0.0000
vn 0.7499 -0.2425 0.6155
vn 0.7499 -0.2425 0.6155
vn 0.7499 -0.2425 0.6155
vn 0.7499 -0.2425 0.6155
vn 0.6184 0.6000 0.5075
vn 0.6184 0.6000 0.5075
vn 0.6184 0.6000 0.5075
vn 0.6184 0.6000 0.5075
vn 0.0000 1.0000 0.0000
vn 0.0000 1.0000 0.0000
vn 0.0000 1.0000 0.0000
vn 0.0000 -1.0000 0.0000
vn 0.0000 -1.0000 0.0000
vn 0.0000 -1.0000 0.0000
vn 0.6155 -0.2425 0.7499
vn 0.6155 -0.2425 0.7499
vn 0.6155 -0.2425 0.7499
vn 0.6155 -0.2425 0.7499
vn 0.5075 0.6000 0.6184
vn 0.5075 0.6000 0.6184
vn 0.5075 0.6000 0.6184
vn 0.5075 0.6000 0.6184
vn 0.0000 1.0000 0.0000
vn 0.0000 1.0000 0.0000
vn 0.0000 1.0000 0.0000
vn 0.0000 -1.0000 0.0000
vn 0.0000 -1.0000 0.0000
vn 0.0000 -1.0000 0.0000
vn 0.4573 -0.2425 0.8556
vn 0.4573 -0.2425 0.8556
vn 0.4573 -0.2425 0.8556
vn 0.4573 -0.2425 0.8556
vn 0.3771 0.6000 0.7055
vn 0.3771 0.6000 0.7055
vn 0.3771 0.6000 0.7055
vn 0.3771 0.6000 0.7055
vn 0.0000 1.0000 0.0000
vn 0.0000 1.0000 0.0000
vn 0.0000 1.0000 0.0000
vn 0.0000 -1.0000 0.0000
vn 0.0000 -1.0000 0.0000
vn 0.0000 -1.0000 0.0000
vn 0.2816 -0.2425 0.9284
vn 0.2816 -0.2425 0.9284
vn 0.2816 -0.2425 0.9284
vn 0.2816 -0.2425 0.9284
vn 0.2322 0.6000 0.7656
vn 0.2322 0.6000 0.7656
vn 0.2322 0.6000 0.7656
vn 0.2322 0.6000 0.7656
vn 0.0000 1.0000 0.0000
vn 0.0000 1.0000 0.0000
vn 0.0000 1.0000 0.0000
vn 0.0000 -1.0000 0.0000
vn 0.0000 -1.0000 0.0000
vn 0.0000 -1.0000 0.0000
vn 0.0951 -0.2425 0.9655
vn 0.0951 -0.2425 0.9655
vn 0.0951 -0.2425 0.9655
vn 0.0951 -0.2425 0.9655
vn 0.0784 0.6000 0.7961
vn 0.0784 0.6000 0.7961
vn 0.0784 0.6000 0.7961
vn 0.0784 0.6000 0.7961
vn 0.0000 1.0000 0.0000
vn 0.0000 1.0000 0.0000
vn 0.0000 1.0000 0.0000
vn 0.0000 -1.0000 0.0000
vn 0.0000 -1.0000 0.0000
vn 0.0000 -1.0000 0.0000
vn -0.0951 -0.2425 0.9655
vn -0.0951 -0.2425 0.9655
vn -0.0951 -0.2425 0.9655
vn -0.0951 -0.2425 0.9655
vn -0.0784 0.6000 0.7961
vn -0.0784 0.6000 0.7961
vn -0.0784 0.6000 0.7961
vn -0.0784 0.6000 0.7961
vn 0.0000 1.0000 0.0000
vn 0.0000 1.0000 0.0000
vn 0.0000 1.0000 0.0000
vn 0.0000 -1.0000 0.0000
vn 0.0000 -1.0000 0.0000
vn 0.0000 -1.0000 0.0000
vn -0.2816 -0.2425 0.9284
vn -0.2816 -0.2425 0.9284
vn -0.2816 -0.2425 0.9284
vn -0.2816 -0.2425 0.9284
vn -0.2322 0.6000 0.7656
vn -0.2322 0.6000 0.7656
vn -0.2322 0.6000 0.7656
vn -0.2322 0.6000 0.7656
vn 0.0000 1.0000 0.0000
vn 0.0000 1.0000 0.0000
vn 0.0000 1.0000 0.0000
vn 0.0000 -1.0000 0.0000
vn 0.0000 -1.0000 0.0000
vn 0.0000 -1.0000 0.0000
vn -0.4573 -0.2425 0.8556
vn -0.4573 -0.2425 0.8556
vn -0.4573 -0.2425 0.8556
vn -0.4573 -0.2425 0.8556
vn -0.3771 0.6000 0.7055
vn -0.3771 0.6000 0.7055
vn -0.3771 0.6000 0.7055
vn -0.3771 0.6000 0.7055
vn 0.0000 1.0000 0.0000
vn 0.0000 1.0000 0.0000
vn 0.0000 1.0000 0.0000
vn 0.0000 -1.0000 0.0000
vn 0.0000 -1.0000 0.0000
vn 0.0000 -1.0000 0.0000
vn -0.6155 -0.2425 0.7499
vn -0.6155 -0.2425 0.7499
vn -0.6155 -0.2425 0.7499
vn -0.6155 -0.2425 0.7499
vn -0.5075 0.6000 0.6184
vn -0.5075 0.6000 0.6184
vn -0.5075 0.6000 0.6184
vn -0.5075 0.6000 0.6184
vn 0.0000 1.0000 0.0000
vn 0.0000 1.0000 0.0000
vn 0.0000 1.0000 0.0000
vn 0.0000 -1.0000 0.0000
vn 0.0000 -1.0000 0.0000
vn 0.0000 -1.0000 0.0000
vn -0.7499 -0.2425 0.6155
vn -0.7499 -0.2425 0.6155
vn -0.7499 -0.2425 0.6155
vn -0.7499 -0.2425 0.6155
vn -0.6184 0.6000 0.5075
vn -0.6184 0.6000 0.5075
vn -0.6184 0.6000 0.5075
vn -0.6184 0.6000 0.5075
vn 0.0000 1.0000 0.0000
vn 0.0000 1.0000 0.0000
vn 0.0000 1.0000 0.0000
vn 0.0000 -1.0000 0.0000
vn 0.0000 -1.0000 0.0000
vn 0.0000 -1.0000 0.0000
vn -0.8556 -0.2425 0.4573
vn -0.8556 -0.2425 0.4573
vn -0.8556 -0.2425 0.4573
vn -0.8556 -0.2425 0.4573
vn -0.7055 0.6000 0.3771
vn -0.7055 0.6000 0.3771
vn -0.7055 0.6000 0.3771
vn -0.7055 0.6000 0.3771
vn 0.0000 1.0000 0.0000
vn 0.0000 1.0000 0.0000
vn 0.0000 1.0000 0.0000
vn 0.0000 -1.0000 0.0000
vn 0.0000 -1.0000 0.0000
vn 0.0000 -1.0000 0.0000
vn -0.9284 -0.2425 0.2816
vn -0.9284 -0.2425 0.2816
vn -0.9284 -0.2425 0.2816
vn -0.9284 -0.2425 0.2816
vn -0.7656 0.6000 0.2322
vn -0.7656 0.6000 0.2322
vn -0.7656 0.6000 0.2322
vn -0.7656 0.6000 0.2322
vn 0.0000 1.0000 0.0000
vn 0.0000 1.0000 0.0000
vn 0.0000 1.0000 0.0000
vn 0.0000 -1.0000 0.0000
vn 0.0000 -1.0000 0.0000
vn 0.0000 -1.0000 0.0000
vn -0.9655 -0.2425 0.0951
vn -0.9655 -0.2425 0.0951
vn -0.9655 -0.2425 0.0951
vn -0.9655 -0.2425 0.0951
vn -0.7961 0.6000 0.0784
vn -0.7961 0.6000 0.0784
vn -0.7961 0.6000 0.0784
vn -0.7961 0.6000 0.0784
vn 0.0000 1.0000 0.0000
vn 0.0000 1.0000 0.0000
vn 0.0000 1.0000 0.0000
vn 0.0000 -1.0000 0.0000
vn 0.0000 -1.0000 0.0000
vn 0.0000 -1.0000 0.0000
vn -0.9655 -0.2425 -0.0951
vn -0.9655 -0.2425 -0.0951
vn -0.9655 -0.2425 -0.0951
vn -0.9655 -0.2425 -0.0951
vn -0.7961 0.6000 -0.0784
vn -0.7961 0.6000 -0.0784
vn -0.7961 0.6000 -0.0784
vn -0.7961 0.6000 -0.0784
vn 0.0000 1.0000 0.0000
vn 0.0000 1.0000 0.0000
vn 0.0000 1.0000 0.0000
vn 0.0000 -1.0000 0.0000
vn 0.0000 -1.0000 0.0000
vn 0.0000 -1.0000 0.0000
vn -0.9284 -0.2425 -0.2816
vn -0.9284 -0.2425 -0.2816
vn -0.9284 -0.2425 -0.2816
vn -0.9284 -0.2425 -0.2816
vn -0.7656 0.6000 -0.2322
vn -0.7656 0.6000 -0.2322
vn -0.7656 0.6000 -0.2322
vn -0.7656 0.6000 -0.2322
vn 0.0000 1.0000 0.0000
vn 0.0000 1.0000 0.0000
vn 0.0000 1.0000 0.0000
vn 0.0000 -1.0000 0.0000
vn 0.0000 -1.0000 0.0000
vn 0.0000 -1.0000 0.0000
vn -0.8556 -0.2425 -0.4573
vn -0.8556 -0.2425 -0.4573
vn -0.8556 -0.2425 -0.4573
vn -0.8556 -0.2425 -0.4573
vn -0.7055 0.6000 -0.3771
vn -0.7055 0.6000 -0.3771
vn -0.7055 0.6000 -0.3771
vn -0.7055 0.6000 -0.3771
vn 0.0000 1.0000 0.0000
vn 0.0000 1.0000 0.0000
vn 0.0000 1.0000 0.0000
vn 0.0000 -1.0000 0.0000
vn 0.0000 -1.0000 0.0000
vn 0.0000 -1.0000 0.0000
vn -0.7499 -0.2425 -0.6155
vn -0.7499 -0.2425 -0.6155
vn -0.7499 -0.2425 -0.6155
vn -0.7499 -0.2425 -0.6155
vn -0.6184 0.6000 -0.5075
vn -0.6184 0.6000 -0.5075
vn -0.6184 0.6000 -0.5075
vn -0.6184 0.6000 -0.5075
vn 0.0000 1.0000 0.0000
vn 0.0000 1.0000 0.0000
vn 0.0000 1.0000 0.0000
vn 0.0000 -1.0000 0.0000
vn 0.0000 -1.0000 0.0000
vn 0.0000 -1.0000 0.0000
vn -0.6155 -0.2425 -0.7499
vn -0.6155 -0.2425 -0.7499
vn -0.6155 -0.2425 -0.7499
vn -0.6155 -0.2425 -0.7499
vn -0.5075 0.6000 -0.6184
vn -0.5075 0.6000 -0.6184
vn -0.5075 0.6000 -0.6184
vn -0.5075 0.6000 -0.6184
vn 0.0000 1.0000 0.0000
vn 0.0000 1.0000 0.0000
vn 0.0000 1.0000 0.0000
vn 0.0000 -1.0000 0.0000
vn 0.0000 -1.0000 0.0000
vn 0.0000 -1.0000 0.0000
vn -0.4573 -0.2425 -0.8556
vn -0.4573 -0.2425 -0.8556
vn -0.4573 -0.2425 -0.8556
vn -0.4573 -0.2425 -0.8556
vn -0.3771 0.6000 -0.7055
vn -0.3771 0.6000 -0.7055
vn -0.3771 0.6000 -0.7055
vn -0.3771 0.6000 -0.7055
vn 0.0000 1.0000 0.0000
vn 0.0000 1.0000 0.0000
vn 0.0000 1.0000 0.0000
vn 0.0000 -1.0000 0.0000
vn 0.0000 -1.0000 0.0000
vn 0.0000 -1.0000 0.0000
vn -0.2816 -0.2425 -0.9284
vn -0.2816 -0.2425 -0.9284
vn -0.2816 -0.2425 -0.9284
vn -0.2816 -0.2425 -0.9284
vn -0.2322 0.6000 -0.7656
vn -0.2322 0.6000 -0.7656
vn -0.2322 0.6000 -0.7656
vn -0.2322 0.6000 -0.7656
vn 0.0000 1.0000 0.0000
vn 0.0000 1.0000 0.0000
vn 0.0000 1.0000 0.0000
vn 0.0000 -1.0000 0.0000
vn 0.0000 -1.0000 0.0000
vn 0.0000 -1.0000 0.0000
vn -0.0951 -0.2425 -0.9655
vn -0.0951 -0.2425 -0.9655
vn -0.0951 -0.2425 -0.9655
vn -0.0951 -0.2425 -0.9655
vn -0.0784 0.6000 -0.7961
vn -0.0784 0.6000 -0.7961
vn -0.0784 0.6000 -0.7961
vn -0.0784 0.6000 -0.7961
vn 0.0000 1.0000 0.0000
vn 0.0000 1.0000 0.0000
vn 0.0000 1.0000 0.0000
vn 0.0000 -1.0000 0.0000
vn 0.0000 -1.0000 0.0000
vn 0.0000 -1.0000 0.0000
vn 0.0951 -0.2425 -0.9655
vn 0.0951 -0.2425 -0.9655
vn 0.0951 -0.2425 -0.9655
vn 0.0951 -0.2425 -0.9655
vn 0.0784 0.6000 -0.7961
vn 0.0784 0.6000 -0.7961
vn 0.0784 0.6000 -0.7961
vn 0.0784 0.6000 -0.7961
vn 0.0000 1.0000 0.0000
vn 0.0000 1.0000 0.0000
vn 0.0000 1.0000 0.0000
vn 0.0000 -1.0000 0.0000
vn 0.0000 -1.0000 0.0000
vn 0.0000 -1.0000 0.0000
vn 0.2816 -0.2425 -0.9284
vn 0.2816 -0.2425 -0.9284
vn 0.2816 -0.2425 -0.9284
vn 0.2816 -0.2425 -0.9284
vn 0.2322 0.6000 -0.7656
vn 0.2322 0.6000 -0.7656
vn 0.2322 0.6000 -0.7656
vn 0.2322 0.6000 -0.7656
vn 0.0000 1.0000 0.0000
vn 0.0000 1.0000 0.0000
vn 0.0000 1.0000 0.0000
vn 0.0000 -1.0000 0.0000
vn 0.0000 -1.0000 0.0000
vn 0.0000 -1.0000 0.0000
vn 0.4573 -0.2425 -0.8556
vn 0.4573 -0.2425 -0.8556
vn 0.4573 -0.2425 -0.8556
vn 0.4573 -0.2425 -0.8556
vn 0.3771 0.6000 -0.7055
vn 0.3771 0.6000 -0.7055
vn 0.3771 0.6000 -0.7055
vn 0.3771 0.6000 -0.7055
vn 0.0000 1.0000 0.0000
vn 0.0000 1.0000 0.0000
vn 0.0000 1.0000 0.0000
vn 0.0000 -1.0000 0.0000
vn 0.0000 -1.0000 0.0000
vn 0.0000 -1.0000 0.0000
vn 0.6155 -0.2425 -0.7499
vn 0.6155 -0.2425 -0.7499
vn 0.6155 -0.2425 -0.7499
vn 0.6155 -0.2425 -0.7499
vn 0.5075 0.6000 -0.6184
vn 0.5075 0.6000 -0.6184
vn 0.5075 0.6000 -0.6184
vn 0.5075 0.6000 -0.6184
vn 0.0000 1.0000 0.0000
vn 0.0000 1.0000 0.0000
vn 0.0000 1.0000 0.0000
vn 0.0000 -1.0000 0.0000
vn 0.0000 -1.0000 0.0000
vn 0.0000 -1.0000 0.0000
vn 0.7499 -0.2425 -0.6155
vn 0.7499 -0.2425 -0.6155
vn 0.7499 -0.2425 -0.6155
vn 0.7499 -0.2425 -0.6155
vn 0.6184 0.6000 -0.5075
vn 0.6184 0.6000 -0.5075
vn 0.6184 0.6000 -0.5075
vn 0.6184 0.6000 -0.5075
vn 0.0000 1.0000 0.0000
vn 0.0000 1.0000 0.0000
vn 0.0000 1.0000 0.0000
vn 0.0000 -1.0000 0.0000
vn 0.0000 -1.0000 0.0000
vn 0.0000 -1.0000 0.0000
vn 0.8556 -0.2425 -0.4573
vn 0.8556 -0.2425 -0.4573
vn 0.8556 -0.2425 -0.4573
vn 0.8556 -0.2425 -0.4573
vn 0.7055 0.6000 -0.3771
vn 0.7055 0.6000 -0.3771
vn 0.7055 0.6000 -0.3771
vn 0.7055 0.6000 -0.3771
vn 0.0000 1.0000 0.0000
vn 0.0000 1.0000 0.0000
vn 0.0000 1.0000 0.0000
vn 0.0000 -1.0000 0.0000
vn 0.0000 -1.0000 0.0000
vn 0.0000 -1.0000 0.0000
vn 0.9284 -0.2425 -0.2816
vn 0.9284 -0.2425 -0.2816
vn 0.9284 -0.2425 -0.2816
vn 0.9284 -0.2425 -0.2816
vn 0.7656 0.6000 -0.2322
vn 0.7656 0.6000 -0.2322
vn 0.7656 0.6000 -0.2322
vn 0.7656 0.6000 -0.2322
vn 0.0000 1.0000 0.0000
vn 0.0000 1.0000 0.0000
vn 0.0000 1.0000 0.0000
vn 0.0000 -1.0000 0.0000
vn 0.0000 -1.0000 0.0000
vn 0.0000 -1.0000 0.0000
vn 0.9655 -0.2425 -0.0951
vn 0.9655 -0.2425 -0.0951
vn 0.9655 -0.2425 -0.0951
vn 0.9655 -0.2425 -0.0951
vn 0.7961 0.6000 -0.0784
vn 0.7961 0.6000 -0.0784
vn 0.7961 0.6000 -0.0784
vn 0.7961 0.6000 -0.0784
vn 0.0000 1.0000 0.0000
vn 0.0000 1.0000 0.0000
vn 0.0000 1.0000 0.0000
vn 0.9998 0.0197 0.0000
vn 0.9875 0.0197 0.1564
vn 0.6469 -0.7557 0.1025
vn 0.6549 -0.7557 0.0000
vn 0.6247 0.7809 0.0000
vn 0.6170 0.7809 0.0977
vn 0.9875 0.0197 0.1564
vn 0.9998 0.0197 0.0000
vn 0.9875 0.0197 0.1564
vn 0.9509 0.0197 0.3090
vn 0.6229 -0.7557 0.2024
vn 0.6469 -0.7557 0.1025
vn 0.6170 0.7809 0.0977
vn 0.5941 0.7809 0.1930
vn 0.9509 0.0197 0.3090
vn 0.9875 0.0197 0.1564
vn 0.9509 0.0197 0.3090
vn 0.8908 0.0197 0.4539
vn 0.5835 -0.7557 0.2973
vn 0.6229 -0.7557 0.2024
vn 0.5941 0.7809 0.1930
vn 0.5566 0.7809 0.2836
vn 0.8908 0.0197 0.4539
vn 0.9509 0.0197 0.3090
vn 0.8908 0.0197 0.4539
vn 0.8089 0.0197 0.5877
vn 0.5298 -0.7557 0.3850
vn 0.5835 -0.7557 0.2973
vn 0.5566 0.7809 0.2836
vn 0.5054 0.7809 0.3672
vn 0.8089 0.0197 0.5877
vn 0.8908 0.0197 0.4539
vn 0.8089 0.0197 0.5877
vn 0.7070 0.0197 0.7070
vn 0.4631 -0.7557 0.4631
vn 0.5298 -0.7557 0.3850
vn 0.5054 0.7809 0.3672
vn 0.4417 0.7809 0.4417
vn 0.7070 0.0197 0.7070
vn 0.8089 0.0197 0.5877
vn 0.7070 0.0197 0.7070
vn 0.5877 0.0197 0.8089
vn 0.3850 -0.7557 0.5298
vn 0.4631 -0.7557 0.4631
vn 0.4417 0.7809 0.4417
vn 0.3672 0.7809 0.5054
vn 0.5877 0.0197 0.8089
vn 0.7070 0.0197 0.7070
vn 0.5877 0.0197 0.8089
vn 0.4539 0.0197 0.8908
vn 0.2973 -0.7557 0.5835
vn 0.3850 -0.7557 0.5298
vn 0.3672 0.7809 0.5054
vn 0.2836 0.7809 0.5566
vn 0.4539 0.0197 0.8908
vn 0.5877 0.0197 0.8089
vn 0.4539 0.0197 0.8908
vn 0.3090 0.0197 0.9509
vn 0.2024 -0.7557 0.6229
vn 0.2973 -0.7557 0.5835
vn 0.2836 0.7809 0.5566
vn 0.1930 0.7809 0.5941
vn 0.3090 0.0197 0.9509
vn 0.4539 0.0197 0.8908
vn 0.3090 0.0197 0.9509
vn 0.1564 0.0197 0.9875
vn 0.1025 -0.7557 0.6469
vn 0.2024 -0.7557 0.6229
vn 0.1930 0.7809 0.5941
vn 0.0977 0.7809 0.6170
vn 0.1564 0.0197 0.9875
vn 0.3090 0.0197 0.9509
vn 0.1564 0.0197 0.9875
vn 0.0000 0.0197 0.9998
vn 0.0000 -0.7557 0.6549
vn 0.1025 -0.7557 0.6469
vn 0.0977 0.7809 0.6170
vn 0.0000 0.7809 0.6247
vn 0.0000 0.0197 0.9998
vn 0.1564 0.0197 0.9875
vn 0.0000 0.0197 0.9998
vn -0.1564 0.0197 0.9875
vn -0.1025 -0.7557 0.6469
vn 0.0000 -0.7557 0.6549
vn 0.0000 0.7809 0.6247
vn -0.0977 0.7809 0.6170
vn -0.1564 0.0197 0.9875
vn 0.0000 0.0197 0.9998
vn -0.1564 0.0197 0.9875
vn -0.3090 0.0197 0.9509
vn -0.2024 -0.7557 0.6229
vn -0.1025 -0.7557 0.6469
vn -0.0977 0.7809 0.6170
vn -0.1930 0.7809 0.5941
vn -0.3090 0.0197 0.9509
vn -0.1564 0.0197 0.9875
vn -0.3090 0.0197 0.9509
vn -0.4539 0.0197 0.8908
vn -0.2973 -0.7557 0.5835
vn -0.2024 -0.7557 0.6229
vn -0.1930 0.7809 0.5941
vn -0.2836 0.7809 0.5566
vn -0.4539 0.0197 0.8908
vn -0.3090 0.0197 0.9509
vn -0.4539 0.0197 0.8908
vn -0.5877 0.0197 0.8089
vn -0.3850 -0.7557 0.5298
vn -0.2973 -0.7557 0.5835
vn -0.2836 0.7809 0.5566
vn -0.3672 0.7809 0.5054
vn -0.5877 0.0197 0.8089
vn -0.4539 0.0197 0.8908
vn -0.5877 0.0197 0.8089
vn -0.7070 0.0197 0.7070
vn -0.4631 -0.7557 0.4631
vn -0.3850 -0.7557 0.5298
vn -0.3672 0.7809 0.5054
vn -0.4417 0.7809 0.4417
vn -0.7070 0.0197 0.7070
vn -0.5877 0.0197 0.8089
vn -0.7070 0.0197 0.7070
vn -0.8089 0.0197 0.5877
vn -0.5298 -0.7557 0.3850
vn -0.4631 -0.7557 0.4631
vn -0.4417 0.7809 0.4417
vn -0.5054 0.7809 0.3672
vn -0.8089 0.0197 0.5877
vn -0.7070 0.0197 0.7070
vn -0.8089 0.0197 0.5877
vn -0.8908 0.0197 0.4539
vn -0.5835 -0.7557 0.2973
vn -0.5298 -0.7557 0.3850
vn -0.5054 0.7809 0.3672
vn -0.5566 0.7809 0.2836
vn -0.8908 0.0197 0.4539
vn -0.8089 0.0197 0.5877
vn -0.8908 0.0197 0.4539
vn -0.9509 0.0197 0.3090
vn -0.6229 -0.7557 0.2024
vn -0.5835 -0.7557 0.2973
vn -0.5566 0.7809 0.2836
vn -0.5941 0.7809 0.1930
vn -0.9509 0.0197 0.3090
vn -0.8908 0.0197 0.4539
vn -0.9509 0.0197 0.3090
vn -0.9875 0.0197 0.1564
vn -0.6469 -0.7557 0.1025
vn -0.6229 -0.7557 0.2024
vn -0.5941 0.7809 0.1930
vn -0.6170 0.7809 0.0977
vn -0.9875 0.0197 0.1564
vn -0.9509 0.0197 0.3090
vn -0.9875 0.0197 0.1564
vn -0.9998 0.0197 0.0000
vn -0.6549 -0.7557 0.0000
vn -0.6469 -0.7557 0.1025
vn -0.6170 0.7809 0.0977
vn -0.6247 0.7809 0.0000
vn -0.9998 0.0197 0.0000
vn -0.9875 0.0197 0.1564
vn -0.9998 0.0197 0.0000
vn -0.9875 0.0197 -0.1564
vn -0.6469 -0.7557 -0.1025
vn -0.6549 -0.7557 0.0000
vn -0.6247 0.7809 0.0000
vn -0.6170 0.7809 -0.0977
vn -0.9875 0.0197 -0.1564
vn -0.9998 0.0197 0.0000
vn -0.9875 0.0197 -0.1564
vn -0.9509 0.0197 -0.3090
vn -0.6229 -0.7557 -0.2024
vn -0.6469 -0.7557 -0.1025
vn -0.6170 0.7809 -0.0977
vn -0.5941 0.7809 -0.1930
vn -0.9509 0.0197 -0.3090
vn -0.9875 0.0197 -0.1564
vn -0.9509 0.0197 -0.3090
vn -0.8908 0.0197 -0.4539
vn -0.5835 -0.7557 -0.2973
vn -0.6229 -0.7557 -0.2024
vn -0.5941 0.7809 -0.1930
vn -0.5566 0.7809 -0.2836
vn -0.8908 0.0197 -0.4539
vn -0.9509 0.0197 -0.3090
vn -0.8908 0.0197 -0.4539
vn -0.8089 0.0197 -0.5877
vn -0.5298 -0.7557 -0.3850
vn -0.5835 -0.7557 -0.2973
vn -0.5566 0.7809 -0.2836
vn -0.5054 0.7809 -0.3672
vn -0.8089 0.0197 -0.5877
vn -0.8908 0.0197 -0.4539
vn -0.8089 0.0197 -0.5877
vn -0.7070 0.0197 -0.7070
vn -0.4631 -0.7557 -0.4631
vn -0.5298 -0.7557 -0.3850
vn -0.5054 0.7809 -0.3672
vn -0.4417 0.7809 -0.4417
vn -0.7070 0.0197 -0.7070
vn -0.8089 0.0197 -0.5877
vn -0.7070 0.0197 -0.7070
vn -0.5877 0.0197 -0.8089
vn -0.3850 -0.7557 -0.5298
vn -0.4631 -0.7557 -0.4631
vn -0.4417 0.7809 -0.4417
vn -0.3672 0.7809 -0.5054
vn -0.5877 0.0197 -0.8089
vn -0.7070 0.0197 -0.7070
vn -0.5877 0.0197 -0.8089
vn -0.4539 0.0197 -0.8908
vn -0.2973 -0.7557 -0.5835
vn -0.3850 -0.7557 -0.5298
vn -0.3672 0.7809 -0.5054
vn -0.2836 0.7809 -0.5566
vn -0.4539 0.0197 -0.8908
vn -0.5877 0.0197 -0.8089
vn -0.4539 0.0197 -0.8908
vn -0.3090 0.0197 -0.9509
vn -0.2024 -0.7557 -0.6229
vn -0.2973 -0.7557 -0.5835
vn -0.2836 0.7809 -0.5566
vn -0.1930 0.7809 -0.5941
vn -0.3090 0.0197 -0.9509
vn -0.4539 0.0197 -0.8908
vn -0.3090 0.0197 -0.9509
vn -0.1564 0.0197 -0.9875
vn -0.1025 -0.7557 -0.6469
vn -0.2024 -0.7557 -0.6229
vn -0.1930 0.7809 -0.5941
vn -0.0977 0.7809 -0.6170
vn -0.1564 0.0197 -0.9875
vn -0.3090 0.0197 -0.9509
vn -0.1564 0.0197 -0.9875
vn -0.0000 0.0197 -0.9998
vn -0.0000 -0.7557 -0.6549
vn -0.1025 -0.7557 -0.6469
vn -0.0977 0.7809 -0.6170
vn -0.0000 0.7809 -0.6247
vn -0.0000 0.0197 -0.9998
vn -0.1564 0.0197 -0.9875
vn -0.0000 0.0197 -0.9998
vn 0.1564 0.0197 -0.9875
vn 0.1025 -0.7557 -0.6469
vn -0.0000 -0.7557 -0.6549
vn -0.0000 0.7809 -0.6247
vn 0.0977 0.7809 -0.6170
vn 0.1564 0.0197 -0.9875
vn -0.0000 0.0197 -0.9998
vn 0.1564 0.0197 -0.9875
vn 0.3090 0.0197 -0.9509
vn 0.2024 -0.7557 -0.6229
vn 0.1025 -0.7557 -0.6469
vn 0.0977 0.7809 -0.6170
vn 0.1930 0.7809 -0.5941
vn 0.3090 0.0197 -0.9509
vn 0.1564 0.0197 -0.9875
vn 0.3090 0.0197 -0.9509
vn 0.4539 0.0197 -0.8908
vn 0.2973 -0.7557 -0.5835
vn 0.2024 -0.7557 -0.6229
vn 0.1930 0.7809 -0.5941
vn 0.2836 0.7809 -0.5566
vn 0.4539 0.0197 -0.8908
vn 0.3090 0.0197 -0.9509
vn 0.4539 0.0197 -0.8908
vn 0.5877 0.0197 -0.8089
vn 0.3850 -0.7557 -0.5298
vn 0.2973 -0.7557 -0.5835
vn 0.2836 0.7809 -0.5566
vn 0.3672 0.7809 -0.5054
vn 0.5877 0.0197 -0.8089
vn 0.4539 0.0197 -0.8908
vn 0.5877 0.0197 -0.8089
vn 0.7070 0.0197 -0.7070
vn 0.4631 -0.7557 -0.4631
vn 0.3850 -0.7557 -0.5298
vn 0.3672 0.7809 -0.5054
vn 0.4417 0.7809 -0.4417
vn 0.7070 0.0197 -0.7070
vn 0.5877 0.0197 -0.8089
vn 0.7070 0.0197 -0.7070
vn 0.8089 0.0197 -0.5877
vn 0.5298 -0.7557 -0.3850
vn 0.4631 -0.7557 -0.4631
vn 0.4417 0.7809 -0.4417
vn 0.5054 0.7809 -0.3672
vn 0.8089 0.0197 -0.5877
vn 0.7070 0.0197 -0.7070
vn 0.8089 0.0197 -0.5877
vn 0.8908 0.0197 -0.4539
vn 0.5835 -0.7557 -0.2973
vn 0.5298 -0.7557 -0.3850
vn 0.5054 0.7809 -0.3672
vn 0.5566 0.7809 -0.2836
vn 0.8908 0.0197 -0.4539
vn 0.8089 0.0197 -0.5877
vn 0.8908 0.0197 -0.4539
vn 0.9509 0.0197 -0.3090
vn 0.6229 -0.7557 -0.2024
vn 0.5835 -0.7557 -0.2973
vn 0.5566 0.7809 -0.2836
vn 0.5941 0.7809 -0.1930
vn 0.9509 0.0197 -0.3090
vn 0.8908 0.0197 -0.4539
vn 0.9509 0.0197 -0.3090
vn 0.9875 0.0197 -0.1564
vn 0.6469 -0.7557 -0.1025
vn 0.6229 -0.7557 -0.2024
vn 0.5941 0.7809 -0.1930
vn 0.6170 0.7809 -0.0977
vn 0.9875 0.0197 -0.1564
vn 0.9509 0.0197 -0.3090
vn 0.9875 0.0197 -0.1564
vn 0.9998 0.0197 -0.0000
vn 0.6549 -0.7557 -0.0000
vn 0.6469 -0.7557 -0.1025
vn 0.6170 0.7809 -0.0977
vn 0.6247 0.7809 -0.0000
vn 0.9998 0.0197 -0.0000
vn 0.9875 0.0197 -0.1564
vn 1.0000 0.0000 0.0000
vn 0.9808 0.0000 0.1951
vn 0.6935 -0.7071 0.1379
vn 0.7071 -0.7071 0.0000
vn 0.7071 0.7071 0.0000
vn 0.6935 0.7071 0.1379
vn 0.9808 0.0000 0.1951
vn 1.0000 0.0000 0.0000
vn 0.9808 0.0000 0.1951
vn 0.9239 0.0000 0.3827
vn 0.6533 -0.7071 0.2706
vn 0.6935 -0.7071 0.1379
vn 0.6935 0.7071 0.1379
vn 0.6533 0.7071 0.2706
vn 0.9239 0.0000 0.3827
vn 0.9808 0.0000 0.1951
vn 0.9239 0.0000 0.3827
vn 0.8315 0.0000 0.5556
vn 0.5879 -0.7071 0.3928
vn 0.6533 -0.7071 0.2706
vn 0.6533 0.7071 0.2706
vn 0.5879 0.7071 0.3928
vn 0.8315 0.0000 0.5556
vn 0.9239 0.0000 0.3827
vn 0.8315 0.0000 0.5556
vn 0.7071 0.0000 0.7071
vn 0.5000 -0.7071 0.5000
vn 0.5879 -0.7071 0.3928
vn 0.5879 0.7071 0.3928
vn 0.5000 0.7071 0.5000
vn 0.7071 0.0000 0.7071
vn 0.8315 0.0000 0.5556
vn 0.7071 0.0000 0.7071
vn 0.5556 0.0000 0.8315
vn 0.3928 -0.7071 0.5879
vn 0.5000 -0.7071 0.5000
vn 0.5000 0.7071 0.5000
vn 0.3928 0.7071 0.5879
vn 0.5556 0.0000 0.8315
vn 0.7071 0.0000 0.7071
vn 0.5556 0.0000 0.8315
vn 0.3827 0.0000 0.9239
vn 0.2706 -0.7071 0.6533
vn 0.3928 -0.7071 0.5879
vn 0.3928 0.7071 0.5879
vn 0.2706 0.7071 0.6533
vn 0.3827 0.0000 0.9239
vn 0.5556 0.0000 0.8315
vn 0.3827 0.0000 0.9239
vn 0.1951 0.0000 0.9808
vn 0.1379 -0.7071 0.6935
vn 0.2706 -0.7071 0.6533
vn 0.2706 0.7071 0.6533
vn 0.1379 0.7071 0.6935
vn 0.1951 0.0000 0.9808
vn 0.3827 0.0000 0.9239
vn 0.1951 0.0000 0.9808
vn 0.0000 0.0000 1.0000
vn 0.0000 -0.7071 0.7071
vn 0.1379 -0.7071 0.6935
vn 0.1379 0.7071 0.6935
vn 0.0000 0.7071 0.7071
vn 0.0000 0.0000 1.0000
vn 0.1951 0.0000 0.9808
vn 0.0000 0.0000 1.0000
vn -0.1951 0.0000 0.9808
vn -0.1379 -0.7071 0.6935
vn 0.0000 -0.7071 0.7071
vn 0.0000 0.7071 0.7071
vn -0.1379 0.7071 0.6935
vn -0.1951 0.0000 0.9808
vn 0.0000 0.0000 1.0000
vn -0.1951 0.0000 0.9808
vn -0.3827 0.0000 0.9239
vn -0.2706 -0.7071 0.6533
vn -0.1379 -0.7071 0.6935
vn -0.1379 0.7071 0.6935
vn -0.2706 0.7071 0.6533
vn -0.3827 0.0000 0.9239
vn -0.1951 0.0000 0.9808
vn -0.3827 0.0000 0.9239
vn -0.5556 0.0000 0.8315
vn -0.3928 -0.7071 0.5879
vn -0.2706 -0.7071 0.6533
vn -0.2706 0.7071 0.6533
vn -0.3928 0.7071 0.5879
vn -0.5556 0.0000 0.8315
vn -0.3827 0.0000 0.9239
vn -0.5556 0.0000 0.8315
vn -0.7071 0.0000 0.7071
vn -0.5000 -0.7071 0.5000
vn -0.3928 -0.7071 0.5879
vn -0.3928 0.7071 0.5879
vn -0.5000 0.7071 0.5000
vn -0.7071 0.0000 0.7071
vn -0.5556 0.0000 0.8315
vn -0.7071 0.0000 0.7071
vn -0.8315 0.0000 0.5556
vn -0.5879 -0.7071 0.3928
vn -0.5000 -0.7071 0.5000
vn -0.5000 0.7071 0.5000
vn -0.5879 0.7071 0.3928
vn -0.8315 0.0000 0.5556
vn -0.7071 0.0000 0.7071
vn -0.8315 0.0000 0.5556
vn -0.9239 0.0000 0.3827
vn -0.6533 -0.7071 0.2706
vn -0.5879 -0.7071 0.3928
vn -0.5879 0.7071 0.3928
vn -0.6533 0.7071 0.2706
vn -0.9239 0.0000 0.3827
vn -0.8315 0.0000 0.5556
vn -0.9239 0.0000 0.3827
vn -0.9808 0.0000 0.1951
vn -0.6935 -0.7071 0.1379
vn -0.6533 -0.7071 0.2706
vn -0.6533 0.7071 0.2706
vn -0.6935 0.7071 0.1379
vn -0.9808 0.0000 0.1951
vn -0.9239 0.0000 0.3827
vn -0.9808 0.0000 0.1951
vn -1.0000 0.0000 0.0000
vn -0.7071 -0.7071 0.0000
vn -0.6935 -0.7071 0.1379
vn -0.6935 0.7071 0.1379
vn -0.7071 0.7071 0.0000
vn -1.0000 0.0000 0.0000
vn -0.9808 0.0000 0.1951
vn -1.0000 0.0000 0.0000
vn -0.9808 0.0000 -0.1951
vn -0.6935 -0.7071 -0.1379
vn -0.7071 -0.7071 0.0000
vn -0.7071 0.7071 0.0000
vn -0.6935 0.7071 -0.1379
vn -0.9808 0.0000 -0.1951
vn -1.0000 0.0000 0.0000
vn -0.9808 0.0000 -0.1951
vn -0.9239 0.0000 -0.3827
vn -0.6533 -0.7071 -0.2706
vn -0.6935 -0.7071 -0.1379
vn -0.6935 0.7071 -0.1379
vn -0.6533 0.7071 -0.2706
vn -0.9239 0.0000 -0.3827
vn -0.9808 0.0000 -0.1951
vn -0.9239 0.0000 -0.3827
vn -0.8315 0.0000 -0.5556
vn -0.5879 -0.7071 -0.3928
vn -0.6533 -0.7071 -0.2706
vn -0.6533 0.7071 -0.2706
vn -0.5879 0.7071 -0.3928
vn -0.8315 0.0000 -0.5556
vn -0.9239 0.0000 -0.3827
vn -0.8315 0.0000 -0.5556
vn -0.7071 0.0000 -0.7071
vn -0.5000 -0.7071 -0.5000
vn -0.5879 -0.7071 -0.3928
vn -0.5879 0.7071 -0.3928
vn -0.5000 0.7071 -0.5000
vn -0.7071 0.0000 -0.7071
vn -0.8315 0.0000 -0.5556
vn -0.7071 0.0000 -0.7071
vn -0.5556 0.0000 -0.8315
vn -0.3928 -0.7071 -0.5879
vn -0.5000 -0.7071 -0.5000
vn -0.5000 0.7071 -0.5000
vn -0.3928 0.7071 -0.5879
vn -0.5556 0.0000 -0.8315
vn -0.7071 0.0000 -0.7071
vn -0.5556 0.0000 -0.8315
vn -0.3827 0.0000 -0.9239
vn -0.2706 -0.7071 -0.6533
vn -0.3928 -0.7071 -0.5879
vn -0.3928 0.7071 -0.5879
vn -0.2706 0.7071 -0.6533
vn -0.3827 0.0000 -0.9239
vn -0.5556 0.0000 -0.8315
vn -0.3827 0.0000 -0.9239
vn -0.1951 0.0000 -0.9808
vn -0.1379 -0.7071 -0.6935
vn -0.2706 -0.7071 -0.6533
vn -0.2706 0.7071 -0.6533
vn -0.1379 0.7071 -0.6935
vn -0.1951 0.0000 -0.9808
vn -0.3827 0.0000 -0.9239
vn -0.1951 0.0000 -0.9808
vn -0.0000 0.0000 -1.0000
vn -0.0000 -0.7071 -0.7071
vn -0.1379 -0.7071 -0.6935
vn -0.1379 0.7071 -0.6935
vn -0.0000 0.7071 -0.7071
vn -0.0000 0.0000 -1.0000
vn -0.1951 0.0000 -0.9808
vn -0.0000 0.0000 -1.0000
vn 0.1951 0.0000 -0.9808
vn 0.1379 -0.7071 -0.6935
vn -0.0000 -0.7071 -0.7071
vn -0.0000 0.7071 -0.7071
vn 0.1379 0.7071 -0.6935
vn 0.1951 0.0000 -0.9808
vn -0.0000 0.0000 -1.0000
vn 0.1951 0.0000 -0.9808
vn 0.3827 0.0000 -0.9239
vn 0.2706 -0.7071 -0.6533
vn 0.1379 -0.7071 -0.6935
vn 0.1379 0.7071 -0.6935
vn 0.2706 0.7071 -0.6533
vn 0.3827 0.0000 -0.9239
vn 0.1951 0.0000 -0.9808
vn 0.3827 0.0000 -0.9239
vn 0.5556 0.0000 -0.8315
vn 0.3928 -0.7071 -0.5879
vn 0.2706 -0.7071 -0.6533
vn 0.2706 0.7071 -0.6533
vn 0.3928 0.7071 -0.5879
vn 0.5556 0.0000 -0.8315
vn 0.3827 0.0000 -0.9239
vn 0.5556 0.0000 -0.8315
vn 0.7071 0.0000 -0.7071
vn 0.5000 -0.7071 -0.5000
vn 0.3928 -0.7071 -0.5879
vn 0.3928 0.7071 -0.5879
vn 0.5000 0.7071 -0.5000
vn 0.7071 0.0000 -0.7071
vn 0.5556 0.0000 -0.8315
vn 0.7071 0.0000 -0.7071
vn 0.8315 0.0000 -0.5556
vn 0.5879 -0.7071 -0.3928
vn 0.5000 -0.7071 -0.5000
vn 0.5000 0.7071 -0.5000
vn 0.5879 0.7071 -0.3928
vn 0.8315 0.0000 -0.5556
vn 0.7071 0.0000 -0.7071
vn 0.8315 0.0000 -0.5556
vn 0.9239 0.0000 -0.3827
vn 0.6533 -0.7071 -0.2706
vn 0.5879 -0.7071 -0.3928
vn 0.5879 0.7071 -0.3928
vn 0.6533 0.7071 -0.2706
vn 0.9239 0.0000 -0.3827
vn 0.8315 0.0000 -0.5556
vn 0.9239 0.0000 -0.3827
vn 0.9808 0.0000 -0.1951
vn 0.6935 -0.7071 -0.1379
vn 0.6533 -0.7071 -0.2706
vn 0.6533 0.7071 -0.2706
vn 0.6935 0.7071 -0.1379
vn 0.9808 0.0000 -0.1951
vn 0.9239 0.0000 -0.3827
vn 0.9808 0.0000 -0.1951
vn 1.0000 0.0000 -0.0000
vn 0.7071 -0.7071 -0.0000
vn 0.6935 -0.7071 -0.1379
vn 0.6935 0.7071 -0.1379
vn 0.7071 0.7071 -0.0000
vn 1.0000 0.0000 -0.0000
vn 0.9808 0.0000 -0.1951
vn -0.6417 -0.7670 0.0000
vn -0.6898 -0.6190 0.3756
vn -0.8720 -0.4895 0.0000
vn 0.2700 -0.9629 0.0000
vn 0.1795 -0.6845 0.7065
vn -0.6898 -0.6190 0.3756
vn -0.6417 -0.7670 0.0000
vn 0.8652 -0.5014 0.0000
vn 0.7978 -0.2941 0.5263
vn 0.1795 -0.6845 0.7065
vn 0.2700 -0.9629 0.0000
vn 0.8792 -0.1788 0.4417
vn 0.7978 -0.2941 0.5263
vn 0.8652 -0.5014 0.0000
vn -0.6898 -0.6190 0.3756
vn -0.8058 -0.2618 0.5311
vn -0.8897 -0.4349 0.1387
vn 0.1795 -0.6845 0.7065
vn -0.0388 -0.0126 0.9992
vn -0.8058 -0.2618 0.5311
vn -0.6898 -0.6190 0.3756
vn 0.7978 -0.2941 0.5263
vn 0.6352 0.2064 0.7442
vn -0.0388 -0.0126 0.9992
vn 0.1795 -0.6845 0.7065
vn 0.7427 0.2413 0.6247
vn 0.6352 0.2064 0.7442
vn 0.7978 -0.2941 0.5263
vn -0.8058 -0.2618 0.5311
vn -0.9219 0.0954 0.3756
vn -0.9326 -0.3030 0.1961
vn -0.0388 -0.0126 0.9992
vn -0.2571 0.6593 0.7065
vn -0.9219 0.0954 0.3756
vn -0.8058 -0.2618 0.5311
vn 0.6352 0.2064 0.7442
vn 0.4726 0.7069 0.5263
vn -0.2571 0.6593 0.7065
vn -0.0388 -0.0126 0.9992
vn 0.6061 0.6614 0.4417
vn 0.4726 0.7069 0.5263
vn 0.6352 0.2064 0.7442
vn -0.9219 0.0954 0.3756
vn -0.9700 0.2433 0.0000
vn -0.9754 -0.1711 0.1387
vn -0.2571 0.6593 0.7065
vn -0.3476 0.9377 0.0000
vn -0.9700 0.2433 0.0000
vn -0.9219 0.0954 0.3756
vn 0.4726 0.7069 0.5263
vn 0.4052 0.9142 0.0000
vn -0.3476 0.9377 0.0000
vn -0.2571 0.6593 0.7065
vn 0.5496 0.8354 0.0000
vn 0.4052 0.9142 0.0000
vn 0.4726 0.7069 0.5263
vn -0.9700 0.2433 0.0000
vn -0.9219 0.0954 -0.3756
vn -0.9932 -0.1165 0.0000
vn -0.3476 0.9377 0.0000
vn -0.2571 0.6593 -0.7065
vn -0.9219 0.0954 -0.3756
vn -0.9700 0.2433 0.0000
vn 0.4052 0.9142 0.0000
vn 0.4726 0.7069 -0.5263
vn -0.2571 0.6593 -0.7065
vn -0.3476 0.9377 0.0000
vn 0.6061 0.6614 -0.4417
vn 0.4726 0.7069 -0.5263
vn 0.4052 0.9142 0.0000
vn -0.9219 0.0954 -0.3756
vn -0.8058 -0.2618 -0.5311
vn -0.9754 -0.1711 -0.1387
vn -0.2571 0.6593 -0.7065
vn -0.0388 -0.0126 -0.9992
vn -0.8058 -0.2618 -0.5311
vn -0.9219 0.0954 -0.3756
vn 0.4726 0.7069 -0.5263
vn 0.6352 0.2064 -0.7442
vn -0.0388 -0.0126 -0.9992
vn -0.2571 0.6593 -0.7065
vn 0.7427 0.2413 -0.6247
vn 0.6352 0.2064 -0.7442
vn 0.4726 0.7069 -0.5263
vn -0.8058 -0.2618 -0.5311
vn -0.6898 -0.6190 -0.3756
vn -0.9326 -0.3030 -0.1961
vn -0.0388 -0.0126 -0.9992
vn 0.1795 -0.6845 -0.7065
vn -0.6898 -0.6190 -0.3756
vn -0.8058 -0.2618 -0.5311
vn 0.6352 0.2064 -0.7442
vn 0.7978 -0.2941 -0.5263
vn 0.1795 -0.6845 -0.7065
vn -0.0388 -0.0126 -0.9992
vn 0.8792 -0.1788 -0.4417
vn 0.7978 -0.2941 -0.5263
vn 0.6352 0.2064 -0.7442
vn -0.6898 -0.6190 -0.3756
vn -0.6417 -0.7670 -0.0000
vn -0.8897 -0.4349 -0.1387
vn 0.1795 -0.6845 -0.7065
vn 0.2700 -0.9629 -0.0000
vn -0.6417 -0.7670 -0.0000
vn -0.6898 -0.6190 -0.3756
vn 0.7978 -0.2941 -0.5263
vn 0.8652 -0.5014 -0.0000
vn 0.2700 -0.9629 -0.0000
vn 0.1795 -0.6845 -0.7065
vn 0.9357 -0.3528 -0.0000
vn 0.8652 -0.5014 -0.0000
vn 0.7978 -0.2941 -0.5263
vn -0.3208 -0.7670 -0.5557
vn -0.6701 -0.6190 -0.4096
vn -0.4360 -0.4895 -0.7552
vn 0.1350 -0.9629 0.2338
vn -0.5221 -0.6845 0.5087
vn -0.6701 -0.6190 -0.4096
vn -0.3208 -0.7670 -0.5557
vn 0.4326 -0.5014 0.7493
vn -0.0568 -0.2941 0.9541
vn -0.5221 -0.6845 0.5087
vn 0.1350 -0.9629 0.2338
vn 0.0570 -0.1788 0.9822
vn -0.0568 -0.2941 0.9541
vn 0.4326 -0.5014 0.7493
vn -0.6701 -0.6190 -0.4096
vn -0.8629 -0.2618 -0.4323
vn -0.5650 -0.4349 -0.7012
vn -0.5221 -0.6845 0.5087
vn -0.8847 -0.0126 0.4660
vn -0.8629 -0.2618 -0.4323
vn -0.6701 -0.6190 -0.4096
vn -0.0568 -0.2941 0.9541
vn -0.3269 0.2064 0.9222
vn -0.8847 -0.0126 0.4660
vn -0.5221 -0.6845 0.5087
vn -0.1697 0.2413 0.9555
vn -0.3269 0.2064 0.9222
vn -0.0568 -0.2941 0.9541
vn -0.8629 -0.2618 -0.4323
vn -0.7862 0.0954 -0.6106
vn -0.6361 -0.3030 -0.7096
vn -0.8847 -0.0126 0.4660
vn -0.7404 0.6593 0.1306
vn -0.7862 0.0954 -0.6106
vn -0.8629 -0.2618 -0.4323
vn -0.3269 0.2064 0.9222
vn -0.2195 0.7069 0.6724
vn -0.7404 0.6593 0.1306
vn -0.8847 -0.0126 0.4660
vn -0.0795 0.6614 0.7458
vn -0.2195 0.7069 0.6724
vn -0.3269 0.2064 0.9222
vn -0.7862 0.0954 -0.6106
vn -0.4850 0.2433 -0.8400
vn -0.6078 -0.1711 -0.7754
vn -0.7404 0.6593 0.1306
vn -0.1738 0.9377 -0.3010
vn -0.4850 0.2433 -0.8400
vn -0.7862 0.0954 -0.6106
vn -0.2195 0.7069 0.6724
vn 0.2026 0.9142 0.3509
vn -0.1738 0.9377 -0.3010
vn -0.7404 0.6593 0.1306
vn 0.2748 0.8354 0.4760
vn 0.2026 0.9142 0.3509
vn -0.2195 0.7069 0.6724
vn -0.4850 0.2433 -0.8400
vn -0.1357 0.0954 -0.9862
vn -0.4966 -0.1165 -0.8601
vn -0.1738 0.9377 -0.3010
vn 0.4833 0.6593 -0.5759
vn -0.1357 0.0954 -0.9862
vn -0.4850 0.2433 -0.8400
vn 0.2026 0.9142 0.3509
vn 0.6921 0.7069 0.1461
vn 0.4833 0.6593 -0.5759
vn -0.1738 0.9377 -0.3010
vn 0.6856 0.6614 0.3041
vn 0.6921 0.7069 0.1461
vn 0.2026 0.9142 0.3509
vn -0.1357 0.0954 -0.9862
vn 0.0571 -0.2618 -0.9634
vn -0.3676 -0.1711 -0.9141
vn 0.4833 0.6593 -0.5759
vn 0.8459 -0.0126 -0.5332
vn 0.0571 -0.2618 -0.9634
vn -0.1357 0.0954 -0.9862
vn 0.6921 0.7069 0.1461
vn 0.9621 0.2064 0.1780
vn 0.8459 -0.0126 -0.5332
vn 0.4833 0.6593 -0.5759
vn 0.9123 0.2413 0.3308
vn 0.9621 0.2064 0.1780
vn 0.6921 0.7069 0.1461
vn 0.0571 -0.2618 -0.9634
vn -0.0196 -0.6190 -0.7851
vn -0.2965 -0.3030 -0.9057
vn 0.8459 -0.0126 -0.5332
vn 0.7016 -0.6845 -0.1978
vn -0.0196 -0.6190 -0.7851
vn 0.0571 -0.2618 -0.9634
vn 0.9621 0.2064 0.1780
vn 0.8547 -0.2941 0.4278
vn 0.7016 -0.6845 -0.1978
vn 0.8459 -0.0126 -0.5332
vn 0.8221 -0.1788 0.5405
vn 0.8547 -0.2941 0.4278
vn 0.9621 0.2064 0.1780
vn -0.0196 -0.6190 -0.7851
vn -0.3208 -0.7670 -0.5557
vn -0.3248 -0.4349 -0.8399
vn 0.7016 -0.6845 -0.1978
vn 0.1350 -0.9629 0.2338
vn -0.3208 -0.7670 -0.5557
vn -0.0196 -0.6190 -0.7851
vn 0.8547 -0.2941 0.4278
vn 0.4326 -0.5014 0.7493
vn 0.1350 -0.9629 0.2338
vn 0.7016 -0.6845 -0.1978
vn 0.4678 -0.3528 0.8103
vn 0.4326 -0.5014 0.7493
vn 0.8547 -0.2941 0.4278
vn 0.3208 -0.7670 -0.5557
vn 0.0196 -0.6190 -0.7851
vn 0.4360 -0.4895 -0.7552
vn -0.1350 -0.9629 0.2338
vn -0.7016 -0.6845 -0.1978
vn 0.0196 -0.6190 -0.7851
vn 0.3208 -0.7670 -0.5557
vn -0.4326 -0.5014 0.7493
vn -0.8547 -0.2941 0.4278
vn -0.7016 -0.6845 -0.1978
vn -0.1350 -0.9629 0.2338
vn -0.8221 -0.1788 0.5405
vn -0.8547 -0.2941 0.4278
vn -0.4326 -0.5014 0.7493
vn 0.0196 -0.6190 -0.7851
vn -0.0571 -0.2618 -0.9634
vn 0.3248 -0.4349 -0.8399
vn -0.7016 -0.6845 -0.1978
vn -0.8459 -0.0126 -0.5332
vn -0.0571 -0.2618 -0.9634
vn 0.0196 -0.6190 -0.7851
vn -0.8547 -0.2941 0.4278
vn -0.9621 0.2064 0.1780
vn -0.8459 -0.0126 -0.5332
vn -0.7016 -0.6845 -0.1978
vn -0.9123 0.2413 0.3308
vn -0.9621 0.2064 0.1780
vn -0.8547 -0.2941 0.4278
vn -0.0571 -0.2618 -0.9634
vn 0.1357 0.0954 -0.9862
vn 0.2965 -0.3030 -0.9057
vn -0.8459 -0.0126 -0.5332
vn -0.4833 0.6593 -0.5759
vn 0.1357 0.0954 -0.9862
vn -0.0571 -0.2618 -0.9634
vn -0.9621 0.2064 0.1780
vn -0.6921 0.7069 0.1461
vn -0.4833 0.6593 -0.5759
vn -0.8459 -0.0126 -0.5332
vn -0.6856 0.6614 0.3041
vn -0.6921 0.7069 0.1461
vn -0.9621 0.2064 0.1780
vn 0.1357 0.0954 -0.9862
vn 0.4850 0.2433 -0.8400
vn 0.3676 -0.1711 -0.9141
vn -0.4833 0.6593 -0.5759
vn 0.1738 0.9377 -0.3010
vn 0.4850 0.2433 -0.8400
vn 0.1357 0.0954 -0.9862
vn -0.6921 0.7069 0.1461
vn -0.2026 0.9142 0.3509
vn 0.1738 0.9377 -0.3010
vn -0.4833 0.6593 -0.5759
vn -0.2748 0.8354 0.4760
vn -0.2026 0.9142 0.3509
vn -0.6921 0.7069 0.1461
vn 0.4850 0.2433 -0.8400
vn 0.7862 0.0954 -0.6106
vn 0.4966 -0.1165 -0.8601
vn 0.1738 0.9377 -0.3010
vn 0.7404 0.6593 0.1306
vn 0.7862 0.0954 -0.6106
vn 0.4850 0.2433 -0.8400
vn -0.2026 0.9142 0.3509
vn 0.2195 0.7069 0.6724
vn 0.7404 0.6593 0.1306
vn 0.1738 0.9377 -0.3010
vn 0.0795 0.6614 0.7458
vn 0.2195 0.7069 0.6724
vn -0.2026 0.9142 0.3509
vn 0.7862 0.0954 -0.6106
vn 0.8629 -0.2618 -0.4323
vn 0.6078 -0.1711 -0.7754
vn 0.7404 0.6593 0.1306
vn 0.8847 -0.0126 0.4660
vn 0.8629 -0.2618 -0.4323
vn 0.7862 0.0954 -0.6106
vn 0.2195 0.7069 0.6724
vn 0.3269 0.2064 0.9222
vn 0.8847 -0.0126 0.4660
vn 0.7404 0.6593 0.1306
vn 0.1697 0.2413 0.9555
vn 0.3269 0.2064 0.9222
vn 0.2195 0.7069 0.6724
vn 0.8629 -0.2618 -0.4323
vn 0.6701 -0.6190 -0.4096
vn 0.6361 -0.3030 -0.7096
vn 0.8847 -0.0126 0.4660
vn 0.5221 -0.6845 0.5087
vn 0.6701 -0.6190 -0.4096
vn 0.8629 -0.2618 -0.4323
vn 0.3269 0.2064 0.9222
vn 0.0568 -0.2941 0.9541
vn 0.5221 -0.6845 0.5087
vn 0.8847 -0.0126 0.4660
vn -0.0570 -0.1788 0.9822
vn 0.0568 -0.2941 0.9541
vn 0.3269 0.2064 0.9222
vn 0.6701 -0.6190 -0.4096
vn 0.3208 -0.7670 -0.5557
vn 0.5650 -0.4349 -0.7012
vn 0.5221 -0.6845 0.5087
vn -0.1350 -0.9629 0.2338
vn 0.3208 -0.7670 -0.5557
vn 0.6701 -0.6190 -0.4096
vn 0.0568 -0.2941 0.9541
vn -0.4326 -0.5014 0.7493
vn -0.1350 -0.9629 0.2338
vn 0.5221 -0.6845 0.5087
vn -0.4678 -0.3528 0.8103
vn -0.4326 -0.5014 0.7493
vn 0.0568 -0.2941 0.9541
vn 0.6417 -0.7670 -0.0000
vn 0.6898 -0.6190 -0.3756
vn 0.8720 -0.4895 -0.0000
vn -0.2700 -0.9629 0.0000
vn -0.1795 -0.6845 -0.7065
vn 0.6898 -0.6190 -0.3756
vn 0.6417 -0.7670 -0.0000
vn -0.8652 -0.5014 0.0000
vn -0.7978 -0.2941 -0.5263
vn -0.1795 -0.6845 -0.7065
vn -0.2700 -0.9629 0.0000
vn -0.8792 -0.1788 -0.4417
vn -0.7978 -0.2941 -0.5263
vn -0.8652 -0.5014 0.0000
vn 0.6898 -0.6190 -0.3756
vn 0.8058 -0.2618 -0.5311
vn 0.8897 -0.4349 -0.1387
vn -0.1795 -0.6845 -0.7065
vn 0.0388 -0.0126 -0.9992
vn 0.8058 -0.2618 -0.5311
vn 0.6898 -0.6190 -0.3756
vn -0.7978 -0.2941 -0.5263
vn -0.6352 0.2064 -0.7442
vn 0.0388 -0.0126 -0.9992
vn -0.1795 -0.6845 -0.7065
vn -0.7427 0.2413 -0.6247
vn -0.6352 0.2064 -0.7442
vn -0.7978 -0.2941 -0.5263
vn 0.8058 -0.2618 -0.5311
vn 0.9219 0.0954 -0.3756
vn 0.9326 -0.3030 -0.1961
vn 0.0388 -0.0126 -0.9992
vn 0.2571 0.6593 -0.7065
vn 0.9219 0.0954 -0.3756
vn 0.8058 -0.2618 -0.5311
vn -0.6352 0.2064 -0.7442
vn -0.4726 0.7069 -0.5263
vn 0.2571 0.6593 -0.7065
vn 0.0388 -0.0126 -0.9992
vn -0.6061 0.6614 -0.4417
vn -0.4726 0.7069 -0.5263
vn -0.6352 0.2064 -0.7442
vn 0.9219 0.0954 -0.3756
vn 0.9700 0.2433 -0.0000
vn 0.9754 -0.1711 -0.1387
vn 0.2571 0.6593 -0.7065
vn 0.3476 0.9377 -0.0000
vn 0.9700 0.2433 -0.0000
vn 0.9219 0.0954 -0.3756
vn -0.4726 0.7069 -0.5263
vn -0.4052 0.9142 -0.0000
vn 0.3476 0.9377 -0.0000
vn 0.2571 0.6593 -0.7065
vn -0.5496 0.8354 -0.0000
vn -0.4052 0.9142 -0.0000
vn -0.4726 0.7069 -0.5263
vn 0.9700 0.2433 -0.0000
vn 0.9219 0.0954 0.3756
vn 0.9932 -0.1165 -0.0000
vn 0.3476 0.9377 -0.0000
vn 0.2571 0.6593 0.7065
vn 0.9219 0.0954 0.3756
vn 0.9700 0.2433 -0.0000
vn -0.4052 0.9142 -0.0000
vn -0.4726 0.7069 0.5263
vn 0.2571 0.6593 0.7065
vn 0.3476 0.9377 -0.0000
vn -0.6061 0.6614 0.4417
vn -0.4726 0.7069 0.5263
vn -0.4052 0.9142 -0.0000
vn 0.9219 0.0954 0.3756
vn 0.8058 -0.2618 0.5311
vn 0.9754 -0.1711 0.1387
vn 0.2571 0.6593 0.7065
vn 0.0388 -0.0126 0.9992
vn 0.8058 -0.2618 0.5311
vn 0.9219 0.0954 0.3756
vn -0.4726 0.7069 0.5263
vn -0.6352 0.2064 0.7442
vn 0.0388 -0.0126 0.9992
vn 0.2571 0.6593 0.7065
vn -0.7427 0.2413 0.6247
vn -0.6352 0.2064 0.7442
vn -0.4726 0.7069 0.5263
vn 0.8058 -0.2618 0.5311
vn 0.6898 -0.6190 0.3756
vn 0.9326 -0.3030 0.1961
vn 0.0388 -0.0126 0.9992
vn -0.1795 -0.6845 0.7065
vn 0.6898 -0.6190 0.3756
vn 0.8058 -0.2618 0.5311
vn -0.6352 0.2064 0.7442
vn -0.7978 -0.2941 0.5263
vn -0.1795 -0.6845 0.7065
vn 0.0388 -0.0126 0.9992
vn -0.8792 -0.1788 0.4417
vn -0.7978 -0.2941 0.5263
vn -0.6352 0.2064 0.7442
vn 0.6898 -0.6190 0.3756
vn 0.6417 -0.7670 0.0000
vn 0.8897 -0.4349 0.1387
vn -0.1795 -0.6845 0.7065
vn -0.2700 -0.9629 0.0000
vn 0.6417 -0.7670 0.0000
vn 0.6898 -0.6190 0.3756
vn -0.7978 -0.2941 0.5263
vn -0.8652 -0.5014 0.0000
vn -0.2700 -0.9629 0.0000
vn -0.1795 -0.6845 0.7065
vn -0.9357 -0.3528 0.0000
vn -0.8652 -0.5014 0.0000
vn -0.7978 -0.2941 0.5263
vn 0.3208 -0.7670 0.5557
vn 0.6701 -0.6190 0.4096
vn 0.4360 -0.4895 0.7552
vn -0.1350 -0.9629 -0.2338
vn 0.5221 -0.6845 -0.5087
vn 0.6701 -0.6190 0.4096
vn 0.3208 -0.7670 0.5557
vn -0.4326 -0.5014 -0.7493
vn 0.0568 -0.2941 -0.9541
vn 0.5221 -0.6845 -0.5087
vn -0.1350 -0.9629 -0.2338
vn -0.0570 -0.1788 -0.9822
vn 0.0568 -0.2941 -0.9541
vn -0.4326 -0.5014 -0.7493
vn 0.6701 -0.6190 0.4096
vn 0.8629 -0.2618 0.4323
vn 0.5650 -0.4349 0.7012
vn 0.5221 -0.6845 -0.5087
vn 0.8847 -0.0126 -0.4660
vn 0.8629 -0.2618 0.4323
vn 0.6701 -0.6190 0.4096
vn 0.0568 -0.2941 -0.9541
vn 0.3269 0.2064 -0.9222
vn 0.8847 -0.0126 -0.4660
vn 0.5221 -0.6845 -0.5087
vn 0.1697 0.2413 -0.9555
vn 0.3269 0.2064 -0.9222
vn 0.0568 -0.2941 -0.9541
vn 0.8629 -0.2618 0.4323
vn 0.7862 0.0954 0.6106
vn 0.6361 -0.3030 0.7096
vn 0.8847 -0.0126 -0.4660
vn 0.7404 0.6593 -0.1306
vn 0.7862 0.0954 0.6106
vn 0.8629 -0.2618 0.4323
vn 0.3269 0.2064 -0.9222
vn 0.2195 0.7069 -0.6724
vn 0.7404 0.6593 -0.1306
vn 0.8847 -0.0126 -0.4660
vn 0.0795 0.6614 -0.7458
vn 0.2195 0.7069 -0.6724
vn 0.3269 0.2064 -0.9222
vn 0.7862 0.0954 0.6106
vn 0.4850 0.2433 0.8400
vn 0.6078 -0.1711 0.7754
vn 0.7404 0.6593 -0.1306
vn 0.1738 0.9377 0.3010
vn 0.4850 0.2433 0.8400
vn 0.7862 0.0954 0.6106
vn 0.2195 0.7069 -0.6724
vn -0.2026 0.9142 -0.3509
vn 0.1738 0.9377 0.3010
vn 0.7404 0.6593 -0.1306
vn -0.2748 0.8354 -0.4760
vn -0.2026 0.9142 -0.3509
vn 0.2195 0.7069 -0.6724
vn 0.4850 0.2433 0.8400
vn 0.1357 0.0954 0.9862
vn 0.4966 -0.1165 0.8601
vn 0.1738 0.9377 0.3010
vn -0.4833 0.6593 0.5759
vn 0.1357 0.0954 0.9862
vn 0.4850 0.2433 0.8400
vn -0.2026 0.9142 -0.3509
vn -0.6921 0.7069 -0.1461
vn -0.4833 0.6593 0.5759
vn 0.1738 0.9377 0.3010
vn -0.6856 0.6614 -0.3041
vn -0.6921 0.7069 -0.1461
vn -0.2026 0.9142 -0.3509
vn 0.1357 0.0954 0.9862
vn -0.0571 -0.2618 0.9634
vn 0.3676 -0.1711 0.9141
vn -0.4833 0.6593 0.5759
vn -0.8459 -0.0126 0.5332
vn -0.0571 -0.2618 0.9634
vn 0.1357 0.0954 0.9862
vn -0.6921 0.7069 -0.1461
vn -0.9621 0.2064 -0.1780
vn -0.8459 -0.0126 0.5332
vn -0.4833 0.6593 0.5759
vn -0.9123 0.2413 -0.3308
vn -0.9621 0.2064 -0.1780
vn -0.6921 0.7069 -0.1461
vn -0.0571 -0.2618 0.9634
vn 0.0196 -0.6190 0.7851
vn 0.2965 -0.3030 0.9057
vn -0.8459 -0.0126 0.5332
vn -0.7016 -0.6845 0.1978
vn 0.0196 -0.6190 0.7851
vn -0.0571 -0.2618 0.9634
vn -0.9621 0.2064 -0.1780
vn -0.8547 -0.2941 -0.4278
vn -0.7016 -0.6845 0.1978
vn -0.8459 -0.0126 0.5332
vn -0.8221 -0.1788 -0.5405
vn -0.8547 -0.2941 -0.4278
vn -0.9621 0.2064 -0.1780
vn 0.0196 -0.6190 0.7851
vn 0.3208 -0.7670 0.5557
vn 0.3248 -0.4349 0.8399
vn -0.7016 -0.6845 0.1978
vn -0.1350 -0.9629 -0.2338
vn 0.3208 -0.7670 0.5557
vn 0.0196 -0.6190 0.7851
vn -0.8547 -0.2941 -0.4278
vn -0.4326 -0.5014 -0.7493
vn -0.1350 -0.9629 -0.2338
vn -0.7016 -0.6845 0.1978
vn -0.4678 -0.3528 -0.8103
vn -0.4326 -0.5014 -0.7493
vn -0.8547 -0.2941 -0.4278
vn -0.3208 -0.7670 0.5557
vn -0.0196 -0.6190 0.7851
vn -0.4360 -0.4895 0.7552
vn 0.1350 -0.9629 -0.2338
vn 0.7016 -0.6845 0.1978
vn -0.0196 -0.6190 0.7851
vn -0.3208 -0.7670 0.5557
vn 0.4326 -0.5014 -0.7493
vn 0.8547 -0.2941 -0.4278
vn 0.7016 -0.6845 0.1978
vn 0.1350 -0.9629 -0.2338
vn 0.8221 -0.1788 -0.5405
vn 0.8547 -0.2941 -0.4278
vn 0.4326 -0.5014 -0.7493
vn -0.0196 -0.6190 0.7851
vn 0.0571 -0.2618 0.9634
vn -0.3248 -0.4349 0.8399
vn 0.7016 -0.6845 0.1978
vn 0.8459 -0.0126 0.5332
vn 0.0571 -0.2618 0.9634
vn -0.0196 -0.6190 0.7851
vn 0.8547 -0.2941 -0.4278
vn 0.9621 0.2064 -0.1780
vn 0.8459 -0.0126 0.5332
vn 0.7016 -0.6845 0.1978
vn 0.9123 0.2413 -0.3308
vn 0.9621 0.2064 -0.1780
vn 0.8547 -0.2941 -0.4278
vn 0.0571 -0.2618 0.9634
vn -0.1357 0.0954 0.9862
vn -0.2965 -0.3030 0.9057
vn 0.8459 -0.0126 0.5332
vn 0.4833 0.6593 0.5759
vn -0.1357 0.0954 0.9862
vn 0.0571 -0.2618 0.9634
vn 0.9621 0.2064 -0.1780
vn 0.6921 0.7069 -0.1461
vn 0.4833 0.6593 0.5759
vn 0.8459 -0.0126 0.5332
vn 0.6856 0.6614 -0.3041
vn 0.6921 0.7069 -0.1461
vn 0.9621 0.2064 -0.1780
vn -0.1357 0.0954 0.9862
vn -0.4850 0.2433 0.8400
vn -0.3676 -0.1711 0.9141
vn 0.4833 0.6593 0.5759
vn -0.1738 0.9377 0.3010
vn -0.4850 0.2433 0.8400
vn -0.1357 0.0954 0.9862
vn 0.6921 0.7069 -0.1461
vn 0.2026 0.9142 -0.3509
vn -0.1738 0.9377 0.3010
vn 0.4833 0.6593 0.5759
vn 0.2748 0.8354 -0.4760
vn 0.2026 0.9142 -0.3509
vn 0.6921 0.7069 -0.1461
vn -0.4850 0.2433 0.8400
vn -0.7862 0.0954 0.6106
vn -0.4966 -0.1165 0.8601
vn -0.1738 0.9377 0.3010
vn -0.7404 0.6593 -0.1306
vn -0.7862 0.0954 0.6106
vn -0.4850 0.2433 0.8400
vn 0.2026 0.9142 -0.3509
vn -0.2195 0.7069 -0.6724
vn -0.7404 0.6593 -0.1306
vn -0.1738 0.9377 0.3010
vn -0.0795 0.6614 -0.7458
vn -0.2195 0.7069 -0.6724
vn 0.2026 0.9142 -0.3509
vn -0.7862 0.0954 0.6106
vn -0.8629 -0.2618 0.4323
vn -0.6078 -0.1711 0.7754
vn -0.7404 0.6593 -0.1306
vn -0.8847 -0.0126 -0.4660
vn -0.8629 -0.2618 0.4323
vn -0.7862 0.0954 0.6106
vn -0.2195 0.7069 -0.6724
vn -0.3269 0.2064 -0.9222
vn -0.8847 -0.0126 -0.4660
vn -0.7404 0.6593 -0.1306
vn -0.1697 0.2413 -0.9555
vn -0.3269 0.2064 -0.9222
vn -0.2195 0.7069 -0.6724
vn -0.8629 -0.2618 0.4323
vn -0.6701 -0.6190 0.4096
vn -0.6361 -0.3030 0.7096
vn -0.8847 -0.0126 -0.4660
vn -0.5221 -0.6845 -0.5087
vn -0.6701 -0.6190 0.4096
vn -0.8629 -0.2618 0.4323
vn -0.3269 0.2064 -0.9222
vn -0.0568 -0.2941 -0.9541
vn -0.5221 -0.6845 -0.5087
vn -0.8847 -0.0126 -0.4660
vn 0.0570 -0.1788 -0.9822
vn -0.0568 -0.2941 -0.9541
vn -0.3269 0.2064 -0.9222
vn -0.6701 -0.6190 0.4096
vn -0.3208 -0.7670 0.5557
vn -0.5650 -0.4349 0.7012
vn -0.5221 -0.6845 -0.5087
vn 0.1350 -0.9629 -0.2338
vn -0.3208 -0.7670 0.5557
vn -0.6701 -0.6190 0.4096
vn -0.0568 -0.2941 -0.9541
vn 0.4326 -0.5014 -0.7493
vn 0.1350 -0.9629 -0.2338
vn -0.5221 -0.6845 -0.5087
vn 0.4678 -0.3528 -0.8103
vn 0.4326 -0.5014 -0.7493
vn -0.0568 -0.2941 -0.9541
vn 0.6715 0.3134 0.6715
vn 0.6715 0.3134 0.6715
vn 0.6715 0.3134 0.6715
vn 0.0000 -1.0000 0.0000
vn 0.0000 -1.0000 0.0000
vn 0.0000 -1.0000 0.0000
vn -0.6715 0.3134 0.6715
vn -0.6715 0.3134 0.6715
vn -0.6715 0.3134 0.6715
vn 0.0000 -1.0000 0.0000
vn 0.0000 -1.0000 0.0000
vn 0.0000 -1.0000 0.0000
vn -0.6715 0.3134 -0.6715
vn -0.6715 0.3134 -0.6715
vn -0.6715 0.3134 -0.6715
vn 0.0000 -1.0000 0.0000
vn 0.0000 -1.0000 0.0000
vn 0.0000 -1.0000 0.0000
vn 0.6715 0.3134 -0.6715
vn 0.6715 0.3134 -0.6715
vn 0.6715 0.3134 -0.6715
vn 0.0000 -1.0000 0.0000
vn 0.0000 -1.0000 0.0000
vn 0.0000 -1.0000 0.0000
vn 0.6715 0.3134 0.6715
vn 0.6715 0.3134 0.6715
vn 0.6715 0.3134 0.6715
vn 0.0000 -1.0000 0.0000
vn 0.0000 -1.0000 0.0000
vn 0.0000 -1.0000 0.0000
vn -0.6715 0.3134 0.6715
vn -0.6715 0.3134 0.6715
vn -0.6715 0.3134 0.6715
vn 0.0000 -1.0000 0.0000
vn 0.0000 -1.0000 0.0000
vn 0.0000 -1.0000 0.0000
vn -0.6715 0.3134 -0.6715
vn -0.6715 0.3134 -0.6715
vn -0.6715 0.3134 -0.6715
vn 0.0000 -1.0000 0.0000
vn 0.0000 -1.0000 0.0000
vn 0.0000 -1.0000 0.0000
vn 0.6715 0.3134 -0.6715
vn 0.6715 0.3134 -0.6715
vn 0.6715 0.3134 -0.6715
vn 0.0000 -1.0000 0.0000
vn 0.0000 -1.0000 0.0000
vn 0.0000 -1.0000 0.0000
vn 0.6715 0.3134 0.6715
vn 0.6715 0.3134 0.6715
vn 0.6715 0.3134 0.6715
vn 0.0000 -1.0000 0.0000
vn 0.0000 -1.0000 0.0000
vn 0.0000 -1.0000 0.0000
vn -0.6715 0.3134 0.6715
vn -0.6715 0.3134 0.6715
vn -0.6715 0.3134 0.6715
vn 0.0000 -1.0000 0.0000
vn 0.0000 -1.0000 0.0000
vn 0.0000 -1.0000 0.0000
vn -0.6715 0.3134 -0.6715
vn -0.6715 0.3134 -0.6715
vn -0.6715 0.3134 -0.6715
vn 0.0000 -1.0000 0.0000
vn 0.0000 -1.0000 0.0000
vn 0.0000 -1.0000 0.0000
vn 0.6715 0.3134 -0.6715
vn 0.6715 0.3134 -0.6715
vn 0.6715 0.3134 -0.6715
vn 0.0000 -1.0000 0.0000
vn 0.0000 -1.0000 0.0000
vn 0.0000 -1.0000 0.0000
vn 0.6715 0.3134 0.6715
vn 0.6715 0.3134 0.6715
vn 0.6715 0.3134 0.6715
vn 0.0000 -1.0000 0.0000
vn 0.0000 -1.0000 0.0000
vn 0.0000 -1.0000 0.0000
vn -0.6715 0.3134 0.6715
vn -0.6715 0.3134 0.6715
vn -0.6715 0.3134 0.6715
vn 0.0000 -1.0000 0.0000
vn 0.0000 -1.0000 0.0000
vn 0.0000 -1.0000 0.0000
vn -0.6715 0.3134 -0.6715
vn -0.6715 0.3134 -0.6715
vn -0.6715 0.3134 -0.6715
vn 0.0000 -1.0000 0.0000
vn 0.0000 -1.0000 0.0000
vn 0.0000 -1.0000 0.0000
vn 0.6715 0.3134 -0.6715
vn 0.6715 0.3134 -0.6715
vn 0.6715 0.3134 -0.6715
vn 0.0000 -1.0000 0.0000
vn 0.0000 -1.0000 0.0000
vn 0.0000 -1.0000 0.0000
vn 0.6715 0.3134 0.6715
vn 0.6715 0.3134 0.6715
vn 0.6715 0.3134 0.6715
vn 0.0000 -1.0000 0.0000
vn 0.0000 -1.0000 0.0000
vn 0.0000 -1.0000 0.0000
vn -0.6715 0.3134 0.6715
vn -0.6715 0.3134 0.6715
vn -0.6715 0.3134 0.6715
vn 0.0000 -1.0000 0.0000
vn 0.0000 -1.0000 0.0000
vn 0.0000 -1.0000 0.0000
vn -0.6715 0.3134 -0.6715
vn -0.6715 0.3134 -0.6715
vn -0.6715 0.3134 -0.6715
vn 0.0000 -1.0000 0.0000
vn 0.0000 -1.0000 0.0000
vn 0.0000 -1.0000 0.0000
vn 0.6715 0.3134 -0.6715
vn 0.6715 0.3134 -0.6715
vn 0.6715 0.3134 -0.6715
vn 0.0000 -1.0000 0.0000
vn 0.0000 -1.0000 0.0000
vn 0.0000 -1.0000 0.0000
vn 0.6715 0.3134 0.6715
vn 0.6715 0.3134 0.6715
vn 0.6715 0.3134 0.6715
vn 0.0000 -1.0000 0.0000
vn 0.0000 -1.0000 0.0000
vn 0.0000 -1.0000 0.0000
vn -0.6715 0.3134 0.6715
vn -0.6715 0.3134 0.6715
vn -0.6715 0.3134 0.6715
vn 0.0000 -1.0000 0.0000
vn 0.0000 -1.0000 0.0000
vn 0.0000 -1.0000 0.0000
vn -0.6715 0.3134 -0.6715
vn -0.6715 0.3134 -0.6715
vn -0.6715 0.3134 -0.6715
vn 0.0000 -1.0000 0.0000
vn 0.0000 -1.0000 0.0000
vn 0.0000 -1.0000 0.0000
vn 0.6715 0.3134 -0.6715
vn 0.6715 0.3134 -0.6715
vn 0.6715 0.3134 -0.6715
vn 0.0000 -1.0000 0.0000
vn 0.0000 -1.0000 0.0000
vn 0.0000 -1.0000 0.0000
vn 0.6715 0.3134 0.6715
vn 0.6715 0.3134 0.6715
vn 0.6715 0.3134 0.6715
vn 0.0000 -1.0000 0.0000
vn 0.0000 -1.0000 0.0000
vn 0.0000 -1.0000 0.0000
vn -0.6715 0.3134 0.6715
vn -0.6715 0.3134 0.6715
vn -0.6715 0.3134 0.6715
vn 0.0000 -1.0000 0.0000
vn 0.0000 -1.0000 0.0000
vn 0.0000 -1.0000 0.0000
vn -0.6715 0.3134 -0.6715
vn -0.6715 0.3134 -0.6715
vn -0.6715 0.3134 -0.6715
vn 0.0000 -1.0000 0.0000
vn 0.0000 -1.0000 0.0000
vn 0.0000 -1.0000 0.0000
vn 0.6715 0.3134 -0.6715
vn 0.6715 0.3134 -0.6715
vn 0.6715 0.3134 -0.6715
vn 0.0000 -1.0000 0.0000
vn 0.0000 -1.0000 0.0000
vn 0.0000 -1.0000 0.0000
vn 0.6715 0.3134 0.6715
vn 0.6715 0.3134 0.6715
vn 0.6715 0.3134 0.6715
vn 0.0000 -1.0000 0.0000
vn 0.0000 -1.0000 0.0000
vn 0.0000 -1.0000 0.0000
vn -0.6715 0.3134 0.6715
vn -0.6715 0.3134 0.6715
vn -0.6715 0.3134 0.6715
vn 0.0000 -1.0000 0.0000
vn 0.0000 -1.0000 0.0000
vn 0.0000 -1.0000 0.0000
vn -0.6715 0.3134 -0.6715
vn -0.6715 0.3134 -0.6715
vn -0.6715 0.3134 -0.6715
vn 0.0000 -1.0000 0.0000
vn 0.0000 -1.0000 0.0000
vn 0.0000 -1.0000 0.0000
vn 0.6715 0.3134 -0.6715
vn 0.6715 0.3134 -0.6715
vn 0.6715 0.3134 -0.6715
vn 0.0000 -1.0000 0.0000
vn 0.0000 -1.0000 0.0000
vn 0.0000 -1.0000 0.0000
vn 0.6715 0.3134 0.6715
vn 0.6715 0.3134 0.6715
vn 0.6715 0.3134 0.6715
vn 0.0000 -1.0000 0.0000
vn 0.0000 -1.0000 0.0000
vn 0.0000 -1.0000 0.0000
vn -0.6715 0.3134 0.6715
vn -0.6715 0.3134 0.6715
vn -0.6715 0.3134 0.6715
vn 0.0000 -1.0000 0.0000
vn 0.0000 -1.0000 0.0000
vn 0.0000 -1.0000 0.0000
vn -0.6715 0.3134 -0.6715
vn -0.6715 0.3134 -0.6715
vn -0.6715 0.3134 -0.6715
vn 0.0000 -1.0000 0.0000
vn 0.0000 -1.0000 0.0000
vn 0.0000 -1.0000 0.0000
vn 0.6715 0.3134 -0.6715
vn 0.6715 0.3134 -0.6715
vn 0.6715 0.3134 -0.6715
vn 0.0000 -1.0000 0.0000
vn 0.0000 -1.0000 0.0000
vn 0.0000 -1.0000 0.0000
vn 0.6715 0.3134 0.6715
vn 0.6715 0.3134 0.6715
vn 0.6715 0.3134 0.6715
vn 0.0000 -1.0000 0.0000
vn 0.0000 -1.0000 0.0000
vn 0.0000 -1.0000 0.0000
vn -0.6715 0.3134 0.6715
vn -0.6715 0.3134 0.6715
vn -0.6715 0.3134 0.6715
vn 0.0000 -1.0000 0.0000
vn 0.0000 -1.0000 0.0000
vn 0.0000 -1.0000 0.0000
vn -0.6715 0.3134 -0.6715
vn -0.6715 0.3134 -0.6715
vn -0.6715 0.3134 -0.6715
vn 0.0000 -1.0000 0.0000
vn 0.0000 -1.0000 0.0000
vn 0.0000 -1.0000 0.0000
vn 0.6715 0.3134 -0.6715
vn 0.6715 0.3134 -0.6715
vn 0.6715 0.3134 -0.6715
vn 0.0000 -1.0000 0.0000
vn 0.0000 -1.0000 0.0000
vn 0.0000 -1.0000 0.0000
vn 0.6715 0.3134 0.6715
vn 0.6715 0.3134 0.6715
vn 0.6715 0.3134 0.6715
vn 0.0000 -1.0000 0.0000
vn 0.0000 -1.0000 0.0000
vn 0.0000 -1.0000 0.0000
vn -0.6715 0.3134 0.6715
vn -0.6715 0.3134 0.6715
vn -0.6715 0.3134 0.6715
vn 0.0000 -1.0000 0.0000
vn 0.0000 -1.0000 0.0000
vn 0.0000 -1.0000 0.0000
vn -0.6715 0.3134 -0.6715
vn -0.6715 0.3134 -0.6715
vn -0.6715 0.3134 -0.6715
vn 0.0000 -1.0000 0.0000
vn 0.0000 -1.0000 0.0000
vn 0.0000 -1.0000 0.0000
vn 0.6715 0.3134 -0.6715
vn 0.6715 0.3134 -0.6715
vn 0.6715 0.3134 -0.6715
vn 0.0000 -1.0000 0.0000
vn 0.0000 -1.0000 0.0000
vn 0.0000 -1.0000 0.0000
vn 0.6715 0.3134 0.6715
vn 0.6715 0.3134 0.6715
vn 0.6715 0.3134 0.6715
vn 0.0000 -1.0000 0.0000
vn 0.0000 -1.0000 0.0000
vn 0.0000 -1.0000 0.0000
vn -0.6715 0.3134 0.6715
vn -0.6715 0.3134 0.6715
vn -0.6715 0.3134 0.6715
vn 0.0000 -1.0000 0.0000
vn 0.0000 -1.0000 0.0000
vn 0.0000 -1.0000 0.0000
vn -0.6715 0.3134 -0.6715
vn -0.6715 0.3134 -0.6715
vn -0.6715 0.3134 -0.6715
vn 0.0000 -1.0000 0.0000
vn 0.0000 -1.0000 0.0000
vn 0.0000 -1.0000 0.0000
vn 0.6715 0.3134 -0.6715
vn 0.6715 0.3134 -0.6715
vn 0.6715 0.3134 -0.6715
vn 0.0000 -1.0000 0.0000
vn 0.0000 -1.0000 0.0000
vn 0.0000 -1.0000 0.0000
vn 0.3420 -0.9397 0.0000
vn 0.3081 -0.9397 0.1484
vn 0.1736 -0.9848 0.0000
vn 0.6428 -0.7660 0.0000
vn 0.5791 -0.7660 0.2789
vn 0.3081 -0.9397 0.1484
vn 0.3420 -0.9397 0.0000
vn 0.8660 -0.5000 0.0000
vn 0.7803 -0.5000 0.3758
vn 0.5791 -0.7660 0.2789
vn 0.6428 -0.7660 0.0000
vn 0.9848 -0.1736 0.0000
vn 0.8873 -0.1736 0.4273
vn 0.7803 -0.5000 0.3758
vn 0.8660 -0.5000 0.0000
vn 0.9848 0.1736 0.0000
vn 0.8873 0.1736 0.4273
vn 0.8873 -0.1736 0.4273
vn 0.9848 -0.1736 0.0000
vn 0.8660 0.5000 0.0000
vn 0.7803 0.5000 0.3758
vn 0.8873 0.1736 0.4273
vn 0.9848 0.1736 0.0000
vn 0.6428 0.7660 0.0000
vn 0.5791 0.7660 0.2789
vn 0.7803 0.5000 0.3758
vn 0.8660 0.5000 0.0000
vn 0.3420 0.9397 0.0000
vn 0.3081 0.9397 0.1484
vn 0.5791 0.7660 0.2789
vn 0.6428 0.7660 0.0000
vn 0.1565 0.9848 0.0753
vn 0.3081 0.9397 0.1484
vn 0.3420 0.9397 0.0000
vn 0.3081 -0.9397 0.1484
vn 0.2132 -0.9397 0.2674
vn 0.1565 -0.9848 0.0753
vn 0.5791 -0.7660 0.2789
vn 0.4008 -0.7660 0.5026
vn 0.2132 -0.9397 0.2674
vn 0.3081 -0.9397 0.1484
vn 0.7803 -0.5000 0.3758
vn 0.5400 -0.5000 0.6771
vn 0.4008 -0.7660 0.5026
vn 0.5791 -0.7660 0.2789
vn 0.8873 -0.1736 0.4273
vn 0.6140 -0.1736 0.7700
vn 0.5400 -0.5000 0.6771
vn 0.7803 -0.5000 0.3758
vn 0.8873 0.1736 0.4273
vn 0.6140 0.1736 0.7700
vn 0.6140 -0.1736 0.7700
vn 0.8873 -0.1736 0.4273
vn 0.7803 0.5000 0.3758
vn 0.5400 0.5000 0.6771
vn 0.6140 0.1736 0.7700
vn 0.8873 0.1736 0.4273
vn 0.5791 0.7660 0.2789
vn 0.4008 0.7660 0.5026
vn 0.5400 0.5000 0.6771
vn 0.7803 0.5000 0.3758
vn 0.3081 0.9397 0.1484
vn 0.2132 0.9397 0.2674
vn 0.4008 0.7660 0.5026
vn 0.5791 0.7660 0.2789
vn 0.1083 0.9848 0.1358
vn 0.2132 0.9397 0.2674
vn 0.3081 0.9397 0.1484
vn 0.2132 -0.9397 0.2674
vn 0.0761 -0.9397 0.3334
vn 0.1083 -0.9848 0.1358
vn 0.4008 -0.7660 0.5026
vn 0.1430 -0.7660 0.6267
vn 0.0761 -0.9397 0.3334
vn 0.2132 -0.9397 0.2674
vn 0.5400 -0.5000 0.6771
vn 0.1927 -0.5000 0.8443
vn 0.1430 -0.7660 0.6267
vn 0.4008 -0.7660 0.5026
vn 0.6140 -0.1736 0.7700
vn 0.2191 -0.1736 0.9601
vn 0.1927 -0.5000 0.8443
vn 0.5400 -0.5000 0.6771
vn 0.6140 0.1736 0.7700
vn 0.2191 0.1736 0.9601
vn 0.2191 -0.1736 0.9601
vn 0.6140 -0.1736 0.7700
vn 0.5400 0.5000 0.6771
vn 0.1927 0.5000 0.8443
vn 0.2191 0.1736 0.9601
vn 0.6140 0.1736 0.7700
vn 0.4008 0.7660 0.5026
vn 0.1430 0.7660 0.6267
vn 0.1927 0.5000 0.8443
vn 0.5400 0.5000 0.6771
vn 0.2132 0.9397 0.2674
vn 0.0761 0.9397 0.3334
vn 0.1430 0.7660 0.6267
vn 0.4008 0.7660 0.5026
vn 0.0386 0.9848 0.1693
vn 0.0761 0.9397 0.3334
vn 0.2132 0.9397 0.2674
vn 0.0761 -0.9397 0.3334
vn -0.0761 -0.9397 0.3334
vn 0.0386 -0.9848 0.1693
vn 0.1430 -0.7660 0.6267
vn -0.1430 -0.7660 0.6267
vn -0.0761 -0.9397 0.3334
vn 0.0761 -0.9397 0.3334
vn 0.1927 -0.5000 0.8443
vn -0.1927 -0.5000 0.8443
vn -0.1430 -0.7660 0.6267
vn 0.1430 -0.7660 0.6267
vn 0.2191 -0.1736 0.9601
vn -0.2191 -0.1736 0.9601
vn -0.1927 -0.5000 0.8443
vn 0.1927 -0.5000 0.8443
vn 0.2191 0.1736 0.9601
vn -0.2191 0.1736 0.9601
vn -0.2191 -0.1736 0.9601
vn 0.2191 -0.1736 0.9601
vn 0.1927 0.5000 0.8443
vn -0.1927 0.5000 0.8443
vn -0.2191 0.1736 0.9601
vn 0.2191 0.1736 0.9601
vn 0.1430 0.7660 0.6267
vn -0.1430 0.7660 0.6267
vn -0.1927 0.5000 0.8443
vn 0.1927 0.5000 0.8443
vn 0.0761 0.9397 0.3334
vn -0.0761 0.9397 0.3334
vn -0.1430 0.7660 0.6267
vn 0.1430 0.7660 0.6267
vn -0.0386 0.9848 0.1693
vn -0.0761 0.9397 0.3334
vn 0.0761 0.9397 0.3334
vn -0.0761 -0.9397 0.3334
vn -0.2132 -0.9397 0.2674
vn -0.0386 -0.9848 0.1693
vn -0.1430 -0.7660 0.6267
vn -0.4008 -0.7660 0.5026
vn -0.2132 -0.9397 0.2674
vn -0.0761 -0.9397 0.3334
vn -0.1927 -0.5000 0.8443
vn -0.5400 -0.5000 0.6771
vn -0.4008 -0.7660 0.5026
vn -0.1430 -0.7660 0.6267
vn -0.2191 -0.1736 0.9601
vn -0.6140 -0.1736 0.7700
vn -0.5400 -0.5000 0.6771
vn -0.1927 -0.5000 0.8443
vn -0.2191 0.1736 0.9601
vn -0.6140 0.1736 0.7700
vn -0.6140 -0.1736 0.7700
vn -0.2191 -0.1736 0.9601
vn -0.1927 0.5000 0.8443
vn -0.5400 0.5000 0.6771
vn -0.6140 0.1736 0.7700
vn -0.2191 0.1736 0.9601
vn -0.1430 0.7660 0.6267
vn -0.4008 0.7660 0.5026
vn -0.5400 0.5000 0.6771
vn -0.1927 0.5000 0.8443
vn -0.0761 0.9397 0.3334
vn -0.2132 0.9397 0.2674
vn -0.4008 0.7660 0.5026
vn -0.1430 0.7660 0.6267
vn -0.1083 0.9848 0.1358
vn -0.2132 0.9397 0.2674
vn -0.0761 0.9397 0.3334
vn -0.2132 -0.9397 0.2674
vn -0.3081 -0.9397 0.1484
vn -0.1083 -0.9848 0.1358
vn -0.4008 -0.7660 0.5026
vn -0.5791 -0.7660 0.2789
vn -0.3081 -0.9397 0.1484
vn -0.2132 -0.9397 0.2674
vn -0.5400 -0.5000 0.6771
vn -0.7803 -0.5000 0.3758
vn -0.5791 -0.7660 0.2789
vn -0.4008 -0.7660 0.5026
vn -0.6140 -0.1736 0.7700
vn -0.8873 -0.1736 0.4273
vn -0.7803 -0.5000 0.3758
vn -0.5400 -0.5000 0.6771
vn -0.6140 0.1736 0.7700
vn -0.8873 0.1736 0.4273
vn -0.8873 -0.1736 0.4273
vn -0.6140 -0.1736 0.7700
vn -0.5400 0.5000 0.6771
vn -0.7803 0.5000 0.3758
vn -0.8873 0.1736 0.4273
vn -0.6140 0.1736 0.7700
vn -0.4008 0.7660 0.5026
vn -0.5791 0.7660 0.2789
vn -0.7803 0.5000 0.3758
vn -0.5400 0.5000 0.6771
vn -0.2132 0.9397 0.2674
vn -0.3081 0.9397 0.1484
vn -0.5791 0.7660 0.2789
vn -0.4008 0.7660 0.5026
vn -0.1565 0.9848 0.0753
vn -0.3081 0.9397 0.1484
vn -0.2132 0.9397 0.2674
vn -0.3081 -0.9397 0.1484
vn -0.3420 -0.9397 0.0000
vn -0.1565 -0.9848 0.0753
vn -0.5791 -0.7660 0.2789
vn -0.6428 -0.7660 0.0000
vn -0.3420 -0.9397 0.0000
vn -0.3081 -0.9397 0.1484
vn -0.7803 -0.5000 0.3758
vn -0.8660 -0.5000 0.0000
vn -0.6428 -0.7660 0.0000
vn -0.5791 -0.7660 0.2789
vn -0.8873 -0.1736 0.4273
vn -0.9848 -0.1736 0.0000
vn -0.8660 -0.5000 0.0000
vn -0.7803 -0.5000 0.3758
vn -0.8873 0.1736 0.4273
vn -0.9848 0.1736 0.0000
vn -0.9848 -0.1736 0.0000
vn -0.8873 -0.1736 0.4273
vn -0.7803 0.5000 0.3758
vn -0.8660 0.5000 0.0000
vn -0.9848 0.1736 0.0000
vn -0.8873 0.1736 0.4273
vn -0.5791 0.7660 0.2789
vn -0.6428 0.7660 0.0000
vn -0.8660 0.5000 0.0000
vn -0.7803 0.5000 0.3758
vn -0.3081 0.9397 0.1484
vn -0.3420 0.9397 0.0000
vn -0.6428 0.7660 0.0000
vn -0.5791 0.7660 0.2789
vn -0.1736 0.9848 0.0000
vn -0.3420 0.9397 0.0000
vn -0.3081 0.9397 0.1484
vn -0.3420 -0.9397 0.0000
vn -0.3081 -0.9397 -0.1484
vn -0.1736 -0.9848 0.0000
vn -0.6428 -0.7660 0.0000
vn -0.5791 -0.7660 -0.2789
vn -0.3081 -0.9397 -0.1484
vn -0.3420 -0.9397 0.0000
vn -0.8660 -0.5000 0.0000
vn -0.7803 -0.5000 -0.3758
vn -0.5791 -0.7660 -0.2789
vn -0.6428 -0.7660 0.0000
vn -0.9848 -0.1736 0.0000
vn -0.8873 -0.1736 -0.4273
vn -0.7803 -0.5000 -0.3758
vn -0.8660 -0.5000 0.0000
vn -0.9848 0.1736 0.0000
vn -0.8873 0.1736 -0.4273
vn -0.8873 -0.1736 -0.4273
vn -0.9848 -0.1736 0.0000
vn -0.8660 0.5000 0.0000
vn -0.7803 0.5000 -0.3758
vn -0.8873 0.1736 -0.4273
vn -0.9848 0.1736 0.0000
vn -0.6428 0.7660 0.0000
vn -0.5791 0.7660 -0.2789
vn -0.7803 0.5000 -0.3758
vn -0.8660 0.5000 0.0000
vn -0.3420 0.9397 0.0000
vn -0.3081 0.9397 -0.1484
vn -0.5791 0.7660 -0.2789
vn -0.6428 0.7660 0.0000
vn -0.1565 0.9848 -0.0753
vn -0.3081 0.9397 -0.1484
vn -0.3420 0.9397 0.0000
vn -0.3081 -0.9397 -0.1484
vn -0.2132 -0.9397 -0.2674
vn -0.1565 -0.9848 -0.0753
vn -0.5791 -0.7660 -0.2789
vn -0.4008 -0.7660 -0.5026
vn -0.2132 -0.9397 -0.2674
vn -0.3081 -0.9397 -0.1484
vn -0.7803 -0.5000 -0.3758
vn -0.5400 -0.5000 -0.6771
vn -0.4008 -0.7660 -0.5026
vn -0.5791 -0.7660 -0.2789
vn -0.8873 -0.1736 -0.4273
vn -0.6140 -0.1736 -0.7700
vn -0.5400 -0.5000 -0.6771
vn -0.7803 -0.5000 -0.3758
vn -0.8873 0.1736 -0.4273
vn -0.6140 0.1736 -0.7700
vn -0.6140 -0.1736 -0.7700
vn -0.8873 -0.1736 -0.4273
vn -0.7803 0.5000 -0.3758
vn -0.5400 0.5000 -0.6771
vn -0.6140 0.1736 -0.7700
vn -0.8873 0.1736 -0.4273
vn -0.5791 0.7660 -0.2789
vn -0.4008 0.7660 -0.5026
vn -0.5400 0.5000 -0.6771
vn -0.7803 0.5000 -0.3758
vn -0.3081 0.9397 -0.1484
vn -0.2132 0.9397 -0.2674
vn -0.4008 0.7660 -0.5026
vn -0.5791 0.7660 -0.2789
vn -0.1083 0.9848 -0.1358
vn -0.2132 0.9397 -0.2674
vn -0.3081 0.9397 -0.1484
vn -0.2132 -0.9397 -0.2674
vn -0.0761 -0.9397 -0.3334
vn -0.1083 -0.9848 -0.1358
vn -0.4008 -0.7660 -0.5026
vn -0.1430 -0.7660 -0.6267
vn -0.0761 -0.9397 -0.3334
vn -0.2132 -0.9397 -0.2674
vn -0.5400 -0.5000 -0.6771
vn -0.1927 -0.5000 -0.8443
vn -0.1430 -0.7660 -0.6267
vn -0.4008 -0.7660 -0.5026
vn -0.6140 -0.1736 -0.7700
vn -0.2191 -0.1736 -0.9601
vn -0.1927 -0.5000 -0.8443
vn -0.5400 -0.5000 -0.6771
vn -0.6140 0.1736 -0.7700
vn -0.2191 0.1736 -0.9601
vn -0.2191 -0.1736 -0.9601
vn -0.6140 -0.1736 -0.7700
vn -0.5400 0.5000 -0.6771
vn -0.1927 0.5000 -0.8443
vn -0.2191 0.1736 -0.9601
vn -0.6140 0.1736 -0.7700
vn -0.4008 0.7660 -0.5026
vn -0.1430 0.7660 -0.6267
vn -0.1927 0.5000 -0.8443
vn -0.5400 0.5000 -0.6771
vn -0.2132 0.9397 -0.2674
vn -0.0761 0.9397 -0.3334
vn -0.1430 0.7660 -0.6267
vn -0.4008 0.7660 -0.5026
vn -0.0386 0.9848 -0.1693
vn -0.0761 0.9397 -0.3334
vn -0.2132 0.9397 -0.2674
vn -0.0761 -0.9397 -0.3334
vn 0.0761 -0.9397 -0.3334
vn -0.0386 -0.9848 -0.1693
vn -0.1430 -0.7660 -0.6267
vn 0.1430 -0.7660 -0.6267
vn 0.0761 -0.9397 -0.3334
vn -0.0761 -0.9397 -0.3334
vn -0.1927 -0.5000 -0.8443
vn 0.1927 -0.5000 -0.8443
vn 0.1430 -0.7660 -0.6267
vn -0.1430 -0.7660 -0.6267
vn -0.2191 -0.1736 -0.9601
vn 0.2191 -0.1736 -0.9601
vn 0.1927 -0.5000 -0.8443
vn -0.1927 -0.5000 -0.8443
vn -0.2191 0.1736 -0.9601
vn 0.2191 0.1736 -0.9601
vn 0.2191 -0.1736 -0.9601
vn -0.2191 -0.1736 -0.9601
vn -0.1927 0.5000 -0.8443
vn 0.1927 0.5000 -0.8443
vn 0.2191 0.1736 -0.9601
vn -0.2191 0.1736 -0.9601
vn -0.1430 0.7660 -0.6267
vn 0.1430 0.7660 -0.6267
vn 0.1927 0.5000 -0.8443
vn -0.1927 0.5000 -0.8443
vn -0.0761 0.9397 -0.3334
vn 0.0761 0.9397 -0.3334
vn 0.1430 0.7660 -0.6267
vn -0.1430 0.7660 -0.6267
vn 0.0386 0.9848 -0.1693
vn 0.0761 0.9397 -0.3334
vn -0.0761 0.9397 -0.3334
vn 0.0761 -0.9397 -0.3334
vn 0.2132 -0.9397 -0.2674
vn 0.0386 -0.9848 -0.1693
vn 0.1430 -0.7660 -0.6267
vn 0.4008 -0.7660 -0.5026
vn 0.2132 -0.9397 -0.2674
vn 0.0761 -0.9397 -0.3334
vn 0.1927 -0.5000 -0.8443
vn 0.5400 -0.5000 -0.6771
vn 0.4008 -0.7660 -0.5026
vn 0.1430 -0.7660 -0.6267
vn 0.2191 -0.1736 -0.9601
vn 0.6140 -0.1736 -0.7700
vn 0.5400 -0.5000 -0.6771
vn 0.1927 -0.5000 -0.8443
vn 0.2191 0.1736 -0.9601
vn 0.6140 0.1736 -0.7700
vn 0.6140 -0.1736 -0.7700
vn 0.2191 -0.1736 -0.9601
vn 0.1927 0.5000 -0.8443
vn 0.5400 0.5000 -0.6771
vn 0.6140 0.1736 -0.7700
vn 0.2191 0.1736 -0.9601
vn 0.1430 0.7660 -0.6267
vn 0.4008 0.7660 -0.5026
vn 0.5400 0.5000 -0.6771
vn 0.1927 0.5000 -0.8443
vn 0.0761 0.9397 -0.3334
vn 0.2132 0.9397 -0.2674
vn 0.4008 0.7660 -0.5026
vn 0.1430 0.7660 -0.6267
vn 0.1083 0.9848 -0.1358
vn 0.2132 0.9397 -0.2674
vn 0.0761 0.9397 -0.3334
vn 0.2132 -0.9397 -0.2674
vn 0.3081 -0.9397 -0.1484
vn 0.1083 -0.9848 -0.1358
vn 0.4008 -0.7660 -0.5026
vn 0.5791 -0.7660 -0.2789
vn 0.3081 -0.9397 -0.1484
vn 0.2132 -0.9397 -0.2674
vn 0.5400 -0.5000 -0.6771
vn 0.7803 -0.5000 -0.3758
vn 0.5791 -0.7660 -0.2789
vn 0.4008 -0.7660 -0.5026
vn 0.6140 -0.1736 -0.7700
vn 0.8873 -0.1736 -0.4273
vn 0.7803 -0.5000 -0.3758
vn 0.5400 -0.5000 -0.6771
vn 0.6140 0.1736 -0.7700
vn 0.8873 0.1736 -0.4273
vn 0.8873 -0.1736 -0.4273
vn 0.6140 -0.1736 -0.7700
vn 0.5400 0.5000 -0.6771
vn 0.7803 0.5000 -0.3758
vn 0.8873 0.1736 -0.4273
vn 0.6140 0.1736 -0.7700
vn 0.4008 0.7660 -0.5026
vn 0.5791 0.7660 -0.2789
vn 0.7803 0.5000 -0.3758
vn 0.5400 0.5000 -0.6771
vn 0.2132 0.9397 -0.2674
vn 0.3081 0.9397 -0.1484
vn 0.5791 0.7660 -0.2789
vn 0.4008 0.7660 -0.5026
vn 0.1565 0.9848 -0.0753
vn 0.3081 0.9397 -0.1484
vn 0.2132 0.9397 -0.2674
vn 0.3081 -0.9397 -0.1484
vn 0.3420 -0.9397 -0.0000
vn 0.1565 -0.9848 -0.0753
vn 0.5791 -0.7660 -0.2789
vn 0.6428 -0.7660 -0.0000
vn 0.3420 -0.9397 -0.0000
vn 0.3081 -0.9397 -0.1484
vn 0.7803 -0.5000 -0.3758
vn 0.8660 -0.5000 -0.0000
vn 0.6428 -0.7660 -0.0000
vn 0.5791 -0.7660 -0.2789
vn 0.8873 -0.1736 -0.4273
vn 0.9848 -0.1736 -0.0000
vn 0.8660 -0.5000 -0.0000
vn 0.7803 -0.5000 -0.3758
vn 0.8873 0.1736 -0.4273
vn 0.9848 0.1736 -0.0000
vn 0.9848 -0.1736 -0.0000
vn 0.8873 -0.1736 -0.4273
vn 0.7803 0.5000 -0.3758
vn 0.8660 0.5000 -0.0000
vn 0.9848 0.1736 -0.0000
vn 0.8873 0.1736 -0.4273
vn 0.5791 0.7660 -0.2789
vn 0.6428 0.7660 -0.0000
vn 0.8660 0.5000 -0.0000
vn 0.7803 0.5000 -0.3758
vn 0.3081 0.9397 -0.1484
vn 0.3420 0.9397 -0.0000
vn 0.6428 0.7660 -0.0000
vn 0.5791 0.7660 -0.2789
vn 0.1736 0.9848 -0.0000
vn 0.3420 0.9397 -0.0000
vn 0.3081 0.9397 -0.1484
vn 0.0000 0.9063 0.4226
vn -0.9451 0.3251 0.0341
vn -0.9272 0.3695 -0.0612
vn 0.0000 0.9063 0.4226
vn -0.9451 0.3251 0.0341
vn -0.5841 -0.7054 -0.4016
vn -0.5730 -0.6779 -0.4604
vn -0.9272 0.3695 -0.0612
vn -0.5841 -0.7054 -0.4016
vn 0.5841 -0.7610 -0.2823
vn 0.5730 -0.7885 -0.2234
vn -0.5730 -0.6779 -0.4604
vn 0.5841 -0.7610 -0.2823
vn 0.9451 0.2351 0.2271
vn 0.9272 0.1906 0.3224
vn 0.5730 -0.7885 -0.2234
vn 0.9451 0.2351 0.2271
vn 0.0000 0.9063 0.4226
vn 0.0000 0.9063 0.4226
vn 0.9272 0.1906 0.3224
vn 0.0000 0.9063 0.4226
vn -0.9272 0.3695 -0.0612
vn -0.8569 0.4545 -0.2434
vn 0.0000 0.9063 0.4226
vn -0.9272 0.3695 -0.0612
vn -0.5730 -0.6779 -0.4604
vn -0.5296 -0.6254 -0.5730
vn -0.8569 0.4545 -0.2434
vn -0.5730 -0.6779 -0.4604
vn 0.5730 -0.7885 -0.2234
vn 0.5296 -0.8410 -0.1108
vn -0.5296 -0.6254 -0.5730
vn 0.5730 -0.7885 -0.2234
vn 0.9272 0.1906 0.3224
vn 0.8569 0.1057 0.5046
vn 0.5296 -0.8410 -0.1108
vn 0.9272 0.1906 0.3224
vn 0.0000 0.9063 0.4226
vn 0.0000 0.9063 0.4226
vn 0.8569 0.1057 0.5046
vn 0.0000 0.9063 0.4226
vn -0.8569 0.4545 -0.2434
vn -0.7436 0.5307 -0.4068
vn 0.0000 0.9063 0.4226
vn -0.8569 0.4545 -0.2434
vn -0.5296 -0.6254 -0.5730
vn -0.4595 -0.5783 -0.6740
vn -0.7436 0.5307 -0.4068
vn -0.5296 -0.6254 -0.5730
vn 0.5296 -0.8410 -0.1108
vn 0.4595 -0.8881 -0.0098
vn -0.4595 -0.5783 -0.6740
vn 0.5296 -0.8410 -0.1108
vn 0.8569 0.1057 0.5046
vn 0.7436 0.0295 0.6680
vn 0.4595 -0.8881 -0.0098
vn 0.8569 0.1057 0.5046
vn 0.0000 0.9063 0.4226
vn 0.0000 0.9063 0.4226
vn 0.7436 0.0295 0.6680
vn 0.0000 0.9063 0.4226
vn -0.7436 0.5307 -0.4068
vn -0.5930 0.5943 -0.5433
vn 0.0000 0.9063 0.4226
vn -0.7436 0.5307 -0.4068
vn -0.4595 -0.5783 -0.6740
vn -0.3665 -0.5390 -0.7584
vn -0.5930 0.5943 -0.5433
vn -0.4595 -0.5783 -0.6740
vn 0.4595 -0.8881 -0.0098
vn 0.3665 -0.9274 0.0746
vn -0.3665 -0.5390 -0.7584
vn 0.4595 -0.8881 -0.0098
vn 0.7436 0.0295 0.6680
vn 0.5930 -0.0342 0.8045
vn 0.3665 -0.9274 0.0746
vn 0.7436 0.0295 0.6680
vn 0.0000 0.9063 0.4226
vn 0.0000 0.9063 0.4226
vn 0.5930 -0.0342 0.8045
vn 0.0000 0.9063 0.4226
vn -0.5930 0.5943 -0.5433
vn -0.4126 0.6422 -0.6460
vn 0.0000 0.9063 0.4226
vn -0.5930 0.5943 -0.5433
vn -0.3665 -0.5390 -0.7584
vn -0.2550 -0.5094 -0.8219
vn -0.4126 0.6422 -0.6460
vn -0.3665 -0.5390 -0.7584
vn 0.3665 -0.9274 0.0746
vn 0.2550 -0.9570 0.1381
vn -0.2550 -0.5094 -0.8219
vn 0.3665 -0.9274 0.0746
vn 0.5930 -0.0342 0.8045
vn 0.4126 -0.0821 0.9072
vn 0.2550 -0.9570 0.1381
vn 0.5930 -0.0342 0.8045
vn 0.0000 0.9063 0.4226
vn 0.0000 0.9063 0.4226
vn 0.4126 -0.0821 0.9072
vn 0.0000 0.9063 0.4226
vn -0.4126 0.6422 -0.6460
vn -0.2116 0.6719 -0.7097
vn 0.0000 0.9063 0.4226
vn -0.4126 0.6422 -0.6460
vn -0.2550 -0.5094 -0.8219
vn -0.1308 -0.4910 -0.8613
vn -0.2116 0.6719 -0.7097
vn -0.2550 -0.5094 -0.8219
vn 0.2550 -0.9570 0.1381
vn 0.1308 -0.9754 0.1775
vn -0.1308 -0.4910 -0.8613
vn 0.2550 -0.9570 0.1381
vn 0.4126 -0.0821 0.9072
vn 0.2116 -0.1118 0.9709
vn 0.1308 -0.9754 0.1775
vn 0.4126 -0.0821 0.9072
vn 0.0000 0.9063 0.4226
vn 0.0000 0.9063 0.4226
vn 0.2116 -0.1118 0.9709
vn 0.0000 0.9063 0.4226
vn -0.2116 0.6719 -0.7097
vn 0.0000 0.6820 -0.7314
vn 0.0000 0.9063 0.4226
vn -0.2116 0.6719 -0.7097
vn -0.1308 -0.4910 -0.8613
vn 0.0000 -0.4848 -0.8746
vn 0.0000 0.6820 -0.7314
vn -0.1308 -0.4910 -0.8613
vn 0.1308 -0.9754 0.1775
vn 0.0000 -0.9816 0.1908
vn 0.0000 -0.4848 -0.8746
vn 0.1308 -0.9754 0.1775
vn 0.2116 -0.1118 0.9709
vn 0.0000 -0.1219 0.9925
vn 0.0000 -0.9816 0.1908
vn 0.2116 -0.1118 0.9709
vn 0.0000 0.9063 0.4226
vn 0.0000 0.9063 0.4226
vn 0.0000 -0.1219 0.9925
vn 0.0000 0.9063 0.4226
vn 0.0000 0.6820 -0.7314
vn 0.2116 0.6719 -0.7097
vn 0.0000 0.9063 0.4226
vn 0.0000 0.6820 -0.7314
vn 0.0000 -0.4848 -0.8746
vn 0.1308 -0.4910 -0.8613
vn 0.2116 0.6719 -0.7097
vn 0.0000 -0.4848 -0.8746
vn 0.0000 -0.9816 0.1908
vn -0.1308 -0.9754 0.1775
vn 0.1308 -0.4910 -0.8613
vn 0.0000 -0.9816 0.1908
vn 0.0000 -0.1219 0.9925
vn -0.2116 -0.1118 0.9709
vn -0.1308 -0.9754 0.1775
vn 0.0000 -0.1219 0.9925
vn 0.0000 0.9063 0.4226
vn 0.0000 0.9063 0.4226
vn -0.2116 -0.1118 0.9709
vn 0.0000 0.9063 0.4226
vn 0.2116 0.6719 -0.7097
vn 0.4126 0.6422 -0.6460
vn 0.0000 0.9063 0.4226
vn 0.2116 0.6719 -0.7097
vn 0.1308 -0.4910 -0.8613
vn 0.2550 -0.5094 -0.8219
vn 0.4126 0.6422 -0.6460
vn 0.1308 -0.4910 -0.8613
vn -0.1308 -0.9754 0.1775
vn -0.2550 -0.9570 0.1381
vn 0.2550 -0.5094 -0.8219
vn -0.1308 -0.9754 0.1775
vn -0.2116 -0.1118 0.9709
vn -0.4126 -0.0821 0.9072
vn -0.2550 -0.9570 0.1381
vn -0.2116 -0.1118 0.9709
vn 0.0000 0.9063 0.4226
vn 0.0000 0.9063 0.4226
vn -0.4126 -0.0821 0.9072
vn 0.0000 0.9063 0.4226
vn 0.4126 0.6422 -0.6460
vn 0.5930 0.5943 -0.5433
vn 0.0000 0.9063 0.4226
vn 0.4126 0.6422 -0.6460
vn 0.2550 -0.5094 -0.8219
vn 0.3665 -0.5390 -0.7584
vn 0.5930 0.5943 -0.5433
vn 0.2550 -0.5094 -0.8219
vn -0.2550 -0.9570 0.1381
vn -0.3665 -0.9274 0.0746
vn 0.3665 -0.5390 -0.7584
vn -0.2550 -0.9570 0.1381
vn -0.4126 -0.0821 0.9072
vn -0.5930 -0.0342 0.8045
vn -0.3665 -0.9274 0.0746
vn -0.4126 -0.0821 0.9072
vn 0.0000 0.9063 0.4226
vn 0.0000 0.9063 0.4226
vn -0.5930 -0.0342 0.8045
vn 0.0000 0.9063 0.4226
vn 0.5930 0.5943 -0.5433
vn 0.7436 0.5307 -0.4068
vn 0.0000 0.9063 0.4226
vn 0.5930 0.5943 -0.5433
vn 0.3665 -0.5390 -0.7584
vn 0.4595 -0.5783 -0.6740
vn 0.7436 0.5307 -0.4068
vn 0.3665 -0.5390 -0.7584
vn -0.3665 -0.9274 0.0746
vn -0.4595 -0.8881 -0.0098
vn 0.4595 -0.5783 -0.6740
vn -0.3665 -0.9274 0.0746
vn -0.5930 -0.0342 0.8045
vn -0.7436 0.0295 0.6680
vn -0.4595 -0.8881 -0.0098
vn -0.5930 -0.0342 0.8045
vn 0.0000 0.9063 0.4226
vn 0.0000 0.9063 0.4226
vn -0.7436 0.0295 0.6680
vn 0.0000 0.9063 0.4226
vn 0.7436 0.5307 -0.4068
vn 0.8569 0.4545 -0.2434
vn 0.0000 0.9063 0.4226
vn 0.7436 0.5307 -0.4068
vn 0.4595 -0.5783 -0.6740
vn 0.5296 -0.6254 -0.5730
vn 0.8569 0.4545 -0.2434
vn 0.4595 -0.5783 -0.6740
vn -0.4595 -0.8881 -0.0098
vn -0.5296 -0.8410 -0.1108
vn 0.5296 -0.6254 -0.5730
vn -0.4595 -0.8881 -0.0098
vn -0.7436 0.0295 0.6680
vn -0.8569 0.1057 0.5046
vn -0.5296 -0.8410 -0.1108
vn -0.7436 0.0295 0.6680
vn 0.0000 0.9063 0.4226
vn 0.0000 0.9063 0.4226
vn -0.8569 0.1057 0.5046
vn 0.0000 0.9063 0.4226
vn 0.8569 0.4545 -0.2434
vn 0.9272 0.3695 -0.0612
vn 0.0000 0.9063 0.4226
vn 0.8569 0.4545 -0.2434
vn 0.5296 -0.6254 -0.5730
vn 0.5730 -0.6779 -0.4604
vn 0.9272 0.3695 -0.0612
vn 0.5296 -0.6254 -0.5730
vn -0.5296 -0.8410 -0.1108
vn -0.5730 -0.7885 -0.2234
vn 0.5730 -0.6779 -0.4604
vn -0.5296 -0.8410 -0.1108
vn -0.8569 0.1057 0.5046
vn -0.9272 0.1906 0.3224
vn -0.5730 -0.7885 -0.2234
vn -0.8569 0.1057 0.5046
vn 0.0000 0.9063 0.4226
vn 0.0000 0.9063 0.4226
vn -0.9272 0.1906 0.3224
vn 0.0000 0.9063 0.4226
vn 0.9272 0.3695 -0.0612
vn 0.9511 0.2801 0.1306
vn 0.0000 0.9063 0.4226
vn 0.9272 0.3695 -0.0612
vn 0.5730 -0.6779 -0.4604
vn 0.5878 -0.7332 -0.3419
vn 0.9511 0.2801 0.1306
vn 0.5730 -0.6779 -0.4604
vn -0.5730 -0.7885 -0.2234
vn -0.5878 -0.7332 -0.3419
vn 0.5878 -0.7332 -0.3419
vn -0.5730 -0.7885 -0.2234
vn -0.9272 0.1906 0.3224
vn -0.9511 0.2801 0.1306
vn -0.5878 -0.7332 -0.3419
vn -0.9272 0.1906 0.3224
vn 0.0000 0.9063 0.4226
vn 0.0000 0.9063 0.4226
vn -0.9511 0.2801 0.1306
vn 0.0000 0.9063 0.4226
vn 0.9511 0.2801 0.1306
vn 0.9272 0.1906 0.3224
vn 0.0000 0.9063 0.4226
vn 0.9511 0.2801 0.1306
vn 0.5878 -0.7332 -0.3419
vn 0.5730 -0.7885 -0.2234
vn 0.9272 0.1906 0.3224
vn 0.5878 -0.7332 -0.3419
vn -0.5878 -0.7332 -0.3419
vn -0.5730 -0.6779 -0.4604
vn 0.5730 -0.7885 -0.2234
vn -0.5878 -0.7332 -0.3419
vn -0.9511 0.2801 0.1306
vn -0.9272 0.3695 -0.0612
vn -0.5730 -0.6779 -0.4604
vn -0.9511 0.2801 0.1306
vn 0.0000 0.9063 0.4226
vn 0.0000 0.9063 0.4226
vn -0.9272 0.3695 -0.0612
vn 0.0000 0.9063 0.4226
vn 0.9272 0.1906 0.3224
vn 0.8569 0.1057 0.5046
vn 0.0000 0.9063 0.4226
vn 0.9272 0.1906 0.3224
vn 0.5730 -0.7885 -0.2234
vn 0.5296 -0.8410 -0.1108
vn 0.8569 0.1057 0.5046
vn 0.5730 -0.7885 -0.2234
vn -0.5730 -0.6779 -0.4604
vn -0.5296 -0.6254 -0.5730
vn 0.5296 -0.8410 -0.1108
vn -0.5730 -0.6779 -0.4604
vn -0.9272 0.3695 -0.0612
vn -0.8569 0.4545 -0.2434
vn -0.5296 -0.6254 -0.5730
vn -0.9272 0.3695 -0.0612
vn 0.0000 0.9063 0.4226
vn 0.0000 0.9063 0.4226
vn -0.8569 0.4545 -0.2434
vn 0.0000 0.9063 0.4226
vn 0.8569 0.1057 0.5046
vn 0.7436 0.0295 0.6680
vn 0.0000 0.9063 0.4226
vn 0.8569 0.1057 0.5046
vn 0.5296 -0.8410 -0.1108
vn 0.4595 -0.8881 -0.0098
vn 0.7436 0.0295 0.6680
vn 0.5296 -0.8410 -0.1108
vn -0.5296 -0.6254 -0.5730
vn -0.4595 -0.5783 -0.6740
vn 0.4595 -0.8881 -0.0098
vn -0.5296 -0.6254 -0.5730
vn -0.8569 0.4545 -0.2434
vn -0.7436 0.5307 -0.4068
vn -0.4595 -0.5783 -0.6740
vn -0.8569 0.4545 -0.2434
vn 0.0000 0.9063 0.4226
vn 0.0000 0.9063 0.4226
vn -0.7436 0.5307 -0.4068
vn 0.0000 0.9063 0.4226
vn 0.7436 0.0295 0.6680
vn 0.5930 -0.0342 0.8045
vn 0.0000 0.9063 0.4226
vn 0.7436 0.0295 0.6680
vn 0.4595 -0.8881 -0.0098
vn 0.3665 -0.9274 0.0746
vn 0.5930 -0.0342 0.8045
vn 0.4595 -0.8881 -0.0098
vn -0.4595 -0.5783 -0.6740
vn -0.3665 -0.5390 -0.7584
vn 0.3665 -0.9274 0.0746
vn -0.4595 -0.5783 -0.6740
vn -0.7436 0.5307 -0.4068
vn -0.5930 0.5943 -0.5433
vn -0.3665 -0.5390 -0.7584
vn -0.7436 0.5307 -0.4068
vn 0.0000 0.9063 0.4226
vn 0.0000 0.9063 0.4226
vn -0.5930 0.5943 -0.5433
vn 0.0000 0.9063 0.4226
vn 0.5930 -0.0342 0.8045
vn 0.4126 -0.0821 0.9072
vn 0.0000 0.9063 0.4226
vn 0.5930 -0.0342 0.8045
vn 0.3665 -0.9274 0.0746
vn 0.2550 -0.9570 0.1381
vn 0.4126 -0.0821 0.9072
vn 0.3665 -0.9274 0.0746
vn -0.3665 -0.5390 -0.7584
vn -0.2550 -0.5094 -0.8219
vn 0.2550 -0.9570 0.1381
vn -0.3665 -0.5390 -0.7584
vn -0.5930 0.5943 -0.5433
vn -0.4126 0.6422 -0.6460
vn -0.2550 -0.5094 -0.8219
vn -0.5930 0.5943 -0.5433
vn 0.0000 0.9063 0.4226
vn 0.0000 0.9063 0.4226
vn -0.4126 0.6422 -0.6460
vn 0.0000 0.9063 0.4226
vn 0.4126 -0.0821 0.9072
vn 0.2116 -0.1118 0.9709
vn 0.0000 0.9063 0.4226
vn 0.4126 -0.0821 0.9072
vn 0.2550 -0.9570 0.1381
vn 0.1308 -0.9754 0.1775
vn 0.2116 -0.1118 0.9709
vn 0.2550 -0.9570 0.1381
vn -0.2550 -0.5094 -0.8219
vn -0.1308 -0.4910 -0.8613
vn 0.1308 -0.9754 0.1775
vn -0.2550 -0.5094 -0.8219
vn -0.4126 0.6422 -0.6460
vn -0.2116 0.6719 -0.7097
vn -0.1308 -0.4910 -0.8613
vn -0.4126 0.6422 -0.6460
vn 0.0000 0.9063 0.4226
vn 0.0000 0.9063 0.4226
vn -0.2116 0.6719 -0.7097
vn 0.0000 0.9063 0.4226
vn 0.2116 -0.1118 0.9709
vn 0.0000 -0.1219 0.9925
vn 0.0000 0.9063 0.4226
vn 0.2116 -0.1118 0.9709
vn 0.1308 -0.9754 0.1775
vn 0.0000 -0.9816 0.1908
vn 0.0000 -0.1219 0.9925
vn 0.1308 -0.9754 0.1775
vn -0.1308 -0.4910 -0.8613
vn -0.0000 -0.4848 -0.8746
vn 0.0000 -0.9816 0.1908
vn -0.1308 -0.4910 -0.8613
vn -0.2116 0.6719 -0.7097
vn -0.0000 0.6820 -0.7314
vn -0.0000 -0.4848 -0.8746
vn -0.2116 0.6719 -0.7097
vn 0.0000 0.9063 0.4226
vn 0.0000 0.9063 0.4226
vn -0.0000 0.6820 -0.7314
vn 0.0000 0.9063 0.4226
vn 0.0000 -0.1219 0.9925
vn -0.2116 -0.1118 0.9709
vn 0.0000 0.9063 0.4226
vn 0.0000 -0.1219 0.9925
vn 0.0000 -0.9816 0.1908
vn -0.1308 -0.9754 0.1775
vn -0.2116 -0.1118 0.9709
vn 0.0000 -0.9816 0.1908
vn -0.0000 -0.4848 -0.8746
vn 0.1308 -0.4910 -0.8613
vn -0.1308 -0.9754 0.1775
vn -0.0000 -0.4848 -0.8746
vn -0.0000 0.6820 -0.7314
vn 0.2116 0.6719 -0.7097
vn 0.1308 -0.4910 -0.8613
vn -0.0000 0.6820 -0.7314
vn 0.0000 0.9063 0.4226
vn 0.0000 0.9063 0.4226
vn 0.2116 0.6719 -0.7097
vn 0.0000 0.9063 0.4226
vn -0.2116 -0.1118 0.9709
vn -0.4126 -0.0821 0.9072
vn 0.0000 0.9063 0.4226
vn -0.2116 -0.1118 0.9709
vn -0.1308 -0.9754 0.1775
vn -0.2550 -0.9570 0.1381
vn -0.4126 -0.0821 0.9072
vn -0.1308 -0.9754 0.1775
vn 0.1308 -0.4910 -0.8613
vn 0.2550 -0.5094 -0.8219
vn -0.2550 -0.9570 0.1381
vn 0.1308 -0.4910 -0.8613
vn 0.2116 0.6719 -0.7097
vn 0.4126 0.6422 -0.6460
vn 0.2550 -0.5094 -0.8219
vn 0.2116 0.6719 -0.7097
vn 0.0000 0.9063 0.4226
vn 0.0000 0.9063 0.4226
vn 0.4126 0.6422 -0.6460
vn 0.0000 0.9063 0.4226
vn -0.4126 -0.0821 0.9072
vn -0.5930 -0.0342 0.8045
vn 0.0000 0.9063 0.4226
vn -0.4126 -0.0821 0.9072
vn -0.2550 -0.9570 0.1381
vn -0.3665 -0.9274 0.0746
vn -0.5930 -0.0342 0.8045
vn -0.2550 -0.9570 0.1381
vn 0.2550 -0.5094 -0.8219
vn 0.3665 -0.5390 -0.7584
vn -0.3665 -0.9274 0.0746
vn 0.2550 -0.5094 -0.8219
vn 0.4126 0.6422 -0.6460
vn 0.5930 0.5943 -0.5433
vn 0.3665 -0.5390 -0.7584
vn 0.4126 0.6422 -0.6460
vn 0.0000 0.9063 0.4226
vn 0.0000 0.9063 0.4226
vn 0.5930 0.5943 -0.5433
vn 0.0000 0.9063 0.4226
vn -0.5930 -0.0342 0.8045
vn -0.7436 0.0295 0.6680
vn 0.0000 0.9063 0.4226
vn -0.5930 -0.0342 0.8045
vn -0.3665 -0.9274 0.0746
vn -0.4595 -0.8881 -0.0098
vn -0.7436 0.0295 0.6680
vn -0.3665 -0.9274 0.0746
vn 0.3665 -0.5390 -0.7584
vn 0.4595 -0.5783 -0.6740
vn -0.4595 -0.8881 -0.0098
vn 0.3665 -0.5390 -0.7584
vn 0.5930 0.5943 -0.5433
vn 0.7436 0.5307 -0.4068
vn 0.4595 -0.5783 -0.6740
vn 0.5930 0.5943 -0.5433
vn 0.0000 0.9063 0.4226
vn 0.0000 0.9063 0.4226
vn 0.7436 0.5307 -0.4068
vn 0.0000 0.9063 0.4226
vn -0.7436 0.0295 0.6680
vn -0.8569 0.1057 0.5046
vn 0.0000 0.9063 0.4226
vn -0.7436 0.0295 0.6680
vn -0.4595 -0.8881 -0.0098
vn -0.5296 -0.8410 -0.1108
vn -0.8569 0.1057 0.5046
vn -0.4595 -0.8881 -0.0098
vn 0.4595 -0.5783 -0.6740
vn 0.5296 -0.6254 -0.5730
vn -0.5296 -0.8410 -0.1108
vn 0.4595 -0.5783 -0.6740
vn 0.7436 0.5307 -0.4068
vn 0.8569 0.4545 -0.2434
vn 0.5296 -0.6254 -0.5730
vn 0.7436 0.5307 -0.4068
vn 0.0000 0.9063 0.4226
vn 0.0000 0.9063 0.4226
vn 0.8569 0.4545 -0.2434
vn 0.0000 0.9063 0.4226
vn -0.8569 0.1057 0.5046
vn -0.9272 0.1906 0.3224
vn 0.0000 0.9063 0.4226
vn -0.8569 0.1057 0.5046
vn -0.5296 -0.8410 -0.1108
vn -0.5730 -0.7885 -0.2234
vn -0.9272 0.1906 0.3224
vn -0.5296 -0.8410 -0.1108
vn 0.5296 -0.6254 -0.5730
vn 0.5730 -0.6779 -0.4604
vn -0.5730 -0.7885 -0.2234
vn 0.5296 -0.6254 -0.5730
vn 0.8569 0.4545 -0.2434
vn 0.9272 0.3695 -0.0612
vn 0.5730 -0.6779 -0.4604
vn 0.8569 0.4545 -0.2434
vn 0.0000 0.9063 0.4226
vn 0.0000 0.9063 0.4226
vn 0.9272 0.3695 -0.0612
vn 0.0000 0.9063 0.4226
vn -0.9272 0.1906 0.3224
vn -0.9451 0.2351 0.2271
vn 0.0000 0.9063 0.4226
vn -0.9272 0.1906 0.3224
vn -0.5730 -0.7885 -0.2234
vn -0.5841 -0.7610 -0.2823
vn -0.9451 0.2351 0.2271
vn -0.5730 -0.7885 -0.2234
vn 0.5730 -0.6779 -0.4604
vn 0.5841 -0.7054 -0.4016
vn -0.5841 -0.7610 -0.2823
vn 0.5730 -0.6779 -0.4604
vn 0.9272 0.3695 -0.0612
vn 0.9451 0.3251 0.0341
vn 0.5841 -0.7054 -0.4016
vn 0.9272 0.3695 -0.0612
vn 0.0000 0.9063 0.4226
vn 0.0000 0.9063 0.4226
vn 0.9451 0.3251 0.0341
usemtl obsidian
f 1/1/1 2/2/2 3/3/3
f 4/4/4 5/5/5 6/6/6 7/7/7
f 8/8/8 9/9/9 10/10/10 11/11/11
f 12/12/12 13/13/13 14/14/14
f 15/15/15 16/16/16 17/17/17
f 18/18/18 19/19/19 20/20/20 21/21/21
f 22/22/22 23/23/23 24/24/24 25/25/25
f 26/26/26 27/27/27 28/28/28
f 29/29/29 30/30/30 31/31/31
f 32/32/32 33/33/33 34/34/34 35/35/35
f 36/36/36 37/37/37 38/38/38 39/39/39
f 40/40/40 41/41/41 42/42/42
f 43/43/43 44/44/44 45/45/45
f 46/46/46 47/47/47 48/48/48 49/49/49
f 50/50/50 51/51/51 52/52/52 53/53/53
f 54/54/54 55/55/55 56/56/56
f 57/57/57 58/58/58 59/59/59
f 60/60/60 61/61/61 62/62/62 63/63/63
f 64/64/64 65/65/65 66/66/66 67/67/67
f 68/68/68 69/69/69 70/70/70
f 71/71/71 72/72/72 73/73/73
f 74/74/74 75/75/75 76/76/76 77/77/77
f 78/78/78 79/79/79 80/80/80 81/81/81
f 82/82/82 83/83/83 84/84/84
f 85/85/85 86/86/86 87/87/87
f 88/88/88 89/89/89 90/90/90 91/91/91
f 92/92/92 93/93/93 94/94/94 95/95/95
f 96/96/96 97/97/97 98/98/98
f 99/99/99 100/100/100 101/101/101
f 102/102/102 103/103/103 104/104/104 105/105/105
f 106/106/106 107/107/107 108/108/108 109/109/109
f 110/110/110 111/111/111 112/112/112
f 113/113/113 114/114/114 115/115/115
f 116/116/116 117/117/117 118/118/118 119/119/119
f 120/120/120 121/121/121 122/122/122 123/123/123
f 124/124/124 125/125/125 126/126/126
f 127/127/127 128/128/128 129/129/129
f 130/130/130 131/131/131 132/132/132 133/133/133
f 134/134/134 135/135/135 136/136/136 137/137/137
f 138/138/138 139/139/139 140/140/140
f 141/141/141 142/142/142 143/143/143
f 144/144/144 145/145/145 146/146/146 147/147/147
f 148/148/148 149/149/149 150/150/150 151/151/151
f 152/152/152 153/153/153 154/154/154
f 155/155/155 156/156/156 157/157/157
f 158/158/158 159/159/159 160/160/160 161/161/161
f 162/162/162 163/163/163 164/164/164 165/165/165
f 166/166/166 167/167/167 168/168/168
f 169/169/169 170/170/170 171/171/171
f 172/172/172 173/173/173 174/174/174 175/175/175
f 176/176/176 177/177/177 178/178/178 179/179/179
f 180/180/180 181/181/181 182/182/182
f 183/183/183 184/184/184 185/185/185
f 186/186/186 187/187/187 188/188/188 189/189/189
f 190/190/190 191/191/191 192/192/192 193/193/193
f 194/194/194 195/195/195 196/196/196
f 197/197/197 198/198/198 199/199/199
f 200/200/200 201/201/201 202/202/202 203/203/203
f 204/204/204 205/205/205 206/206/206 207/207/207
f 208/208/208 209/209/209 210/210/210
f 211/211/211 212/212/212 213/213/213
f 214/214/214 215/215/215 216/216/216 217/217/217
f 218/218/218 219/219/219 220/220/220 221/221/221
f 222/222/222 223/223/223 224/224/224
f 225/225/225 226/226/226 227/227/227
f 228/228/228 229/229/229 230/230/230 231/231/231
f 232/232/232 233/233/233 234/234/234 235/235/235
f 236/236/236 237/237/237 238/238/238
f 239/239/239 240/240/240 241/241/241
f 242/242/242 243/243/243 244/244/244 245/245/245
f 246/246/246 247/247/247 248/248/248 249/249/249
f 250/250/250 251/251/251 252/252/252
f 253/253/253 254/254/254 255/255/255
f 256/256/256 257/257/257 258/258/258 259/259/259
f 260/260/260 261/261/261 262/262/262 263/263/263
f 264/264/264 265/265/265 266/266/266
f 267/267/267 268/268/268 269/269/269
f 270/270/270 271/271/271 272/272/272 273/273/273
f 274/274/274 275/275/275 276/276/276 277/277/277
f 278/278/278 279/279/279 280/280/280
f 281/281/281 282/282/282 283/283/283
f 284/284/284 285/285/285 286/286/286 287/287/287
f 288/288/288 289/289/289 290/290/290 291/291/291
f 292/292/292 293/293/293 294/294/294
f 295/295/295 296/296/296 297/297/297
f 298/298/298 299/299/299 300/300/300 301/301/301
f 302/302/302 303/303/303 304/304/304 305/305/305
f 306/306/306 307/307/307 308/308/308
f 309/309/309 310/310/310 311/311/311
f 312/312/312 313/313/313 314/314/314 315/315/315
f 316/316/316 317/317/317 318/318/318 319/319/319
f 320/320/320 321/321/321 322/322/322
f 323/323/323 324/324/324 325/325/325
f 326/326/326 327/327/327 328/328/328 329/329/329
f 330/330/330 331/331/331 332/332/332 333/333/333
f 334/334/334 335/335/335 336/336/336
f 337/337/337 338/338/338 339/339/339
f 340/340/340 341/341/341 342/342/342 343/343/343
f 344/344/344 345/345/345 346/346/346 347/347/347
f 348/348/348 349/349/349 350/350/350
f 351/351/351 352/352/352 353/353/353
f 354/354/354 355/355/355 356/356/356 357/357/357
f 358/358/358 359/359/359 360/360/360 361/361/361
f 362/362/362 363/363/363 364/364/364
f 365/365/365 366/366/366 367/367/367
f 368/368/368 369/369/369 370/370/370 371/371/371
f 372/372/372 373/373/373 374/374/374 375/375/375
f 376/376/376 377/377/377 378/378/378
f 379/379/379 380/380/380 381/381/381
f 382/382/382 383/383/383 384/384/384 385/385/385
f 386/386/386 387/387/387 388/388/388 389/389/389
f 390/390/390 391/391/391 392/392/392
f 393/393/393 394/394/394 395/395/395
f 396/396/396 397/397/397 398/398/398 399/399/399
f 400/400/400 401/401/401 402/402/402 403/403/403
f 404/404/404 405/405/405 406/406/406
f 407/407/407 408/408/408 409/409/409
f 410/410/410 411/411/411 412/412/412 413/413/413
f 414/414/414 415/415/415 416/416/416 417/417/417
f 418/418/418 419/419/419 420/420/420
f 421/421/421 422/422/422 423/423/423
f 424/424/424 425/425/425 426/426/426 427/427/427
f 428/428/428 429/429/429 430/430/430 431/431/431
f 432/432/432 433/433/433 434/434/434
f 435/435/435 436/436/436 437/437/437
f 438/438/438 439/439/439 440/440/440 441/441/441
f 442/442/442 443/443/443 444/444/444 445/445/445
f 446/446/446 447/447/447 448/448/448
usemtl gold
f 449/449/449 450/450/450 451/451/451 452/452/452
f 453/453/453 454/454/454 455/455/455 456/456/456
f 457/457/457 458/458/458 459/459/459 460/460/460
f 461/461/461 462/462/462 463/463/463 464/464/464
f 465/465/465 466/466/466 467/467/467 468/468/468
f 469/469/469 470/470/470 471/471/471 472/472/472
f 473/473/473 474/474/474 475/475/475 476/476/476
f 477/477/477 478/478/478 479/479/479 480/480/480
f 481/481/481 482/482/482 483/483/483 484/484/484
f 485/485/485 486/486/486 487/487/487 488/488/488
f 489/489/489 490/490/490 491/491/491 492/492/492
f 493/493/493 494/494/494 495/495/495 496/496/496
f 497/497/497 498/498/498 499/499/499 500/500/500
f 501/501/501 502/502/502 503/503/503 504/504/504
f 505/505/505 506/506/506 507/507/507 508/508/508
f 509/509/509 510/510/510 511/511/511 512/512/512
f 513/513/513 514/514/514 515/515/515 516/516/516
f 517/517/517 518/518/518 519/519/519 520/520/520
f 521/521/521 522/522/522 523/523/523 524/524/524
f 525/525/525 526/526/526 527/527/527 528/528/528
f 529/529/529 530/530/530 531/531/531 532/532/532
f 533/533/533 534/534/534 535/535/535 536/536/536
f 537/537/537 538/538/538 539/539/539 540/540/540
f 541/541/541 542/542/542 543/543/543 544/544/544
f 545/545/545 546/546/546 547/547/547 548/548/548
f 549/549/549 550/550/550 551/551/551 552/552/552
f 553/553/553 554/554/554 555/555/555 556/556/556
f 557/557/557 558/558/558 559/559/559 560/560/560
f 561/561/561 562/562/562 563/563/563 564/564/564
f 565/565/565 566/566/566 567/567/567 568/568/568
f 569/569/569 570/570/570 571/571/571 572/572/572
f 573/573/573 574/574/574 575/575/575 576/576/576
f 577/577/577 578/578/578 579/579/579 580/580/580
f 581/581/581 582/582/582 583/583/583 584/584/584
f 585/585/585 586/586/586 587/587/587 588/588/588
f 589/589/589 590/590/590 591/591/591 592/592/592
f 593/593/593 594/594/594 595/595/595 596/596/596
f 597/597/597 598/598/598 599/599/599 600/600/600
f 601/601/601 602/602/602 603/603/603 604/604/604
f 605/605/605 606/606/606 607/607/607 608/608/608
f 609/609/609 610/610/610 611/611/611 612/612/612
f 613/613/613 614/614/614 615/615/615 616/616/616
f 617/617/617 618/618/618 619/619/619 620/620/620
f 621/621/621 622/622/622 623/623/623 624/624/624
f 625/625/625 626/626/626 627/627/627 628/628/628
f 629/629/629 630/630/630 631/631/631 632/632/632
f 633/633/633 634/634/634 635/635/635 636/636/636
f 637/637/637 638/638/638 639/639/639 640/640/640
f 641/641/641 642/642/642 643/643/643 644/644/644
f 645/645/645 646/646/646 647/647/647 648/648/648
f 649/649/649 650/650/650 651/651/651 652/652/652
f 653/653/653 654/654/654 655/655/655 656/656/656
f 657/657/657 658/658/658 659/659/659 660/660/660
f 661/661/661 662/662/662 663/663/663 664/664/664
f 665/665/665 666/666/666 667/667/667 668/668/668
f 669/669/669 670/670/670 671/671/671 672/672/672
f 673/673/673 674/674/674 675/675/675 676/676/676
f 677/677/677 678/678/678 679/679/679 680/680/680
f 681/681/681 682/682/682 683/683/683 684/684/684
f 685/685/685 686/686/686 687/687/687 688/688/688
f 689/689/689 690/690/690 691/691/691 692/692/692
f 693/693/693 694/694/694 695/695/695 696/696/696
f 697/697/697 698/698/698 699/699/699 700/700/700
f 701/701/701 702/702/702 703/703/703 704/704/704
f 705/705/705 706/706/706 707/707/707 708/708/708
f 709/709/709 710/710/710 711/711/711 712/712/712
f 713/713/713 714/714/714 715/715/715 716/716/716
f 717/717/717 718/718/718 719/719/719 720/720/720
f 721/721/721 722/722/722 723/723/723 724/724/724
f 725/725/725 726/726/726 727/727/727 728/728/728
f 729/729/729 730/730/730 731/731/731 732/732/732
f 733/733/733 734/734/734 735/735/735 736/736/736
f 737/737/737 738/738/738 739/739/739 740/740/740
f 741/741/741 742/742/742 743/743/743 744/744/744
f 745/745/745 746/746/746 747/747/747 748/748/748
f 749/749/749 750/750/750 751/751/751 752/752/752
f 753/753/753 754/754/754 755/755/755 756/756/756
f 757/757/757 758/758/758 759/759/759 760/760/760
f 761/761/761 762/762/762 763/763/763 764/764/764
f 765/765/765 766/766/766 767/767/767 768/768/768
usemtl silver
f 769/769/769 770/770/770 771/771/771 772/772/772
f 773/773/773 774/774/774 775/775/775 776/776/776
f 777/777/777 778/778/778 779/779/779 780/780/780
f 781/781/781 782/782/782 783/783/783 784/784/784
f 785/785/785 786/786/786 787/787/787 788/788/788
f 789/789/789 790/790/790 791/791/791 792/792/792
f 793/793/793 794/794/794 795/795/795 796/796/796
f 797/797/797 798/798/798 799/799/799 800/800/800
f 801/801/801 802/802/802 803/803/803 804/804/804
f 805/805/805 806/806/806 807/807/807 808/808/808
f 809/809/809 810/810/810 811/811/811 812/812/812
f 813/813/813 814/814/814 815/815/815 816/816/816
f 817/817/817 818/818/818 819/819/819 820/820/820
f 821/821/821 822/822/822 823/823/823 824/824/824
f 825/825/825 826/826/826 827/827/827 828/828/828
f 829/829/829 830/830/830 831/831/831 832/832/832
f 833/833/833 834/834/834 835/835/835 836/836/836
f 837/837/837 838/838/838 839/839/839 840/840/840
f 841/841/841 842/842/842 843/843/843 844/844/844
f 845/845/845 846/846/846 847/847/847 848/848/848
f 849/849/849 850/850/850 851/851/851 852/852/852
f 853/853/853 854/854/854 855/855/855 856/856/856
f 857/857/857 858/858/858 859/859/859 860/860/860
f 861/861/861 862/862/862 863/863/863 864/864/864
f 865/865/865 866/866/866 867/867/867 868/868/868
f 869/869/869 870/870/870 871/871/871 872/872/872
f 873/873/873 874/874/874 875/875/875 876/876/876
f 877/877/877 878/878/878 879/879/879 880/880/880
f 881/881/881 882/882/882 883/883/883 884/884/884
f 885/885/885 886/886/886 887/887/887 888/888/888
f 889/889/889 890/890/890 891/891/891 892/892/892
f 893/893/893 894/894/894 895/895/895 896/896/896
f 897/897/897 898/898/898 899/899/899 900/900/900
f 901/901/901 902/902/902 903/903/903 904/904/904
f 905/905/905 906/906/906 907/907/907 908/908/908
f 909/909/909 910/910/910 911/911/911 912/912/912
f 913/913/913 914/914/914 915/915/915 916/916/916
f 917/917/917 918/918/918 919/919/919 920/920/920
f 921/921/921 922/922/922 923/923/923 924/924/924
f 925/925/925 926/926/926 927/927/927 928/928/928
f 929/929/929 930/930/930 931/931/931 932/932/932
f 933/933/933 934/934/934 935/935/935 936/936/936
f 937/937/937 938/938/938 939/939/939 940/940/940
f 941/941/941 942/942/942 943/943/943 944/944/944
f 945/945/945 946/946/946 947/947/947 948/948/948
f 949/949/949 950/950/950 951/951/951 952/952/952
f 953/953/953 954/954/954 955/955/955 956/956/956
f 957/957/957 958/958/958 959/959/959 960/960/960
f 961/961/961 962/962/962 963/963/963 964/964/964
f 965/965/965 966/966/966 967/967/967 968/968/968
f 969/969/969 970/970/970 971/971/971 972/972/972
f 973/973/973 974/974/974 975/975/975 976/976/976
f 977/977/977 978/978/978 979/979/979 980/980/980
f 981/981/981 982/982/982 983/983/983 984/984/984
f 985/985/985 986/986/986 987/987/987 988/988/988
f 989/989/989 990/990/990 991/991/991 992/992/992
f 993/993/993 994/994/994 995/995/995 996/996/996
f 997/997/997 998/998/998 999/999/999 1000/1000/1000
f 1001/1001/1001 1002/1002/1002 1003/1003/1003 1004/1004/1004
f 1005/1005/1005 1006/1006/1006 1007/1007/1007 1008/1008/1008
f 1009/1009/1009 1010/1010/1010 1011/1011/1011 1012/1012/1012
f 1013/1013/1013 1014/1014/1014 1015/1015/1015 1016/1016/1016
f 1017/1017/1017 1018/1018/1018 1019/1019/1019 1020/1020/1020
f 1021/1021/1021 1022/1022/1022 1023/1023/1023 1024/1024/1024
usemtl ivory
f 1025/1025/1025 1026/1026/1026 1027/1027/1027
f 1028/1028/1028 1029/1029/1029 1030/1030/1030 1031/1031/1031
f 1032/1032/1032 1033/1033/1033 1034/1034/1034 1035/1035/1035
f 1036/1036/1036 1037/1037/1037 1038/1038/1038
f 1039/1039/1039 1040/1040/1040 1041/1041/1041
f 1042/1042/1042 1043/1043/1043 1044/1044/1044 1045/1045/1045
f 1046/1046/1046 1047/1047/1047 1048/1048/1048 1049/1049/1049
f 1050/1050/1050 1051/1051/1051 1052/1052/1052
f 1053/1053/1053 1054/1054/1054 1055/1055/1055
f 1056/1056/1056 1057/1057/1057 1058/1058/1058 1059/1059/1059
f 1060/1060/1060 1061/1061/1061 1062/1062/1062 1063/1063/1063
f 1064/1064/1064 1065/1065/1065 1066/1066/1066
f 1067/1067/1067 1068/1068/1068 1069/1069/1069
f 1070/1070/1070 1071/1071/1071 1072/1072/1072 1073/1073/1073
f 1074/1074/1074 1075/1075/1075 1076/1076/1076 1077/1077/1077
f 1078/1078/1078 1079/1079/1079 1080/1080/1080
f 1081/1081/1081 1082/1082/1082 1083/1083/1083
f 1084/1084/1084 1085/1085/1085 1086/1086/1086 1087/1087/1087
f 1088/1088/1088 1089/1089/1089 1090/1090/1090 1091/1091/1091
f 1092/1092/1092 1093/1093/1093 1094/1094/1094
f 1095/1095/1095 1096/1096/1096 1097/1097/1097
f 1098/1098/1098 1099/1099/1099 1100/1100/1100 1101/1101/1101
f 1102/1102/1102 1103/1103/1103 1104/1104/1104 1105/1105/1105
f 1106/1106/1106 1107/1107/1107 1108/1108/1108
f 1109/1109/1109 1110/1110/1110 1111/1111/1111
f 1112/1112/1112 1113/1113/1113 1114/1114/1114 1115/1115/1115
f 1116/1116/1116 1117/1117/1117 1118/1118/1118 1119/1119/1119
f 1120/1120/1120 1121/1121/1121 1122/1122/1122
f 1123/1123/1123 1124/1124/1124 1125/1125/1125
f 1126/1126/1126 1127/1127/1127 1128/1128/1128 1129/1129/1129
f 1130/1130/1130 1131/1131/1131 1132/1132/1132 1133/1133/1133
f 1134/1134/1134 1135/1135/1135 1136/1136/1136
usemtl silver
f 1137/1137/1137 1138/1138/1138 1139/1139/1139
f 1140/1140/1140 1141/1141/1141 1142/1142/1142 1143/1143/1143
f 1144/1144/1144 1145/1145/1145 1146/1146/1146 1147/1147/1147
f 1148/1148/1148 1149/1149/1149 1150/1150/1150
f 1151/1151/1151 1152/1152/1152 1153/1153/1153
f 1154/1154/1154 1155/1155/1155 1156/1156/1156 1157/1157/1157
f 1158/1158/1158 1159/1159/1159 1160/1160/1160 1161/1161/1161
f 1162/1162/1162 1163/1163/1163 1164/1164/1164
f 1165/1165/1165 1166/1166/1166 1167/1167/1167
f 1168/1168/1168 1169/1169/1169 1170/1170/1170 1171/1171/1171
f 1172/1172/1172 1173/1173/1173 1174/1174/1174 1175/1175/1175
f 1176/1176/1176 1177/1177/1177 1178/1178/1178
f 1179/1179/1179 1180/1180/1180 1181/1181/1181
f 1182/1182/1182 1183/1183/1183 1184/1184/1184 1185/1185/1185
f 1186/1186/1186 1187/1187/1187 1188/1188/1188 1189/1189/1189
f 1190/1190/1190 1191/1191/1191 1192/1192/1192
f 1193/1193/1193 1194/1194/1194 1195/1195/1195
f 1196/1196/1196 1197/1197/1197 1198/1198/1198 1199/1199/1199
f 1200/1200/1200 1201/1201/1201 1202/1202/1202 1203/1203/1203
f 1204/1204/1204 1205/1205/1205 1206/1206/1206
f 1207/1207/1207 1208/1208/1208 1209/1209/1209
f 1210/1210/1210 1211/1211/1211 1212/1212/1212 1213/1213/1213
f 1214/1214/1214 1215/1215/1215 1216/1216/1216 1217/1217/1217
f 1218/1218/1218 1219/1219/1219 1220/1220/1220
f 1221/1221/1221 1222/1222/1222 1223/1223/1223
f 1224/1224/1224 1225/1225/1225 1226/1226/1226 1227/1227/1227
f 1228/1228/1228 1229/1229/1229 1230/1230/1230 1231/1231/1231
f 1232/1232/1232 1233/1233/1233 1234/1234/1234
f 1235/1235/1235 1236/1236/1236 1237/1237/1237
f 1238/1238/1238 1239/1239/1239 1240/1240/1240 1241/1241/1241
f 1242/1242/1242 1243/1243/1243 1244/1244/1244 1245/1245/1245
f 1246/1246/1246 1247/1247/1247 1248/1248/1248
usemtl ivory
f 1249/1249/1249 1250/1250/1250 1251/1251/1251
f 1252/1252/1252 1253/1253/1253 1254/1254/1254 1255/1255/1255
f 1256/1256/1256 1257/1257/1257 1258/1258/1258 1259/1259/1259
f 1260/1260/1260 1261/1261/1261 1262/1262/1262
f 1263/1263/1263 1264/1264/1264 1265/1265/1265
f 1266/1266/1266 1267/1267/1267 1268/1268/1268 1269/1269/1269
f 1270/1270/1270 1271/1271/1271 1272/1272/1272 1273/1273/1273
f 1274/1274/1274 1275/1275/1275 1276/1276/1276
f 1277/1277/1277 1278/1278/1278 1279/1279/1279
f 1280/1280/1280 1281/1281/1281 1282/1282/1282 1283/1283/1283
f 1284/1284/1284 1285/1285/1285 1286/1286/1286 1287/1287/1287
f 1288/1288/1288 1289/1289/1289 1290/1290/1290
f 1291/1291/1291 1292/1292/1292 1293/1293/1293
f 1294/1294/1294 1295/1295/1295 1296/1296/1296 1297/1297/1297
f 1298/1298/1298 1299/1299/1299 1300/1300/1300 1301/1301/1301
f 1302/1302/1302 1303/1303/1303 1304/1304/1304
f 1305/1305/1305 1306/1306/1306 1307/1307/1307
f 1308/1308/1308 1309/1309/1309 1310/1310/1310 1311/1311/1311
f 1312/1312/1312 1313/1313/1313 1314/1314/1314 1315/1315/1315
f 1316/1316/1316 1317/1317/1317 1318/1318/1318
f 1319/1319/1319 1320/1320/1320 1321/1321/1321
f 1322/1322/1322 1323/1323/1323 1324/1324/1324 1325/1325/1325
f 1326/1326/1326 1327/1327/1327 1328/1328/1328 1329/1329/1329
f 1330/1330/1330 1331/1331/1331 1332/1332/1332
f 1333/1333/1333 1334/1334/1334 1335/1335/1335
f 1336/1336/1336 1337/1337/1337 1338/1338/1338 1339/1339/1339
f 1340/1340/1340 1341/1341/1341 1342/1342/1342 1343/1343/1343
f 1344/1344/1344 1345/1345/1345 1346/1346/1346
f 1347/1347/1347 1348/1348/1348 1349/1349/1349
f 1350/1350/1350 1351/1351/1351 1352/1352/1352 1353/1353/1353
f 1354/1354/1354 1355/1355/1355 1356/1356/1356 1357/1357/1357
f 1358/1358/1358 1359/1359/1359 1360/1360/1360
usemtl silver
f 1361/1361/1361 1362/1362/1362 1363/1363/1363
f 1364/1364/1364 1365/1365/1365 1366/1366/1366 1367/1367/1367
f 1368/1368/1368 1369/1369/1369 1370/1370/1370 1371/1371/1371
f 1372/1372/1372 1373/1373/1373 1374/1374/1374
f 1375/1375/1375 1376/1376/1376 1377/1377/1377
f 1378/1378/1378 1379/1379/1379 1380/1380/1380 1381/1381/1381
f 1382/1382/1382 1383/1383/1383 1384/1384/1384 1385/1385/1385
f 1386/1386/1386 1387/1387/1387 1388/1388/1388
f 1389/1389/1389 1390/1390/1390 1391/1391/1391
f 1392/1392/1392 1393/1393/1393 1394/1394/1394 1395/1395/1395
f 1396/1396/1396 1397/1397/1397 1398/1398/1398 1399/1399/1399
f 1400/1400/1400 1401/1401/1401 1402/1402/1402
f 1403/1403/1403 1404/1404/1404 1405/1405/1405
f 1406/1406/1406 1407/1407/1407 1408/1408/1408 1409/1409/1409
f 1410/1410/1410 1411/1411/1411 1412/1412/1412 1413/1413/1413
f 1414/1414/1414 1415/1415/1415 1416/1416/1416
f 1417/1417/1417 1418/1418/1418 1419/1419/1419
f 1420/1420/1420 1421/1421/1421 1422/1422/1422 1423/1423/1423
f 1424/1424/1424 1425/1425/1425 1426/1426/1426 1427/1427/1427
f 1428/1428/1428 1429/1429/1429 1430/1430/1430
f 1431/1431/1431 1432/1432/1432 1433/1433/1433
f 1434/1434/1434 1435/1435/1435 1436/1436/1436 1437/1437/1437
f 1438/1438/1438 1439/1439/1439 1440/1440/1440 1441/1441/1441
f 1442/1442/1442 1443/1443/1443 1444/1444/1444
f 1445/1445/1445 1446/1446/1446 1447/1447/1447
f 1448/1448/1448 1449/1449/1449 1450/1450/1450 1451/1451/1451
f 1452/1452/1452 1453/1453/1453 1454/1454/1454 1455/1455/1455
f 1456/1456/1456 1457/1457/1457 1458/1458/1458
f 1459/1459/1459 1460/1460/1460 1461/1461/1461
f 1462/1462/1462 1463/1463/1463 1464/1464/1464 1465/1465/1465
f 1466/1466/1466 1467/1467/1467 1468/1468/1468 1469/1469/1469
f 1470/1470/1470 1471/1471/1471 1472/1472/1472
usemtl ivory
f 1473/1473/1473 1474/1474/1474 1475/1475/1475
f 1476/1476/1476 1477/1477/1477 1478/1478/1478 1479/1479/1479
f 1480/1480/1480 1481/1481/1481 1482/1482/1482 1483/1483/1483
f 1484/1484/1484 1485/1485/1485 1486/1486/1486
f 1487/1487/1487 1488/1488/1488 1489/1489/1489
f 1490/1490/1490 1491/1491/1491 1492/1492/1492 1493/1493/1493
f 1494/1494/1494 1495/1495/1495 1496/1496/1496 1497/1497/1497
f 1498/1498/1498 1499/1499/1499 1500/1500/1500
f 1501/1501/1501 1502/1502/1502 1503/1503/1503
f 1504/1504/1504 1505/1505/1505 1506/1506/1506 1507/1507/1507
f 1508/1508/1508 1509/1509/1509 1510/1510/1510 1511/1511/1511
f 1512/1512/1512 1513/1513/1513 1514/1514/1514
f 1515/1515/1515 1516/1516/1516 1517/1517/1517
f 1518/1518/1518 1519/1519/1519 1520/1520/1520 1521/1521/1521
f 1522/1522/1522 1523/1523/1523 1524/1524/1524 1525/1525/1525
f 1526/1526/1526 1527/1527/1527 1528/1528/1528
f 1529/1529/1529 1530/1530/1530 1531/1531/1531
f 1532/1532/1532 1533/1533/1533 1534/1534/1534 1535/1535/1535
f 1536/1536/1536 1537/1537/1537 1538/1538/1538 1539/1539/1539
f 1540/1540/1540 1541/1541/1541 1542/1542/1542
f 1543/1543/1543 1544/1544/1544 1545/1545/1545
f 1546/1546/1546 1547/1547/1547 1548/1548/1548 1549/1549/1549
f 1550/1550/1550 1551/1551/1551 1552/1552/1552 1553/1553/1553
f 1554/1554/1554 1555/1555/1555 1556/1556/1556
f 1557/1557/1557 1558/1558/1558 1559/1559/1559
f 1560/1560/1560 1561/1561/1561 1562/1562/1562 1563/1563/1563
f 1564/1564/1564 1565/1565/1565 1566/1566/1566 1567/1567/1567
f 1568/1568/1568 1569/1569/1569 1570/1570/1570
f 1571/1571/1571 1572/1572/1572 1573/1573/1573
f 1574/1574/1574 1575/1575/1575 1576/1576/1576 1577/1577/1577
f 1578/1578/1578 1579/1579/1579 1580/1580/1580 1581/1581/1581
f 1582/1582/1582 1583/1583/1583 1584/1584/1584
usemtl silver
f 1585/1585/1585 1586/1586/1586 1587/1587/1587
f 1588/1588/1588 1589/1589/1589 1590/1590/1590 1591/1591/1591
f 1592/1592/1592 1593/1593/1593 1594/1594/1594 1595/1595/1595
f 1596/1596/1596 1597/1597/1597 1598/1598/1598
f 1599/1599/1599 1600/1600/1600 1601/1601/1601
f 1602/1602/1602 1603/1603/1603 1604/1604/1604 1605/1605/1605
f 1606/1606/1606 1607/1607/1607 1608/1608/1608 1609/1609/1609
f 1610/1610/1610 1611/1611/1611 1612/1612/1612
f 1613/1613/1613 1614/1614/1614 1615/1615/1615
f 1616/1616/1616 1617/1617/1617 1618/1618/1618 1619/1619/1619
f 1620/1620/1620 1621/1621/1621 1622/1622/1622 1623/1623/1623
f 1624/1624/1624 1625/1625/1625 1626/1626/1626
f 1627/1627/1627 1628/1628/1628 1629/1629/1629
f 1630/1630/1630 1631/1631/1631 1632/1632/1632 1633/1633/1633
f 1634/1634/1634 1635/1635/1635 1636/1636/1636 1637/1637/1637
f 1638/1638/1638 1639/1639/1639 1640/1640/1640
f 1641/1641/1641 1642/1642/1642 1643/1643/1643
f 1644/1644/1644 1645/1645/1645 1646/1646/1646 1647/1647/1647
f 1648/1648/1648 1649/1649/1649 1650/1650/1650 1651/1651/1651
f 1652/1652/1652 1653/1653/1653 1654/1654/1654
f 1655/1655/1655 1656/1656/1656 1657/1657/1657
f 1658/1658/1658 1659/1659/1659 1660/1660/1660 1661/1661/1661
f 1662/1662/1662 1663/1663/1663 1664/1664/1664 1665/1665/1665
f 1666/1666/1666 1667/1667/1667 1668/1668/1668
f 1669/1669/1669 1670/1670/1670 1671/1671/1671
f 1672/1672/1672 1673/1673/1673 1674/1674/1674 1675/1675/1675
f 1676/1676/1676 1677/1677/1677 1678/1678/1678 1679/1679/1679
f 1680/1680/1680 1681/1681/1681 1682/1682/1682
f 1683/1683/1683 1684/1684/1684 1685/1685/1685
f 1686/1686/1686 1687/1687/1687 1688/1688/1688 1689/1689/1689
f 1690/1690/1690 1691/1691/1691 1692/1692/1692 1693/1693/1693
f 1694/1694/1694 1695/1695/1695 1696/1696/1696
usemtl cyan
f 1697/1697/1697 1698/1698/1698 1699/1699/1699
f 1700/1700/1700 1701/1701/1701 1702/1702/1702
f 1703/1703/1703 1704/1704/1704 1705/1705/1705
f 1706/1706/1706 1707/1707/1707 1708/1708/1708
f 1709/1709/1709 1710/1710/1710 1711/1711/1711
f 1712/1712/1712 1713/1713/1713 1714/1714/1714
f 1715/1715/1715 1716/1716/1716 1717/1717/1717
f 1718/1718/1718 1719/1719/1719 1720/1720/1720
usemtl gold
f 1721/1721/1721 1722/1722/1722 1723/1723/1723
f 1724/1724/1724 1725/1725/1725 1726/1726/1726
f 1727/1727/1727 1728/1728/1728 1729/1729/1729
f 1730/1730/1730 1731/1731/1731 1732/1732/1732
f 1733/1733/1733 1734/1734/1734 1735/1735/1735
f 1736/1736/1736 1737/1737/1737 1738/1738/1738
f 1739/1739/1739 1740/1740/1740 1741/1741/1741
f 1742/1742/1742 1743/1743/1743 1744/1744/1744
usemtl cyan
f 1745/1745/1745 1746/1746/1746 1747/1747/1747
f 1748/1748/1748 1749/1749/1749 1750/1750/1750
f 1751/1751/1751 1752/1752/1752 1753/1753/1753
f 1754/1754/1754 1755/1755/1755 1756/1756/1756
f 1757/1757/1757 1758/1758/1758 1759/1759/1759
f 1760/1760/1760 1761/1761/1761 1762/1762/1762
f 1763/1763/1763 1764/1764/1764 1765/1765/1765
f 1766/1766/1766 1767/1767/1767 1768/1768/1768
usemtl gold
f 1769/1769/1769 1770/1770/1770 1771/1771/1771
f 1772/1772/1772 1773/1773/1773 1774/1774/1774
f 1775/1775/1775 1776/1776/1776 1777/1777/1777
f 1778/1778/1778 1779/1779/1779 1780/1780/1780
f 1781/1781/1781 1782/1782/1782 1783/1783/1783
f 1784/1784/1784 1785/1785/1785 1786/1786/1786
f 1787/1787/1787 1788/1788/1788 1789/1789/1789
f 1790/1790/1790 1791/1791/1791 1792/1792/1792
usemtl cyan
f 1793/1793/1793 1794/1794/1794 1795/1795/1795
f 1796/1796/1796 1797/1797/1797 1798/1798/1798
f 1799/1799/1799 1800/1800/1800 1801/1801/1801
f 1802/1802/1802 1803/1803/1803 1804/1804/1804
f 1805/1805/1805 1806/1806/1806 1807/1807/1807
f 1808/1808/1808 1809/1809/1809 1810/1810/1810
f 1811/1811/1811 1812/1812/1812 1813/1813/1813
f 1814/1814/1814 1815/1815/1815 1816/1816/1816
usemtl gold
f 1817/1817/1817 1818/1818/1818 1819/1819/1819
f 1820/1820/1820 1821/1821/1821 1822/1822/1822
f 1823/1823/1823 1824/1824/1824 1825/1825/1825
f 1826/1826/1826 1827/1827/1827 1828/1828/1828
f 1829/1829/1829 1830/1830/1830 1831/1831/1831
f 1832/1832/1832 1833/1833/1833 1834/1834/1834
f 1835/1835/1835 1836/1836/1836 1837/1837/1837
f 1838/1838/1838 1839/1839/1839 1840/1840/1840
usemtl cyan
f 1841/1841/1841 1842/1842/1842 1843/1843/1843
f 1844/1844/1844 1845/1845/1845 1846/1846/1846
f 1847/1847/1847 1848/1848/1848 1849/1849/1849
f 1850/1850/1850 1851/1851/1851 1852/1852/1852
f 1853/1853/1853 1854/1854/1854 1855/1855/1855
f 1856/1856/1856 1857/1857/1857 1858/1858/1858
f 1859/1859/1859 1860/1860/1860 1861/1861/1861
f 1862/1862/1862 1863/1863/1863 1864/1864/1864
usemtl gold
f 1865/1865/1865 1866/1866/1866 1867/1867/1867
f 1868/1868/1868 1869/1869/1869 1870/1870/1870
f 1871/1871/1871 1872/1872/1872 1873/1873/1873
f 1874/1874/1874 1875/1875/1875 1876/1876/1876
f 1877/1877/1877 1878/1878/1878 1879/1879/1879
f 1880/1880/1880 1881/1881/1881 1882/1882/1882
f 1883/1883/1883 1884/1884/1884 1885/1885/1885
f 1886/1886/1886 1887/1887/1887 1888/1888/1888
usemtl cyan
f 1889/1889/1889 1890/1890/1890 1891/1891/1891
f 1892/1892/1892 1893/1893/1893 1894/1894/1894
f 1895/1895/1895 1896/1896/1896 1897/1897/1897
f 1898/1898/1898 1899/1899/1899 1900/1900/1900
f 1901/1901/1901 1902/1902/1902 1903/1903/1903
f 1904/1904/1904 1905/1905/1905 1906/1906/1906
f 1907/1907/1907 1908/1908/1908 1909/1909/1909
f 1910/1910/1910 1911/1911/1911 1912/1912/1912
usemtl gold
f 1913/1913/1913 1914/1914/1914 1915/1915/1915
f 1916/1916/1916 1917/1917/1917 1918/1918/1918
f 1919/1919/1919 1920/1920/1920 1921/1921/1921
f 1922/1922/1922 1923/1923/1923 1924/1924/1924
f 1925/1925/1925 1926/1926/1926 1927/1927/1927
f 1928/1928/1928 1929/1929/1929 1930/1930/1930
f 1931/1931/1931 1932/1932/1932 1933/1933/1933
f 1934/1934/1934 1935/1935/1935 1936/1936/1936
usemtl cyan
f 1937/1937/1937 1938/1938/1938 1939/1939/1939
f 1940/1940/1940 1941/1941/1941 1942/1942/1942
f 1943/1943/1943 1944/1944/1944 1945/1945/1945
f 1946/1946/1946 1947/1947/1947 1948/1948/1948
f 1949/1949/1949 1950/1950/1950 1951/1951/1951
f 1952/1952/1952 1953/1953/1953 1954/1954/1954
f 1955/1955/1955 1956/1956/1956 1957/1957/1957
f 1958/1958/1958 1959/1959/1959 1960/1960/1960
usemtl gold
f 1961/1961/1961 1962/1962/1962 1963/1963/1963
f 1964/1964/1964 1965/1965/1965 1966/1966/1966
f 1967/1967/1967 1968/1968/1968 1969/1969/1969
f 1970/1970/1970 1971/1971/1971 1972/1972/1972
f 1973/1973/1973 1974/1974/1974 1975/1975/1975
f 1976/1976/1976 1977/1977/1977 1978/1978/1978
f 1979/1979/1979 1980/1980/1980 1981/1981/1981
f 1982/1982/1982 1983/1983/1983 1984/1984/1984
usemtl crimson
f 1985/1985/1985 1986/1986/1986 1987/1987/1987
f 1988/1988/1988 1989/1989/1989 1990/1990/1990 1991/1991/1991
f 1992/1992/1992 1993/1993/1993 1994/1994/1994 1995/1995/1995
f 1996/1996/1996 1997/1997/1997 1998/1998/1998 1999/1999/1999
f 2000/2000/2000 2001/2001/2001 2002/2002/2002 2003/2003/2003
f 2004/2004/2004 2005/2005/2005 2006/2006/2006 2007/2007/2007
f 2008/2008/2008 2009/2009/2009 2010/2010/2010 2011/2011/2011
f 2012/2012/2012 2013/2013/2013 2014/2014/2014 2015/2015/2015
f 2016/2016/2016 2017/2017/2017 2018/2018/2018
f 2019/2019/2019 2020/2020/2020 2021/2021/2021
f 2022/2022/2022 2023/2023/2023 2024/2024/2024 2025/2025/2025
f 2026/2026/2026 2027/2027/2027 2028/2028/2028 2029/2029/2029
f 2030/2030/2030 2031/2031/2031 2032/2032/2032 2033/2033/2033
f 2034/2034/2034 2035/2035/2035 2036/2036/2036 2037/2037/2037
f 2038/2038/2038 2039/2039/2039 2040/2040/2040 2041/2041/2041
f 2042/2042/2042 2043/2043/2043 2044/2044/2044 2045/2045/2045
f 2046/2046/2046 2047/2047/2047 2048/2048/2048 2049/2049/2049
f 2050/2050/2050 2051/2051/2051 2052/2052/2052
f 2053/2053/2053 2054/2054/2054 2055/2055/2055
f 2056/2056/2056 2057/2057/2057 2058/2058/2058 2059/2059/2059
f 2060/2060/2060 2061/2061/2061 2062/2062/2062 2063/2063/2063
f 2064/2064/2064 2065/2065/2065 2066/2066/2066 2067/2067/2067
f 2068/2068/2068 2069/2069/2069 2070/2070/2070 2071/2071/2071
f 2072/2072/2072 2073/2073/2073 2074/2074/2074 2075/2075/2075
f 2076/2076/2076 2077/2077/2077 2078/2078/2078 2079/2079/2079
f 2080/2080/2080 2081/2081/2081 2082/2082/2082 2083/2083/2083
f 2084/2084/2084 2085/2085/2085 2086/2086/2086
f 2087/2087/2087 2088/2088/2088 2089/2089/2089
f 2090/2090/2090 2091/2091/2091 2092/2092/2092 2093/2093/2093
f 2094/2094/2094 2095/2095/2095 2096/2096/2096 2097/2097/2097
f 2098/2098/2098 2099/2099/2099 2100/2100/2100 2101/2101/2101
f 2102/2102/2102 2103/2103/2103 2104/2104/2104 2105/2105/2105
f 2106/2106/2106 2107/2107/2107 2108/2108/2108 2109/2109/2109
f 2110/2110/2110 2111/2111/2111 2112/2112/2112 2113/2113/2113
f 2114/2114/2114 2115/2115/2115 2116/2116/2116 2117/2117/2117
f 2118/2118/2118 2119/2119/2119 2120/2120/2120
f 2121/2121/2121 2122/2122/2122 2123/2123/2123
f 2124/2124/2124 2125/2125/2125 2126/2126/2126 2127/2127/2127
f 2128/2128/2128 2129/2129/2129 2130/2130/2130 2131/2131/2131
f 2132/2132/2132 2133/2133/2133 2134/2134/2134 2135/2135/2135
f 2136/2136/2136 2137/2137/2137 2138/2138/2138 2139/2139/2139
f 2140/2140/2140 2141/2141/2141 2142/2142/2142 2143/2143/2143
f 2144/2144/2144 2145/2145/2145 2146/2146/2146 2147/2147/2147
f 2148/2148/2148 2149/2149/2149 2150/2150/2150 2151/2151/2151
f 2152/2152/2152 2153/2153/2153 2154/2154/2154
f 2155/2155/2155 2156/2156/2156 2157/2157/2157
f 2158/2158/2158 2159/2159/2159 2160/2160/2160 2161/2161/2161
f 2162/2162/2162 2163/2163/2163 2164/2164/2164 2165/2165/2165
f 2166/2166/2166 2167/2167/2167 2168/2168/2168 2169/2169/2169
f 2170/2170/2170 2171/2171/2171 2172/2172/2172 2173/2173/2173
f 2174/2174/2174 2175/2175/2175 2176/2176/2176 2177/2177/2177
f 2178/2178/2178 2179/2179/2179 2180/2180/2180 2181/2181/2181
f 2182/2182/2182 2183/2183/2183 2184/2184/2184 2185/2185/2185
f 2186/2186/2186 2187/2187/2187 2188/2188/2188
f 2189/2189/2189 2190/2190/2190 2191/2191/2191
f 2192/2192/2192 2193/2193/2193 2194/2194/2194 2195/2195/2195
f 2196/2196/2196 2197/2197/2197 2198/2198/2198 2199/2199/2199
f 2200/2200/2200 2201/2201/2201 2202/2202/2202 2203/2203/2203
f 2204/2204/2204 2205/2205/2205 2206/2206/2206 2207/2207/2207
f 2208/2208/2208 2209/2209/2209 2210/2210/2210 2211/2211/2211
f 2212/2212/2212 2213/2213/2213 2214/2214/2214 2215/2215/2215
f 2216/2216/2216 2217/2217/2217 2218/2218/2218 2219/2219/2219
f 2220/2220/2220 2221/2221/2221 2222/2222/2222
f 2223/2223/2223 2224/2224/2224 2225/2225/2225
f 2226/2226/2226 2227/2227/2227 2228/2228/2228 2229/2229/2229
f 2230/2230/2230 2231/2231/2231 2232/2232/2232 2233/2233/2233
f 2234/2234/2234 2235/2235/2235 2236/2236/2236 2237/2237/2237
f 2238/2238/2238 2239/2239/2239 2240/2240/2240 2241/2241/2241
f 2242/2242/2242 2243/2243/2243 2244/2244/2244 2245/2245/2245
f 2246/2246/2246 2247/2247/2247 2248/2248/2248 2249/2249/2249
f 2250/2250/2250 2251/2251/2251 2252/2252/2252 2253/2253/2253
f 2254/2254/2254 2255/2255/2255 2256/2256/2256
f 2257/2257/2257 2258/2258/2258 2259/2259/2259
f 2260/2260/2260 2261/2261/2261 2262/2262/2262 2263/2263/2263
f 2264/2264/2264 2265/2265/2265 2266/2266/2266 2267/2267/2267
f 2268/2268/2268 2269/2269/2269 2270/2270/2270 2271/2271/2271
f 2272/2272/2272 2273/2273/2273 2274/2274/2274 2275/2275/2275
f 2276/2276/2276 2277/2277/2277 2278/2278/2278 2279/2279/2279
f 2280/2280/2280 2281/2281/2281 2282/2282/2282 2283/2283/2283
f 2284/2284/2284 2285/2285/2285 2286/2286/2286 2287/2287/2287
f 2288/2288/2288 2289/2289/2289 2290/2290/2290
f 2291/2291/2291 2292/2292/2292 2293/2293/2293
f 2294/2294/2294 2295/2295/2295 2296/2296/2296 2297/2297/2297
f 2298/2298/2298 2299/2299/2299 2300/2300/2300 2301/2301/2301
f 2302/2302/2302 2303/2303/2303 2304/2304/2304 2305/2305/2305
f 2306/2306/2306 2307/2307/2307 2308/2308/2308 2309/2309/2309
f 2310/2310/2310 2311/2311/2311 2312/2312/2312 2313/2313/2313
f 2314/2314/2314 2315/2315/2315 2316/2316/2316 2317/2317/2317
f 2318/2318/2318 2319/2319/2319 2320/2320/2320 2321/2321/2321
f 2322/2322/2322 2323/2323/2323 2324/2324/2324
f 2325/2325/2325 2326/2326/2326 2327/2327/2327
f 2328/2328/2328 2329/2329/2329 2330/2330/2330 2331/2331/2331
f 2332/2332/2332 2333/2333/2333 2334/2334/2334 2335/2335/2335
f 2336/2336/2336 2337/2337/2337 2338/2338/2338 2339/2339/2339
f 2340/2340/2340 2341/2341/2341 2342/2342/2342 2343/2343/2343
f 2344/2344/2344 2345/2345/2345 2346/2346/2346 2347/2347/2347
f 2348/2348/2348 2349/2349/2349 2350/2350/2350 2351/2351/2351
f 2352/2352/2352 2353/2353/2353 2354/2354/2354 2355/2355/2355
f 2356/2356/2356 2357/2357/2357 2358/2358/2358
f 2359/2359/2359 2360/2360/2360 2361/2361/2361
f 2362/2362/2362 2363/2363/2363 2364/2364/2364 2365/2365/2365
f 2366/2366/2366 2367/2367/2367 2368/2368/2368 2369/2369/2369
f 2370/2370/2370 2371/2371/2371 2372/2372/2372 2373/2373/2373
f 2374/2374/2374 2375/2375/2375 2376/2376/2376 2377/2377/2377
f 2378/2378/2378 2379/2379/2379 2380/2380/2380 2381/2381/2381
f 2382/2382/2382 2383/2383/2383 2384/2384/2384 2385/2385/2385
f 2386/2386/2386 2387/2387/2387 2388/2388/2388 2389/2389/2389
f 2390/2390/2390 2391/2391/2391 2392/2392/2392
f 2393/2393/2393 2394/2394/2394 2395/2395/2395
f 2396/2396/2396 2397/2397/2397 2398/2398/2398 2399/2399/2399
f 2400/2400/2400 2401/2401/2401 2402/2402/2402 2403/2403/2403
f 2404/2404/2404 2405/2405/2405 2406/2406/2406 2407/2407/2407
f 2408/2408/2408 2409/2409/2409 2410/2410/2410 2411/2411/2411
f 2412/2412/2412 2413/2413/2413 2414/2414/2414 2415/2415/2415
f 2416/2416/2416 2417/2417/2417 2418/2418/2418 2419/2419/2419
f 2420/2420/2420 2421/2421/2421 2422/2422/2422 2423/2423/2423
f 2424/2424/2424 2425/2425/2425 2426/2426/2426
f 2427/2427/2427 2428/2428/2428 2429/2429/2429
f 2430/2430/2430 2431/2431/2431 2432/2432/2432 2433/2433/2433
f 2434/2434/2434 2435/2435/2435 2436/2436/2436 2437/2437/2437
f 2438/2438/2438 2439/2439/2439 2440/2440/2440 2441/2441/2441
f 2442/2442/2442 2443/2443/2443 2444/2444/2444 2445/2445/2445
f 2446/2446/2446 2447/2447/2447 2448/2448/2448 2449/2449/2449
f 2450/2450/2450 2451/2451/2451 2452/2452/2452 2453/2453/2453
f 2454/2454/2454 2455/2455/2455 2456/2456/2456 2457/2457/2457
f 2458/2458/2458 2459/2459/2459 2460/2460/2460
usemtl gold
f 2461/2461/2461 2462/2462/2462 2463/2463/2463 2464/2464/2464
f 2465/2465/2465 2466/2466/2466 2467/2467/2467 2468/2468/2468
f 2469/2469/2469 2470/2470/2470 2471/2471/2471 2472/2472/2472
f 2473/2473/2473 2474/2474/2474 2475/2475/2475 2476/2476/2476
f 2477/2477/2477 2478/2478/2478 2479/2479/2479 2480/2480/2480
f 2481/2481/2481 2482/2482/2482 2483/2483/2483 2484/2484/2484
f 2485/2485/2485 2486/2486/2486 2487/2487/2487 2488/2488/2488
f 2489/2489/2489 2490/2490/2490 2491/2491/2491 2492/2492/2492
f 2493/2493/2493 2494/2494/2494 2495/2495/2495 2496/2496/2496
f 2497/2497/2497 2498/2498/2498 2499/2499/2499 2500/2500/2500
f 2501/2501/2501 2502/2502/2502 2503/2503/2503 2504/2504/2504
f 2505/2505/2505 2506/2506/2506 2507/2507/2507 2508/2508/2508
f 2509/2509/2509 2510/2510/2510 2511/2511/2511 2512/2512/2512
f 2513/2513/2513 2514/2514/2514 2515/2515/2515 2516/2516/2516
f 2517/2517/2517 2518/2518/2518 2519/2519/2519 2520/2520/2520
f 2521/2521/2521 2522/2522/2522 2523/2523/2523 2524/2524/2524
f 2525/2525/2525 2526/2526/2526 2527/2527/2527 2528/2528/2528
f 2529/2529/2529 2530/2530/2530 2531/2531/2531 2532/2532/2532
f 2533/2533/2533 2534/2534/2534 2535/2535/2535 2536/2536/2536
f 2537/2537/2537 2538/2538/2538 2539/2539/2539 2540/2540/2540
f 2541/2541/2541 2542/2542/2542 2543/2543/2543 2544/2544/2544
f 2545/2545/2545 2546/2546/2546 2547/2547/2547 2548/2548/2548
f 2549/2549/2549 2550/2550/2550 2551/2551/2551 2552/2552/2552
f 2553/2553/2553 2554/2554/2554 2555/2555/2555 2556/2556/2556
f 2557/2557/2557 2558/2558/2558 2559/2559/2559 2560/2560/2560
f 2561/2561/2561 2562/2562/2562 2563/2563/2563 2564/2564/2564
f 2565/2565/2565 2566/2566/2566 2567/2567/2567 2568/2568/2568
f 2569/2569/2569 2570/2570/2570 2571/2571/2571 2572/2572/2572
f 2573/2573/2573 2574/2574/2574 2575/2575/2575 2576/2576/2576
f 2577/2577/2577 2578/2578/2578 2579/2579/2579 2580/2580/2580
f 2581/2581/2581 2582/2582/2582 2583/2583/2583 2584/2584/2584
f 2585/2585/2585 2586/2586/2586 2587/2587/2587 2588/2588/2588
f 2589/2589/2589 2590/2590/2590 2591/2591/2591 2592/2592/2592
f 2593/2593/2593 2594/2594/2594 2595/2595/2595 2596/2596/2596
f 2597/2597/2597 2598/2598/2598 2599/2599/2599 2600/2600/2600
f 2601/2601/2601 2602/2602/2602 2603/2603/2603 2604/2604/2604
f 2605/2605/2605 2606/2606/2606 2607/2607/2607 2608/2608/2608
f 2609/2609/2609 2610/2610/2610 2611/2611/2611 2612/2612/2612
f 2613/2613/2613 2614/2614/2614 2615/2615/2615 2616/2616/2616
f 2617/2617/2617 2618/2618/2618 2619/2619/2619 2620/2620/2620
f 2621/2621/2621 2622/2622/2622 2623/2623/2623 2624/2624/2624
f 2625/2625/2625 2626/2626/2626 2627/2627/2627 2628/2628/2628
f 2629/2629/2629 2630/2630/2630 2631/2631/2631 2632/2632/2632
f 2633/2633/2633 2634/2634/2634 2635/2635/2635 2636/2636/2636
f 2637/2637/2637 2638/2638/2638 2639/2639/2639 2640/2640/2640
f 2641/2641/2641 2642/2642/2642 2643/2643/2643 2644/2644/2644
f 2645/2645/2645 2646/2646/2646 2647/2647/2647 2648/2648/2648
f 2649/2649/2649 2650/2650/2650 2651/2651/2651 2652/2652/2652
f 2653/2653/2653 2654/2654/2654 2655/2655/2655 2656/2656/2656
f 2657/2657/2657 2658/2658/2658 2659/2659/2659 2660/2660/2660
f 2661/2661/2661 2662/2662/2662 2663/2663/2663 2664/2664/2664
f 2665/2665/2665 2666/2666/2666 2667/2667/2667 2668/2668/2668
f 2669/2669/2669 2670/2670/2670 2671/2671/2671 2672/2672/2672
f 2673/2673/2673 2674/2674/2674 2675/2675/2675 2676/2676/2676
f 2677/2677/2677 2678/2678/2678 2679/2679/2679 2680/2680/2680
f 2681/2681/2681 2682/2682/2682 2683/2683/2683 2684/2684/2684
f 2685/2685/2685 2686/2686/2686 2687/2687/2687 2688/2688/2688
f 2689/2689/2689 2690/2690/2690 2691/2691/2691 2692/2692/2692
f 2693/2693/2693 2694/2694/2694 2695/2695/2695 2696/2696/2696
f 2697/2697/2697 2698/2698/2698 2699/2699/2699 2700/2700/2700
f 2701/2701/2701 2702/2702/2702 2703/2703/2703 2704/2704/2704
f 2705/2705/2705 2706/2706/2706 2707/2707/2707 2708/2708/2708
f 2709/2709/2709 2710/2710/2710 2711/2711/2711 2712/2712/2712
f 2713/2713/2713 2714/2714/2714 2715/2715/2715 2716/2716/2716
f 2717/2717/2717 2718/2718/2718 2719/2719/2719 2720/2720/2720
f 2721/2721/2721 2722/2722/2722 2723/2723/2723 2724/2724/2724
f 2725/2725/2725 2726/2726/2726 2727/2727/2727 2728/2728/2728
f 2729/2729/2729 2730/2730/2730 2731/2731/2731 2732/2732/2732
f 2733/2733/2733 2734/2734/2734 2735/2735/2735 2736/2736/2736
f 2737/2737/2737 2738/2738/2738 2739/2739/2739 2740/2740/2740
f 2741/2741/2741 2742/2742/2742 2743/2743/2743 2744/2744/2744
f 2745/2745/2745 2746/2746/2746 2747/2747/2747 2748/2748/2748
f 2749/2749/2749 2750/2750/2750 2751/2751/2751 2752/2752/2752
f 2753/2753/2753 2754/2754/2754 2755/2755/2755 2756/2756/2756
f 2757/2757/2757 2758/2758/2758 2759/2759/2759 2760/2760/2760
f 2761/2761/2761 2762/2762/2762 2763/2763/2763 2764/2764/2764
f 2765/2765/2765 2766/2766/2766 2767/2767/2767 2768/2768/2768
f 2769/2769/2769 2770/2770/2770 2771/2771/2771 2772/2772/2772
f 2773/2773/2773 2774/2774/2774 2775/2775/2775 2776/2776/2776
f 2777/2777/2777 2778/2778/2778 2779/2779/2779 2780/2780/2780
f 2781/2781/2781 2782/2782/2782 2783/2783/2783 2784/2784/2784
f 2785/2785/2785 2786/2786/2786 2787/2787/2787 2788/2788/2788
f 2789/2789/2789 2790/2790/2790 2791/2791/2791 2792/2792/2792
f 2793/2793/2793 2794/2794/2794 2795/2795/2795 2796/2796/2796
f 2797/2797/2797 2798/2798/2798 2799/2799/2799 2800/2800/2800
f 2801/2801/2801 2802/2802/2802 2803/2803/2803 2804/2804/2804
f 2805/2805/2805 2806/2806/2806 2807/2807/2807 2808/2808/2808
f 2809/2809/2809 2810/2810/2810 2811/2811/2811 2812/2812/2812
f 2813/2813/2813 2814/2814/2814 2815/2815/2815 2816/2816/2816
f 2817/2817/2817 2818/2818/2818 2819/2819/2819 2820/2820/2820
f 2821/2821/2821 2822/2822/2822 2823/2823/2823 2824/2824/2824
f 2825/2825/2825 2826/2826/2826 2827/2827/2827 2828/2828/2828
f 2829/2829/2829 2830/2830/2830 2831/2831/2831 2832/2832/2832
f 2833/2833/2833 2834/2834/2834 2835/2835/2835 2836/2836/2836
f 2837/2837/2837 2838/2838/2838 2839/2839/2839 2840/2840/2840
f 2841/2841/2841 2842/2842/2842 2843/2843/2843 2844/2844/2844
f 2845/2845/2845 2846/2846/2846 2847/2847/2847 2848/2848/2848
f 2849/2849/2849 2850/2850/2850 2851/2851/2851 2852/2852/2852
f 2853/2853/2853 2854/2854/2854 2855/2855/2855 2856/2856/2856
f 2857/2857/2857 2858/2858/2858 2859/2859/2859 2860/2860/2860
f 2861/2861/2861 2862/2862/2862 2863/2863/2863 2864/2864/2864
f 2865/2865/2865 2866/2866/2866 2867/2867/2867 2868/2868/2868
f 2869/2869/2869 2870/2870/2870 2871/2871/2871 2872/2872/2872
f 2873/2873/2873 2874/2874/2874 2875/2875/2875 2876/2876/2876
f 2877/2877/2877 2878/2878/2878 2879/2879/2879 2880/2880/2880
f 2881/2881/2881 2882/2882/2882 2883/2883/2883 2884/2884/2884
f 2885/2885/2885 2886/2886/2886 2887/2887/2887 2888/2888/2888
f 2889/2889/2889 2890/2890/2890 2891/2891/2891 2892/2892/2892
f 2893/2893/2893 2894/2894/2894 2895/2895/2895 2896/2896/2896
f 2897/2897/2897 2898/2898/2898 2899/2899/2899 2900/2900/2900
f 2901/2901/2901 2902/2902/2902 2903/2903/2903 2904/2904/2904
f 2905/2905/2905 2906/2906/2906 2907/2907/2907 2908/2908/2908
f 2909/2909/2909 2910/2910/2910 2911/2911/2911 2912/2912/2912
f 2913/2913/2913 2914/2914/2914 2915/2915/2915 2916/2916/2916
f 2917/2917/2917 2918/2918/2918 2919/2919/2919 2920/2920/2920
f 2921/2921/2921 2922/2922/2922 2923/2923/2923 2924/2924/2924
f 2925/2925/2925 2926/2926/2926 2927/2927/2927 2928/2928/2928
f 2929/2929/2929 2930/2930/2930 2931/2931/2931 2932/2932/2932
f 2933/2933/2933 2934/2934/2934 2935/2935/2935 2936/2936/2936
f 2937/2937/2937 2938/2938/2938 2939/2939/2939 2940/2940/2940
f 2941/2941/2941 2942/2942/2942 2943/2943/2943 2944/2944/2944
f 2945/2945/2945 2946/2946/2946 2947/2947/2947 2948/2948/2948
f 2949/2949/2949 2950/2950/2950 2951/2951/2951 2952/2952/2952
f 2953/2953/2953 2954/2954/2954 2955/2955/2955 2956/2956/2956
f 2957/2957/2957 2958/2958/2958 2959/2959/2959 2960/2960/2960
f 2961/2961/2961 2962/2962/2962 2963/2963/2963 2964/2964/2964
f 2965/2965/2965 2966/2966/2966 2967/2967/2967 2968/2968/2968
f 2969/2969/2969 2970/2970/2970 2971/2971/2971 2972/2972/2972
f 2973/2973/2973 2974/2974/2974 2975/2975/2975 2976/2976/2976
f 2977/2977/2977 2978/2978/2978 2979/2979/2979 2980/2980/2980
f 2981/2981/2981 2982/2982/2982 2983/2983/2983 2984/2984/2984
f 2985/2985/2985 2986/2986/2986 2987/2987/2987 2988/2988/2988
f 2989/2989/2989 2990/2990/2990 2991/2991/2991 2992/2992/2992
f 2993/2993/2993 2994/2994/2994 2995/2995/2995 2996/2996/2996
f 2997/2997/2997 2998/2998/2998 2999/2999/2999 3000/3000/3000
f 3001/3001/3001 3002/3002/3002 3003/3003/3003 3004/3004/3004
f 3005/3005/3005 3006/3006/3006 3007/3007/3007 3008/3008/3008
f 3009/3009/3009 3010/3010/3010 3011/3011/3011 3012/3012/3012
f 3013/3013/3013 3014/3014/3014 3015/3015/3015 3016/3016/3016
f 3017/3017/3017 3018/3018/3018 3019/3019/3019 3020/3020/3020
